point_id,site,base_filter_id,filter_ids,date,ftir_CalibrationSetId,ftir_AnalysisDate,ftir_AnalysisTime,ftir_LotId,ftir_ec_mdl_ugm3,ftir_ec_ugm3_source_rows,unified_source_file_hash
Addis_Ababa:ETAD-0001,Addis_Ababa,ETAD-0001,"[""ETAD-0001"", ""ETAD-0001-1""]",2023-01-21,17,2023-04-10,15:54:09,248.0,0.476244925935773,[16839],1ece57fa842a97dc22115ff6fa304c0fd4979673340d860949ae944aa24a5c36
Addis_Ababa:ETAD-0002,Addis_Ababa,ETAD-0002,"[""ETAD-0002"", ""ETAD-0002-2""]",2023-01-24,17,2023-04-10,15:59:46,248.0,0.476244925935773,[16892],1ece57fa842a97dc22115ff6fa304c0fd4979673340d860949ae944aa24a5c36
Addis_Ababa:ETAD-0003,Addis_Ababa,ETAD-0003,"[""ETAD-0003"", ""ETAD-0003-3""]",2023-01-27,17,2023-04-10,16:10:14,248.0,0.476244925935773,[16944],1ece57fa842a97dc22115ff6fa304c0fd4979673340d860949ae944aa24a5c36
Addis_Ababa:ETAD-0004,Addis_Ababa,ETAD-0004,"[""ETAD-0004"", ""ETAD-0004-4""]",2023-01-30,17,2023-04-10,16:15:28,248.0,0.470389455534924,[16997],1ece57fa842a97dc22115ff6fa304c0fd4979673340d860949ae944aa24a5c36
Addis_Ababa:ETAD-0005,Addis_Ababa,ETAD-0005,"[""ETAD-0005"", ""ETAD-0005-5""]",2023-02-02,17,2023-04-10,16:20:32,248.0,0.470389455534924,[17050],1ece57fa842a97dc22115ff6fa304c0fd4979673340d860949ae944aa24a5c36
Addis_Ababa:ETAD-0006,Addis_Ababa,ETAD-0006,"[""ETAD-0006"", ""ETAD-0006-6""]",2023-02-05,17,2023-04-10,16:26:11,248.0,0.470389455534924,[17103],1ece57fa842a97dc22115ff6fa304c0fd4979673340d860949ae944aa24a5c36
Addis_Ababa:ETAD-0008,Addis_Ababa,ETAD-0008,"[""ETAD-0008"", ""ETAD-0008-8""]",2023-02-08,17,2023-04-10,16:36:50,248.0,0.48736741889818,[17170],1ece57fa842a97dc22115ff6fa304c0fd4979673340d860949ae944aa24a5c36
Addis_Ababa:ETAD-0017,Addis_Ababa,ETAD-0017,"[""ETAD-0017"", ""ETAD-0017-1""]",2022-12-07,17,2023-03-27,08:09:25,248.0,0.464676223281463,[17228],1ece57fa842a97dc22115ff6fa304c0fd4979673340d860949ae944aa24a5c36
Addis_Ababa:ETAD-0018,Addis_Ababa,ETAD-0018,"[""ETAD-0018"", ""ETAD-0018-2""]",2022-12-10,17,2023-03-27,08:19:24,248.0,0.464676223281463,[17285],1ece57fa842a97dc22115ff6fa304c0fd4979673340d860949ae944aa24a5c36
Addis_Ababa:ETAD-0019,Addis_Ababa,ETAD-0019,"[""ETAD-0019"", ""ETAD-0019-3""]",2022-12-13,17,2023-03-27,08:30:38,248.0,0.464676223281463,[17343],1ece57fa842a97dc22115ff6fa304c0fd4979673340d860949ae944aa24a5c36
Addis_Ababa:ETAD-0020,Addis_Ababa,ETAD-0020,"[""ETAD-0020"", ""ETAD-0020-4""]",2022-12-16,17,2023-03-27,08:43:13,248.0,0.464676223281463,[17401],1ece57fa842a97dc22115ff6fa304c0fd4979673340d860949ae944aa24a5c36
Addis_Ababa:ETAD-0021,Addis_Ababa,ETAD-0021,"[""ETAD-0021"", ""ETAD-0021-5""]",2022-12-19,17,2023-03-27,08:48:02,248.0,0.464676223281463,[17459],1ece57fa842a97dc22115ff6fa304c0fd4979673340d860949ae944aa24a5c36
Addis_Ababa:ETAD-0022,Addis_Ababa,ETAD-0022,"[""ETAD-0022"", ""ETAD-0022-6""]",2022-12-22,17,2023-03-27,08:53:30,248.0,0.464676223281463,[17517],1ece57fa842a97dc22115ff6fa304c0fd4979673340d860949ae944aa24a5c36
Addis_Ababa:ETAD-0024,Addis_Ababa,ETAD-0024,"[""ETAD-0024"", ""ETAD-0024-8""]",2022-12-25,17,2023-03-27,09:06:22,248.0,0.477235040126908,[17589],1ece57fa842a97dc22115ff6fa304c0fd4979673340d860949ae944aa24a5c36
Addis_Ababa:ETAD-0033,Addis_Ababa,ETAD-0033,"[""ETAD-0033"", ""ETAD-0033-1""]",2022-12-28,17,2023-04-10,16:42:06,248.0,0.470389455534924,[17643],1ece57fa842a97dc22115ff6fa304c0fd4979673340d860949ae944aa24a5c36
Addis_Ababa:ETAD-0034,Addis_Ababa,ETAD-0034,"[""ETAD-0034"", ""ETAD-0034-2""]",2022-12-31,17,2023-04-10,16:47:25,248.0,0.470389455534924,[17697],1ece57fa842a97dc22115ff6fa304c0fd4979673340d860949ae944aa24a5c36
Addis_Ababa:ETAD-0035,Addis_Ababa,ETAD-0035,"[""ETAD-0035"", ""ETAD-0035-3""]",2023-01-03,17,2023-04-10,16:54:06,248.0,0.470389455534924,[17751],1ece57fa842a97dc22115ff6fa304c0fd4979673340d860949ae944aa24a5c36
Addis_Ababa:ETAD-0036,Addis_Ababa,ETAD-0036,"[""ETAD-0036"", ""ETAD-0036-4""]",2023-01-06,17,2023-04-10,16:59:29,248.0,0.470389455534924,[17805],1ece57fa842a97dc22115ff6fa304c0fd4979673340d860949ae944aa24a5c36
Addis_Ababa:ETAD-0037,Addis_Ababa,ETAD-0037,"[""ETAD-0037"", ""ETAD-0037-5""]",2023-01-09,17,2023-04-13,15:29:44,248.0,0.470389455534924,[17864],1ece57fa842a97dc22115ff6fa304c0fd4979673340d860949ae944aa24a5c36
Addis_Ababa:ETAD-0038,Addis_Ababa,ETAD-0038,"[""ETAD-0038"", ""ETAD-0038-6""]",2023-01-12,17,2023-04-11,07:26:42,248.0,0.470389455534924,[17918],1ece57fa842a97dc22115ff6fa304c0fd4979673340d860949ae944aa24a5c36
Addis_Ababa:ETAD-0040,Addis_Ababa,ETAD-0040,"[""ETAD-0040"", ""ETAD-0040-8""]",2023-01-15,17,2023-04-11,07:37:00,248.0,0.481741981744056,[17986],1ece57fa842a97dc22115ff6fa304c0fd4979673340d860949ae944aa24a5c36
Addis_Ababa:ETAD-0041,Addis_Ababa,ETAD-0041,"[""ETAD-0041"", ""ETAD-0041-1""]",2023-02-10,17,2023-07-13,12:29:29,248.0,0.449217327399301,[18044],1ece57fa842a97dc22115ff6fa304c0fd4979673340d860949ae944aa24a5c36
Addis_Ababa:ETAD-0042,Addis_Ababa,ETAD-0042,"[""ETAD-0042"", ""ETAD-0042-2""]",2023-02-13,17,2023-07-13,12:34:29,248.0,0.449217327399301,[18102],1ece57fa842a97dc22115ff6fa304c0fd4979673340d860949ae944aa24a5c36
Addis_Ababa:ETAD-0043,Addis_Ababa,ETAD-0043,"[""ETAD-0043"", ""ETAD-0043-3""]",2023-02-16,17,2023-07-13,12:39:43,248.0,0.454554562972362,[18160],1ece57fa842a97dc22115ff6fa304c0fd4979673340d860949ae944aa24a5c36
Addis_Ababa:ETAD-0044,Addis_Ababa,ETAD-0044,"[""ETAD-0044"", ""ETAD-0044-4""]",2023-02-19,17,2023-07-13,12:45:08,248.0,0.449217327399301,[18218],1ece57fa842a97dc22115ff6fa304c0fd4979673340d860949ae944aa24a5c36
Addis_Ababa:ETAD-0045,Addis_Ababa,ETAD-0045,"[""ETAD-0045"", ""ETAD-0045-5""]",2023-02-22,17,2023-07-13,12:50:21,248.0,0.449217327399301,[18276],1ece57fa842a97dc22115ff6fa304c0fd4979673340d860949ae944aa24a5c36
Addis_Ababa:ETAD-0046,Addis_Ababa,ETAD-0046,"[""ETAD-0046"", ""ETAD-0046-6""]",2023-02-25,17,2023-07-13,12:55:30,248.0,0.449217327399301,[18334],1ece57fa842a97dc22115ff6fa304c0fd4979673340d860949ae944aa24a5c36
Addis_Ababa:ETAD-0049,Addis_Ababa,ETAD-0049,"[""ETAD-0049"", ""ETAD-0049-1""]",2023-03-04,17,2023-07-13,13:14:03,248.0,0.454554562972362,[18420],1ece57fa842a97dc22115ff6fa304c0fd4979673340d860949ae944aa24a5c36
Addis_Ababa:ETAD-0050,Addis_Ababa,ETAD-0050,"[""ETAD-0050"", ""ETAD-0050-2""]",2023-03-07,17,2023-07-13,13:18:51,248.0,0.454554562972362,[18478],1ece57fa842a97dc22115ff6fa304c0fd4979673340d860949ae944aa24a5c36
Addis_Ababa:ETAD-0051,Addis_Ababa,ETAD-0051,"[""ETAD-0051"", ""ETAD-0051-3""]",2023-03-10,17,2023-07-13,13:23:38,248.0,0.454554562972362,[18536],1ece57fa842a97dc22115ff6fa304c0fd4979673340d860949ae944aa24a5c36
Addis_Ababa:ETAD-0052,Addis_Ababa,ETAD-0052,"[""ETAD-0052"", ""ETAD-0052-4""]",2023-03-13,17,2023-07-13,13:33:03,248.0,0.454554562972362,[18594],1ece57fa842a97dc22115ff6fa304c0fd4979673340d860949ae944aa24a5c36
Addis_Ababa:ETAD-0053,Addis_Ababa,ETAD-0053,"[""ETAD-0053"", ""ETAD-0053-5""]",2023-03-16,17,2023-07-13,13:37:51,248.0,0.449217327399301,[18652],1ece57fa842a97dc22115ff6fa304c0fd4979673340d860949ae944aa24a5c36
Addis_Ababa:ETAD-0054,Addis_Ababa,ETAD-0054,"[""ETAD-0054"", ""ETAD-0054-6""]",2023-03-19,17,2023-07-13,13:43:16,248.0,0.449217327399301,[18710],1ece57fa842a97dc22115ff6fa304c0fd4979673340d860949ae944aa24a5c36
Addis_Ababa:ETAD-0056,Addis_Ababa,ETAD-0056,"[""ETAD-0056"", ""ETAD-0056-8""]",2023-03-22,17,2023-07-13,13:55:00,248.0,0.454554562972362,[18782],1ece57fa842a97dc22115ff6fa304c0fd4979673340d860949ae944aa24a5c36
Addis_Ababa:ETAD-0057,Addis_Ababa,ETAD-0057,"[""ETAD-0057"", ""ETAD-0057-1""]",2023-03-29,11,2023-08-10,14:44:04,251.0,0.409759055442694,[18840],1ece57fa842a97dc22115ff6fa304c0fd4979673340d860949ae944aa24a5c36
Addis_Ababa:ETAD-0058,Addis_Ababa,ETAD-0058,"[""ETAD-0058"", ""ETAD-0058-2""]",2023-04-01,11,2023-08-10,14:51:20,251.0,0.409759055442694,[18898],1ece57fa842a97dc22115ff6fa304c0fd4979673340d860949ae944aa24a5c36
Addis_Ababa:ETAD-0059,Addis_Ababa,ETAD-0059,"[""ETAD-0059"", ""ETAD-0059-3""]",2023-04-04,11,2023-08-10,14:57:10,251.0,0.409759055442694,[18956],1ece57fa842a97dc22115ff6fa304c0fd4979673340d860949ae944aa24a5c36
Addis_Ababa:ETAD-0060,Addis_Ababa,ETAD-0060,"[""ETAD-0060"", ""ETAD-0060-4""]",2023-04-07,11,2023-08-10,15:02:29,251.0,0.409759055442694,[19014],1ece57fa842a97dc22115ff6fa304c0fd4979673340d860949ae944aa24a5c36
Addis_Ababa:ETAD-0061,Addis_Ababa,ETAD-0061,"[""ETAD-0061"", ""ETAD-0061-5""]",2023-04-10,11,2023-08-10,15:21:25,251.0,0.409759055442694,[19072],1ece57fa842a97dc22115ff6fa304c0fd4979673340d860949ae944aa24a5c36
Addis_Ababa:ETAD-0062,Addis_Ababa,ETAD-0062,"[""ETAD-0062"", ""ETAD-0062-6""]",2023-04-13,11,2023-08-10,15:29:51,251.0,0.409759055442694,[19129],1ece57fa842a97dc22115ff6fa304c0fd4979673340d860949ae944aa24a5c36
Addis_Ababa:ETAD-0064,Addis_Ababa,ETAD-0064,"[""ETAD-0064"", ""ETAD-0064-8""]",2023-04-16,11,2023-08-10,15:43:00,251.0,0.409759055442694,[19200],1ece57fa842a97dc22115ff6fa304c0fd4979673340d860949ae944aa24a5c36
Addis_Ababa:ETAD-0065,Addis_Ababa,ETAD-0065,"[""ETAD-0065"", ""ETAD-0065-1""]",2023-04-21,11,2023-08-23,12:42:14,251.0,0.409759055442694,[19258],1ece57fa842a97dc22115ff6fa304c0fd4979673340d860949ae944aa24a5c36
Addis_Ababa:ETAD-0066,Addis_Ababa,ETAD-0066,"[""ETAD-0066"", ""ETAD-0066-2""]",2023-04-24,11,2023-08-10,15:57:03,251.0,0.409759055442694,[19316],1ece57fa842a97dc22115ff6fa304c0fd4979673340d860949ae944aa24a5c36
Addis_Ababa:ETAD-0067,Addis_Ababa,ETAD-0067,"[""ETAD-0067"", ""ETAD-0067-3""]",2023-04-27,11,2023-08-23,12:50:10,251.0,0.409759055442694,[19374],1ece57fa842a97dc22115ff6fa304c0fd4979673340d860949ae944aa24a5c36
Addis_Ababa:ETAD-0068,Addis_Ababa,ETAD-0068,"[""ETAD-0068"", ""ETAD-0068-4""]",2023-04-30,11,2023-08-23,12:55:58,251.0,0.409759055442694,[19432],1ece57fa842a97dc22115ff6fa304c0fd4979673340d860949ae944aa24a5c36
Addis_Ababa:ETAD-0069,Addis_Ababa,ETAD-0069,"[""ETAD-0069"", ""ETAD-0069-5""]",2023-05-03,11,2023-08-11,09:27:21,251.0,0.409759055442694,[19490],1ece57fa842a97dc22115ff6fa304c0fd4979673340d860949ae944aa24a5c36
Addis_Ababa:ETAD-0070,Addis_Ababa,ETAD-0070,"[""ETAD-0070"", ""ETAD-0070-6""]",2023-05-06,11,2023-08-23,13:02:48,251.0,0.409759055442694,[19548],1ece57fa842a97dc22115ff6fa304c0fd4979673340d860949ae944aa24a5c36
Addis_Ababa:ETAD-0072,Addis_Ababa,ETAD-0072,"[""ETAD-0072"", ""ETAD-0072-8""]",2023-05-09,11,2023-08-23,13:12:30,251.0,0.419307645387154,[19620],1ece57fa842a97dc22115ff6fa304c0fd4979673340d860949ae944aa24a5c36
Addis_Ababa:ETAD-0073,Addis_Ababa,ETAD-0073,"[""ETAD-0073"", ""ETAD-0073-1""]",2023-05-17,11,2023-09-14,07:06:06,251.0,0.409759055442694,[19677],1ece57fa842a97dc22115ff6fa304c0fd4979673340d860949ae944aa24a5c36
Addis_Ababa:ETAD-0074,Addis_Ababa,ETAD-0074,"[""ETAD-0074"", ""ETAD-0074-2""]",2023-05-20,11,2023-09-14,07:11:10,251.0,0.409759055442694,[19735],1ece57fa842a97dc22115ff6fa304c0fd4979673340d860949ae944aa24a5c36
Addis_Ababa:ETAD-0075,Addis_Ababa,ETAD-0075,"[""ETAD-0075"", ""ETAD-0075-3""]",2023-05-23,11,2023-09-14,07:16:57,251.0,0.409759055442694,[19793],1ece57fa842a97dc22115ff6fa304c0fd4979673340d860949ae944aa24a5c36
Addis_Ababa:ETAD-0076,Addis_Ababa,ETAD-0076,"[""ETAD-0076"", ""ETAD-0076-4""]",2023-05-26,11,2023-09-14,07:22:24,251.0,0.409759055442694,[19851],1ece57fa842a97dc22115ff6fa304c0fd4979673340d860949ae944aa24a5c36
Addis_Ababa:ETAD-0077,Addis_Ababa,ETAD-0077,"[""ETAD-0077"", ""ETAD-0077-5""]",2023-05-29,11,2023-09-14,07:29:06,251.0,0.409759055442694,[19909],1ece57fa842a97dc22115ff6fa304c0fd4979673340d860949ae944aa24a5c36
Addis_Ababa:ETAD-0078,Addis_Ababa,ETAD-0078,"[""ETAD-0078"", ""ETAD-0078-6""]",2023-06-01,11,2023-09-14,07:33:59,251.0,0.409759055442694,[19967],1ece57fa842a97dc22115ff6fa304c0fd4979673340d860949ae944aa24a5c36
Addis_Ababa:ETAD-0080,Addis_Ababa,ETAD-0080,"[""ETAD-0080"", ""ETAD-0080-8""]",2023-06-04,11,2023-09-14,07:49:31,251.0,0.419307645387154,[20039],1ece57fa842a97dc22115ff6fa304c0fd4979673340d860949ae944aa24a5c36
Addis_Ababa:ETAD-0081,Addis_Ababa,ETAD-0081,"[""ETAD-0081"", ""ETAD-0081-1""]",2023-06-07,11,2023-09-19,12:32:30,251.0,0.413856645997121,[20097],1ece57fa842a97dc22115ff6fa304c0fd4979673340d860949ae944aa24a5c36
Addis_Ababa:ETAD-0082,Addis_Ababa,ETAD-0082,"[""ETAD-0082"", ""ETAD-0082-2""]",2023-06-10,11,2023-09-19,12:37:30,251.0,0.413856645997121,[20155],1ece57fa842a97dc22115ff6fa304c0fd4979673340d860949ae944aa24a5c36
Addis_Ababa:ETAD-0083,Addis_Ababa,ETAD-0083,"[""ETAD-0083"", ""ETAD-0083-3""]",2023-06-13,11,2023-09-19,12:43:58,251.0,0.413856645997121,[20212],1ece57fa842a97dc22115ff6fa304c0fd4979673340d860949ae944aa24a5c36
Addis_Ababa:ETAD-0084,Addis_Ababa,ETAD-0084,"[""ETAD-0084"", ""ETAD-0084-4""]",2023-06-16,11,2023-09-19,12:49:05,251.0,0.413856645997121,[20270],1ece57fa842a97dc22115ff6fa304c0fd4979673340d860949ae944aa24a5c36
Addis_Ababa:ETAD-0085,Addis_Ababa,ETAD-0085,"[""ETAD-0085"", ""ETAD-0085-5""]",2023-06-19,11,2023-09-19,12:53:59,251.0,0.413856645997121,[20328],1ece57fa842a97dc22115ff6fa304c0fd4979673340d860949ae944aa24a5c36
Addis_Ababa:ETAD-0086,Addis_Ababa,ETAD-0086,"[""ETAD-0086"", ""ETAD-0086-6""]",2023-06-22,11,2023-09-19,12:59:30,251.0,0.413856645997121,[20386],1ece57fa842a97dc22115ff6fa304c0fd4979673340d860949ae944aa24a5c36
Addis_Ababa:ETAD-0088,Addis_Ababa,ETAD-0088,"[""ETAD-0088"", ""ETAD-0088-8""]",2023-06-25,11,2023-09-19,13:09:22,251.0,0.413856645997121,[20457],1ece57fa842a97dc22115ff6fa304c0fd4979673340d860949ae944aa24a5c36
Addis_Ababa:ETAD-0089,Addis_Ababa,ETAD-0089,"[""ETAD-0089"", ""ETAD-0089-1""]",2023-06-28,11,2023-11-28,08:51:31,251.0,0.409759055442694,[20515],1ece57fa842a97dc22115ff6fa304c0fd4979673340d860949ae944aa24a5c36
Addis_Ababa:ETAD-0090,Addis_Ababa,ETAD-0090,"[""ETAD-0090"", ""ETAD-0090-2""]",2023-07-01,11,2023-11-28,08:56:49,251.0,0.414270916914035,[20573],1ece57fa842a97dc22115ff6fa304c0fd4979673340d860949ae944aa24a5c36
Addis_Ababa:ETAD-0091,Addis_Ababa,ETAD-0091,"[""ETAD-0091"", ""ETAD-0091-3""]",2023-07-04,11,2023-11-28,09:34:18,251.0,0.409759055442694,[20628],1ece57fa842a97dc22115ff6fa304c0fd4979673340d860949ae944aa24a5c36
Addis_Ababa:ETAD-0092,Addis_Ababa,ETAD-0092,"[""ETAD-0092"", ""ETAD-0092-4""]",2023-07-07,11,2023-11-28,09:42:05,251.0,0.409759055442694,[20686],1ece57fa842a97dc22115ff6fa304c0fd4979673340d860949ae944aa24a5c36
Addis_Ababa:ETAD-0093,Addis_Ababa,ETAD-0093,"[""ETAD-0093"", ""ETAD-0093-5""]",2023-07-10,11,2023-11-28,09:46:51,251.0,0.409759055442694,[20744],1ece57fa842a97dc22115ff6fa304c0fd4979673340d860949ae944aa24a5c36
Addis_Ababa:ETAD-0094,Addis_Ababa,ETAD-0094,"[""ETAD-0094"", ""ETAD-0094-6""]",2023-07-13,11,2023-11-28,09:52:19,251.0,0.409759055442694,[20802],1ece57fa842a97dc22115ff6fa304c0fd4979673340d860949ae944aa24a5c36
Addis_Ababa:ETAD-0096,Addis_Ababa,ETAD-0096,"[""ETAD-0096"", ""ETAD-0096-8""]",2023-07-16,11,2023-11-28,12:37:59,251.0,0.419307645387154,[20874],1ece57fa842a97dc22115ff6fa304c0fd4979673340d860949ae944aa24a5c36
Addis_Ababa:ETAD-0097,Addis_Ababa,ETAD-0097,"[""ETAD-0097"", ""ETAD-0097-1""]",2023-07-21,11,2023-11-28,12:42:43,251.0,0.422302699997062,[20931],1ece57fa842a97dc22115ff6fa304c0fd4979673340d860949ae944aa24a5c36
Addis_Ababa:ETAD-0098,Addis_Ababa,ETAD-0098,"[""ETAD-0098"", ""ETAD-0098-2""]",2023-07-24,11,2023-11-28,12:47:39,251.0,0.422302699997062,[20989],1ece57fa842a97dc22115ff6fa304c0fd4979673340d860949ae944aa24a5c36
Addis_Ababa:ETAD-0099,Addis_Ababa,ETAD-0099,"[""ETAD-0099"", ""ETAD-0099-3""]",2023-07-27,11,2023-11-28,12:52:26,251.0,0.422302699997062,[21047],1ece57fa842a97dc22115ff6fa304c0fd4979673340d860949ae944aa24a5c36
Addis_Ababa:ETAD-0100,Addis_Ababa,ETAD-0100,"[""ETAD-0100"", ""ETAD-0100-4""]",2023-07-30,11,2023-11-28,12:59:20,251.0,0.422302699997062,[21102],1ece57fa842a97dc22115ff6fa304c0fd4979673340d860949ae944aa24a5c36
Addis_Ababa:ETAD-0101,Addis_Ababa,ETAD-0101,"[""ETAD-0101"", ""ETAD-0101-5""]",2023-08-02,11,2023-11-28,13:08:40,251.0,0.422302699997062,[21160],1ece57fa842a97dc22115ff6fa304c0fd4979673340d860949ae944aa24a5c36
Addis_Ababa:ETAD-0102,Addis_Ababa,ETAD-0102,"[""ETAD-0102"", ""ETAD-0102-6""]",2023-08-05,11,2023-11-28,13:18:29,251.0,0.422302699997062,[21218],1ece57fa842a97dc22115ff6fa304c0fd4979673340d860949ae944aa24a5c36
Addis_Ababa:ETAD-0104,Addis_Ababa,ETAD-0104,"[""ETAD-0104"", ""ETAD-0104-8""]",2023-08-08,11,2023-11-28,13:28:31,251.0,0.431100672913667,[21290],1ece57fa842a97dc22115ff6fa304c0fd4979673340d860949ae944aa24a5c36
Addis_Ababa:ETAD-0105,Addis_Ababa,ETAD-0105,"[""ETAD-0105"", ""ETAD-0105-1""]",2023-08-16,11,2024-02-21,09:34:16,251.0,0.414270916914035,[21349],1ece57fa842a97dc22115ff6fa304c0fd4979673340d860949ae944aa24a5c36
Addis_Ababa:ETAD-0106,Addis_Ababa,ETAD-0106,"[""ETAD-0106"", ""ETAD-0106-2""]",2023-08-19,11,2024-02-21,09:40:14,251.0,0.414270916914035,[21408],1ece57fa842a97dc22115ff6fa304c0fd4979673340d860949ae944aa24a5c36
Addis_Ababa:ETAD-0107,Addis_Ababa,ETAD-0107,"[""ETAD-0107"", ""ETAD-0107-3""]",2023-08-22,11,2024-02-21,09:44:52,251.0,0.418459702727119,[21467],1ece57fa842a97dc22115ff6fa304c0fd4979673340d860949ae944aa24a5c36
Addis_Ababa:ETAD-0108,Addis_Ababa,ETAD-0108,"[""ETAD-0108"", ""ETAD-0108-4""]",2023-08-25,11,2024-02-21,09:50:26,251.0,0.414270916914035,[21526],1ece57fa842a97dc22115ff6fa304c0fd4979673340d860949ae944aa24a5c36
Addis_Ababa:ETAD-0109,Addis_Ababa,ETAD-0109,"[""ETAD-0109"", ""ETAD-0109-5""]",2023-08-28,11,2024-02-21,09:57:30,251.0,0.414270916914035,[21585],1ece57fa842a97dc22115ff6fa304c0fd4979673340d860949ae944aa24a5c36
Addis_Ababa:ETAD-0110,Addis_Ababa,ETAD-0110,"[""ETAD-0110"", ""ETAD-0110-6""]",2023-08-31,11,2024-02-21,10:02:21,251.0,0.414270916914035,[21644],1ece57fa842a97dc22115ff6fa304c0fd4979673340d860949ae944aa24a5c36
Addis_Ababa:ETAD-0112,Addis_Ababa,ETAD-0112,"[""ETAD-0112"", ""ETAD-0112-8""]",2023-09-03,11,2024-02-21,10:13:32,251.0,0.418459702727119,[21717],1ece57fa842a97dc22115ff6fa304c0fd4979673340d860949ae944aa24a5c36
Addis_Ababa:ETAD-0113,Addis_Ababa,ETAD-0113,"[""ETAD-0113"", ""ETAD-0113-1""]",2023-09-06,11,2024-02-20,12:43:06,251.0,0.409759055442694,[21776],1ece57fa842a97dc22115ff6fa304c0fd4979673340d860949ae944aa24a5c36
Addis_Ababa:ETAD-0114,Addis_Ababa,ETAD-0114,"[""ETAD-0114"", ""ETAD-0114-2""]",2023-09-09,11,2024-02-20,12:53:44,251.0,0.414270916914035,[21835],1ece57fa842a97dc22115ff6fa304c0fd4979673340d860949ae944aa24a5c36
Addis_Ababa:ETAD-0115,Addis_Ababa,ETAD-0115,"[""ETAD-0115"", ""ETAD-0115-3""]",2023-09-12,11,2024-02-20,12:58:43,251.0,0.404947794517731,[21894],1ece57fa842a97dc22115ff6fa304c0fd4979673340d860949ae944aa24a5c36
Addis_Ababa:ETAD-0116,Addis_Ababa,ETAD-0116,"[""ETAD-0116"", ""ETAD-0116-4""]",2023-09-15,11,2024-02-20,13:04:01,251.0,0.404947794517731,[21953],1ece57fa842a97dc22115ff6fa304c0fd4979673340d860949ae944aa24a5c36
Addis_Ababa:ETAD-0117,Addis_Ababa,ETAD-0117,"[""ETAD-0117"", ""ETAD-0117-5""]",2023-09-18,11,2024-02-20,13:09:10,251.0,0.404947794517731,[22012],1ece57fa842a97dc22115ff6fa304c0fd4979673340d860949ae944aa24a5c36
Addis_Ababa:ETAD-0118,Addis_Ababa,ETAD-0118,"[""ETAD-0118"", ""ETAD-0118-6""]",2023-09-21,11,2024-02-20,13:14:09,251.0,0.409759055442694,[22071],1ece57fa842a97dc22115ff6fa304c0fd4979673340d860949ae944aa24a5c36
Addis_Ababa:ETAD-0120,Addis_Ababa,ETAD-0120,"[""ETAD-0120"", ""ETAD-0120-8""]",2023-09-24,11,2024-02-20,13:24:32,251.0,0.409759055442694,[22144],1ece57fa842a97dc22115ff6fa304c0fd4979673340d860949ae944aa24a5c36
Addis_Ababa:ETAD-0121,Addis_Ababa,ETAD-0121,"[""ETAD-0121"", ""ETAD-0121-1""]",2023-09-27,11,2024-02-20,13:30:12,251.0,0.414270916914035,[22203],1ece57fa842a97dc22115ff6fa304c0fd4979673340d860949ae944aa24a5c36
Addis_Ababa:ETAD-0128,Addis_Ababa,ETAD-0128,"[""ETAD-0128"", ""ETAD-0128-8""]",2023-10-15,11,2024-02-20,14:12:03,251.0,0.419307645387154,[22346],1ece57fa842a97dc22115ff6fa304c0fd4979673340d860949ae944aa24a5c36
Addis_Ababa:ETAD-0129,Addis_Ababa,ETAD-0129,"[""ETAD-0129"", ""ETAD-0129-1""]",2023-10-18,11,2024-02-20,14:16:53,251.0,0.409759055442694,[22404],1ece57fa842a97dc22115ff6fa304c0fd4979673340d860949ae944aa24a5c36
Addis_Ababa:ETAD-0130,Addis_Ababa,ETAD-0130,"[""ETAD-0130"", ""ETAD-0130-2""]",2023-10-21,11,2024-02-20,14:21:57,251.0,0.409759055442694,[22462],1ece57fa842a97dc22115ff6fa304c0fd4979673340d860949ae944aa24a5c36
Addis_Ababa:ETAD-0131,Addis_Ababa,ETAD-0131,"[""ETAD-0131"", ""ETAD-0131-3""]",2023-10-24,11,2024-02-20,14:27:01,251.0,0.409759055442694,[22518],1ece57fa842a97dc22115ff6fa304c0fd4979673340d860949ae944aa24a5c36
Addis_Ababa:ETAD-0132,Addis_Ababa,ETAD-0132,"[""ETAD-0132"", ""ETAD-0132-4""]",2023-10-27,11,2024-02-20,14:32:06,251.0,0.409759055442694,[22576],1ece57fa842a97dc22115ff6fa304c0fd4979673340d860949ae944aa24a5c36
Addis_Ababa:ETAD-0133,Addis_Ababa,ETAD-0133,"[""ETAD-0133"", ""ETAD-0133-5""]",2023-10-30,11,2024-02-20,14:37:09,251.0,0.404947794517731,[22633],1ece57fa842a97dc22115ff6fa304c0fd4979673340d860949ae944aa24a5c36
Addis_Ababa:ETAD-0134,Addis_Ababa,ETAD-0134,"[""ETAD-0134"", ""ETAD-0134-6""]",2023-11-02,11,2024-02-20,14:42:21,251.0,0.409759055442694,[22690],1ece57fa842a97dc22115ff6fa304c0fd4979673340d860949ae944aa24a5c36
Addis_Ababa:ETAD-0136,Addis_Ababa,ETAD-0136,"[""ETAD-0136"", ""ETAD-0136-8""]",2023-11-05,11,2024-02-20,14:57:33,251.0,0.409759055442694,[22761],1ece57fa842a97dc22115ff6fa304c0fd4979673340d860949ae944aa24a5c36
Addis_Ababa:ETAD-0137,Addis_Ababa,ETAD-0137,"[""ETAD-0137"", ""ETAD-0137-1""]",2023-11-08,11,2024-04-19,08:49:56,251.0,0.409759055442694,[22818],1ece57fa842a97dc22115ff6fa304c0fd4979673340d860949ae944aa24a5c36
Addis_Ababa:ETAD-0138,Addis_Ababa,ETAD-0138,"[""ETAD-0138"", ""ETAD-0138-2""]",2023-11-11,11,2024-04-19,08:54:44,251.0,0.409759055442694,[22875],1ece57fa842a97dc22115ff6fa304c0fd4979673340d860949ae944aa24a5c36
Addis_Ababa:ETAD-0139,Addis_Ababa,ETAD-0139,"[""ETAD-0139"", ""ETAD-0139-3""]",2023-11-14,11,2024-04-19,10:59:49,251.0,0.409759055442694,[22932],1ece57fa842a97dc22115ff6fa304c0fd4979673340d860949ae944aa24a5c36
Addis_Ababa:ETAD-0140,Addis_Ababa,ETAD-0140,"[""ETAD-0140"", ""ETAD-0140-4""]",2023-11-17,11,2024-04-19,11:04:49,251.0,0.409759055442694,[22989],1ece57fa842a97dc22115ff6fa304c0fd4979673340d860949ae944aa24a5c36
Addis_Ababa:ETAD-0141,Addis_Ababa,ETAD-0141,"[""ETAD-0141"", ""ETAD-0141-5""]",2023-11-20,11,2024-04-19,11:09:57,251.0,0.409759055442694,[23045],1ece57fa842a97dc22115ff6fa304c0fd4979673340d860949ae944aa24a5c36
Addis_Ababa:ETAD-0142,Addis_Ababa,ETAD-0142,"[""ETAD-0142"", ""ETAD-0142-6""]",2023-11-23,11,2024-04-19,11:15:13,251.0,0.409759055442694,[23102],1ece57fa842a97dc22115ff6fa304c0fd4979673340d860949ae944aa24a5c36
Addis_Ababa:ETAD-0144,Addis_Ababa,ETAD-0144,"[""ETAD-0144"", ""ETAD-0144-8""]",2023-11-26,11,2024-04-19,11:25:03,251.0,0.409759055442694,[23172],1ece57fa842a97dc22115ff6fa304c0fd4979673340d860949ae944aa24a5c36
Addis_Ababa:ETAD-0145,Addis_Ababa,ETAD-0145,"[""ETAD-0145"", ""ETAD-0145-1""]",2023-11-29,11,2024-04-19,11:30:13,251.0,0.409759055442694,[23229],1ece57fa842a97dc22115ff6fa304c0fd4979673340d860949ae944aa24a5c36
Addis_Ababa:ETAD-0146,Addis_Ababa,ETAD-0146,"[""ETAD-0146"", ""ETAD-0146-2""]",2023-12-02,11,2024-04-19,11:36:02,251.0,0.414270916914035,[23286],1ece57fa842a97dc22115ff6fa304c0fd4979673340d860949ae944aa24a5c36
Addis_Ababa:ETAD-0147,Addis_Ababa,ETAD-0147,"[""ETAD-0147"", ""ETAD-0147-3""]",2023-12-05,11,2024-04-19,11:41:27,251.0,0.409759055442694,[23343],1ece57fa842a97dc22115ff6fa304c0fd4979673340d860949ae944aa24a5c36
Addis_Ababa:ETAD-0148,Addis_Ababa,ETAD-0148,"[""ETAD-0148"", ""ETAD-0148-4""]",2023-12-08,11,2024-04-19,11:46:27,251.0,0.409759055442694,[23400],1ece57fa842a97dc22115ff6fa304c0fd4979673340d860949ae944aa24a5c36
Addis_Ababa:ETAD-0149,Addis_Ababa,ETAD-0149,"[""ETAD-0149"", ""ETAD-0149-5""]",2023-12-11,11,2024-04-19,11:51:57,251.0,0.414270916914035,[23457],1ece57fa842a97dc22115ff6fa304c0fd4979673340d860949ae944aa24a5c36
Addis_Ababa:ETAD-0150,Addis_Ababa,ETAD-0150,"[""ETAD-0150"", ""ETAD-0150-6""]",2023-12-14,11,2024-04-19,11:57:20,251.0,0.414270916914035,[23514],1ece57fa842a97dc22115ff6fa304c0fd4979673340d860949ae944aa24a5c36
Addis_Ababa:ETAD-0152,Addis_Ababa,ETAD-0152,"[""ETAD-0152"", ""ETAD-0152-8""]",2023-12-17,11,2024-04-19,12:12:07,251.0,0.409759055442694,[23585],1ece57fa842a97dc22115ff6fa304c0fd4979673340d860949ae944aa24a5c36
Addis_Ababa:ETAD-0153,Addis_Ababa,ETAD-0153,"[""ETAD-0153"", ""ETAD-0153-1""]",2023-12-20,11,2024-07-24,09:21:58,251.0,0.409759055442694,[23642],1ece57fa842a97dc22115ff6fa304c0fd4979673340d860949ae944aa24a5c36
Addis_Ababa:ETAD-0154,Addis_Ababa,ETAD-0154,"[""ETAD-0154"", ""ETAD-0154-2""]",2023-12-23,11,2024-07-24,09:27:01,251.0,0.409759055442694,[23699],1ece57fa842a97dc22115ff6fa304c0fd4979673340d860949ae944aa24a5c36
Addis_Ababa:ETAD-0155,Addis_Ababa,ETAD-0155,"[""ETAD-0155"", ""ETAD-0155-3""]",2023-12-26,11,2024-07-24,09:33:31,251.0,0.409759055442694,[23756],1ece57fa842a97dc22115ff6fa304c0fd4979673340d860949ae944aa24a5c36
Addis_Ababa:ETAD-0156,Addis_Ababa,ETAD-0156,"[""ETAD-0156"", ""ETAD-0156-4""]",2023-12-29,11,2024-07-24,09:38:43,251.0,0.409759055442694,[23814],1ece57fa842a97dc22115ff6fa304c0fd4979673340d860949ae944aa24a5c36
Addis_Ababa:ETAD-0157,Addis_Ababa,ETAD-0157,"[""ETAD-0157"", ""ETAD-0157-5""]",2024-01-01,11,2024-07-24,09:44:32,251.0,0.409759055442694,[23872],1ece57fa842a97dc22115ff6fa304c0fd4979673340d860949ae944aa24a5c36
Addis_Ababa:ETAD-0158,Addis_Ababa,ETAD-0158,"[""ETAD-0158"", ""ETAD-0158-6""]",2024-01-04,11,2024-07-24,09:50:22,251.0,0.409759055442694,[23929],1ece57fa842a97dc22115ff6fa304c0fd4979673340d860949ae944aa24a5c36
Addis_Ababa:ETAD-0160,Addis_Ababa,ETAD-0160,"[""ETAD-0160"", ""ETAD-0160-8""]",2024-01-07,11,2024-07-24,10:01:47,251.0,0.409759055442694,[24001],1ece57fa842a97dc22115ff6fa304c0fd4979673340d860949ae944aa24a5c36
Addis_Ababa:ETAD-0161,Addis_Ababa,ETAD-0161,"[""ETAD-0161"", ""ETAD-0161-1""]",2024-01-10,11,2024-07-24,10:07:30,251.0,0.409759055442694,[24057],1ece57fa842a97dc22115ff6fa304c0fd4979673340d860949ae944aa24a5c36
Addis_Ababa:ETAD-0162,Addis_Ababa,ETAD-0162,"[""ETAD-0162"", ""ETAD-0162-2""]",2024-01-13,11,2024-07-24,10:13:53,251.0,0.409759055442694,[24113],1ece57fa842a97dc22115ff6fa304c0fd4979673340d860949ae944aa24a5c36
Addis_Ababa:ETAD-0163,Addis_Ababa,ETAD-0163,"[""ETAD-0163"", ""ETAD-0163-3""]",2024-01-16,11,2024-07-24,10:25:12,251.0,0.431325321518625,[24171],1ece57fa842a97dc22115ff6fa304c0fd4979673340d860949ae944aa24a5c36
Addis_Ababa:ETAD-0164,Addis_Ababa,ETAD-0164,"[""ETAD-0164"", ""ETAD-0164-4""]",2024-01-19,11,2024-07-24,10:31:05,251.0,0.404947794517731,[24227],1ece57fa842a97dc22115ff6fa304c0fd4979673340d860949ae944aa24a5c36
Addis_Ababa:ETAD-0165,Addis_Ababa,ETAD-0165,"[""ETAD-0165"", ""ETAD-0165-5""]",2024-01-22,11,2024-07-24,10:36:47,251.0,0.404947794517731,[24282],1ece57fa842a97dc22115ff6fa304c0fd4979673340d860949ae944aa24a5c36
Addis_Ababa:ETAD-0166,Addis_Ababa,ETAD-0166,"[""ETAD-0166"", ""ETAD-0166-6""]",2024-01-25,11,2024-07-24,10:43:03,251.0,0.404947794517731,[24338],1ece57fa842a97dc22115ff6fa304c0fd4979673340d860949ae944aa24a5c36
Addis_Ababa:ETAD-0168,Addis_Ababa,ETAD-0168,"[""ETAD-0168"", ""ETAD-0168-8""]",2024-01-28,11,2024-07-24,10:55:13,251.0,0.404947794517731,[24408],1ece57fa842a97dc22115ff6fa304c0fd4979673340d860949ae944aa24a5c36
Addis_Ababa:ETAD-0169,Addis_Ababa,ETAD-0169,"[""ETAD-0169"", ""ETAD-0169-1""]",2024-01-31,11,2024-07-24,11:01:01,251.0,0.414270916914035,[24463],1ece57fa842a97dc22115ff6fa304c0fd4979673340d860949ae944aa24a5c36
Addis_Ababa:ETAD-0170,Addis_Ababa,ETAD-0170,"[""ETAD-0170"", ""ETAD-0170-2""]",2024-02-03,11,2024-07-24,11:09:47,251.0,0.409759055442694,[24520],1ece57fa842a97dc22115ff6fa304c0fd4979673340d860949ae944aa24a5c36
Addis_Ababa:ETAD-0171,Addis_Ababa,ETAD-0171,"[""ETAD-0171"", ""ETAD-0171-3""]",2024-02-06,11,2024-07-24,11:16:38,251.0,0.414270916914035,[24575],1ece57fa842a97dc22115ff6fa304c0fd4979673340d860949ae944aa24a5c36
Addis_Ababa:ETAD-0172,Addis_Ababa,ETAD-0172,"[""ETAD-0172"", ""ETAD-0172-4""]",2024-02-09,11,2024-07-24,11:23:18,251.0,0.409759055442694,[24631],1ece57fa842a97dc22115ff6fa304c0fd4979673340d860949ae944aa24a5c36
Addis_Ababa:ETAD-0173,Addis_Ababa,ETAD-0173,"[""ETAD-0173"", ""ETAD-0173-5""]",2024-02-12,11,2024-07-24,11:34:50,251.0,0.409759055442694,[24689],1ece57fa842a97dc22115ff6fa304c0fd4979673340d860949ae944aa24a5c36
Addis_Ababa:ETAD-0174,Addis_Ababa,ETAD-0174,"[""ETAD-0174"", ""ETAD-0174-6""]",2024-02-15,11,2024-07-24,11:41:33,251.0,0.409759055442694,[24747],1ece57fa842a97dc22115ff6fa304c0fd4979673340d860949ae944aa24a5c36
Addis_Ababa:ETAD-0176,Addis_Ababa,ETAD-0176,"[""ETAD-0176"", ""ETAD-0176-8""]",2024-02-18,11,2024-07-24,11:53:06,251.0,0.409759055442694,[24819],1ece57fa842a97dc22115ff6fa304c0fd4979673340d860949ae944aa24a5c36
Addis_Ababa:ETAD-0177,Addis_Ababa,ETAD-0177,"[""ETAD-0177"", ""ETAD-0177-1""]",2024-02-21,11,2024-07-25,13:40:26,251.0,0.414270916914035,[24877],1ece57fa842a97dc22115ff6fa304c0fd4979673340d860949ae944aa24a5c36
Addis_Ababa:ETAD-0178,Addis_Ababa,ETAD-0178,"[""ETAD-0178"", ""ETAD-0178-2""]",2024-02-24,11,2024-07-25,13:47:46,251.0,0.414270916914035,[24935],1ece57fa842a97dc22115ff6fa304c0fd4979673340d860949ae944aa24a5c36
Addis_Ababa:ETAD-0179,Addis_Ababa,ETAD-0179,"[""ETAD-0179"", ""ETAD-0179-3""]",2024-02-27,11,2024-07-25,13:52:49,251.0,0.414270916914035,[24993],1ece57fa842a97dc22115ff6fa304c0fd4979673340d860949ae944aa24a5c36
Addis_Ababa:ETAD-0180,Addis_Ababa,ETAD-0180,"[""ETAD-0180"", ""ETAD-0180-4""]",2024-03-01,11,2024-07-25,14:04:26,251.0,0.409759055442694,[25051],1ece57fa842a97dc22115ff6fa304c0fd4979673340d860949ae944aa24a5c36
Addis_Ababa:ETAD-0181,Addis_Ababa,ETAD-0181,"[""ETAD-0181"", ""ETAD-0181-5""]",2024-03-04,11,2024-07-25,14:15:03,251.0,0.409759055442694,[25109],1ece57fa842a97dc22115ff6fa304c0fd4979673340d860949ae944aa24a5c36
Addis_Ababa:ETAD-0182,Addis_Ababa,ETAD-0182,"[""ETAD-0182"", ""ETAD-0182-6""]",2024-03-07,11,2024-07-25,14:25:22,251.0,0.414270916914035,[25167],1ece57fa842a97dc22115ff6fa304c0fd4979673340d860949ae944aa24a5c36
Addis_Ababa:ETAD-0184,Addis_Ababa,ETAD-0184,"[""ETAD-0184"", ""ETAD-0184-8""]",2024-03-10,11,2024-07-25,13:53:25,251.0,0.409759055442694,[25239],1ece57fa842a97dc22115ff6fa304c0fd4979673340d860949ae944aa24a5c36
Addis_Ababa:ETAD-0185,Addis_Ababa,ETAD-0185,"[""ETAD-0185"", ""ETAD-0185-1""]",2024-03-13,11,2024-08-15,12:55:17,251.0,0.414270916914035,[25297],1ece57fa842a97dc22115ff6fa304c0fd4979673340d860949ae944aa24a5c36
Addis_Ababa:ETAD-0186,Addis_Ababa,ETAD-0186,"[""ETAD-0186"", ""ETAD-0186-2""]",2024-03-16,11,2024-08-15,13:07:34,251.0,0.414270916914035,[25354],1ece57fa842a97dc22115ff6fa304c0fd4979673340d860949ae944aa24a5c36
Addis_Ababa:ETAD-0187,Addis_Ababa,ETAD-0187,"[""ETAD-0187"", ""ETAD-0187-3""]",2024-03-19,11,2024-08-15,13:23:16,251.0,0.414270916914035,[25412],1ece57fa842a97dc22115ff6fa304c0fd4979673340d860949ae944aa24a5c36
Addis_Ababa:ETAD-0188,Addis_Ababa,ETAD-0188,"[""ETAD-0188"", ""ETAD-0188-4""]",2024-03-22,11,2024-08-15,13:39:07,251.0,0.414270916914035,[25470],1ece57fa842a97dc22115ff6fa304c0fd4979673340d860949ae944aa24a5c36
Addis_Ababa:ETAD-0189,Addis_Ababa,ETAD-0189,"[""ETAD-0189"", ""ETAD-0189-5""]",2024-03-25,11,2024-08-15,13:44:24,251.0,0.414270916914035,[25528],1ece57fa842a97dc22115ff6fa304c0fd4979673340d860949ae944aa24a5c36
Addis_Ababa:ETAD-0190,Addis_Ababa,ETAD-0190,"[""ETAD-0190"", ""ETAD-0190-6""]",2024-03-28,11,2024-08-15,13:49:40,251.0,0.414270916914035,[25585],1ece57fa842a97dc22115ff6fa304c0fd4979673340d860949ae944aa24a5c36
Addis_Ababa:ETAD-0192,Addis_Ababa,ETAD-0192,"[""ETAD-0192"", ""ETAD-0192-8""]",2024-03-31,11,2024-08-15,14:05:57,251.0,0.409759055442694,[25657],1ece57fa842a97dc22115ff6fa304c0fd4979673340d860949ae944aa24a5c36
Addis_Ababa:ETAD-0193,Addis_Ababa,ETAD-0193,"[""ETAD-0193"", ""ETAD-0193-1""]",2024-04-03,11,2024-08-15,14:11:27,251.0,0.404947794517731,[25715],1ece57fa842a97dc22115ff6fa304c0fd4979673340d860949ae944aa24a5c36
Addis_Ababa:ETAD-0194,Addis_Ababa,ETAD-0194,"[""ETAD-0194"", ""ETAD-0194-2""]",2024-04-06,11,2024-08-15,14:17:47,251.0,0.404947794517731,[25773],1ece57fa842a97dc22115ff6fa304c0fd4979673340d860949ae944aa24a5c36
Addis_Ababa:ETAD-0195,Addis_Ababa,ETAD-0195,"[""ETAD-0195"", ""ETAD-0195-3""]",2024-04-09,11,2024-08-15,14:23:29,251.0,0.404947794517731,[25831],1ece57fa842a97dc22115ff6fa304c0fd4979673340d860949ae944aa24a5c36
Addis_Ababa:ETAD-0196,Addis_Ababa,ETAD-0196,"[""ETAD-0196"", ""ETAD-0196-4""]",2024-04-12,11,2024-08-15,14:29:18,251.0,0.404947794517731,[25889],1ece57fa842a97dc22115ff6fa304c0fd4979673340d860949ae944aa24a5c36
Addis_Ababa:ETAD-0197,Addis_Ababa,ETAD-0197,"[""ETAD-0197"", ""ETAD-0197-5""]",2024-04-15,11,2024-08-15,14:35:01,251.0,0.404947794517731,[25947],1ece57fa842a97dc22115ff6fa304c0fd4979673340d860949ae944aa24a5c36
Addis_Ababa:ETAD-0198,Addis_Ababa,ETAD-0198,"[""ETAD-0198"", ""ETAD-0198-6""]",2024-04-18,11,2024-08-15,14:40:44,251.0,0.404947794517731,[26005],1ece57fa842a97dc22115ff6fa304c0fd4979673340d860949ae944aa24a5c36
Addis_Ababa:ETAD-0200,Addis_Ababa,ETAD-0200,"[""ETAD-0200"", ""ETAD-0200-8""]",2024-04-21,11,2024-08-15,14:51:09,251.0,0.409759055442694,[26077],1ece57fa842a97dc22115ff6fa304c0fd4979673340d860949ae944aa24a5c36
Addis_Ababa:ETAD-0201,Addis_Ababa,ETAD-0201,"[""ETAD-0201"", ""ETAD-0201-1""]",2024-04-24,11,2024-11-07,10:37:18,251.0,0.409759055442694,[26135],1ece57fa842a97dc22115ff6fa304c0fd4979673340d860949ae944aa24a5c36
Addis_Ababa:ETAD-0202,Addis_Ababa,ETAD-0202,"[""ETAD-0202"", ""ETAD-0202-2""]",2024-04-27,11,2024-11-07,10:43:02,251.0,0.409759055442694,[26193],1ece57fa842a97dc22115ff6fa304c0fd4979673340d860949ae944aa24a5c36
Addis_Ababa:ETAD-0203,Addis_Ababa,ETAD-0203,"[""ETAD-0203"", ""ETAD-0203-3""]",2024-04-30,11,2024-11-07,10:48:58,251.0,0.409759055442694,[26251],1ece57fa842a97dc22115ff6fa304c0fd4979673340d860949ae944aa24a5c36
Addis_Ababa:ETAD-0204,Addis_Ababa,ETAD-0204,"[""ETAD-0204"", ""ETAD-0204-4""]",2024-05-03,11,2024-11-07,12:13:31,251.0,0.409759055442694,[26309],1ece57fa842a97dc22115ff6fa304c0fd4979673340d860949ae944aa24a5c36
Addis_Ababa:ETAD-0205,Addis_Ababa,ETAD-0205,"[""ETAD-0205"", ""ETAD-0205-5""]",2024-05-06,11,2024-11-07,12:18:21,251.0,0.409759055442694,[26367],1ece57fa842a97dc22115ff6fa304c0fd4979673340d860949ae944aa24a5c36
Addis_Ababa:ETAD-0206,Addis_Ababa,ETAD-0206,"[""ETAD-0206"", ""ETAD-0206-6""]",2024-05-09,11,2024-11-07,12:24:17,251.0,0.409759055442694,[26425],1ece57fa842a97dc22115ff6fa304c0fd4979673340d860949ae944aa24a5c36
Addis_Ababa:ETAD-0208,Addis_Ababa,ETAD-0208,"[""ETAD-0208"", ""ETAD-0208-8""]",2024-05-12,11,2024-11-07,12:37:19,251.0,0.409759055442694,[26497],1ece57fa842a97dc22115ff6fa304c0fd4979673340d860949ae944aa24a5c36
Addis_Ababa:ETAD-0217,Addis_Ababa,ETAD-0217,"[""ETAD-0217"", ""ETAD-0217-1""]",2024-06-06,11,2025-03-05,08:54:24,251.0,0.414270916914035,[26554],1ece57fa842a97dc22115ff6fa304c0fd4979673340d860949ae944aa24a5c36
Addis_Ababa:ETAD-0218,Addis_Ababa,ETAD-0218,"[""ETAD-0218"", ""ETAD-0218-2""]",2024-06-09,11,2025-03-05,08:59:41,251.0,0.409759055442694,[26611],1ece57fa842a97dc22115ff6fa304c0fd4979673340d860949ae944aa24a5c36
Addis_Ababa:ETAD-0219,Addis_Ababa,ETAD-0219,"[""ETAD-0219"", ""ETAD-0219-3""]",2024-06-12,11,2025-03-05,09:05:02,251.0,0.414270916914035,[26668],1ece57fa842a97dc22115ff6fa304c0fd4979673340d860949ae944aa24a5c36
Addis_Ababa:ETAD-0220,Addis_Ababa,ETAD-0220,"[""ETAD-0220"", ""ETAD-0220-4""]",2024-06-15,11,2025-03-05,09:15:53,251.0,0.409759055442694,[26725],1ece57fa842a97dc22115ff6fa304c0fd4979673340d860949ae944aa24a5c36
Addis_Ababa:ETAD-0221,Addis_Ababa,ETAD-0221,"[""ETAD-0221"", ""ETAD-0221-5""]",2024-06-18,11,2025-03-05,09:21:04,251.0,0.424033448767542,[26782],1ece57fa842a97dc22115ff6fa304c0fd4979673340d860949ae944aa24a5c36
Addis_Ababa:ETAD-0222,Addis_Ababa,ETAD-0222,"[""ETAD-0222"", ""ETAD-0222-6""]",2024-06-21,11,2025-03-05,09:26:11,251.0,0.414270916914035,[26839],1ece57fa842a97dc22115ff6fa304c0fd4979673340d860949ae944aa24a5c36
Addis_Ababa:ETAD-0224,Addis_Ababa,ETAD-0224,"[""ETAD-0224"", ""ETAD-0224-8""]",2024-06-24,11,2025-03-05,09:37:18,251.0,0.414270916914035,[26910],1ece57fa842a97dc22115ff6fa304c0fd4979673340d860949ae944aa24a5c36
Addis_Ababa:ETAD-0225,Addis_Ababa,ETAD-0225,"[""ETAD-0225"", ""ETAD-0225-1""]",2024-06-26,11,2025-03-05,09:42:40,251.0,0.409759055442694,[26967],1ece57fa842a97dc22115ff6fa304c0fd4979673340d860949ae944aa24a5c36
Addis_Ababa:ETAD-0226,Addis_Ababa,ETAD-0226,"[""ETAD-0226"", ""ETAD-0226-2""]",2024-06-29,11,2025-03-05,09:47:47,251.0,0.414270916914035,[27024],1ece57fa842a97dc22115ff6fa304c0fd4979673340d860949ae944aa24a5c36
Addis_Ababa:ETAD-0227,Addis_Ababa,ETAD-0227,"[""ETAD-0227"", ""ETAD-0227-3""]",2024-07-02,11,2025-03-05,09:52:52,251.0,0.419307645387154,[27081],1ece57fa842a97dc22115ff6fa304c0fd4979673340d860949ae944aa24a5c36
Addis_Ababa:ETAD-0228,Addis_Ababa,ETAD-0228,"[""ETAD-0228"", ""ETAD-0228-4""]",2024-07-05,11,2025-03-05,10:08:54,251.0,0.404947794517731,[27138],1ece57fa842a97dc22115ff6fa304c0fd4979673340d860949ae944aa24a5c36
Addis_Ababa:ETAD-0229,Addis_Ababa,ETAD-0229,"[""ETAD-0229"", ""ETAD-0229-5""]",2024-07-08,11,2025-03-05,10:14:21,251.0,0.414270916914035,[27195],1ece57fa842a97dc22115ff6fa304c0fd4979673340d860949ae944aa24a5c36
Addis_Ababa:ETAD-0230,Addis_Ababa,ETAD-0230,"[""ETAD-0230"", ""ETAD-0230-6""]",2024-07-11,11,2025-03-05,10:20:50,251.0,0.419307645387154,[27252],1ece57fa842a97dc22115ff6fa304c0fd4979673340d860949ae944aa24a5c36
Addis_Ababa:ETAD-0232,Addis_Ababa,ETAD-0232,"[""ETAD-0232"", ""ETAD-0232-8""]",2024-07-14,11,2025-03-05,10:35:40,251.0,0.414270916914035,[27323],1ece57fa842a97dc22115ff6fa304c0fd4979673340d860949ae944aa24a5c36
Addis_Ababa:ETAD-0233,Addis_Ababa,ETAD-0233,"[""ETAD-0233"", ""ETAD-0233-1""]",2024-07-17,11,2025-03-05,10:40:39,251.0,0.414270916914035,[27388],1ece57fa842a97dc22115ff6fa304c0fd4979673340d860949ae944aa24a5c36
Addis_Ababa:ETAD-0234,Addis_Ababa,ETAD-0234,"[""ETAD-0234"", ""ETAD-0234-2""]",2024-07-20,11,2025-03-05,10:45:42,251.0,0.414270916914035,[27453],1ece57fa842a97dc22115ff6fa304c0fd4979673340d860949ae944aa24a5c36
Addis_Ababa:ETAD-0235,Addis_Ababa,ETAD-0235,"[""ETAD-0235"", ""ETAD-0235-3""]",2024-07-23,11,2025-03-05,10:50:56,251.0,0.409759055442694,[27518],1ece57fa842a97dc22115ff6fa304c0fd4979673340d860949ae944aa24a5c36
Addis_Ababa:ETAD-0236,Addis_Ababa,ETAD-0236,"[""ETAD-0236"", ""ETAD-0236-4""]",2024-07-26,11,2025-03-05,10:56:35,251.0,0.409759055442694,[27583],1ece57fa842a97dc22115ff6fa304c0fd4979673340d860949ae944aa24a5c36
Addis_Ababa:ETAD-0237,Addis_Ababa,ETAD-0237,"[""ETAD-0237"", ""ETAD-0237-5""]",2024-07-29,11,2025-03-05,11:02:12,251.0,0.404947794517731,[27648],1ece57fa842a97dc22115ff6fa304c0fd4979673340d860949ae944aa24a5c36
Addis_Ababa:ETAD-0238,Addis_Ababa,ETAD-0238,"[""ETAD-0238"", ""ETAD-0238-6""]",2024-08-01,11,2025-03-05,11:07:36,251.0,0.414270916914035,[27714],1ece57fa842a97dc22115ff6fa304c0fd4979673340d860949ae944aa24a5c36
Addis_Ababa:ETAD-0240,Addis_Ababa,ETAD-0240,"[""ETAD-0240"", ""ETAD-0240-8""]",2024-08-04,11,2025-03-05,11:23:18,251.0,0.409759055442694,[27793],1ece57fa842a97dc22115ff6fa304c0fd4979673340d860949ae944aa24a5c36
Addis_Ababa:ETAD-0241,Addis_Ababa,ETAD-0241,"[""ETAD-0241"", ""ETAD-0241-1""]",2024-08-07,11,2025-03-05,11:28:24,251.0,0.419307645387154,[27857],1ece57fa842a97dc22115ff6fa304c0fd4979673340d860949ae944aa24a5c36
Addis_Ababa:ETAD-0242,Addis_Ababa,ETAD-0242,"[""ETAD-0242"", ""ETAD-0242-2""]",2024-08-16,11,2025-03-05,11:33:29,251.0,0.414270916914035,[27921],1ece57fa842a97dc22115ff6fa304c0fd4979673340d860949ae944aa24a5c36
Addis_Ababa:ETAD-0243,Addis_Ababa,ETAD-0243,"[""ETAD-0243"", ""ETAD-0243-3""]",2024-08-25,11,2025-03-05,11:38:37,251.0,0.414270916914035,[27985],1ece57fa842a97dc22115ff6fa304c0fd4979673340d860949ae944aa24a5c36
Addis_Ababa:ETAD-0244,Addis_Ababa,ETAD-0244,"[""ETAD-0244"", ""ETAD-0244-4""]",2024-09-03,11,2025-03-05,11:43:39,251.0,0.414270916914035,[28048],1ece57fa842a97dc22115ff6fa304c0fd4979673340d860949ae944aa24a5c36
Addis_Ababa:ETAD-0245,Addis_Ababa,ETAD-0245,"[""ETAD-0245"", ""ETAD-0245-5""]",2024-09-12,11,2025-03-05,12:40:36,251.0,0.40935375469547,[28112],1ece57fa842a97dc22115ff6fa304c0fd4979673340d860949ae944aa24a5c36
Addis_Ababa:ETAD-0246,Addis_Ababa,ETAD-0246,"[""ETAD-0246-6""]",2024-09-21,11,2025-03-05,12:53:54,251.0,0.434267204613977,[28129],1ece57fa842a97dc22115ff6fa304c0fd4979673340d860949ae944aa24a5c36
Addis_Ababa:ETAD-0248,Addis_Ababa,ETAD-0248,"[""ETAD-0248-8""]",2024-08-07,11,2025-03-05,13:07:31,251.0,1.43700224304556,[28160],1ece57fa842a97dc22115ff6fa304c0fd4979673340d860949ae944aa24a5c36
Beijing:CHTS-0658,Beijing,CHTS-0658,"[""CHTS-0658"", ""CHTS-0658-1""]",2022-07-05,17,2022-10-26,14:25:11,248.0,0.459100108602086,[5887],1ece57fa842a97dc22115ff6fa304c0fd4979673340d860949ae944aa24a5c36
Beijing:CHTS-0659,Beijing,CHTS-0659,"[""CHTS-0659"", ""CHTS-0659-2""]",2022-07-14,17,2022-10-26,14:46:01,248.0,0.459100108602086,[5945],1ece57fa842a97dc22115ff6fa304c0fd4979673340d860949ae944aa24a5c36
Beijing:CHTS-0660,Beijing,CHTS-0660,"[""CHTS-0660"", ""CHTS-0660-3""]",2022-07-23,17,2022-10-26,14:51:54,248.0,0.459100108602086,[6003],1ece57fa842a97dc22115ff6fa304c0fd4979673340d860949ae944aa24a5c36
Beijing:CHTS-0661,Beijing,CHTS-0661,"[""CHTS-0661"", ""CHTS-0661-4""]",2022-08-01,17,2022-10-26,14:56:57,248.0,0.459100108602086,[6061],1ece57fa842a97dc22115ff6fa304c0fd4979673340d860949ae944aa24a5c36
Beijing:CHTS-0662,Beijing,CHTS-0662,"[""CHTS-0662"", ""CHTS-0662-5""]",2022-08-10,17,2022-10-26,15:01:53,248.0,0.459100108602086,[6120],1ece57fa842a97dc22115ff6fa304c0fd4979673340d860949ae944aa24a5c36
Beijing:CHTS-0663,Beijing,CHTS-0663,"[""CHTS-0663"", ""CHTS-0663-6""]",2022-08-19,17,2022-10-26,15:07:01,248.0,0.459100108602086,[6179],1ece57fa842a97dc22115ff6fa304c0fd4979673340d860949ae944aa24a5c36
Beijing:CHTS-0706,Beijing,CHTS-0706,"[""CHTS-0706"", ""CHTS-0706-1""]",2023-01-10,11,2023-04-11,07:41:58,251.0,0.431100672913667,[7870],1ece57fa842a97dc22115ff6fa304c0fd4979673340d860949ae944aa24a5c36
Beijing:CHTS-0707,Beijing,CHTS-0707,"[""CHTS-0707"", ""CHTS-0707-2""]",2023-01-13,11,2023-04-11,07:55:30,251.0,0.431100672913667,[7924],1ece57fa842a97dc22115ff6fa304c0fd4979673340d860949ae944aa24a5c36
Beijing:CHTS-0708,Beijing,CHTS-0708,"[""CHTS-0708"", ""CHTS-0708-3""]",2023-01-16,11,2023-04-11,08:00:27,251.0,0.426656336079506,[7978],1ece57fa842a97dc22115ff6fa304c0fd4979673340d860949ae944aa24a5c36
Beijing:CHTS-0709,Beijing,CHTS-0709,"[""CHTS-0709"", ""CHTS-0709-4""]",2023-01-19,11,2023-04-11,08:05:25,251.0,0.426656336079506,[8032],1ece57fa842a97dc22115ff6fa304c0fd4979673340d860949ae944aa24a5c36
Beijing:CHTS-0710,Beijing,CHTS-0710,"[""CHTS-0710"", ""CHTS-0710-5""]",2023-01-22,11,2023-04-11,08:10:37,251.0,0.426656336079506,[8085],1ece57fa842a97dc22115ff6fa304c0fd4979673340d860949ae944aa24a5c36
Beijing:CHTS-0711,Beijing,CHTS-0711,"[""CHTS-0711"", ""CHTS-0711-6""]",2023-01-25,11,2023-04-11,08:15:40,251.0,0.426656336079506,[8139],1ece57fa842a97dc22115ff6fa304c0fd4979673340d860949ae944aa24a5c36
Beijing:CHTS-0713,Beijing,CHTS-0713,"[""CHTS-0713"", ""CHTS-0713-8""]",2023-01-28,11,2023-04-11,08:30:19,251.0,0.426656336079506,[8206],1ece57fa842a97dc22115ff6fa304c0fd4979673340d860949ae944aa24a5c36
Beijing:CHTS-0714,Beijing,CHTS-0714,"[""CHTS-0714"", ""CHTS-0714-1""]",2023-02-08,11,2023-04-11,08:35:22,251.0,0.422302699997062,[8260],1ece57fa842a97dc22115ff6fa304c0fd4979673340d860949ae944aa24a5c36
Beijing:CHTS-0715,Beijing,CHTS-0715,"[""CHTS-0715"", ""CHTS-0715-2""]",2023-02-11,11,2023-04-11,08:40:20,251.0,0.422302699997062,[8313],1ece57fa842a97dc22115ff6fa304c0fd4979673340d860949ae944aa24a5c36
Beijing:CHTS-0716,Beijing,CHTS-0716,"[""CHTS-0716"", ""CHTS-0716-3""]",2023-02-14,11,2023-04-11,08:45:10,251.0,0.422302699997062,[8367],1ece57fa842a97dc22115ff6fa304c0fd4979673340d860949ae944aa24a5c36
Beijing:CHTS-0717,Beijing,CHTS-0717,"[""CHTS-0717"", ""CHTS-0717-4""]",2023-02-17,11,2023-04-11,08:50:07,251.0,0.422302699997062,[8420],1ece57fa842a97dc22115ff6fa304c0fd4979673340d860949ae944aa24a5c36
Beijing:CHTS-0718,Beijing,CHTS-0718,"[""CHTS-0718"", ""CHTS-0718-5""]",2023-02-20,11,2023-04-11,08:55:07,251.0,0.422302699997062,[8473],1ece57fa842a97dc22115ff6fa304c0fd4979673340d860949ae944aa24a5c36
Beijing:CHTS-0719,Beijing,CHTS-0719,"[""CHTS-0719"", ""CHTS-0719-6""]",2023-02-23,11,2023-04-11,09:00:05,251.0,0.422302699997062,[8526],1ece57fa842a97dc22115ff6fa304c0fd4979673340d860949ae944aa24a5c36
Beijing:CHTS-0721,Beijing,CHTS-0721,"[""CHTS-0721"", ""CHTS-0721-8""]",2023-02-26,11,2023-04-10,13:23:21,251.0,0.431100672913667,[8593],1ece57fa842a97dc22115ff6fa304c0fd4979673340d860949ae944aa24a5c36
Beijing:CHTS-0722,Beijing,CHTS-0722,"[""CHTS-0722"", ""CHTS-0722-1""]",2023-02-28,17,2023-04-10,13:28:35,248.0,0.46373748343645,[8645],1ece57fa842a97dc22115ff6fa304c0fd4979673340d860949ae944aa24a5c36
Beijing:CHTS-0723,Beijing,CHTS-0723,"[""CHTS-0723"", ""CHTS-0723-2""]",2023-03-03,17,2023-04-10,13:33:33,248.0,0.46373748343645,[8697],1ece57fa842a97dc22115ff6fa304c0fd4979673340d860949ae944aa24a5c36
Beijing:CHTS-0724,Beijing,CHTS-0724,"[""CHTS-0724"", ""CHTS-0724-3""]",2023-03-06,17,2023-04-10,13:38:34,248.0,0.46373748343645,[8749],1ece57fa842a97dc22115ff6fa304c0fd4979673340d860949ae944aa24a5c36
Beijing:CHTS-0725,Beijing,CHTS-0725,"[""CHTS-0725"", ""CHTS-0725-4""]",2023-03-09,17,2023-04-10,13:43:38,248.0,0.46373748343645,[8801],1ece57fa842a97dc22115ff6fa304c0fd4979673340d860949ae944aa24a5c36
Beijing:CHTS-0726,Beijing,CHTS-0726,"[""CHTS-0726"", ""CHTS-0726-5""]",2023-03-12,17,2023-04-10,13:49:56,248.0,0.459100108602086,[8854],1ece57fa842a97dc22115ff6fa304c0fd4979673340d860949ae944aa24a5c36
Beijing:CHTS-0727,Beijing,CHTS-0727,"[""CHTS-0727"", ""CHTS-0727-6""]",2023-03-15,17,2023-04-10,13:54:48,248.0,0.459100108602086,[8907],1ece57fa842a97dc22115ff6fa304c0fd4979673340d860949ae944aa24a5c36
Beijing:CHTS-0729,Beijing,CHTS-0729,"[""CHTS-0729"", ""CHTS-0729-8""]",2023-03-18,17,2023-04-10,14:04:48,248.0,0.459100108602086,[8974],1ece57fa842a97dc22115ff6fa304c0fd4979673340d860949ae944aa24a5c36
Beijing:CHTS-0730,Beijing,CHTS-0730,"[""CHTS-0730"", ""CHTS-0730-1""]",2023-03-22,17,2023-07-12,10:49:45,248.0,0.46373748343645,[9031],1ece57fa842a97dc22115ff6fa304c0fd4979673340d860949ae944aa24a5c36
Beijing:CHTS-0731,Beijing,CHTS-0731,"[""CHTS-0731"", ""CHTS-0731-2""]",2023-03-25,17,2023-07-12,11:01:52,248.0,0.46373748343645,[9088],1ece57fa842a97dc22115ff6fa304c0fd4979673340d860949ae944aa24a5c36
Beijing:CHTS-0732,Beijing,CHTS-0732,"[""CHTS-0732"", ""CHTS-0732-3""]",2023-03-28,17,2023-07-12,11:10:04,248.0,0.46373748343645,[9146],1ece57fa842a97dc22115ff6fa304c0fd4979673340d860949ae944aa24a5c36
Beijing:CHTS-0733,Beijing,CHTS-0733,"[""CHTS-0733"", ""CHTS-0733-4""]",2023-03-31,17,2023-07-12,11:15:27,248.0,0.46373748343645,[9204],1ece57fa842a97dc22115ff6fa304c0fd4979673340d860949ae944aa24a5c36
Beijing:CHTS-0734,Beijing,CHTS-0734,"[""CHTS-0734"", ""CHTS-0734-5""]",2023-04-03,17,2023-07-12,11:20:46,248.0,0.459100108602086,[9262],1ece57fa842a97dc22115ff6fa304c0fd4979673340d860949ae944aa24a5c36
Beijing:CHTS-0735,Beijing,CHTS-0735,"[""CHTS-0735"", ""CHTS-0735-6""]",2023-04-06,17,2023-07-12,11:26:33,248.0,0.459100108602086,[9319],1ece57fa842a97dc22115ff6fa304c0fd4979673340d860949ae944aa24a5c36
Beijing:CHTS-0737,Beijing,CHTS-0737,"[""CHTS-0737"", ""CHTS-0737-8""]",2023-04-09,17,2023-07-12,12:24:19,248.0,0.46373748343645,[9391],1ece57fa842a97dc22115ff6fa304c0fd4979673340d860949ae944aa24a5c36
Beijing:CHTS-0738,Beijing,CHTS-0738,"[""CHTS-0738"", ""CHTS-0738-1""]",2023-04-13,11,2023-07-18,11:42:14,251.0,0.418037016158708,[9449],1ece57fa842a97dc22115ff6fa304c0fd4979673340d860949ae944aa24a5c36
Beijing:CHTS-0739,Beijing,CHTS-0739,"[""CHTS-0739"", ""CHTS-0739-2""]",2023-04-16,11,2023-07-12,12:43:29,251.0,0.413856645997121,[9507],1ece57fa842a97dc22115ff6fa304c0fd4979673340d860949ae944aa24a5c36
Beijing:CHTS-0740,Beijing,CHTS-0740,"[""CHTS-0740"", ""CHTS-0740-3""]",2023-04-19,11,2023-07-12,12:48:41,251.0,0.413856645997121,[9565],1ece57fa842a97dc22115ff6fa304c0fd4979673340d860949ae944aa24a5c36
Beijing:CHTS-0741,Beijing,CHTS-0741,"[""CHTS-0741"", ""CHTS-0741-4""]",2023-04-22,11,2023-07-12,12:53:56,251.0,0.413856645997121,[9623],1ece57fa842a97dc22115ff6fa304c0fd4979673340d860949ae944aa24a5c36
Beijing:CHTS-0742,Beijing,CHTS-0742,"[""CHTS-0742"", ""CHTS-0742-5""]",2023-04-25,11,2023-07-12,12:59:12,251.0,0.413856645997121,[9681],1ece57fa842a97dc22115ff6fa304c0fd4979673340d860949ae944aa24a5c36
Beijing:CHTS-0743,Beijing,CHTS-0743,"[""CHTS-0743"", ""CHTS-0743-6""]",2023-04-28,11,2023-07-12,13:04:35,251.0,0.413856645997121,[9738],1ece57fa842a97dc22115ff6fa304c0fd4979673340d860949ae944aa24a5c36
Beijing:CHTS-0745,Beijing,CHTS-0745,"[""CHTS-0745"", ""CHTS-0745-8""]",2023-05-01,11,2023-07-12,13:15:14,251.0,0.413856645997121,[9810],1ece57fa842a97dc22115ff6fa304c0fd4979673340d860949ae944aa24a5c36
Beijing:CHTS-0746,Beijing,CHTS-0746,"[""CHTS-0746"", ""CHTS-0746-1""]",2023-05-08,11,2023-08-10,11:45:33,251.0,0.418037016158708,[9868],1ece57fa842a97dc22115ff6fa304c0fd4979673340d860949ae944aa24a5c36
Beijing:CHTS-0747,Beijing,CHTS-0747,"[""CHTS-0747"", ""CHTS-0747-2""]",2023-05-11,11,2023-08-10,13:00:49,251.0,0.418037016158708,[9926],1ece57fa842a97dc22115ff6fa304c0fd4979673340d860949ae944aa24a5c36
Beijing:CHTS-0748,Beijing,CHTS-0748,"[""CHTS-0748"", ""CHTS-0748-3""]",2023-05-14,11,2023-08-10,13:11:52,251.0,0.418037016158708,[9983],1ece57fa842a97dc22115ff6fa304c0fd4979673340d860949ae944aa24a5c36
Beijing:CHTS-0749,Beijing,CHTS-0749,"[""CHTS-0749"", ""CHTS-0749-4""]",2023-05-17,11,2023-08-10,13:19:23,251.0,0.418037016158708,[10041],1ece57fa842a97dc22115ff6fa304c0fd4979673340d860949ae944aa24a5c36
Beijing:CHTS-0750,Beijing,CHTS-0750,"[""CHTS-0750"", ""CHTS-0750-5""]",2023-05-20,11,2023-08-10,13:24:34,251.0,0.418037016158708,[10099],1ece57fa842a97dc22115ff6fa304c0fd4979673340d860949ae944aa24a5c36
Beijing:CHTS-0751,Beijing,CHTS-0751,"[""CHTS-0751"", ""CHTS-0751-6""]",2023-05-23,11,2023-08-10,13:30:04,251.0,0.413856645997121,[10157],1ece57fa842a97dc22115ff6fa304c0fd4979673340d860949ae944aa24a5c36
Beijing:CHTS-0753,Beijing,CHTS-0753,"[""CHTS-0753"", ""CHTS-0753-8""]",2023-05-26,11,2023-08-10,13:41:21,251.0,0.418037016158708,[10228],1ece57fa842a97dc22115ff6fa304c0fd4979673340d860949ae944aa24a5c36
Beijing:CHTS-0754,Beijing,CHTS-0754,"[""CHTS-0754"", ""CHTS-0754-1""]",2023-05-30,11,2023-08-10,13:46:03,251.0,0.426656336079506,[10285],1ece57fa842a97dc22115ff6fa304c0fd4979673340d860949ae944aa24a5c36
Beijing:CHTS-0755,Beijing,CHTS-0755,"[""CHTS-0755"", ""CHTS-0755-2""]",2023-06-02,11,2023-08-10,13:50:43,251.0,0.426656336079506,[10343],1ece57fa842a97dc22115ff6fa304c0fd4979673340d860949ae944aa24a5c36
Beijing:CHTS-0756,Beijing,CHTS-0756,"[""CHTS-0756"", ""CHTS-0756-3""]",2023-06-05,11,2023-08-10,14:03:05,251.0,0.426656336079506,[10401],1ece57fa842a97dc22115ff6fa304c0fd4979673340d860949ae944aa24a5c36
Beijing:CHTS-0757,Beijing,CHTS-0757,"[""CHTS-0757"", ""CHTS-0757-4""]",2023-06-08,11,2023-08-10,14:07:45,251.0,0.426656336079506,[10458],1ece57fa842a97dc22115ff6fa304c0fd4979673340d860949ae944aa24a5c36
Beijing:CHTS-0758,Beijing,CHTS-0758,"[""CHTS-0758"", ""CHTS-0758-5""]",2023-06-11,11,2023-08-10,14:15:17,251.0,0.426656336079506,[10515],1ece57fa842a97dc22115ff6fa304c0fd4979673340d860949ae944aa24a5c36
Beijing:CHTS-0759,Beijing,CHTS-0759,"[""CHTS-0759"", ""CHTS-0759-6""]",2023-06-14,11,2023-08-10,14:22:06,251.0,0.422302699997062,[10572],1ece57fa842a97dc22115ff6fa304c0fd4979673340d860949ae944aa24a5c36
Beijing:CHTS-0761,Beijing,CHTS-0761,"[""CHTS-0761"", ""CHTS-0761-8""]",2023-06-17,11,2023-08-23,12:35:02,251.0,0.422302699997062,[10643],1ece57fa842a97dc22115ff6fa304c0fd4979673340d860949ae944aa24a5c36
Beijing:CHTS-0762,Beijing,CHTS-0762,"[""CHTS-0762"", ""CHTS-0762-1""]",2023-06-21,11,2023-09-13,09:15:51,251.0,0.413856645997121,[10701],1ece57fa842a97dc22115ff6fa304c0fd4979673340d860949ae944aa24a5c36
Beijing:CHTS-0763,Beijing,CHTS-0763,"[""CHTS-0763"", ""CHTS-0763-2""]",2023-06-24,11,2023-09-13,09:20:58,251.0,0.413856645997121,[10759],1ece57fa842a97dc22115ff6fa304c0fd4979673340d860949ae944aa24a5c36
Beijing:CHTS-0764,Beijing,CHTS-0764,"[""CHTS-0764"", ""CHTS-0764-3""]",2023-06-27,11,2023-09-13,09:25:59,251.0,0.413856645997121,[10817],1ece57fa842a97dc22115ff6fa304c0fd4979673340d860949ae944aa24a5c36
Beijing:CHTS-0765,Beijing,CHTS-0765,"[""CHTS-0765"", ""CHTS-0765-4""]",2023-06-30,11,2023-09-13,12:06:30,251.0,0.413856645997121,[10875],1ece57fa842a97dc22115ff6fa304c0fd4979673340d860949ae944aa24a5c36
Beijing:CHTS-0766,Beijing,CHTS-0766,"[""CHTS-0766"", ""CHTS-0766-5""]",2023-07-03,11,2023-09-13,12:11:26,251.0,0.413856645997121,[10933],1ece57fa842a97dc22115ff6fa304c0fd4979673340d860949ae944aa24a5c36
Beijing:CHTS-0767,Beijing,CHTS-0767,"[""CHTS-0767"", ""CHTS-0767-6""]",2023-07-06,11,2023-09-13,12:16:35,251.0,0.413856645997121,[10991],1ece57fa842a97dc22115ff6fa304c0fd4979673340d860949ae944aa24a5c36
Beijing:CHTS-0769,Beijing,CHTS-0769,"[""CHTS-0769"", ""CHTS-0769-8""]",2023-07-09,11,2023-09-13,12:26:18,251.0,0.413856645997121,[11063],1ece57fa842a97dc22115ff6fa304c0fd4979673340d860949ae944aa24a5c36
Beijing:CHTS-0770,Beijing,CHTS-0770,"[""CHTS-0770"", ""CHTS-0770-1""]",2023-07-11,11,2023-09-13,12:32:17,251.0,0.409759055442694,[11121],1ece57fa842a97dc22115ff6fa304c0fd4979673340d860949ae944aa24a5c36
Beijing:CHTS-0771,Beijing,CHTS-0771,"[""CHTS-0771"", ""CHTS-0771-2""]",2023-07-14,11,2023-09-13,13:47:49,251.0,0.409759055442694,[11179],1ece57fa842a97dc22115ff6fa304c0fd4979673340d860949ae944aa24a5c36
Beijing:CHTS-0772,Beijing,CHTS-0772,"[""CHTS-0772"", ""CHTS-0772-3""]",2023-07-17,11,2023-09-13,13:54:49,251.0,0.409759055442694,[11236],1ece57fa842a97dc22115ff6fa304c0fd4979673340d860949ae944aa24a5c36
Beijing:CHTS-0773,Beijing,CHTS-0773,"[""CHTS-0773"", ""CHTS-0773-4""]",2023-07-20,11,2023-09-14,06:02:44,251.0,0.409759055442694,[11293],1ece57fa842a97dc22115ff6fa304c0fd4979673340d860949ae944aa24a5c36
Beijing:CHTS-0774,Beijing,CHTS-0774,"[""CHTS-0774"", ""CHTS-0774-5""]",2023-07-23,11,2023-09-14,06:07:56,251.0,0.409759055442694,[11350],1ece57fa842a97dc22115ff6fa304c0fd4979673340d860949ae944aa24a5c36
Beijing:CHTS-0775,Beijing,CHTS-0775,"[""CHTS-0775"", ""CHTS-0775-6""]",2023-07-26,11,2023-09-14,06:13:11,251.0,0.409759055442694,[11408],1ece57fa842a97dc22115ff6fa304c0fd4979673340d860949ae944aa24a5c36
Beijing:CHTS-0777,Beijing,CHTS-0777,"[""CHTS-0777"", ""CHTS-0777-8""]",2023-07-29,11,2023-09-14,07:00:48,251.0,0.413856645997121,[11480],1ece57fa842a97dc22115ff6fa304c0fd4979673340d860949ae944aa24a5c36
Beijing:CHTS-0778,Beijing,CHTS-0778,"[""CHTS-0778"", ""CHTS-0778-1""]",2023-08-10,11,2023-11-20,12:10:26,251.0,0.426656336079506,[11538],1ece57fa842a97dc22115ff6fa304c0fd4979673340d860949ae944aa24a5c36
Beijing:CHTS-0779,Beijing,CHTS-0779,"[""CHTS-0779"", ""CHTS-0779-2""]",2023-08-13,11,2023-11-20,12:15:40,251.0,0.431100672913667,[11597],1ece57fa842a97dc22115ff6fa304c0fd4979673340d860949ae944aa24a5c36
Beijing:CHTS-0780,Beijing,CHTS-0780,"[""CHTS-0780"", ""CHTS-0780-3""]",2023-08-16,11,2023-11-20,12:20:26,251.0,0.431100672913667,[11656],1ece57fa842a97dc22115ff6fa304c0fd4979673340d860949ae944aa24a5c36
Beijing:CHTS-0781,Beijing,CHTS-0781,"[""CHTS-0781"", ""CHTS-0781-4""]",2023-08-19,11,2023-11-20,12:35:57,251.0,0.431100672913667,[11715],1ece57fa842a97dc22115ff6fa304c0fd4979673340d860949ae944aa24a5c36
Beijing:CHTS-0782,Beijing,CHTS-0782,"[""CHTS-0782-5""]",2023-08-22,11,2023-11-20,12:40:41,251.0,0.431100672913667,[11732],1ece57fa842a97dc22115ff6fa304c0fd4979673340d860949ae944aa24a5c36
Beijing:CHTS-0783,Beijing,CHTS-0783,"[""CHTS-0783"", ""CHTS-0783-6""]",2023-08-25,11,2023-11-20,12:45:36,251.0,0.431100672913667,[11791],1ece57fa842a97dc22115ff6fa304c0fd4979673340d860949ae944aa24a5c36
Beijing:CHTS-0785,Beijing,CHTS-0785,"[""CHTS-0785"", ""CHTS-0785-8""]",2023-08-28,11,2023-11-20,12:55:33,251.0,0.418037016158708,[11864],1ece57fa842a97dc22115ff6fa304c0fd4979673340d860949ae944aa24a5c36
Beijing:CHTS-0786,Beijing,CHTS-0786,"[""CHTS-0786"", ""CHTS-0786-1""]",2023-09-02,11,2023-11-20,13:01:26,251.0,0.409759055442694,[11923],1ece57fa842a97dc22115ff6fa304c0fd4979673340d860949ae944aa24a5c36
Beijing:CHTS-0787,Beijing,CHTS-0787,"[""CHTS-0787"", ""CHTS-0787-2""]",2023-09-05,11,2023-12-07,12:39:19,251.0,0.414270916914035,[11980],1ece57fa842a97dc22115ff6fa304c0fd4979673340d860949ae944aa24a5c36
Beijing:CHTS-0788,Beijing,CHTS-0788,"[""CHTS-0788"", ""CHTS-0788-3""]",2023-09-08,11,2023-12-07,12:33:50,251.0,0.409759055442694,[12039],1ece57fa842a97dc22115ff6fa304c0fd4979673340d860949ae944aa24a5c36
Beijing:CHTS-0789,Beijing,CHTS-0789,"[""CHTS-0789"", ""CHTS-0789-4""]",2023-09-11,11,2023-11-20,13:21:15,251.0,0.409759055442694,[12097],1ece57fa842a97dc22115ff6fa304c0fd4979673340d860949ae944aa24a5c36
Beijing:CHTS-0790,Beijing,CHTS-0790,"[""CHTS-0790"", ""CHTS-0790-5""]",2023-09-14,11,2023-11-20,13:26:21,251.0,0.409759055442694,[12155],1ece57fa842a97dc22115ff6fa304c0fd4979673340d860949ae944aa24a5c36
Beijing:CHTS-0791,Beijing,CHTS-0791,"[""CHTS-0791"", ""CHTS-0791-6""]",2023-09-17,11,2023-12-07,12:28:53,251.0,0.414270916914035,[12214],1ece57fa842a97dc22115ff6fa304c0fd4979673340d860949ae944aa24a5c36
Beijing:CHTS-0793,Beijing,CHTS-0793,"[""CHTS-0793"", ""CHTS-0793-8""]",2023-09-20,11,2023-11-28,08:46:18,251.0,0.414270916914035,[12287],1ece57fa842a97dc22115ff6fa304c0fd4979673340d860949ae944aa24a5c36
Beijing:CHTS-0795,Beijing,CHTS-0795,"[""CHTS-0795"", ""CHTS-0795-2""]",2023-09-29,11,2024-02-20,14:19:12,251.0,0.426656336079506,[12344],1ece57fa842a97dc22115ff6fa304c0fd4979673340d860949ae944aa24a5c36
Beijing:CHTS-0796,Beijing,CHTS-0796,"[""CHTS-0796"", ""CHTS-0796-3""]",2023-10-02,11,2024-02-20,14:30:34,251.0,0.426656336079506,[12402],1ece57fa842a97dc22115ff6fa304c0fd4979673340d860949ae944aa24a5c36
Beijing:CHTS-0797,Beijing,CHTS-0797,"[""CHTS-0797"", ""CHTS-0797-4""]",2023-10-05,11,2024-02-20,14:35:32,251.0,0.426656336079506,[12460],1ece57fa842a97dc22115ff6fa304c0fd4979673340d860949ae944aa24a5c36
Beijing:CHTS-0798,Beijing,CHTS-0798,"[""CHTS-0798"", ""CHTS-0798-5""]",2023-10-08,11,2024-02-20,14:40:27,251.0,0.426656336079506,[12518],1ece57fa842a97dc22115ff6fa304c0fd4979673340d860949ae944aa24a5c36
Beijing:CHTS-0799,Beijing,CHTS-0799,"[""CHTS-0799"", ""CHTS-0799-6""]",2023-10-11,11,2024-02-20,14:45:22,251.0,0.426656336079506,[12576],1ece57fa842a97dc22115ff6fa304c0fd4979673340d860949ae944aa24a5c36
Beijing:CHTS-0801,Beijing,CHTS-0801,"[""CHTS-0801"", ""CHTS-0801-8""]",2023-10-14,11,2024-02-20,15:00:06,251.0,0.413856645997121,[12648],1ece57fa842a97dc22115ff6fa304c0fd4979673340d860949ae944aa24a5c36
Beijing:CHTS-0802,Beijing,CHTS-0802,"[""CHTS-0802"", ""CHTS-0802-1""]",2023-10-18,11,2024-02-20,15:05:56,251.0,0.422302699997062,[12706],1ece57fa842a97dc22115ff6fa304c0fd4979673340d860949ae944aa24a5c36
Beijing:CHTS-0803,Beijing,CHTS-0803,"[""CHTS-0803"", ""CHTS-0803-2""]",2023-10-21,11,2024-02-20,15:12:19,251.0,0.422302699997062,[12765],1ece57fa842a97dc22115ff6fa304c0fd4979673340d860949ae944aa24a5c36
Beijing:CHTS-0805,Beijing,CHTS-0805,"[""CHTS-0805"", ""CHTS-0805-4""]",2023-10-27,11,2024-02-20,15:22:43,251.0,0.422302699997062,[12823],1ece57fa842a97dc22115ff6fa304c0fd4979673340d860949ae944aa24a5c36
Beijing:CHTS-0806,Beijing,CHTS-0806,"[""CHTS-0806"", ""CHTS-0806-5""]",2023-10-30,11,2024-02-22,17:06:14,251.0,0.422302699997062,[12882],1ece57fa842a97dc22115ff6fa304c0fd4979673340d860949ae944aa24a5c36
Beijing:CHTS-0807,Beijing,CHTS-0807,"[""CHTS-0807"", ""CHTS-0807-6""]",2023-11-02,11,2024-02-20,15:41:26,251.0,0.422302699997062,[12941],1ece57fa842a97dc22115ff6fa304c0fd4979673340d860949ae944aa24a5c36
Beijing:CHTS-0809,Beijing,CHTS-0809,"[""CHTS-0809"", ""CHTS-0809-8""]",2023-11-05,11,2024-02-20,15:59:12,251.0,0.413856645997121,[13013],1ece57fa842a97dc22115ff6fa304c0fd4979673340d860949ae944aa24a5c36
Beijing:CHTS-0810,Beijing,CHTS-0810,"[""CHTS-0810"", ""CHTS-0810-1""]",2023-11-09,11,2024-02-20,16:12:11,251.0,0.431100672913667,[13070],1ece57fa842a97dc22115ff6fa304c0fd4979673340d860949ae944aa24a5c36
Beijing:CHTS-0811,Beijing,CHTS-0811,"[""CHTS-0811"", ""CHTS-0811-2""]",2023-11-12,11,2024-02-20,16:16:55,251.0,0.431100672913667,[13128],1ece57fa842a97dc22115ff6fa304c0fd4979673340d860949ae944aa24a5c36
Beijing:CHTS-0812,Beijing,CHTS-0812,"[""CHTS-0812"", ""CHTS-0812-3""]",2023-11-15,11,2024-02-20,16:21:44,251.0,0.431100672913667,[13186],1ece57fa842a97dc22115ff6fa304c0fd4979673340d860949ae944aa24a5c36
Beijing:CHTS-0813,Beijing,CHTS-0813,"[""CHTS-0813"", ""CHTS-0813-4""]",2023-11-18,11,2024-02-20,16:29:13,251.0,0.426656336079506,[13244],1ece57fa842a97dc22115ff6fa304c0fd4979673340d860949ae944aa24a5c36
Beijing:CHTS-0815,Beijing,CHTS-0815,"[""CHTS-0815"", ""CHTS-0815-6""]",2023-11-24,11,2024-02-20,16:42:08,251.0,0.426656336079506,[13302],1ece57fa842a97dc22115ff6fa304c0fd4979673340d860949ae944aa24a5c36
Beijing:CHTS-0817,Beijing,CHTS-0817,"[""CHTS-0817"", ""CHTS-0817-8""]",2023-11-27,11,2024-02-21,09:29:19,251.0,0.413856645997121,[13374],1ece57fa842a97dc22115ff6fa304c0fd4979673340d860949ae944aa24a5c36
Beijing:CHTS-0818,Beijing,CHTS-0818,"[""CHTS-0818-1""]",2023-12-16,11,2024-04-18,11:06:11,251.0,0.422302699997062,[13391],1ece57fa842a97dc22115ff6fa304c0fd4979673340d860949ae944aa24a5c36
Beijing:CHTS-0819,Beijing,CHTS-0819,"[""CHTS-0819-2""]",2023-12-19,11,2024-04-18,11:11:11,251.0,0.422302699997062,[13408],1ece57fa842a97dc22115ff6fa304c0fd4979673340d860949ae944aa24a5c36
Beijing:CHTS-0820,Beijing,CHTS-0820,"[""CHTS-0820-3""]",2023-12-22,11,2024-04-18,11:16:18,251.0,0.422302699997062,[13425],1ece57fa842a97dc22115ff6fa304c0fd4979673340d860949ae944aa24a5c36
Beijing:CHTS-0821,Beijing,CHTS-0821,"[""CHTS-0821-4""]",2023-12-25,11,2024-04-19,08:14:46,251.0,0.422302699997062,[13442],1ece57fa842a97dc22115ff6fa304c0fd4979673340d860949ae944aa24a5c36
Beijing:CHTS-0822,Beijing,CHTS-0822,"[""CHTS-0822-5""]",2023-12-28,11,2024-04-19,08:24:17,251.0,0.422302699997062,[13459],1ece57fa842a97dc22115ff6fa304c0fd4979673340d860949ae944aa24a5c36
Beijing:CHTS-0823,Beijing,CHTS-0823,"[""CHTS-0823-6""]",2023-12-31,11,2024-04-19,08:29:07,251.0,0.422302699997062,[13476],1ece57fa842a97dc22115ff6fa304c0fd4979673340d860949ae944aa24a5c36
Beijing:CHTS-0825,Beijing,CHTS-0825,"[""CHTS-0825"", ""CHTS-0825-8""]",2024-01-03,11,2024-04-19,08:45:07,251.0,0.413856645997121,[13547],1ece57fa842a97dc22115ff6fa304c0fd4979673340d860949ae944aa24a5c36
Beijing:CHTS-0826,Beijing,CHTS-0826,"[""CHTS-0826"", ""CHTS-0826-1""]",2024-02-24,11,2024-07-16,08:20:47,251.0,0.426656336079506,[13611],1ece57fa842a97dc22115ff6fa304c0fd4979673340d860949ae944aa24a5c36
Beijing:CHTS-0827,Beijing,CHTS-0827,"[""CHTS-0827"", ""CHTS-0827-2""]",2024-02-27,11,2024-07-16,08:25:34,251.0,0.426656336079506,[13677],1ece57fa842a97dc22115ff6fa304c0fd4979673340d860949ae944aa24a5c36
Beijing:CHTS-0828,Beijing,CHTS-0828,"[""CHTS-0828"", ""CHTS-0828-3""]",2024-03-01,11,2024-07-19,11:34:35,251.0,0.422302699997062,[13742],1ece57fa842a97dc22115ff6fa304c0fd4979673340d860949ae944aa24a5c36
Beijing:CHTS-0829,Beijing,CHTS-0829,"[""CHTS-0829"", ""CHTS-0829-4""]",2024-03-04,11,2024-07-19,11:54:01,251.0,0.426656336079506,[13809],1ece57fa842a97dc22115ff6fa304c0fd4979673340d860949ae944aa24a5c36
Beijing:CHTS-0830,Beijing,CHTS-0830,"[""CHTS-0830"", ""CHTS-0830-5""]",2024-03-07,11,2024-07-19,12:24:24,251.0,0.426656336079506,[13873],1ece57fa842a97dc22115ff6fa304c0fd4979673340d860949ae944aa24a5c36
Beijing:CHTS-0831,Beijing,CHTS-0831,"[""CHTS-0831"", ""CHTS-0831-6""]",2024-03-10,11,2024-07-19,12:30:01,251.0,0.422302699997062,[13936],1ece57fa842a97dc22115ff6fa304c0fd4979673340d860949ae944aa24a5c36
Beijing:CHTS-0833,Beijing,CHTS-0833,"[""CHTS-0833"", ""CHTS-0833-8""]",2024-03-13,11,2024-07-19,13:05:46,251.0,0.422302699997062,[14015],1ece57fa842a97dc22115ff6fa304c0fd4979673340d860949ae944aa24a5c36
Beijing:CHTS-0834,Beijing,CHTS-0834,"[""CHTS-0834"", ""CHTS-0834-1""]",2024-01-09,11,2024-07-19,13:12:42,251.0,0.422302699997062,[14080],1ece57fa842a97dc22115ff6fa304c0fd4979673340d860949ae944aa24a5c36
Beijing:CHTS-0835,Beijing,CHTS-0835,"[""CHTS-0835"", ""CHTS-0835-2""]",2024-01-12,11,2024-07-19,13:27:55,251.0,0.422302699997062,[14141],1ece57fa842a97dc22115ff6fa304c0fd4979673340d860949ae944aa24a5c36
Beijing:CHTS-0836,Beijing,CHTS-0836,"[""CHTS-0836"", ""CHTS-0836-3""]",2024-01-15,11,2024-07-12,10:16:22,251.0,0.418037016158708,[14205],1ece57fa842a97dc22115ff6fa304c0fd4979673340d860949ae944aa24a5c36
Beijing:CHTS-0837,Beijing,CHTS-0837,"[""CHTS-0837"", ""CHTS-0837-4""]",2024-01-18,11,2024-07-12,10:29:24,251.0,0.422302699997062,[14269],1ece57fa842a97dc22115ff6fa304c0fd4979673340d860949ae944aa24a5c36
Beijing:CHTS-0838,Beijing,CHTS-0838,"[""CHTS-0838"", ""CHTS-0838-5""]",2024-01-21,11,2024-07-12,10:35:24,251.0,0.418037016158708,[14334],1ece57fa842a97dc22115ff6fa304c0fd4979673340d860949ae944aa24a5c36
Beijing:CHTS-0839,Beijing,CHTS-0839,"[""CHTS-0839"", ""CHTS-0839-6""]",2024-01-24,11,2024-07-12,10:42:15,251.0,0.422302699997062,[14398],1ece57fa842a97dc22115ff6fa304c0fd4979673340d860949ae944aa24a5c36
Beijing:CHTS-0841,Beijing,CHTS-0841,"[""CHTS-0841"", ""CHTS-0841-8""]",2024-01-27,11,2024-07-12,10:52:54,251.0,0.422302699997062,[14476],1ece57fa842a97dc22115ff6fa304c0fd4979673340d860949ae944aa24a5c36
Beijing:CHTS-0842,Beijing,CHTS-0842,"[""CHTS-0842"", ""CHTS-0842-1""]",2024-01-29,11,2024-07-12,10:58:53,251.0,0.426656336079506,[14539],1ece57fa842a97dc22115ff6fa304c0fd4979673340d860949ae944aa24a5c36
Beijing:CHTS-0843,Beijing,CHTS-0843,"[""CHTS-0843"", ""CHTS-0843-2""]",2024-02-01,11,2024-07-15,13:40:40,251.0,0.422302699997062,[14604],1ece57fa842a97dc22115ff6fa304c0fd4979673340d860949ae944aa24a5c36
Beijing:CHTS-0844,Beijing,CHTS-0844,"[""CHTS-0844"", ""CHTS-0844-3""]",2024-02-04,11,2024-07-15,13:49:24,251.0,0.426656336079506,[14666],1ece57fa842a97dc22115ff6fa304c0fd4979673340d860949ae944aa24a5c36
Beijing:CHTS-0845,Beijing,CHTS-0845,"[""CHTS-0845"", ""CHTS-0845-4""]",2024-02-07,11,2024-07-15,13:55:52,251.0,0.426656336079506,[14730],1ece57fa842a97dc22115ff6fa304c0fd4979673340d860949ae944aa24a5c36
Beijing:CHTS-0846,Beijing,CHTS-0846,"[""CHTS-0846"", ""CHTS-0846-5""]",2024-02-10,11,2024-07-15,14:01:27,251.0,0.422302699997062,[14793],1ece57fa842a97dc22115ff6fa304c0fd4979673340d860949ae944aa24a5c36
Beijing:CHTS-0847,Beijing,CHTS-0847,"[""CHTS-0847"", ""CHTS-0847-6""]",2024-02-13,11,2024-07-15,14:06:38,251.0,0.426656336079506,[14856],1ece57fa842a97dc22115ff6fa304c0fd4979673340d860949ae944aa24a5c36
Beijing:CHTS-0849,Beijing,CHTS-0849,"[""CHTS-0849"", ""CHTS-0849-8""]",2024-02-16,11,2024-07-15,14:19:30,251.0,0.426656336079506,[14931],1ece57fa842a97dc22115ff6fa304c0fd4979673340d860949ae944aa24a5c36
Beijing:CHTS-0850,Beijing,CHTS-0850,"[""CHTS-0850"", ""CHTS-0850-1""]",2024-05-07,11,2024-07-15,14:25:09,251.0,0.426656336079506,[14995],1ece57fa842a97dc22115ff6fa304c0fd4979673340d860949ae944aa24a5c36
Beijing:CHTS-0851,Beijing,CHTS-0851,"[""CHTS-0851"", ""CHTS-0851-2""]",2024-05-10,11,2024-07-15,14:30:42,251.0,0.426656336079506,[15059],1ece57fa842a97dc22115ff6fa304c0fd4979673340d860949ae944aa24a5c36
Beijing:CHTS-0852,Beijing,CHTS-0852,"[""CHTS-0852"", ""CHTS-0852-3""]",2024-05-13,11,2024-07-15,14:35:54,251.0,0.426656336079506,[15123],1ece57fa842a97dc22115ff6fa304c0fd4979673340d860949ae944aa24a5c36
Beijing:CHTS-0853,Beijing,CHTS-0853,"[""CHTS-0853"", ""CHTS-0853-4""]",2024-05-16,11,2024-07-15,14:40:56,251.0,0.426656336079506,[15187],1ece57fa842a97dc22115ff6fa304c0fd4979673340d860949ae944aa24a5c36
Beijing:CHTS-0854,Beijing,CHTS-0854,"[""CHTS-0854"", ""CHTS-0854-5""]",2024-05-19,11,2024-07-15,14:50:58,251.0,0.426656336079506,[15250],1ece57fa842a97dc22115ff6fa304c0fd4979673340d860949ae944aa24a5c36
Beijing:CHTS-0855,Beijing,CHTS-0855,"[""CHTS-0855"", ""CHTS-0855-6""]",2024-05-22,11,2024-07-16,08:10:03,251.0,0.426656336079506,[15314],1ece57fa842a97dc22115ff6fa304c0fd4979673340d860949ae944aa24a5c36
Beijing:CHTS-0857,Beijing,CHTS-0857,"[""CHTS-0857"", ""CHTS-0857-8""]",2024-05-25,11,2024-07-16,08:19:32,251.0,0.431100672913667,[15391],1ece57fa842a97dc22115ff6fa304c0fd4979673340d860949ae944aa24a5c36
Beijing:CHTS-0858,Beijing,CHTS-0858,"[""CHTS-0858"", ""CHTS-0858-1""]",2024-05-28,11,2024-11-07,08:55:32,251.0,0.435638574733811,[15453],1ece57fa842a97dc22115ff6fa304c0fd4979673340d860949ae944aa24a5c36
Beijing:CHTS-0859,Beijing,CHTS-0859,"[""CHTS-0859"", ""CHTS-0859-2""]",2024-05-31,11,2024-11-07,09:01:06,251.0,0.435638574733811,[15517],1ece57fa842a97dc22115ff6fa304c0fd4979673340d860949ae944aa24a5c36
Beijing:CHTS-0860,Beijing,CHTS-0860,"[""CHTS-0860"", ""CHTS-0860-3""]",2024-06-03,11,2024-11-07,09:06:06,251.0,0.440273027656511,[15579],1ece57fa842a97dc22115ff6fa304c0fd4979673340d860949ae944aa24a5c36
Beijing:CHTS-0861,Beijing,CHTS-0861,"[""CHTS-0861"", ""CHTS-0861-4""]",2024-06-06,11,2024-11-07,09:16:25,251.0,0.449844180431653,[15641],1ece57fa842a97dc22115ff6fa304c0fd4979673340d860949ae944aa24a5c36
Beijing:CHTS-0862,Beijing,CHTS-0862,"[""CHTS-0862"", ""CHTS-0862-5""]",2024-06-09,11,2024-11-07,09:21:27,251.0,0.435638574733811,[15701],1ece57fa842a97dc22115ff6fa304c0fd4979673340d860949ae944aa24a5c36
Beijing:CHTS-0863,Beijing,CHTS-0863,"[""CHTS-0863"", ""CHTS-0863-6""]",2024-06-12,11,2024-11-07,09:26:49,251.0,0.435638574733811,[15761],1ece57fa842a97dc22115ff6fa304c0fd4979673340d860949ae944aa24a5c36
Beijing:CHTS-0865,Beijing,CHTS-0865,"[""CHTS-0865"", ""CHTS-0865-8""]",2024-06-15,11,2024-11-07,09:38:48,251.0,0.445007146233463,[15838],1ece57fa842a97dc22115ff6fa304c0fd4979673340d860949ae944aa24a5c36
Beijing:CHTS-0866,Beijing,CHTS-0866,"[""CHTS-0866"", ""CHTS-0866-1""]",2024-06-26,11,2024-11-07,09:44:43,251.0,0.445007146233463,[15902],1ece57fa842a97dc22115ff6fa304c0fd4979673340d860949ae944aa24a5c36
Beijing:CHTS-0867,Beijing,CHTS-0867,"[""CHTS-0867"", ""CHTS-0867-2""]",2024-07-05,11,2024-11-07,09:50:22,251.0,0.445007146233463,[15966],1ece57fa842a97dc22115ff6fa304c0fd4979673340d860949ae944aa24a5c36
Beijing:CHTS-0868,Beijing,CHTS-0868,"[""CHTS-0868"", ""CHTS-0868-3""]",2024-07-14,11,2024-11-07,09:56:41,251.0,0.445007146233463,[16030],1ece57fa842a97dc22115ff6fa304c0fd4979673340d860949ae944aa24a5c36
Beijing:CHTS-0869,Beijing,CHTS-0869,"[""CHTS-0869"", ""CHTS-0869-4""]",2024-07-23,11,2024-11-07,10:07:59,251.0,0.449844180431653,[16094],1ece57fa842a97dc22115ff6fa304c0fd4979673340d860949ae944aa24a5c36
Beijing:CHTS-0870,Beijing,CHTS-0870,"[""CHTS-0870"", ""CHTS-0870-5""]",2024-08-01,11,2024-11-07,10:13:55,251.0,0.454787523073759,[16157],1ece57fa842a97dc22115ff6fa304c0fd4979673340d860949ae944aa24a5c36
Beijing:CHTS-0871,Beijing,CHTS-0871,"[""CHTS-0871"", ""CHTS-0871-6""]",2024-08-10,11,2024-11-07,10:19:57,251.0,0.445007146233463,[16221],1ece57fa842a97dc22115ff6fa304c0fd4979673340d860949ae944aa24a5c36
Beijing:CHTS-0873,Beijing,CHTS-0873,"[""CHTS-0873-8""]",2024-06-26,11,2024-11-07,10:32:00,251.0,1.293302018741,[16252],1ece57fa842a97dc22115ff6fa304c0fd4979673340d860949ae944aa24a5c36
Beijing:CHTS-0874,Beijing,CHTS-0874,"[""CHTS-0874"", ""CHTS-0874-1""]",2024-08-22,11,2025-03-07,15:07:48,251.0,0.470291643178546,[16316],1ece57fa842a97dc22115ff6fa304c0fd4979673340d860949ae944aa24a5c36
Beijing:CHTS-0875,Beijing,CHTS-0875,"[""CHTS-0875"", ""CHTS-0875-2""]",2024-08-31,11,2025-03-07,15:17:23,251.0,0.470291643178546,[16381],1ece57fa842a97dc22115ff6fa304c0fd4979673340d860949ae944aa24a5c36
Beijing:CHTS-0876,Beijing,CHTS-0876,"[""CHTS-0876"", ""CHTS-0876-3""]",2024-09-09,11,2025-03-07,15:24:14,251.0,0.470291643178546,[16445],1ece57fa842a97dc22115ff6fa304c0fd4979673340d860949ae944aa24a5c36
Beijing:CHTS-0877,Beijing,CHTS-0877,"[""CHTS-0877"", ""CHTS-0877-4""]",2024-09-18,11,2025-03-07,15:29:18,251.0,0.475697294249564,[16510],1ece57fa842a97dc22115ff6fa304c0fd4979673340d860949ae944aa24a5c36
Beijing:CHTS-0878,Beijing,CHTS-0878,"[""CHTS-0878"", ""CHTS-0878-5""]",2024-09-27,11,2025-03-07,15:34:11,251.0,0.475697294249564,[16574],1ece57fa842a97dc22115ff6fa304c0fd4979673340d860949ae944aa24a5c36
Beijing:CHTS-0879,Beijing,CHTS-0879,"[""CHTS-0879"", ""CHTS-0879-6""]",2024-10-06,11,2025-03-07,15:41:47,251.0,0.475697294249564,[16639],1ece57fa842a97dc22115ff6fa304c0fd4979673340d860949ae944aa24a5c36
Beijing:CHTS-0882,Beijing,CHTS-0882,"[""CHTS-0882-1""]",2024-10-24,11,2025-06-17,09:16:32,251.0,0.470291643178546,[16670],1ece57fa842a97dc22115ff6fa304c0fd4979673340d860949ae944aa24a5c36
Beijing:CHTS-0883,Beijing,CHTS-0883,"[""CHTS-0883-2""]",2024-11-02,11,2025-06-17,09:22:05,251.0,0.470291643178546,[16687],1ece57fa842a97dc22115ff6fa304c0fd4979673340d860949ae944aa24a5c36
Beijing:CHTS-0884,Beijing,CHTS-0884,"[""CHTS-0884-3""]",2024-11-11,11,2025-06-17,09:27:21,251.0,0.470291643178546,[16704],1ece57fa842a97dc22115ff6fa304c0fd4979673340d860949ae944aa24a5c36
Beijing:CHTS-0885,Beijing,CHTS-0885,"[""CHTS-0885-4""]",2024-11-20,11,2025-06-17,09:38:45,251.0,0.470291643178546,[16721],1ece57fa842a97dc22115ff6fa304c0fd4979673340d860949ae944aa24a5c36
Beijing:CHTS-0886,Beijing,CHTS-0886,"[""CHTS-0886-5""]",2024-11-29,11,2025-06-17,09:43:58,251.0,0.475697294249564,[16738],1ece57fa842a97dc22115ff6fa304c0fd4979673340d860949ae944aa24a5c36
Beijing:CHTS-0887,Beijing,CHTS-0887,"[""CHTS-0887-6""]",2024-12-08,11,2025-06-17,09:49:58,251.0,0.465007467412495,[16755],1ece57fa842a97dc22115ff6fa304c0fd4979673340d860949ae944aa24a5c36
Beijing:CHTS-0889,Beijing,CHTS-0889,"[""CHTS-0889-8""]",2024-10-24,11,2025-06-17,10:00:20,251.0,1.37952215332374,[16786],1ece57fa842a97dc22115ff6fa304c0fd4979673340d860949ae944aa24a5c36
Delhi:INDH-0016,Delhi,INDH-0016,"[""INDH-0016-8""]",2022-07-17,17,2022-10-27,08:31:33,248.0,0.463761165965127,[28275],1ece57fa842a97dc22115ff6fa304c0fd4979673340d860949ae944aa24a5c36
Delhi:INDH-0025,Delhi,INDH-0025,"[""INDH-0025-1""]",2023-01-25,17,2023-04-11,07:40:55,248.0,0.46373748343645,[28292],1ece57fa842a97dc22115ff6fa304c0fd4979673340d860949ae944aa24a5c36
Delhi:INDH-0026,Delhi,INDH-0026,"[""INDH-0026-2""]",2023-01-28,17,2023-04-11,07:46:08,248.0,0.46373748343645,[28309],1ece57fa842a97dc22115ff6fa304c0fd4979673340d860949ae944aa24a5c36
Delhi:INDH-0027,Delhi,INDH-0027,"[""INDH-0027-3""]",2023-01-31,17,2023-04-11,07:50:59,248.0,0.468469498573557,[28326],1ece57fa842a97dc22115ff6fa304c0fd4979673340d860949ae944aa24a5c36
Delhi:INDH-0028,Delhi,INDH-0028,"[""INDH-0028-4""]",2023-02-03,17,2023-04-11,07:55:47,248.0,0.473299081033078,[28343],1ece57fa842a97dc22115ff6fa304c0fd4979673340d860949ae944aa24a5c36
Delhi:INDH-0029,Delhi,INDH-0029,"[""INDH-0029-5""]",2023-02-06,17,2023-04-11,08:00:45,248.0,0.468469498573557,[28360],1ece57fa842a97dc22115ff6fa304c0fd4979673340d860949ae944aa24a5c36
Delhi:INDH-0030,Delhi,INDH-0030,"[""INDH-0030-6""]",2023-02-09,17,2023-04-11,08:06:21,248.0,0.46373748343645,[28377],1ece57fa842a97dc22115ff6fa304c0fd4979673340d860949ae944aa24a5c36
Delhi:INDH-0032,Delhi,INDH-0032,"[""INDH-0032-8""]",2023-02-12,17,2023-04-11,08:15:57,248.0,0.488404370853283,[28408],1ece57fa842a97dc22115ff6fa304c0fd4979673340d860949ae944aa24a5c36
Delhi:INDH-0041,Delhi,INDH-0041,"[""INDH-0041-1""]",2022-07-20,17,2022-10-26,15:52:45,248.0,0.511375465569976,[28425],1ece57fa842a97dc22115ff6fa304c0fd4979673340d860949ae944aa24a5c36
Delhi:INDH-0042,Delhi,INDH-0042,"[""INDH-0042-2""]",2022-07-23,17,2022-10-26,15:58:31,248.0,0.512649082073899,[28442],1ece57fa842a97dc22115ff6fa304c0fd4979673340d860949ae944aa24a5c36
Delhi:INDH-0043,Delhi,INDH-0043,"[""INDH-0043-3""]",2022-07-26,17,2022-10-26,16:04:11,248.0,0.510111231780095,[28459],1ece57fa842a97dc22115ff6fa304c0fd4979673340d860949ae944aa24a5c36
Delhi:INDH-0044,Delhi,INDH-0044,"[""INDH-0044-4""]",2022-07-29,17,2022-10-26,16:09:17,248.0,0.513289507738195,[28476],1ece57fa842a97dc22115ff6fa304c0fd4979673340d860949ae944aa24a5c36
Delhi:INDH-0045,Delhi,INDH-0045,"[""INDH-0045-5""]",2022-08-01,17,2022-10-26,16:18:30,248.0,0.510742171762342,[28493],1ece57fa842a97dc22115ff6fa304c0fd4979673340d860949ae944aa24a5c36
Delhi:INDH-0046,Delhi,INDH-0046,"[""INDH-0046-6""]",2022-08-04,17,2022-10-26,16:27:58,248.0,0.510111231780095,[28510],1ece57fa842a97dc22115ff6fa304c0fd4979673340d860949ae944aa24a5c36
Delhi:INDH-0048,Delhi,INDH-0048,"[""INDH-0048-8""]",2022-08-07,17,2022-10-26,16:38:34,248.0,0.512649082073899,[28541],1ece57fa842a97dc22115ff6fa304c0fd4979673340d860949ae944aa24a5c36
Delhi:INDH-0065,Delhi,INDH-0065,"[""INDH-0065-1""]",2023-03-08,11,2023-07-12,14:05:19,251.0,0.422302699997062,[28558],1ece57fa842a97dc22115ff6fa304c0fd4979673340d860949ae944aa24a5c36
Delhi:INDH-0066,Delhi,INDH-0066,"[""INDH-0066-2""]",2023-03-11,11,2023-07-12,14:10:33,251.0,0.422302699997062,[28575],1ece57fa842a97dc22115ff6fa304c0fd4979673340d860949ae944aa24a5c36
Delhi:INDH-0067,Delhi,INDH-0067,"[""INDH-0067-3""]",2023-03-14,11,2023-07-12,14:15:41,251.0,0.426656336079506,[28592],1ece57fa842a97dc22115ff6fa304c0fd4979673340d860949ae944aa24a5c36
Delhi:INDH-0068,Delhi,INDH-0068,"[""INDH-0068-4""]",2023-03-17,11,2023-07-12,14:20:47,251.0,0.422302699997062,[28609],1ece57fa842a97dc22115ff6fa304c0fd4979673340d860949ae944aa24a5c36
Delhi:INDH-0069,Delhi,INDH-0069,"[""INDH-0069-5""]",2023-03-20,11,2023-07-12,14:26:31,251.0,0.420159031469158,[28626],1ece57fa842a97dc22115ff6fa304c0fd4979673340d860949ae944aa24a5c36
Delhi:INDH-0070,Delhi,INDH-0070,"[""INDH-0070-6""]",2023-03-23,11,2023-07-13,11:17:54,251.0,0.418037016158708,[28643],1ece57fa842a97dc22115ff6fa304c0fd4979673340d860949ae944aa24a5c36
Delhi:INDH-0072,Delhi,INDH-0072,"[""INDH-0072-8""]",2023-03-26,11,2023-07-13,11:29:42,251.0,0.422302699997062,[28674],1ece57fa842a97dc22115ff6fa304c0fd4979673340d860949ae944aa24a5c36
Delhi:INDH-0081,Delhi,INDH-0081,"[""INDH-0081-1""]",2023-03-28,11,2023-07-13,11:37:16,251.0,0.422302699997062,[28691],1ece57fa842a97dc22115ff6fa304c0fd4979673340d860949ae944aa24a5c36
Delhi:INDH-0082,Delhi,INDH-0082,"[""INDH-0082-2""]",2023-03-31,11,2023-07-13,11:44:29,251.0,0.422302699997062,[28708],1ece57fa842a97dc22115ff6fa304c0fd4979673340d860949ae944aa24a5c36
Delhi:INDH-0083,Delhi,INDH-0083,"[""INDH-0083-3""]",2023-04-03,11,2023-07-13,11:49:54,251.0,0.431100672913667,[28725],1ece57fa842a97dc22115ff6fa304c0fd4979673340d860949ae944aa24a5c36
Delhi:INDH-0084,Delhi,INDH-0084,"[""INDH-0084-4""]",2023-04-06,11,2023-07-13,11:55:43,251.0,0.422302699997062,[28742],1ece57fa842a97dc22115ff6fa304c0fd4979673340d860949ae944aa24a5c36
Delhi:INDH-0085,Delhi,INDH-0085,"[""INDH-0085-5""]",2023-04-09,11,2023-07-13,12:00:57,251.0,0.422302699997062,[28759],1ece57fa842a97dc22115ff6fa304c0fd4979673340d860949ae944aa24a5c36
Delhi:INDH-0086,Delhi,INDH-0086,"[""INDH-0086-6""]",2023-04-12,11,2023-07-13,12:07:01,251.0,0.426656336079506,[28776],1ece57fa842a97dc22115ff6fa304c0fd4979673340d860949ae944aa24a5c36
Delhi:INDH-0088,Delhi,INDH-0088,"[""INDH-0088-8""]",2023-04-15,11,2023-07-13,12:24:20,251.0,0.426656336079506,[28807],1ece57fa842a97dc22115ff6fa304c0fd4979673340d860949ae944aa24a5c36
Delhi:INDH-0129,Delhi,INDH-0129,"[""INDH-0129"", ""INDH-0129-1""]",2024-03-29,11,2024-08-15,14:56:15,251.0,0.844605399994124,[29431],1ece57fa842a97dc22115ff6fa304c0fd4979673340d860949ae944aa24a5c36
Delhi:INDH-0130,Delhi,INDH-0130,"[""INDH-0130"", ""INDH-0130-2""]",2024-04-01,11,2024-08-16,09:06:01,251.0,0.844605399994124,[29497],1ece57fa842a97dc22115ff6fa304c0fd4979673340d860949ae944aa24a5c36
Delhi:INDH-0131,Delhi,INDH-0131,"[""INDH-0131"", ""INDH-0131-3""]",2024-04-04,11,2024-08-16,09:12:14,251.0,0.836074032317415,[29561],1ece57fa842a97dc22115ff6fa304c0fd4979673340d860949ae944aa24a5c36
Delhi:INDH-0132,Delhi,INDH-0132,"[""INDH-0132"", ""INDH-0132-4""]",2024-04-07,11,2024-08-16,09:17:55,251.0,0.844605399994124,[29627],1ece57fa842a97dc22115ff6fa304c0fd4979673340d860949ae944aa24a5c36
Delhi:INDH-0133,Delhi,INDH-0133,"[""INDH-0133"", ""INDH-0133-5""]",2024-04-10,11,2024-08-16,09:24:28,251.0,0.844605399994124,[29692],1ece57fa842a97dc22115ff6fa304c0fd4979673340d860949ae944aa24a5c36
Delhi:INDH-0134,Delhi,INDH-0134,"[""INDH-0134"", ""INDH-0134-6""]",2024-04-13,11,2024-08-16,09:32:32,251.0,0.853312672159012,[29757],1ece57fa842a97dc22115ff6fa304c0fd4979673340d860949ae944aa24a5c36
Delhi:INDH-0136,Delhi,INDH-0136,"[""INDH-0136"", ""INDH-0136-8""]",2024-04-16,11,2024-08-16,09:47:03,251.0,0.844605399994124,[29835],1ece57fa842a97dc22115ff6fa304c0fd4979673340d860949ae944aa24a5c36
Delhi:INDH-0137,Delhi,INDH-0137,"[""INDH-0137"", ""INDH-0137-1""]",2024-04-25,11,2024-08-16,09:54:17,251.0,0.844605399994124,[29900],1ece57fa842a97dc22115ff6fa304c0fd4979673340d860949ae944aa24a5c36
Delhi:INDH-0138,Delhi,INDH-0138,"[""INDH-0138"", ""INDH-0138-2""]",2024-04-28,11,2024-08-16,10:00:17,251.0,0.844605399994124,[29965],1ece57fa842a97dc22115ff6fa304c0fd4979673340d860949ae944aa24a5c36
Delhi:INDH-0139,Delhi,INDH-0139,"[""INDH-0139"", ""INDH-0139-3""]",2024-05-01,11,2024-08-16,10:06:55,251.0,0.862201345827335,[30030],1ece57fa842a97dc22115ff6fa304c0fd4979673340d860949ae944aa24a5c36
Delhi:INDH-0140,Delhi,INDH-0140,"[""INDH-0140"", ""INDH-0140-4""]",2024-05-04,11,2024-08-16,10:18:22,251.0,0.871277149467622,[30095],1ece57fa842a97dc22115ff6fa304c0fd4979673340d860949ae944aa24a5c36
Delhi:INDH-0141,Delhi,INDH-0141,"[""INDH-0141"", ""INDH-0141-5""]",2024-05-07,11,2024-08-16,10:23:17,251.0,0.844605399994124,[30160],1ece57fa842a97dc22115ff6fa304c0fd4979673340d860949ae944aa24a5c36
Delhi:INDH-0142,Delhi,INDH-0142,"[""INDH-0142"", ""INDH-0142-6""]",2024-05-10,11,2024-08-16,10:30:21,251.0,0.871277149467622,[30225],1ece57fa842a97dc22115ff6fa304c0fd4979673340d860949ae944aa24a5c36
Delhi:INDH-0144,Delhi,INDH-0144,"[""INDH-0144"", ""INDH-0144-8""]",2024-05-13,11,2024-08-16,10:47:21,251.0,0.871277149467622,[30303],1ece57fa842a97dc22115ff6fa304c0fd4979673340d860949ae944aa24a5c36
Delhi:INDH-0145,Delhi,INDH-0145,"[""INDH-0145"", ""INDH-0145-1""]",2024-05-17,11,2025-03-06,11:48:02,251.0,0.844605399994124,[30360],1ece57fa842a97dc22115ff6fa304c0fd4979673340d860949ae944aa24a5c36
Delhi:INDH-0146,Delhi,INDH-0146,"[""INDH-0146"", ""INDH-0146-2""]",2024-05-20,11,2025-03-06,11:54:20,251.0,0.836074032317415,[30416],1ece57fa842a97dc22115ff6fa304c0fd4979673340d860949ae944aa24a5c36
Delhi:INDH-0147,Delhi,INDH-0147,"[""INDH-0147"", ""INDH-0147-3""]",2024-05-23,11,2025-03-06,11:59:53,251.0,0.836074032317415,[30471],1ece57fa842a97dc22115ff6fa304c0fd4979673340d860949ae944aa24a5c36
Delhi:INDH-0148,Delhi,INDH-0148,"[""INDH-0148"", ""INDH-0148-4""]",2024-05-26,11,2025-03-06,12:05:43,251.0,0.844605399994124,[30528],1ece57fa842a97dc22115ff6fa304c0fd4979673340d860949ae944aa24a5c36
Delhi:INDH-0149,Delhi,INDH-0149,"[""INDH-0149"", ""INDH-0149-5""]",2024-05-29,11,2025-03-06,13:57:20,251.0,0.844605399994124,[30586],1ece57fa842a97dc22115ff6fa304c0fd4979673340d860949ae944aa24a5c36
Delhi:INDH-0150,Delhi,INDH-0150,"[""INDH-0150"", ""INDH-0150-6""]",2024-06-01,11,2025-03-06,14:04:37,251.0,0.836074032317415,[30642],1ece57fa842a97dc22115ff6fa304c0fd4979673340d860949ae944aa24a5c36
Delhi:INDH-0152,Delhi,INDH-0152,"[""INDH-0152"", ""INDH-0152-8""]",2024-06-04,11,2025-03-06,14:18:54,251.0,0.836074032317415,[30714],1ece57fa842a97dc22115ff6fa304c0fd4979673340d860949ae944aa24a5c36
Delhi:INDH-0162,Delhi,INDH-0162,"[""INDH-0162"", ""INDH-0162-2""]",2024-03-05,11,2024-08-15,13:31:46,251.0,0.836074032317415,[30791],1ece57fa842a97dc22115ff6fa304c0fd4979673340d860949ae944aa24a5c36
Delhi:INDH-0163,Delhi,INDH-0163,"[""INDH-0163"", ""INDH-0163-3""]",2024-03-08,11,2024-08-15,13:38:21,251.0,0.844605399994124,[30855],1ece57fa842a97dc22115ff6fa304c0fd4979673340d860949ae944aa24a5c36
Delhi:INDH-0164,Delhi,INDH-0164,"[""INDH-0164"", ""INDH-0164-4""]",2024-03-11,11,2024-08-15,13:43:38,251.0,0.836074032317415,[30919],1ece57fa842a97dc22115ff6fa304c0fd4979673340d860949ae944aa24a5c36
Delhi:INDH-0165,Delhi,INDH-0165,"[""INDH-0165"", ""INDH-0165-5""]",2024-03-14,11,2024-08-15,13:49:00,251.0,0.836074032317415,[30983],1ece57fa842a97dc22115ff6fa304c0fd4979673340d860949ae944aa24a5c36
Delhi:INDH-0166,Delhi,INDH-0166,"[""INDH-0166"", ""INDH-0166-6""]",2024-03-17,11,2024-08-15,13:54:06,251.0,0.836074032317415,[31049],1ece57fa842a97dc22115ff6fa304c0fd4979673340d860949ae944aa24a5c36
Delhi:INDH-0168,Delhi,INDH-0168,"[""INDH-0168"", ""INDH-0168-8""]",2024-03-20,11,2024-08-15,14:05:19,251.0,0.844605399994124,[31127],1ece57fa842a97dc22115ff6fa304c0fd4979673340d860949ae944aa24a5c36
Delhi:INDH-0169,Delhi,INDH-0169,"[""INDH-0169-1""]",2024-06-12,11,2025-03-06,14:28:21,251.0,0.844605399994124,[31144],1ece57fa842a97dc22115ff6fa304c0fd4979673340d860949ae944aa24a5c36
Delhi:INDH-0170,Delhi,INDH-0170,"[""INDH-0170-2""]",2024-06-15,11,2025-03-06,14:34:22,251.0,0.903321283416175,[31161],1ece57fa842a97dc22115ff6fa304c0fd4979673340d860949ae944aa24a5c36
Delhi:INDH-0171,Delhi,INDH-0171,"[""INDH-0171-3""]",2024-06-18,11,2025-03-06,14:42:34,251.0,0.871277149467622,[31178],1ece57fa842a97dc22115ff6fa304c0fd4979673340d860949ae944aa24a5c36
Delhi:INDH-0173,Delhi,INDH-0173,"[""INDH-0173-5""]",2024-06-24,11,2025-03-06,14:56:00,251.0,0.844605399994124,[31212],1ece57fa842a97dc22115ff6fa304c0fd4979673340d860949ae944aa24a5c36
Delhi:INDH-0174,Delhi,INDH-0174,"[""INDH-0174-6""]",2024-06-27,11,2025-03-06,15:08:21,251.0,0.950484163055588,[31229],1ece57fa842a97dc22115ff6fa304c0fd4979673340d860949ae944aa24a5c36
Delhi:INDH-0176,Delhi,INDH-0176,"[""INDH-0176-8""]",2024-06-30,11,2025-03-07,09:51:01,251.0,0.844605399994124,[31260],1ece57fa842a97dc22115ff6fa304c0fd4979673340d860949ae944aa24a5c36
JPL:USPA-0129,JPL,USPA-0129,"[""USPA-0129"", ""USPA-0129-1""]",2022-07-22,11,2022-10-26,08:19:44,251.0,0.413856645997121,[34191],1ece57fa842a97dc22115ff6fa304c0fd4979673340d860949ae944aa24a5c36
JPL:USPA-0130,JPL,USPA-0130,"[""USPA-0130"", ""USPA-0130-2""]",2022-07-25,11,2022-10-26,08:26:10,251.0,0.413856645997121,[34249],1ece57fa842a97dc22115ff6fa304c0fd4979673340d860949ae944aa24a5c36
JPL:USPA-0131,JPL,USPA-0131,"[""USPA-0131"", ""USPA-0131-3""]",2022-07-28,11,2022-10-26,08:32:19,251.0,0.413856645997121,[34307],1ece57fa842a97dc22115ff6fa304c0fd4979673340d860949ae944aa24a5c36
JPL:USPA-0132,JPL,USPA-0132,"[""USPA-0132"", ""USPA-0132-4""]",2022-07-31,11,2022-10-26,08:38:59,251.0,0.413856645997121,[34365],1ece57fa842a97dc22115ff6fa304c0fd4979673340d860949ae944aa24a5c36
JPL:USPA-0133,JPL,USPA-0133,"[""USPA-0133"", ""USPA-0133-5""]",2022-08-03,11,2022-10-26,08:45:14,251.0,0.413856645997121,[34423],1ece57fa842a97dc22115ff6fa304c0fd4979673340d860949ae944aa24a5c36
JPL:USPA-0134,JPL,USPA-0134,"[""USPA-0134"", ""USPA-0134-6""]",2022-08-06,11,2022-10-26,08:51:20,251.0,0.413856645997121,[34481],1ece57fa842a97dc22115ff6fa304c0fd4979673340d860949ae944aa24a5c36
JPL:USPA-0136,JPL,USPA-0136,"[""USPA-0136"", ""USPA-0136-8""]",2022-08-09,11,2022-10-26,09:34:32,251.0,0.413856645997121,[34553],1ece57fa842a97dc22115ff6fa304c0fd4979673340d860949ae944aa24a5c36
JPL:USPA-0137,JPL,USPA-0137,"[""USPA-0137"", ""USPA-0137-1""]",2022-08-12,11,2022-10-26,09:39:50,251.0,0.413856645997121,[34611],1ece57fa842a97dc22115ff6fa304c0fd4979673340d860949ae944aa24a5c36
JPL:USPA-0138,JPL,USPA-0138,"[""USPA-0138"", ""USPA-0138-2""]",2022-08-15,11,2022-10-26,09:45:19,251.0,0.413856645997121,[34669],1ece57fa842a97dc22115ff6fa304c0fd4979673340d860949ae944aa24a5c36
JPL:USPA-0139,JPL,USPA-0139,"[""USPA-0139"", ""USPA-0139-3""]",2022-08-18,11,2022-10-26,09:50:42,251.0,0.4058198350744,[34727],1ece57fa842a97dc22115ff6fa304c0fd4979673340d860949ae944aa24a5c36
JPL:USPA-0140,JPL,USPA-0140,"[""USPA-0140"", ""USPA-0140-4""]",2022-08-21,11,2022-10-26,09:56:08,251.0,0.413856645997121,[34785],1ece57fa842a97dc22115ff6fa304c0fd4979673340d860949ae944aa24a5c36
JPL:USPA-0141,JPL,USPA-0141,"[""USPA-0141"", ""USPA-0141-5""]",2022-08-24,11,2022-10-26,10:02:15,251.0,0.413856645997121,[34843],1ece57fa842a97dc22115ff6fa304c0fd4979673340d860949ae944aa24a5c36
JPL:USPA-0142,JPL,USPA-0142,"[""USPA-0142"", ""USPA-0142-6""]",2022-08-27,11,2022-10-26,10:08:12,251.0,0.413856645997121,[34901],1ece57fa842a97dc22115ff6fa304c0fd4979673340d860949ae944aa24a5c36
JPL:USPA-0144,JPL,USPA-0144,"[""USPA-0144"", ""USPA-0144-8""]",2022-08-30,11,2022-10-26,10:18:37,251.0,0.409779116136498,[34973],1ece57fa842a97dc22115ff6fa304c0fd4979673340d860949ae944aa24a5c36
JPL:USPA-0145,JPL,USPA-0145,"[""USPA-0145"", ""USPA-0145-1""]",2022-09-02,11,2022-12-05,14:59:15,251.0,0.413856645997121,[35030],1ece57fa842a97dc22115ff6fa304c0fd4979673340d860949ae944aa24a5c36
JPL:USPA-0146,JPL,USPA-0146,"[""USPA-0146"", ""USPA-0146-2""]",2022-09-05,11,2022-12-05,15:10:00,251.0,0.413856645997121,[35086],1ece57fa842a97dc22115ff6fa304c0fd4979673340d860949ae944aa24a5c36
JPL:USPA-0147,JPL,USPA-0147,"[""USPA-0147"", ""USPA-0147-3""]",2022-09-08,11,2022-12-05,15:17:21,251.0,0.413856645997121,[35142],1ece57fa842a97dc22115ff6fa304c0fd4979673340d860949ae944aa24a5c36
JPL:USPA-0148,JPL,USPA-0148,"[""USPA-0148"", ""USPA-0148-4""]",2022-09-11,11,2022-12-05,15:23:31,251.0,0.413856645997121,[35199],1ece57fa842a97dc22115ff6fa304c0fd4979673340d860949ae944aa24a5c36
JPL:USPA-0149,JPL,USPA-0149,"[""USPA-0149"", ""USPA-0149-5""]",2022-09-14,11,2022-12-05,15:29:30,251.0,0.413856645997121,[35256],1ece57fa842a97dc22115ff6fa304c0fd4979673340d860949ae944aa24a5c36
JPL:USPA-0150,JPL,USPA-0150,"[""USPA-0150"", ""USPA-0150-6""]",2022-09-17,11,2022-12-05,15:34:43,251.0,0.413856645997121,[35314],1ece57fa842a97dc22115ff6fa304c0fd4979673340d860949ae944aa24a5c36
JPL:USPA-0152,JPL,USPA-0152,"[""USPA-0152"", ""USPA-0152-8""]",2022-09-20,11,2022-12-05,15:45:48,251.0,0.409871781455195,[35384],1ece57fa842a97dc22115ff6fa304c0fd4979673340d860949ae944aa24a5c36
JPL:USPA-0153,JPL,USPA-0153,"[""USPA-0153"", ""USPA-0153-1""]",2022-09-23,11,2022-12-05,15:51:22,251.0,0.413856645997121,[35442],1ece57fa842a97dc22115ff6fa304c0fd4979673340d860949ae944aa24a5c36
JPL:USPA-0154,JPL,USPA-0154,"[""USPA-0154"", ""USPA-0154-2""]",2022-09-26,11,2022-12-05,15:58:03,251.0,0.413856645997121,[35500],1ece57fa842a97dc22115ff6fa304c0fd4979673340d860949ae944aa24a5c36
JPL:USPA-0155,JPL,USPA-0155,"[""USPA-0155"", ""USPA-0155-3""]",2022-09-29,11,2022-12-05,16:03:35,251.0,0.413856645997121,[35557],1ece57fa842a97dc22115ff6fa304c0fd4979673340d860949ae944aa24a5c36
JPL:USPA-0156,JPL,USPA-0156,"[""USPA-0156"", ""USPA-0156-4""]",2022-10-02,11,2022-12-05,16:11:10,251.0,0.413856645997121,[35615],1ece57fa842a97dc22115ff6fa304c0fd4979673340d860949ae944aa24a5c36
JPL:USPA-0157,JPL,USPA-0157,"[""USPA-0157"", ""USPA-0157-5""]",2022-10-05,11,2022-12-05,16:22:35,251.0,0.413856645997121,[35673],1ece57fa842a97dc22115ff6fa304c0fd4979673340d860949ae944aa24a5c36
JPL:USPA-0158,JPL,USPA-0158,"[""USPA-0158"", ""USPA-0158-6""]",2022-10-08,11,2022-12-05,16:28:22,251.0,0.413856645997121,[35732],1ece57fa842a97dc22115ff6fa304c0fd4979673340d860949ae944aa24a5c36
JPL:USPA-0160,JPL,USPA-0160,"[""USPA-0160"", ""USPA-0160-8""]",2022-10-11,11,2022-12-05,16:43:14,251.0,0.413856645997121,[35804],1ece57fa842a97dc22115ff6fa304c0fd4979673340d860949ae944aa24a5c36
JPL:USPA-0193,JPL,USPA-0193,"[""USPA-0193"", ""USPA-0193-1""]",2023-01-12,11,2023-04-10,14:18:08,251.0,0.413856645997121,[37247],1ece57fa842a97dc22115ff6fa304c0fd4979673340d860949ae944aa24a5c36
JPL:USPA-0194,JPL,USPA-0194,"[""USPA-0194"", ""USPA-0194-2""]",2023-01-15,11,2023-04-10,14:29:39,251.0,0.413856645997121,[37299],1ece57fa842a97dc22115ff6fa304c0fd4979673340d860949ae944aa24a5c36
JPL:USPA-0195,JPL,USPA-0195,"[""USPA-0195"", ""USPA-0195-3""]",2023-01-18,11,2023-04-10,14:34:57,251.0,0.413856645997121,[37352],1ece57fa842a97dc22115ff6fa304c0fd4979673340d860949ae944aa24a5c36
JPL:USPA-0196,JPL,USPA-0196,"[""USPA-0196"", ""USPA-0196-4""]",2023-01-21,11,2023-04-10,14:40:06,251.0,0.413856645997121,[37405],1ece57fa842a97dc22115ff6fa304c0fd4979673340d860949ae944aa24a5c36
JPL:USPA-0197,JPL,USPA-0197,"[""USPA-0197"", ""USPA-0197-5""]",2023-01-24,11,2023-04-10,14:45:16,251.0,0.413856645997121,[37458],1ece57fa842a97dc22115ff6fa304c0fd4979673340d860949ae944aa24a5c36
JPL:USPA-0198,JPL,USPA-0198,"[""USPA-0198"", ""USPA-0198-6""]",2023-01-27,11,2023-04-10,14:50:46,251.0,0.413856645997121,[37511],1ece57fa842a97dc22115ff6fa304c0fd4979673340d860949ae944aa24a5c36
JPL:USPA-0200,JPL,USPA-0200,"[""USPA-0200"", ""USPA-0200-8""]",2023-01-30,11,2023-04-10,15:05:41,251.0,0.418037016158708,[37577],1ece57fa842a97dc22115ff6fa304c0fd4979673340d860949ae944aa24a5c36
JPL:USPA-0201,JPL,USPA-0201,"[""USPA-0201"", ""USPA-0201-1""]",2023-02-02,11,2023-04-10,15:10:44,251.0,0.413856645997121,[37631],1ece57fa842a97dc22115ff6fa304c0fd4979673340d860949ae944aa24a5c36
JPL:USPA-0202,JPL,USPA-0202,"[""USPA-0202"", ""USPA-0202-2""]",2023-02-05,11,2023-04-10,15:15:48,251.0,0.413856645997121,[37684],1ece57fa842a97dc22115ff6fa304c0fd4979673340d860949ae944aa24a5c36
JPL:USPA-0203,JPL,USPA-0203,"[""USPA-0203"", ""USPA-0203-3""]",2023-02-08,11,2023-04-10,15:20:58,251.0,0.413856645997121,[37737],1ece57fa842a97dc22115ff6fa304c0fd4979673340d860949ae944aa24a5c36
JPL:USPA-0204,JPL,USPA-0204,"[""USPA-0204"", ""USPA-0204-4""]",2023-02-11,11,2023-04-10,15:26:02,251.0,0.413856645997121,[37789],1ece57fa842a97dc22115ff6fa304c0fd4979673340d860949ae944aa24a5c36
JPL:USPA-0205,JPL,USPA-0205,"[""USPA-0205"", ""USPA-0205-5""]",2023-02-14,11,2023-04-10,15:31:14,251.0,0.413856645997121,[37842],1ece57fa842a97dc22115ff6fa304c0fd4979673340d860949ae944aa24a5c36
JPL:USPA-0206,JPL,USPA-0206,"[""USPA-0206"", ""USPA-0206-6""]",2023-02-17,11,2023-04-10,15:37:26,251.0,0.413856645997121,[37895],1ece57fa842a97dc22115ff6fa304c0fd4979673340d860949ae944aa24a5c36
JPL:USPA-0208,JPL,USPA-0208,"[""USPA-0208"", ""USPA-0208-8""]",2023-02-20,11,2023-04-10,15:49:22,251.0,0.409759055442694,[37962],1ece57fa842a97dc22115ff6fa304c0fd4979673340d860949ae944aa24a5c36
JPL:USPA-0209,JPL,USPA-0209,"[""USPA-0209"", ""USPA-0209-1""]",2023-02-23,17,2023-07-12,13:25:37,248.0,0.454554562972362,[38019],1ece57fa842a97dc22115ff6fa304c0fd4979673340d860949ae944aa24a5c36
JPL:USPA-0210,JPL,USPA-0210,"[""USPA-0210"", ""USPA-0210-2""]",2023-02-26,17,2023-07-12,13:34:02,248.0,0.459100108602086,[38077],1ece57fa842a97dc22115ff6fa304c0fd4979673340d860949ae944aa24a5c36
JPL:USPA-0211,JPL,USPA-0211,"[""USPA-0211-3""]",2023-03-01,17,2023-07-12,13:39:26,248.0,0.459100108602086,[38094],1ece57fa842a97dc22115ff6fa304c0fd4979673340d860949ae944aa24a5c36
JPL:USPA-0212,JPL,USPA-0212,"[""USPA-0212"", ""USPA-0212-4""]",2023-03-04,17,2023-07-12,13:45:20,248.0,0.459100108602086,[38152],1ece57fa842a97dc22115ff6fa304c0fd4979673340d860949ae944aa24a5c36
JPL:USPA-0213,JPL,USPA-0213,"[""USPA-0213"", ""USPA-0213-5""]",2023-03-07,17,2023-07-12,13:50:25,248.0,0.459100108602086,[38210],1ece57fa842a97dc22115ff6fa304c0fd4979673340d860949ae944aa24a5c36
JPL:USPA-0214,JPL,USPA-0214,"[""USPA-0214-6""]",2023-03-10,17,2023-07-12,13:55:43,248.0,0.454554562972362,[38227],1ece57fa842a97dc22115ff6fa304c0fd4979673340d860949ae944aa24a5c36
JPL:USPA-0216,JPL,USPA-0216,"[""USPA-0216"", ""USPA-0216-8""]",2023-03-13,17,2023-07-12,14:06:17,248.0,0.454554562972362,[38298],1ece57fa842a97dc22115ff6fa304c0fd4979673340d860949ae944aa24a5c36
JPL:USPA-0217,JPL,USPA-0217,"[""USPA-0217"", ""USPA-0217-1""]",2023-03-16,17,2023-07-12,14:11:28,248.0,0.459100108602086,[38348],1ece57fa842a97dc22115ff6fa304c0fd4979673340d860949ae944aa24a5c36
JPL:USPA-0218,JPL,USPA-0218,"[""USPA-0218"", ""USPA-0218-2""]",2023-03-19,17,2023-07-12,14:16:38,248.0,0.459100108602086,[38398],1ece57fa842a97dc22115ff6fa304c0fd4979673340d860949ae944aa24a5c36
JPL:USPA-0219,JPL,USPA-0219,"[""USPA-0219"", ""USPA-0219-3""]",2023-03-22,17,2023-07-12,14:22:00,248.0,0.459100108602086,[38448],1ece57fa842a97dc22115ff6fa304c0fd4979673340d860949ae944aa24a5c36
JPL:USPA-0220,JPL,USPA-0220,"[""USPA-0220"", ""USPA-0220-4""]",2023-03-25,17,2023-07-13,11:33:59,248.0,0.459100108602086,[38498],1ece57fa842a97dc22115ff6fa304c0fd4979673340d860949ae944aa24a5c36
JPL:USPA-0221,JPL,USPA-0221,"[""USPA-0221"", ""USPA-0221-5""]",2023-03-28,17,2023-07-13,11:39:26,248.0,0.459100108602086,[38548],1ece57fa842a97dc22115ff6fa304c0fd4979673340d860949ae944aa24a5c36
JPL:USPA-0222,JPL,USPA-0222,"[""USPA-0222"", ""USPA-0222-6""]",2023-03-31,17,2023-07-13,11:45:24,248.0,0.459100108602086,[38598],1ece57fa842a97dc22115ff6fa304c0fd4979673340d860949ae944aa24a5c36
JPL:USPA-0224,JPL,USPA-0224,"[""USPA-0224"", ""USPA-0224-8""]",2023-04-03,17,2023-07-13,11:57:19,248.0,0.459100108602086,[38662],1ece57fa842a97dc22115ff6fa304c0fd4979673340d860949ae944aa24a5c36
JPL:USPA-0225,JPL,USPA-0225,"[""USPA-0225"", ""USPA-0225-1""]",2023-04-07,11,2023-07-13,12:03:43,251.0,0.413856645997121,[38712],1ece57fa842a97dc22115ff6fa304c0fd4979673340d860949ae944aa24a5c36
JPL:USPA-0226,JPL,USPA-0226,"[""USPA-0226"", ""USPA-0226-2""]",2023-04-10,11,2023-07-13,12:09:45,251.0,0.413856645997121,[38762],1ece57fa842a97dc22115ff6fa304c0fd4979673340d860949ae944aa24a5c36
JPL:USPA-0227,JPL,USPA-0227,"[""USPA-0227"", ""USPA-0227-3""]",2023-04-13,11,2023-07-13,12:15:25,251.0,0.413856645997121,[38812],1ece57fa842a97dc22115ff6fa304c0fd4979673340d860949ae944aa24a5c36
JPL:USPA-0228,JPL,USPA-0228,"[""USPA-0228"", ""USPA-0228-4""]",2023-04-16,11,2023-07-13,12:21:03,251.0,0.413856645997121,[38862],1ece57fa842a97dc22115ff6fa304c0fd4979673340d860949ae944aa24a5c36
JPL:USPA-0233,JPL,USPA-0233,"[""USPA-0233"", ""USPA-0233-1""]",2023-04-19,11,2023-07-13,12:54:46,251.0,0.413856645997121,[38968],1ece57fa842a97dc22115ff6fa304c0fd4979673340d860949ae944aa24a5c36
JPL:USPA-0234,JPL,USPA-0234,"[""USPA-0234"", ""USPA-0234-2""]",2023-04-22,11,2023-07-13,13:02:03,251.0,0.413856645997121,[39018],1ece57fa842a97dc22115ff6fa304c0fd4979673340d860949ae944aa24a5c36
JPL:USPA-0235,JPL,USPA-0235,"[""USPA-0235"", ""USPA-0235-3""]",2023-04-25,11,2023-07-13,13:09:25,251.0,0.413856645997121,[39068],1ece57fa842a97dc22115ff6fa304c0fd4979673340d860949ae944aa24a5c36
JPL:USPA-0236,JPL,USPA-0236,"[""USPA-0236"", ""USPA-0236-4""]",2023-04-28,11,2023-07-13,13:14:35,251.0,0.413856645997121,[39118],1ece57fa842a97dc22115ff6fa304c0fd4979673340d860949ae944aa24a5c36
JPL:USPA-0237,JPL,USPA-0237,"[""USPA-0237"", ""USPA-0237-5""]",2023-05-01,11,2023-07-13,13:19:48,251.0,0.413856645997121,[39168],1ece57fa842a97dc22115ff6fa304c0fd4979673340d860949ae944aa24a5c36
JPL:USPA-0238,JPL,USPA-0238,"[""USPA-0238"", ""USPA-0238-6""]",2023-05-04,11,2023-07-13,13:24:38,251.0,0.413856645997121,[39218],1ece57fa842a97dc22115ff6fa304c0fd4979673340d860949ae944aa24a5c36
JPL:USPA-0240,JPL,USPA-0240,"[""USPA-0240"", ""USPA-0240-8""]",2023-05-07,11,2023-07-12,09:24:37,251.0,0.413856645997121,[39282],1ece57fa842a97dc22115ff6fa304c0fd4979673340d860949ae944aa24a5c36
JPL:USPA-0241,JPL,USPA-0241,"[""USPA-0241"", ""USPA-0241-1""]",2023-05-12,11,2023-08-10,13:25:05,251.0,0.413856645997121,[39340],1ece57fa842a97dc22115ff6fa304c0fd4979673340d860949ae944aa24a5c36
JPL:USPA-0242,JPL,USPA-0242,"[""USPA-0242"", ""USPA-0242-2""]",2023-05-15,11,2023-08-10,13:30:30,251.0,0.413856645997121,[39398],1ece57fa842a97dc22115ff6fa304c0fd4979673340d860949ae944aa24a5c36
JPL:USPA-0243,JPL,USPA-0243,"[""USPA-0243"", ""USPA-0243-3""]",2023-05-18,11,2023-08-10,13:35:32,251.0,0.413856645997121,[39455],1ece57fa842a97dc22115ff6fa304c0fd4979673340d860949ae944aa24a5c36
JPL:USPA-0244,JPL,USPA-0244,"[""USPA-0244"", ""USPA-0244-4""]",2023-05-21,11,2023-08-10,13:41:49,251.0,0.413856645997121,[39513],1ece57fa842a97dc22115ff6fa304c0fd4979673340d860949ae944aa24a5c36
JPL:USPA-0245,JPL,USPA-0245,"[""USPA-0245"", ""USPA-0245-5""]",2023-05-24,11,2023-08-10,13:46:32,251.0,0.413856645997121,[39571],1ece57fa842a97dc22115ff6fa304c0fd4979673340d860949ae944aa24a5c36
JPL:USPA-0246,JPL,USPA-0246,"[""USPA-0246"", ""USPA-0246-6""]",2023-05-27,11,2023-08-10,13:51:18,251.0,0.413856645997121,[39629],1ece57fa842a97dc22115ff6fa304c0fd4979673340d860949ae944aa24a5c36
JPL:USPA-0248,JPL,USPA-0248,"[""USPA-0248"", ""USPA-0248-8""]",2023-05-30,11,2023-08-10,14:08:14,251.0,0.405741809801099,[39699],1ece57fa842a97dc22115ff6fa304c0fd4979673340d860949ae944aa24a5c36
JPL:USPA-0249,JPL,USPA-0249,"[""USPA-0249"", ""USPA-0249-1""]",2023-06-01,11,2023-08-10,14:15:46,251.0,0.418037016158708,[39757],1ece57fa842a97dc22115ff6fa304c0fd4979673340d860949ae944aa24a5c36
JPL:USPA-0250,JPL,USPA-0250,"[""USPA-0250"", ""USPA-0250-2""]",2023-06-04,11,2023-08-10,14:22:33,251.0,0.418037016158708,[39815],1ece57fa842a97dc22115ff6fa304c0fd4979673340d860949ae944aa24a5c36
JPL:USPA-0251,JPL,USPA-0251,"[""USPA-0251"", ""USPA-0251-3""]",2023-06-07,11,2023-08-10,14:29:59,251.0,0.418037016158708,[39873],1ece57fa842a97dc22115ff6fa304c0fd4979673340d860949ae944aa24a5c36
JPL:USPA-0252,JPL,USPA-0252,"[""USPA-0252"", ""USPA-0252-4""]",2023-06-10,11,2023-08-10,14:38:07,251.0,0.418037016158708,[39930],1ece57fa842a97dc22115ff6fa304c0fd4979673340d860949ae944aa24a5c36
JPL:USPA-0253,JPL,USPA-0253,"[""USPA-0253"", ""USPA-0253-5""]",2023-06-13,11,2023-08-10,14:43:43,251.0,0.418037016158708,[39988],1ece57fa842a97dc22115ff6fa304c0fd4979673340d860949ae944aa24a5c36
JPL:USPA-0254,JPL,USPA-0254,"[""USPA-0254"", ""USPA-0254-6""]",2023-06-16,11,2023-08-10,14:50:58,251.0,0.418037016158708,[40046],1ece57fa842a97dc22115ff6fa304c0fd4979673340d860949ae944aa24a5c36
JPL:USPA-0256,JPL,USPA-0256,"[""USPA-0256"", ""USPA-0256-8""]",2023-06-19,11,2023-08-10,15:03:02,251.0,0.426656336079506,[40118],1ece57fa842a97dc22115ff6fa304c0fd4979673340d860949ae944aa24a5c36
JPL:USPA-0257,JPL,USPA-0257,"[""USPA-0257"", ""USPA-0257-1""]",2023-06-23,11,2023-09-13,14:39:01,251.0,0.418037016158708,[40176],1ece57fa842a97dc22115ff6fa304c0fd4979673340d860949ae944aa24a5c36
JPL:USPA-0258,JPL,USPA-0258,"[""USPA-0258"", ""USPA-0258-2""]",2023-06-26,11,2023-09-13,14:48:27,251.0,0.418037016158708,[40234],1ece57fa842a97dc22115ff6fa304c0fd4979673340d860949ae944aa24a5c36
JPL:USPA-0259,JPL,USPA-0259,"[""USPA-0259"", ""USPA-0259-3""]",2023-06-29,11,2023-09-13,14:56:18,251.0,0.418037016158708,[40291],1ece57fa842a97dc22115ff6fa304c0fd4979673340d860949ae944aa24a5c36
JPL:USPA-0260,JPL,USPA-0260,"[""USPA-0260"", ""USPA-0260-4""]",2023-07-02,11,2023-09-14,07:09:16,251.0,0.418037016158708,[40341],1ece57fa842a97dc22115ff6fa304c0fd4979673340d860949ae944aa24a5c36
JPL:USPA-0261,JPL,USPA-0261,"[""USPA-0261"", ""USPA-0261-5""]",2023-07-05,11,2023-09-14,07:15:02,251.0,0.418037016158708,[40399],1ece57fa842a97dc22115ff6fa304c0fd4979673340d860949ae944aa24a5c36
JPL:USPA-0262,JPL,USPA-0262,"[""USPA-0262"", ""USPA-0262-6""]",2023-07-08,11,2023-09-14,07:19:55,251.0,0.418037016158708,[40457],1ece57fa842a97dc22115ff6fa304c0fd4979673340d860949ae944aa24a5c36
JPL:USPA-0264,JPL,USPA-0264,"[""USPA-0264"", ""USPA-0264-8""]",2023-07-11,11,2023-09-14,07:31:13,251.0,0.418037016158708,[40529],1ece57fa842a97dc22115ff6fa304c0fd4979673340d860949ae944aa24a5c36
JPL:USPA-0265,JPL,USPA-0265,"[""USPA-0265"", ""USPA-0265-1""]",2023-07-14,11,2023-09-14,08:18:00,251.0,0.409759055442694,[40586],1ece57fa842a97dc22115ff6fa304c0fd4979673340d860949ae944aa24a5c36
JPL:USPA-0266,JPL,USPA-0266,"[""USPA-0266"", ""USPA-0266-2""]",2023-07-17,11,2023-09-14,08:28:04,251.0,0.409759055442694,[40643],1ece57fa842a97dc22115ff6fa304c0fd4979673340d860949ae944aa24a5c36
JPL:USPA-0267,JPL,USPA-0267,"[""USPA-0267"", ""USPA-0267-3""]",2023-07-20,11,2023-09-14,08:33:32,251.0,0.409759055442694,[40700],1ece57fa842a97dc22115ff6fa304c0fd4979673340d860949ae944aa24a5c36
JPL:USPA-0268,JPL,USPA-0268,"[""USPA-0268"", ""USPA-0268-4""]",2023-07-23,11,2023-09-14,08:45:27,251.0,0.409759055442694,[40755],1ece57fa842a97dc22115ff6fa304c0fd4979673340d860949ae944aa24a5c36
JPL:USPA-0269,JPL,USPA-0269,"[""USPA-0269"", ""USPA-0269-5""]",2023-07-26,11,2023-09-14,08:50:42,251.0,0.409759055442694,[40812],1ece57fa842a97dc22115ff6fa304c0fd4979673340d860949ae944aa24a5c36
JPL:USPA-0270,JPL,USPA-0270,"[""USPA-0270"", ""USPA-0270-6""]",2023-07-29,11,2023-09-14,08:55:33,251.0,0.409759055442694,[40868],1ece57fa842a97dc22115ff6fa304c0fd4979673340d860949ae944aa24a5c36
JPL:USPA-0272,JPL,USPA-0272,"[""USPA-0272"", ""USPA-0272-8""]",2023-08-01,11,2023-09-14,09:05:37,251.0,0.413856645997121,[40939],1ece57fa842a97dc22115ff6fa304c0fd4979673340d860949ae944aa24a5c36
JPL:USPA-0273,JPL,USPA-0273,"[""USPA-0273"", ""USPA-0273-1""]",2023-08-04,11,2023-11-28,08:47:09,251.0,0.409759055442694,[40997],1ece57fa842a97dc22115ff6fa304c0fd4979673340d860949ae944aa24a5c36
JPL:USPA-0274,JPL,USPA-0274,"[""USPA-0274"", ""USPA-0274-2""]",2023-08-07,11,2023-11-28,08:52:14,251.0,0.409759055442694,[41055],1ece57fa842a97dc22115ff6fa304c0fd4979673340d860949ae944aa24a5c36
JPL:USPA-0275,JPL,USPA-0275,"[""USPA-0275"", ""USPA-0275-3""]",2023-08-10,11,2023-11-28,08:57:29,251.0,0.409759055442694,[41113],1ece57fa842a97dc22115ff6fa304c0fd4979673340d860949ae944aa24a5c36
JPL:USPA-0276,JPL,USPA-0276,"[""USPA-0276"", ""USPA-0276-4""]",2023-08-13,11,2023-11-28,12:53:59,251.0,0.409759055442694,[41171],1ece57fa842a97dc22115ff6fa304c0fd4979673340d860949ae944aa24a5c36
JPL:USPA-0277,JPL,USPA-0277,"[""USPA-0277"", ""USPA-0277-5""]",2023-08-16,11,2023-11-28,12:58:47,251.0,0.409759055442694,[41229],1ece57fa842a97dc22115ff6fa304c0fd4979673340d860949ae944aa24a5c36
JPL:USPA-0278,JPL,USPA-0278,"[""USPA-0278"", ""USPA-0278-6""]",2023-08-19,11,2023-11-28,13:07:50,251.0,0.409759055442694,[41287],1ece57fa842a97dc22115ff6fa304c0fd4979673340d860949ae944aa24a5c36
JPL:USPA-0280,JPL,USPA-0280,"[""USPA-0280"", ""USPA-0280-8""]",2023-08-22,11,2023-11-28,13:22:48,251.0,0.409759055442694,[41359],1ece57fa842a97dc22115ff6fa304c0fd4979673340d860949ae944aa24a5c36
JPL:USPA-0281,JPL,USPA-0281,"[""USPA-0281"", ""USPA-0281-1""]",2023-08-25,11,2023-11-28,13:27:45,251.0,0.413856645997121,[41417],1ece57fa842a97dc22115ff6fa304c0fd4979673340d860949ae944aa24a5c36
JPL:USPA-0282,JPL,USPA-0282,"[""USPA-0282"", ""USPA-0282-2""]",2023-08-28,11,2023-11-28,13:32:45,251.0,0.413856645997121,[41475],1ece57fa842a97dc22115ff6fa304c0fd4979673340d860949ae944aa24a5c36
JPL:USPA-0283,JPL,USPA-0283,"[""USPA-0283"", ""USPA-0283-3""]",2023-08-31,11,2023-11-28,13:37:47,251.0,0.413856645997121,[41533],1ece57fa842a97dc22115ff6fa304c0fd4979673340d860949ae944aa24a5c36
JPL:USPA-0284,JPL,USPA-0284,"[""USPA-0284"", ""USPA-0284-4""]",2023-09-03,11,2023-11-28,13:43:11,251.0,0.413856645997121,[41591],1ece57fa842a97dc22115ff6fa304c0fd4979673340d860949ae944aa24a5c36
JPL:USPA-0285,JPL,USPA-0285,"[""USPA-0285"", ""USPA-0285-5""]",2023-09-06,11,2023-11-28,13:48:58,251.0,0.413856645997121,[41649],1ece57fa842a97dc22115ff6fa304c0fd4979673340d860949ae944aa24a5c36
JPL:USPA-0286,JPL,USPA-0286,"[""USPA-0286"", ""USPA-0286-6""]",2023-09-09,11,2023-11-28,13:53:48,251.0,0.413856645997121,[41707],1ece57fa842a97dc22115ff6fa304c0fd4979673340d860949ae944aa24a5c36
JPL:USPA-0288,JPL,USPA-0288,"[""USPA-0288"", ""USPA-0288-8""]",2023-09-12,11,2023-11-28,14:10:32,251.0,0.413856645997121,[41779],1ece57fa842a97dc22115ff6fa304c0fd4979673340d860949ae944aa24a5c36
JPL:USPA-0289,JPL,USPA-0289,"[""USPA-0289"", ""USPA-0289-1""]",2023-09-15,11,2024-02-21,12:20:35,251.0,0.431100672913667,[41837],1ece57fa842a97dc22115ff6fa304c0fd4979673340d860949ae944aa24a5c36
JPL:USPA-0290,JPL,USPA-0290,"[""USPA-0290"", ""USPA-0290-2""]",2023-09-18,11,2024-02-21,12:25:32,251.0,0.431100672913667,[41895],1ece57fa842a97dc22115ff6fa304c0fd4979673340d860949ae944aa24a5c36
JPL:USPA-0291,JPL,USPA-0291,"[""USPA-0291"", ""USPA-0291-3""]",2023-09-21,11,2024-02-21,12:34:08,251.0,0.431100672913667,[41953],1ece57fa842a97dc22115ff6fa304c0fd4979673340d860949ae944aa24a5c36
JPL:USPA-0292,JPL,USPA-0292,"[""USPA-0292"", ""USPA-0292-4""]",2023-09-24,11,2024-02-21,12:43:43,251.0,0.431100672913667,[42010],1ece57fa842a97dc22115ff6fa304c0fd4979673340d860949ae944aa24a5c36
JPL:USPA-0293,JPL,USPA-0293,"[""USPA-0293"", ""USPA-0293-5""]",2023-09-27,11,2024-02-21,12:48:36,251.0,0.431100672913667,[42068],1ece57fa842a97dc22115ff6fa304c0fd4979673340d860949ae944aa24a5c36
JPL:USPA-0294,JPL,USPA-0294,"[""USPA-0294"", ""USPA-0294-6""]",2023-09-30,11,2024-02-21,12:53:33,251.0,0.426656336079506,[42126],1ece57fa842a97dc22115ff6fa304c0fd4979673340d860949ae944aa24a5c36
JPL:USPA-0296,JPL,USPA-0296,"[""USPA-0296"", ""USPA-0296-8""]",2023-10-03,11,2024-02-21,13:03:05,251.0,0.431100672913667,[42198],1ece57fa842a97dc22115ff6fa304c0fd4979673340d860949ae944aa24a5c36
JPL:USPA-0297,JPL,USPA-0297,"[""USPA-0297"", ""USPA-0297-1""]",2023-10-06,11,2024-02-21,13:07:54,251.0,0.405741809801099,[42256],1ece57fa842a97dc22115ff6fa304c0fd4979673340d860949ae944aa24a5c36
JPL:USPA-0298,JPL,USPA-0298,"[""USPA-0298"", ""USPA-0298-2""]",2023-10-09,11,2024-02-21,13:12:40,251.0,0.405741809801099,[42313],1ece57fa842a97dc22115ff6fa304c0fd4979673340d860949ae944aa24a5c36
JPL:USPA-0299,JPL,USPA-0299,"[""USPA-0299"", ""USPA-0299-3""]",2023-10-12,11,2024-02-21,13:17:30,251.0,0.405741809801099,[42371],1ece57fa842a97dc22115ff6fa304c0fd4979673340d860949ae944aa24a5c36
JPL:USPA-0300,JPL,USPA-0300,"[""USPA-0300"", ""USPA-0300-4""]",2023-10-15,11,2024-02-21,13:22:29,251.0,0.405741809801099,[42429],1ece57fa842a97dc22115ff6fa304c0fd4979673340d860949ae944aa24a5c36
JPL:USPA-0301,JPL,USPA-0301,"[""USPA-0301"", ""USPA-0301-5""]",2023-10-18,11,2024-02-21,13:27:19,251.0,0.405741809801099,[42487],1ece57fa842a97dc22115ff6fa304c0fd4979673340d860949ae944aa24a5c36
JPL:USPA-0302,JPL,USPA-0302,"[""USPA-0302"", ""USPA-0302-6""]",2023-10-21,11,2024-02-21,13:32:23,251.0,0.405741809801099,[42545],1ece57fa842a97dc22115ff6fa304c0fd4979673340d860949ae944aa24a5c36
JPL:USPA-0304,JPL,USPA-0304,"[""USPA-0304"", ""USPA-0304-8""]",2023-10-24,11,2024-02-21,13:41:59,251.0,0.405741809801099,[42617],1ece57fa842a97dc22115ff6fa304c0fd4979673340d860949ae944aa24a5c36
JPL:USPA-0305,JPL,USPA-0305,"[""USPA-0305"", ""USPA-0305-1""]",2023-10-27,11,2024-02-21,13:51:05,251.0,0.418037016158708,[42675],1ece57fa842a97dc22115ff6fa304c0fd4979673340d860949ae944aa24a5c36
JPL:USPA-0306,JPL,USPA-0306,"[""USPA-0306"", ""USPA-0306-2""]",2023-10-30,11,2024-02-21,13:55:43,251.0,0.418037016158708,[42732],1ece57fa842a97dc22115ff6fa304c0fd4979673340d860949ae944aa24a5c36
JPL:USPA-0307,JPL,USPA-0307,"[""USPA-0307"", ""USPA-0307-3""]",2023-11-02,11,2024-02-21,14:08:24,251.0,0.418037016158708,[42790],1ece57fa842a97dc22115ff6fa304c0fd4979673340d860949ae944aa24a5c36
JPL:USPA-0308,JPL,USPA-0308,"[""USPA-0308"", ""USPA-0308-4""]",2023-11-05,11,2024-02-21,14:13:28,251.0,0.418037016158708,[42848],1ece57fa842a97dc22115ff6fa304c0fd4979673340d860949ae944aa24a5c36
JPL:USPA-0309,JPL,USPA-0309,"[""USPA-0309"", ""USPA-0309-5""]",2023-11-08,11,2024-02-21,14:18:20,251.0,0.418037016158708,[42906],1ece57fa842a97dc22115ff6fa304c0fd4979673340d860949ae944aa24a5c36
JPL:USPA-0310,JPL,USPA-0310,"[""USPA-0310"", ""USPA-0310-6""]",2023-11-11,11,2024-02-21,14:23:11,251.0,0.418037016158708,[42964],1ece57fa842a97dc22115ff6fa304c0fd4979673340d860949ae944aa24a5c36
JPL:USPA-0312,JPL,USPA-0312,"[""USPA-0312"", ""USPA-0312-8""]",2023-11-14,11,2024-02-21,14:33:14,251.0,0.413856645997121,[43036],1ece57fa842a97dc22115ff6fa304c0fd4979673340d860949ae944aa24a5c36
