site,population,scheme,block,training_choice,status,own_training_status,train_n,test_n,train_ids,test_ids,all_earlier_train_n,id11_earlier_train_n,train_ec_min,train_ec_max,test_ec_min,test_ec_max,train_date_min,train_date_max,test_date_min,test_date_max,previous_split_sha256,common_support,ols_slope,ols_intercept,training_median,proportional_k,split_sha256,outside_training_ec_n,median_mean_signed_error,median_mae,median_rmse,median_nonpositive_prediction_n,proportional_mean_signed_error,proportional_mae,proportional_rmse,proportional_nonpositive_prediction_n,ols_mean_signed_error,ols_mae,ols_rmse,ols_nonpositive_prediction_n,delta_mae_proportional_minus_ols,intercept_mae_improvement_pct
Addis_Ababa,diagnostic,later_period,2022Q4,all_earlier,empty_id11_test_block,insufficient_training_n,0,0,[],[],0,0,,,,,,,,,302285a8887aa23b4a009e767d5fd7b315cbce8c535ad7a20ec63afb5bf4eb57,False,,,,,2b3c1efc390ad76f8e9754197a2ac92f232ebebbc39850fd7fa4ca11c43e7c48,,,,,0,,,,0,,,,0,,
Addis_Ababa,diagnostic,later_period,2022Q4,id11_earlier,empty_id11_test_block,insufficient_training_n,0,0,[],[],0,0,,,,,,,,,302285a8887aa23b4a009e767d5fd7b315cbce8c535ad7a20ec63afb5bf4eb57,False,,,,,2b3c1efc390ad76f8e9754197a2ac92f232ebebbc39850fd7fa4ca11c43e7c48,,,,,0,,,,0,,,,0,,
Addis_Ababa,diagnostic,later_period,2023Q1,all_earlier,all_earlier:insufficient_training_n;id11_earlier:insufficient_training_n,insufficient_training_n,9,1,"[""Addis_Ababa:ETAD-0017"", ""Addis_Ababa:ETAD-0018"", ""Addis_Ababa:ETAD-0019"", ""Addis_Ababa:ETAD-0020"", ""Addis_Ababa:ETAD-0021"", ""Addis_Ababa:ETAD-0022"", ""Addis_Ababa:ETAD-0024"", ""Addis_Ababa:ETAD-0033"", ""Addis_Ababa:ETAD-0034""]","[""Addis_Ababa:ETAD-0057""]",9,0,1.62566803465763,4.44446651940708,6.63401511944448,6.63401511944448,2022-12-07,2022-12-31,2023-03-29,2023-03-29,127eb8311495459b86902c6c2b9db1d7b21e5a594b50641dcdd8452e46296b80,False,,,,,63e406a389b1cb782279455efdb70c419d3f69366f122f0ad752474a16d2945c,1.0,,,,0,,,,0,,,,0,,
Addis_Ababa,diagnostic,later_period,2023Q1,id11_earlier,all_earlier:insufficient_training_n;id11_earlier:insufficient_training_n,insufficient_training_n,0,1,[],"[""Addis_Ababa:ETAD-0057""]",9,0,,,6.63401511944448,6.63401511944448,,,2023-03-29,2023-03-29,127eb8311495459b86902c6c2b9db1d7b21e5a594b50641dcdd8452e46296b80,False,,,,,2f1f4b27e7d7a09963f93fe8a7700619ec3a9302e5f259acb182c5cc3a1a47f0,,,,,0,,,,0,,,,0,,
Addis_Ababa,diagnostic,later_period,2023Q2,all_earlier,id11_earlier:insufficient_training_n,evaluated,35,28,"[""Addis_Ababa:ETAD-0001"", ""Addis_Ababa:ETAD-0002"", ""Addis_Ababa:ETAD-0003"", ""Addis_Ababa:ETAD-0004"", ""Addis_Ababa:ETAD-0005"", ""Addis_Ababa:ETAD-0006"", ""Addis_Ababa:ETAD-0008"", ""Addis_Ababa:ETAD-0017"", ""Addis_Ababa:ETAD-0018"", ""Addis_Ababa:ETAD-0019"", ""Addis_Ababa:ETAD-0020"", ""Addis_Ababa:ETAD-0021"", ""Addis_Ababa:ETAD-0022"", ""Addis_Ababa:ETAD-0024"", ""Addis_Ababa:ETAD-0033"", ""Addis_Ababa:ETAD-0034"", ""Addis_Ababa:ETAD-0035"", ""Addis_Ababa:ETAD-0036"", ""Addis_Ababa:ETAD-0037"", ""Addis_Ababa:ETAD-0038"", ""Addis_Ababa:ETAD-0040"", ""Addis_Ababa:ETAD-0041"", ""Addis_Ababa:ETAD-0042"", ""Addis_Ababa:ETAD-0043"", ""Addis_Ababa:ETAD-0044"", ""Addis_Ababa:ETAD-0045"", ""Addis_Ababa:ETAD-0046"", ""Addis_Ababa:ETAD-0049"", ""Addis_Ababa:ETAD-0050"", ""Addis_Ababa:ETAD-0051"", ""Addis_Ababa:ETAD-0052"", ""Addis_Ababa:ETAD-0053"", ""Addis_Ababa:ETAD-0054"", ""Addis_Ababa:ETAD-0056"", ""Addis_Ababa:ETAD-0057""]","[""Addis_Ababa:ETAD-0058"", ""Addis_Ababa:ETAD-0059"", ""Addis_Ababa:ETAD-0060"", ""Addis_Ababa:ETAD-0061"", ""Addis_Ababa:ETAD-0062"", ""Addis_Ababa:ETAD-0064"", ""Addis_Ababa:ETAD-0065"", ""Addis_Ababa:ETAD-0066"", ""Addis_Ababa:ETAD-0067"", ""Addis_Ababa:ETAD-0068"", ""Addis_Ababa:ETAD-0069"", ""Addis_Ababa:ETAD-0070"", ""Addis_Ababa:ETAD-0072"", ""Addis_Ababa:ETAD-0073"", ""Addis_Ababa:ETAD-0074"", ""Addis_Ababa:ETAD-0075"", ""Addis_Ababa:ETAD-0076"", ""Addis_Ababa:ETAD-0077"", ""Addis_Ababa:ETAD-0078"", ""Addis_Ababa:ETAD-0080"", ""Addis_Ababa:ETAD-0081"", ""Addis_Ababa:ETAD-0082"", ""Addis_Ababa:ETAD-0083"", ""Addis_Ababa:ETAD-0084"", ""Addis_Ababa:ETAD-0085"", ""Addis_Ababa:ETAD-0086"", ""Addis_Ababa:ETAD-0088"", ""Addis_Ababa:ETAD-0089""]",35,1,0.693114797533127,6.63401511944448,1.90446116072198,9.84021969992934,2022-12-07,2023-03-29,2023-04-01,2023-06-28,27812996e3a23eba27d1fefcd6127b162f5316928209a6dbc313ca9490698154,False,5.0719417233427535,27.704294234572835,43.16446055,12.771282702335212,27812996e3a23eba27d1fefcd6127b162f5316928209a6dbc313ca9490698154,10.0,,,,0,,,,0,,,,0,,
Addis_Ababa,diagnostic,later_period,2023Q2,id11_earlier,id11_earlier:insufficient_training_n,insufficient_training_n,1,28,"[""Addis_Ababa:ETAD-0057""]","[""Addis_Ababa:ETAD-0058"", ""Addis_Ababa:ETAD-0059"", ""Addis_Ababa:ETAD-0060"", ""Addis_Ababa:ETAD-0061"", ""Addis_Ababa:ETAD-0062"", ""Addis_Ababa:ETAD-0064"", ""Addis_Ababa:ETAD-0065"", ""Addis_Ababa:ETAD-0066"", ""Addis_Ababa:ETAD-0067"", ""Addis_Ababa:ETAD-0068"", ""Addis_Ababa:ETAD-0069"", ""Addis_Ababa:ETAD-0070"", ""Addis_Ababa:ETAD-0072"", ""Addis_Ababa:ETAD-0073"", ""Addis_Ababa:ETAD-0074"", ""Addis_Ababa:ETAD-0075"", ""Addis_Ababa:ETAD-0076"", ""Addis_Ababa:ETAD-0077"", ""Addis_Ababa:ETAD-0078"", ""Addis_Ababa:ETAD-0080"", ""Addis_Ababa:ETAD-0081"", ""Addis_Ababa:ETAD-0082"", ""Addis_Ababa:ETAD-0083"", ""Addis_Ababa:ETAD-0084"", ""Addis_Ababa:ETAD-0085"", ""Addis_Ababa:ETAD-0086"", ""Addis_Ababa:ETAD-0088"", ""Addis_Ababa:ETAD-0089""]",35,1,6.63401511944448,6.63401511944448,1.90446116072198,9.84021969992934,2023-03-29,2023-03-29,2023-04-01,2023-06-28,27812996e3a23eba27d1fefcd6127b162f5316928209a6dbc313ca9490698154,False,,,,,09ff79c2b41b38c027da62e4fd0a51dffa058ed4296afd7fe942699b3748982a,28.0,,,,0,,,,0,,,,0,,
Addis_Ababa,diagnostic,later_period,2023Q3,all_earlier,evaluated,evaluated,63,28,"[""Addis_Ababa:ETAD-0001"", ""Addis_Ababa:ETAD-0002"", ""Addis_Ababa:ETAD-0003"", ""Addis_Ababa:ETAD-0004"", ""Addis_Ababa:ETAD-0005"", ""Addis_Ababa:ETAD-0006"", ""Addis_Ababa:ETAD-0008"", ""Addis_Ababa:ETAD-0017"", ""Addis_Ababa:ETAD-0018"", ""Addis_Ababa:ETAD-0019"", ""Addis_Ababa:ETAD-0020"", ""Addis_Ababa:ETAD-0021"", ""Addis_Ababa:ETAD-0022"", ""Addis_Ababa:ETAD-0024"", ""Addis_Ababa:ETAD-0033"", ""Addis_Ababa:ETAD-0034"", ""Addis_Ababa:ETAD-0035"", ""Addis_Ababa:ETAD-0036"", ""Addis_Ababa:ETAD-0037"", ""Addis_Ababa:ETAD-0038"", ""Addis_Ababa:ETAD-0040"", ""Addis_Ababa:ETAD-0041"", ""Addis_Ababa:ETAD-0042"", ""Addis_Ababa:ETAD-0043"", ""Addis_Ababa:ETAD-0044"", ""Addis_Ababa:ETAD-0045"", ""Addis_Ababa:ETAD-0046"", ""Addis_Ababa:ETAD-0049"", ""Addis_Ababa:ETAD-0050"", ""Addis_Ababa:ETAD-0051"", ""Addis_Ababa:ETAD-0052"", ""Addis_Ababa:ETAD-0053"", ""Addis_Ababa:ETAD-0054"", ""Addis_Ababa:ETAD-0056"", ""Addis_Ababa:ETAD-0057"", ""Addis_Ababa:ETAD-0058"", ""Addis_Ababa:ETAD-0059"", ""Addis_Ababa:ETAD-0060"", ""Addis_Ababa:ETAD-0061"", ""Addis_Ababa:ETAD-0062"", ""Addis_Ababa:ETAD-0064"", ""Addis_Ababa:ETAD-0065"", ""Addis_Ababa:ETAD-0066"", ""Addis_Ababa:ETAD-0067"", ""Addis_Ababa:ETAD-0068"", ""Addis_Ababa:ETAD-0069"", ""Addis_Ababa:ETAD-0070"", ""Addis_Ababa:ETAD-0072"", ""Addis_Ababa:ETAD-0073"", ""Addis_Ababa:ETAD-0074"", ""Addis_Ababa:ETAD-0075"", ""Addis_Ababa:ETAD-0076"", ""Addis_Ababa:ETAD-0077"", ""Addis_Ababa:ETAD-0078"", ""Addis_Ababa:ETAD-0080"", ""Addis_Ababa:ETAD-0081"", ""Addis_Ababa:ETAD-0082"", ""Addis_Ababa:ETAD-0083"", ""Addis_Ababa:ETAD-0084"", ""Addis_Ababa:ETAD-0085"", ""Addis_Ababa:ETAD-0086"", ""Addis_Ababa:ETAD-0088"", ""Addis_Ababa:ETAD-0089""]","[""Addis_Ababa:ETAD-0090"", ""Addis_Ababa:ETAD-0091"", ""Addis_Ababa:ETAD-0092"", ""Addis_Ababa:ETAD-0093"", ""Addis_Ababa:ETAD-0094"", ""Addis_Ababa:ETAD-0096"", ""Addis_Ababa:ETAD-0097"", ""Addis_Ababa:ETAD-0098"", ""Addis_Ababa:ETAD-0099"", ""Addis_Ababa:ETAD-0100"", ""Addis_Ababa:ETAD-0101"", ""Addis_Ababa:ETAD-0102"", ""Addis_Ababa:ETAD-0104"", ""Addis_Ababa:ETAD-0105"", ""Addis_Ababa:ETAD-0106"", ""Addis_Ababa:ETAD-0107"", ""Addis_Ababa:ETAD-0108"", ""Addis_Ababa:ETAD-0109"", ""Addis_Ababa:ETAD-0110"", ""Addis_Ababa:ETAD-0112"", ""Addis_Ababa:ETAD-0113"", ""Addis_Ababa:ETAD-0114"", ""Addis_Ababa:ETAD-0115"", ""Addis_Ababa:ETAD-0116"", ""Addis_Ababa:ETAD-0117"", ""Addis_Ababa:ETAD-0118"", ""Addis_Ababa:ETAD-0120"", ""Addis_Ababa:ETAD-0121""]",63,29,0.693114797533127,9.84021969992934,3.43937872823145,10.5333537907337,2022-12-07,2023-06-28,2023-07-01,2023-09-27,e7ac24be9c924a682d5da35d567dbe71b4bb309a4f2069a4a8d62fb885d6b16f,True,3.980191977054051,30.189977639111234,46.24278089,9.487948510513847,e7ac24be9c924a682d5da35d567dbe71b4bb309a4f2069a4a8d62fb885d6b16f,1.0,-8.22170367107143,10.16106824392857,12.445646150725374,0,10.347824558885574,12.138593633587655,13.951030836817033,0,2.914240201587284,3.943288319207651,5.01707856965647,0,8.195305314380004,67.51445481874838
Addis_Ababa,diagnostic,later_period,2023Q3,id11_earlier,evaluated,evaluated,29,28,"[""Addis_Ababa:ETAD-0057"", ""Addis_Ababa:ETAD-0058"", ""Addis_Ababa:ETAD-0059"", ""Addis_Ababa:ETAD-0060"", ""Addis_Ababa:ETAD-0061"", ""Addis_Ababa:ETAD-0062"", ""Addis_Ababa:ETAD-0064"", ""Addis_Ababa:ETAD-0065"", ""Addis_Ababa:ETAD-0066"", ""Addis_Ababa:ETAD-0067"", ""Addis_Ababa:ETAD-0068"", ""Addis_Ababa:ETAD-0069"", ""Addis_Ababa:ETAD-0070"", ""Addis_Ababa:ETAD-0072"", ""Addis_Ababa:ETAD-0073"", ""Addis_Ababa:ETAD-0074"", ""Addis_Ababa:ETAD-0075"", ""Addis_Ababa:ETAD-0076"", ""Addis_Ababa:ETAD-0077"", ""Addis_Ababa:ETAD-0078"", ""Addis_Ababa:ETAD-0080"", ""Addis_Ababa:ETAD-0081"", ""Addis_Ababa:ETAD-0082"", ""Addis_Ababa:ETAD-0083"", ""Addis_Ababa:ETAD-0084"", ""Addis_Ababa:ETAD-0085"", ""Addis_Ababa:ETAD-0086"", ""Addis_Ababa:ETAD-0088"", ""Addis_Ababa:ETAD-0089""]","[""Addis_Ababa:ETAD-0090"", ""Addis_Ababa:ETAD-0091"", ""Addis_Ababa:ETAD-0092"", ""Addis_Ababa:ETAD-0093"", ""Addis_Ababa:ETAD-0094"", ""Addis_Ababa:ETAD-0096"", ""Addis_Ababa:ETAD-0097"", ""Addis_Ababa:ETAD-0098"", ""Addis_Ababa:ETAD-0099"", ""Addis_Ababa:ETAD-0100"", ""Addis_Ababa:ETAD-0101"", ""Addis_Ababa:ETAD-0102"", ""Addis_Ababa:ETAD-0104"", ""Addis_Ababa:ETAD-0105"", ""Addis_Ababa:ETAD-0106"", ""Addis_Ababa:ETAD-0107"", ""Addis_Ababa:ETAD-0108"", ""Addis_Ababa:ETAD-0109"", ""Addis_Ababa:ETAD-0110"", ""Addis_Ababa:ETAD-0112"", ""Addis_Ababa:ETAD-0113"", ""Addis_Ababa:ETAD-0114"", ""Addis_Ababa:ETAD-0115"", ""Addis_Ababa:ETAD-0116"", ""Addis_Ababa:ETAD-0117"", ""Addis_Ababa:ETAD-0118"", ""Addis_Ababa:ETAD-0120"", ""Addis_Ababa:ETAD-0121""]",63,29,1.90446116072198,9.84021969992934,3.43937872823145,10.5333537907337,2023-03-29,2023-06-28,2023-07-01,2023-09-27,e7ac24be9c924a682d5da35d567dbe71b4bb309a4f2069a4a8d62fb885d6b16f,True,4.302322238352404,27.284741709022825,48.87206008,8.330826337868002,9caa0ea6a45bd23a60b923761ded8271b998f826f985b3a1887cf3edf3d7e91a,1.0,-5.592424481071433,8.952959709642858,10.88911880873025,0,2.443506796202314,6.571024106378457,7.898885396971389,0,2.2094805967050983,3.542205795701841,4.50732558332964,0,3.0288183106766158,46.09355043662917
Addis_Ababa,diagnostic,later_period,2023Q4,all_earlier,evaluated,evaluated,91,26,"[""Addis_Ababa:ETAD-0001"", ""Addis_Ababa:ETAD-0002"", ""Addis_Ababa:ETAD-0003"", ""Addis_Ababa:ETAD-0004"", ""Addis_Ababa:ETAD-0005"", ""Addis_Ababa:ETAD-0006"", ""Addis_Ababa:ETAD-0008"", ""Addis_Ababa:ETAD-0017"", ""Addis_Ababa:ETAD-0018"", ""Addis_Ababa:ETAD-0019"", ""Addis_Ababa:ETAD-0020"", ""Addis_Ababa:ETAD-0021"", ""Addis_Ababa:ETAD-0022"", ""Addis_Ababa:ETAD-0024"", ""Addis_Ababa:ETAD-0033"", ""Addis_Ababa:ETAD-0034"", ""Addis_Ababa:ETAD-0035"", ""Addis_Ababa:ETAD-0036"", ""Addis_Ababa:ETAD-0037"", ""Addis_Ababa:ETAD-0038"", ""Addis_Ababa:ETAD-0040"", ""Addis_Ababa:ETAD-0041"", ""Addis_Ababa:ETAD-0042"", ""Addis_Ababa:ETAD-0043"", ""Addis_Ababa:ETAD-0044"", ""Addis_Ababa:ETAD-0045"", ""Addis_Ababa:ETAD-0046"", ""Addis_Ababa:ETAD-0049"", ""Addis_Ababa:ETAD-0050"", ""Addis_Ababa:ETAD-0051"", ""Addis_Ababa:ETAD-0052"", ""Addis_Ababa:ETAD-0053"", ""Addis_Ababa:ETAD-0054"", ""Addis_Ababa:ETAD-0056"", ""Addis_Ababa:ETAD-0057"", ""Addis_Ababa:ETAD-0058"", ""Addis_Ababa:ETAD-0059"", ""Addis_Ababa:ETAD-0060"", ""Addis_Ababa:ETAD-0061"", ""Addis_Ababa:ETAD-0062"", ""Addis_Ababa:ETAD-0064"", ""Addis_Ababa:ETAD-0065"", ""Addis_Ababa:ETAD-0066"", ""Addis_Ababa:ETAD-0067"", ""Addis_Ababa:ETAD-0068"", ""Addis_Ababa:ETAD-0069"", ""Addis_Ababa:ETAD-0070"", ""Addis_Ababa:ETAD-0072"", ""Addis_Ababa:ETAD-0073"", ""Addis_Ababa:ETAD-0074"", ""Addis_Ababa:ETAD-0075"", ""Addis_Ababa:ETAD-0076"", ""Addis_Ababa:ETAD-0077"", ""Addis_Ababa:ETAD-0078"", ""Addis_Ababa:ETAD-0080"", ""Addis_Ababa:ETAD-0081"", ""Addis_Ababa:ETAD-0082"", ""Addis_Ababa:ETAD-0083"", ""Addis_Ababa:ETAD-0084"", ""Addis_Ababa:ETAD-0085"", ""Addis_Ababa:ETAD-0086"", ""Addis_Ababa:ETAD-0088"", ""Addis_Ababa:ETAD-0089"", ""Addis_Ababa:ETAD-0090"", ""Addis_Ababa:ETAD-0091"", ""Addis_Ababa:ETAD-0092"", ""Addis_Ababa:ETAD-0093"", ""Addis_Ababa:ETAD-0094"", ""Addis_Ababa:ETAD-0096"", ""Addis_Ababa:ETAD-0097"", ""Addis_Ababa:ETAD-0098"", ""Addis_Ababa:ETAD-0099"", ""Addis_Ababa:ETAD-0100"", ""Addis_Ababa:ETAD-0101"", ""Addis_Ababa:ETAD-0102"", ""Addis_Ababa:ETAD-0104"", ""Addis_Ababa:ETAD-0105"", ""Addis_Ababa:ETAD-0106"", ""Addis_Ababa:ETAD-0107"", ""Addis_Ababa:ETAD-0108"", ""Addis_Ababa:ETAD-0109"", ""Addis_Ababa:ETAD-0110"", ""Addis_Ababa:ETAD-0112"", ""Addis_Ababa:ETAD-0113"", ""Addis_Ababa:ETAD-0114"", ""Addis_Ababa:ETAD-0115"", ""Addis_Ababa:ETAD-0116"", ""Addis_Ababa:ETAD-0117"", ""Addis_Ababa:ETAD-0118"", ""Addis_Ababa:ETAD-0120"", ""Addis_Ababa:ETAD-0121""]","[""Addis_Ababa:ETAD-0128"", ""Addis_Ababa:ETAD-0129"", ""Addis_Ababa:ETAD-0130"", ""Addis_Ababa:ETAD-0131"", ""Addis_Ababa:ETAD-0132"", ""Addis_Ababa:ETAD-0133"", ""Addis_Ababa:ETAD-0134"", ""Addis_Ababa:ETAD-0136"", ""Addis_Ababa:ETAD-0137"", ""Addis_Ababa:ETAD-0138"", ""Addis_Ababa:ETAD-0139"", ""Addis_Ababa:ETAD-0140"", ""Addis_Ababa:ETAD-0141"", ""Addis_Ababa:ETAD-0142"", ""Addis_Ababa:ETAD-0144"", ""Addis_Ababa:ETAD-0145"", ""Addis_Ababa:ETAD-0146"", ""Addis_Ababa:ETAD-0147"", ""Addis_Ababa:ETAD-0148"", ""Addis_Ababa:ETAD-0149"", ""Addis_Ababa:ETAD-0150"", ""Addis_Ababa:ETAD-0152"", ""Addis_Ababa:ETAD-0153"", ""Addis_Ababa:ETAD-0154"", ""Addis_Ababa:ETAD-0155"", ""Addis_Ababa:ETAD-0156""]",91,57,0.693114797533127,10.5333537907337,2.23594182575397,4.14642906938964,2022-12-07,2023-09-27,2023-10-15,2023-12-29,da385e5a78380e8a277a7c6ba7e820b15f9d034d45f10dbe008ff2e067f675cc,True,3.843077206744481,29.996118637737982,47.34375593,8.659062328935626,da385e5a78380e8a277a7c6ba7e820b15f9d034d45f10dbe008ff2e067f675cc,0.0,5.812912218461539,6.149058453076924,7.360758325030093,0,-12.81145045316667,12.81145045316667,13.258180888576858,0,1.2115563860243468,2.658129750414881,3.4727333625778423,0,10.153320702751788,79.2519218637117
Addis_Ababa,diagnostic,later_period,2023Q4,id11_earlier,evaluated,evaluated,57,26,"[""Addis_Ababa:ETAD-0057"", ""Addis_Ababa:ETAD-0058"", ""Addis_Ababa:ETAD-0059"", ""Addis_Ababa:ETAD-0060"", ""Addis_Ababa:ETAD-0061"", ""Addis_Ababa:ETAD-0062"", ""Addis_Ababa:ETAD-0064"", ""Addis_Ababa:ETAD-0065"", ""Addis_Ababa:ETAD-0066"", ""Addis_Ababa:ETAD-0067"", ""Addis_Ababa:ETAD-0068"", ""Addis_Ababa:ETAD-0069"", ""Addis_Ababa:ETAD-0070"", ""Addis_Ababa:ETAD-0072"", ""Addis_Ababa:ETAD-0073"", ""Addis_Ababa:ETAD-0074"", ""Addis_Ababa:ETAD-0075"", ""Addis_Ababa:ETAD-0076"", ""Addis_Ababa:ETAD-0077"", ""Addis_Ababa:ETAD-0078"", ""Addis_Ababa:ETAD-0080"", ""Addis_Ababa:ETAD-0081"", ""Addis_Ababa:ETAD-0082"", ""Addis_Ababa:ETAD-0083"", ""Addis_Ababa:ETAD-0084"", ""Addis_Ababa:ETAD-0085"", ""Addis_Ababa:ETAD-0086"", ""Addis_Ababa:ETAD-0088"", ""Addis_Ababa:ETAD-0089"", ""Addis_Ababa:ETAD-0090"", ""Addis_Ababa:ETAD-0091"", ""Addis_Ababa:ETAD-0092"", ""Addis_Ababa:ETAD-0093"", ""Addis_Ababa:ETAD-0094"", ""Addis_Ababa:ETAD-0096"", ""Addis_Ababa:ETAD-0097"", ""Addis_Ababa:ETAD-0098"", ""Addis_Ababa:ETAD-0099"", ""Addis_Ababa:ETAD-0100"", ""Addis_Ababa:ETAD-0101"", ""Addis_Ababa:ETAD-0102"", ""Addis_Ababa:ETAD-0104"", ""Addis_Ababa:ETAD-0105"", ""Addis_Ababa:ETAD-0106"", ""Addis_Ababa:ETAD-0107"", ""Addis_Ababa:ETAD-0108"", ""Addis_Ababa:ETAD-0109"", ""Addis_Ababa:ETAD-0110"", ""Addis_Ababa:ETAD-0112"", ""Addis_Ababa:ETAD-0113"", ""Addis_Ababa:ETAD-0114"", ""Addis_Ababa:ETAD-0115"", ""Addis_Ababa:ETAD-0116"", ""Addis_Ababa:ETAD-0117"", ""Addis_Ababa:ETAD-0118"", ""Addis_Ababa:ETAD-0120"", ""Addis_Ababa:ETAD-0121""]","[""Addis_Ababa:ETAD-0128"", ""Addis_Ababa:ETAD-0129"", ""Addis_Ababa:ETAD-0130"", ""Addis_Ababa:ETAD-0131"", ""Addis_Ababa:ETAD-0132"", ""Addis_Ababa:ETAD-0133"", ""Addis_Ababa:ETAD-0134"", ""Addis_Ababa:ETAD-0136"", ""Addis_Ababa:ETAD-0137"", ""Addis_Ababa:ETAD-0138"", ""Addis_Ababa:ETAD-0139"", ""Addis_Ababa:ETAD-0140"", ""Addis_Ababa:ETAD-0141"", ""Addis_Ababa:ETAD-0142"", ""Addis_Ababa:ETAD-0144"", ""Addis_Ababa:ETAD-0145"", ""Addis_Ababa:ETAD-0146"", ""Addis_Ababa:ETAD-0147"", ""Addis_Ababa:ETAD-0148"", ""Addis_Ababa:ETAD-0149"", ""Addis_Ababa:ETAD-0150"", ""Addis_Ababa:ETAD-0152"", ""Addis_Ababa:ETAD-0153"", ""Addis_Ababa:ETAD-0154"", ""Addis_Ababa:ETAD-0155"", ""Addis_Ababa:ETAD-0156""]",91,57,1.90446116072198,10.5333537907337,2.23594182575397,4.14642906938964,2023-03-29,2023-09-27,2023-10-15,2023-12-29,da385e5a78380e8a277a7c6ba7e820b15f9d034d45f10dbe008ff2e067f675cc,True,4.3351026891735245,25.99186449122519,52.74626602,8.019768013848577,16a64f0939122f4458c8cb70df19dc41ac0d001ab3d09c55dad717fa38f05c87,0.0,11.215422308461541,11.215422308461541,12.090347894791826,0,-14.93178913943217,14.93178913943217,15.284330724924725,0,-1.160803591555175,2.784348033610916,3.3714876966364824,0,12.147441105821253,81.3528840542092
Addis_Ababa,diagnostic,later_period,2024Q1,all_earlier,evaluated,evaluated,117,31,"[""Addis_Ababa:ETAD-0001"", ""Addis_Ababa:ETAD-0002"", ""Addis_Ababa:ETAD-0003"", ""Addis_Ababa:ETAD-0004"", ""Addis_Ababa:ETAD-0005"", ""Addis_Ababa:ETAD-0006"", ""Addis_Ababa:ETAD-0008"", ""Addis_Ababa:ETAD-0017"", ""Addis_Ababa:ETAD-0018"", ""Addis_Ababa:ETAD-0019"", ""Addis_Ababa:ETAD-0020"", ""Addis_Ababa:ETAD-0021"", ""Addis_Ababa:ETAD-0022"", ""Addis_Ababa:ETAD-0024"", ""Addis_Ababa:ETAD-0033"", ""Addis_Ababa:ETAD-0034"", ""Addis_Ababa:ETAD-0035"", ""Addis_Ababa:ETAD-0036"", ""Addis_Ababa:ETAD-0037"", ""Addis_Ababa:ETAD-0038"", ""Addis_Ababa:ETAD-0040"", ""Addis_Ababa:ETAD-0041"", ""Addis_Ababa:ETAD-0042"", ""Addis_Ababa:ETAD-0043"", ""Addis_Ababa:ETAD-0044"", ""Addis_Ababa:ETAD-0045"", ""Addis_Ababa:ETAD-0046"", ""Addis_Ababa:ETAD-0049"", ""Addis_Ababa:ETAD-0050"", ""Addis_Ababa:ETAD-0051"", ""Addis_Ababa:ETAD-0052"", ""Addis_Ababa:ETAD-0053"", ""Addis_Ababa:ETAD-0054"", ""Addis_Ababa:ETAD-0056"", ""Addis_Ababa:ETAD-0057"", ""Addis_Ababa:ETAD-0058"", ""Addis_Ababa:ETAD-0059"", ""Addis_Ababa:ETAD-0060"", ""Addis_Ababa:ETAD-0061"", ""Addis_Ababa:ETAD-0062"", ""Addis_Ababa:ETAD-0064"", ""Addis_Ababa:ETAD-0065"", ""Addis_Ababa:ETAD-0066"", ""Addis_Ababa:ETAD-0067"", ""Addis_Ababa:ETAD-0068"", ""Addis_Ababa:ETAD-0069"", ""Addis_Ababa:ETAD-0070"", ""Addis_Ababa:ETAD-0072"", ""Addis_Ababa:ETAD-0073"", ""Addis_Ababa:ETAD-0074"", ""Addis_Ababa:ETAD-0075"", ""Addis_Ababa:ETAD-0076"", ""Addis_Ababa:ETAD-0077"", ""Addis_Ababa:ETAD-0078"", ""Addis_Ababa:ETAD-0080"", ""Addis_Ababa:ETAD-0081"", ""Addis_Ababa:ETAD-0082"", ""Addis_Ababa:ETAD-0083"", ""Addis_Ababa:ETAD-0084"", ""Addis_Ababa:ETAD-0085"", ""Addis_Ababa:ETAD-0086"", ""Addis_Ababa:ETAD-0088"", ""Addis_Ababa:ETAD-0089"", ""Addis_Ababa:ETAD-0090"", ""Addis_Ababa:ETAD-0091"", ""Addis_Ababa:ETAD-0092"", ""Addis_Ababa:ETAD-0093"", ""Addis_Ababa:ETAD-0094"", ""Addis_Ababa:ETAD-0096"", ""Addis_Ababa:ETAD-0097"", ""Addis_Ababa:ETAD-0098"", ""Addis_Ababa:ETAD-0099"", ""Addis_Ababa:ETAD-0100"", ""Addis_Ababa:ETAD-0101"", ""Addis_Ababa:ETAD-0102"", ""Addis_Ababa:ETAD-0104"", ""Addis_Ababa:ETAD-0105"", ""Addis_Ababa:ETAD-0106"", ""Addis_Ababa:ETAD-0107"", ""Addis_Ababa:ETAD-0108"", ""Addis_Ababa:ETAD-0109"", ""Addis_Ababa:ETAD-0110"", ""Addis_Ababa:ETAD-0112"", ""Addis_Ababa:ETAD-0113"", ""Addis_Ababa:ETAD-0114"", ""Addis_Ababa:ETAD-0115"", ""Addis_Ababa:ETAD-0116"", ""Addis_Ababa:ETAD-0117"", ""Addis_Ababa:ETAD-0118"", ""Addis_Ababa:ETAD-0120"", ""Addis_Ababa:ETAD-0121"", ""Addis_Ababa:ETAD-0128"", ""Addis_Ababa:ETAD-0129"", ""Addis_Ababa:ETAD-0130"", ""Addis_Ababa:ETAD-0131"", ""Addis_Ababa:ETAD-0132"", ""Addis_Ababa:ETAD-0133"", ""Addis_Ababa:ETAD-0134"", ""Addis_Ababa:ETAD-0136"", ""Addis_Ababa:ETAD-0137"", ""Addis_Ababa:ETAD-0138"", ""Addis_Ababa:ETAD-0139"", ""Addis_Ababa:ETAD-0140"", ""Addis_Ababa:ETAD-0141"", ""Addis_Ababa:ETAD-0142"", ""Addis_Ababa:ETAD-0144"", ""Addis_Ababa:ETAD-0145"", ""Addis_Ababa:ETAD-0146"", ""Addis_Ababa:ETAD-0147"", ""Addis_Ababa:ETAD-0148"", ""Addis_Ababa:ETAD-0149"", ""Addis_Ababa:ETAD-0150"", ""Addis_Ababa:ETAD-0152"", ""Addis_Ababa:ETAD-0153"", ""Addis_Ababa:ETAD-0154"", ""Addis_Ababa:ETAD-0155"", ""Addis_Ababa:ETAD-0156""]","[""Addis_Ababa:ETAD-0157"", ""Addis_Ababa:ETAD-0158"", ""Addis_Ababa:ETAD-0160"", ""Addis_Ababa:ETAD-0161"", ""Addis_Ababa:ETAD-0162"", ""Addis_Ababa:ETAD-0163"", ""Addis_Ababa:ETAD-0164"", ""Addis_Ababa:ETAD-0165"", ""Addis_Ababa:ETAD-0166"", ""Addis_Ababa:ETAD-0168"", ""Addis_Ababa:ETAD-0169"", ""Addis_Ababa:ETAD-0170"", ""Addis_Ababa:ETAD-0171"", ""Addis_Ababa:ETAD-0172"", ""Addis_Ababa:ETAD-0173"", ""Addis_Ababa:ETAD-0174"", ""Addis_Ababa:ETAD-0176"", ""Addis_Ababa:ETAD-0177"", ""Addis_Ababa:ETAD-0178"", ""Addis_Ababa:ETAD-0179"", ""Addis_Ababa:ETAD-0180"", ""Addis_Ababa:ETAD-0181"", ""Addis_Ababa:ETAD-0182"", ""Addis_Ababa:ETAD-0184"", ""Addis_Ababa:ETAD-0185"", ""Addis_Ababa:ETAD-0186"", ""Addis_Ababa:ETAD-0187"", ""Addis_Ababa:ETAD-0188"", ""Addis_Ababa:ETAD-0189"", ""Addis_Ababa:ETAD-0190"", ""Addis_Ababa:ETAD-0192""]",117,83,0.693114797533127,10.5333537907337,2.42463370413565,6.96258987683994,2022-12-07,2023-12-29,2024-01-01,2024-03-31,9e90f7bd10bd706bbb6724e89d1640da46422a5dce1f299ac31db6f33769ffe0,True,3.9475212945325224,29.233509157507626,46.24278089,8.997203699700064,9e90f7bd10bd706bbb6724e89d1640da46422a5dce1f299ac31db6f33769ffe0,0.0,3.143765928064515,6.6970950267741935,8.276112473795184,0,-6.012393143798015,7.713320026790034,8.96865682652805,0,2.406241980303591,4.031601329523317,5.4187083661883495,0,3.6817186972667164,47.73195828099065
Addis_Ababa,diagnostic,later_period,2024Q1,id11_earlier,evaluated,evaluated,83,31,"[""Addis_Ababa:ETAD-0057"", ""Addis_Ababa:ETAD-0058"", ""Addis_Ababa:ETAD-0059"", ""Addis_Ababa:ETAD-0060"", ""Addis_Ababa:ETAD-0061"", ""Addis_Ababa:ETAD-0062"", ""Addis_Ababa:ETAD-0064"", ""Addis_Ababa:ETAD-0065"", ""Addis_Ababa:ETAD-0066"", ""Addis_Ababa:ETAD-0067"", ""Addis_Ababa:ETAD-0068"", ""Addis_Ababa:ETAD-0069"", ""Addis_Ababa:ETAD-0070"", ""Addis_Ababa:ETAD-0072"", ""Addis_Ababa:ETAD-0073"", ""Addis_Ababa:ETAD-0074"", ""Addis_Ababa:ETAD-0075"", ""Addis_Ababa:ETAD-0076"", ""Addis_Ababa:ETAD-0077"", ""Addis_Ababa:ETAD-0078"", ""Addis_Ababa:ETAD-0080"", ""Addis_Ababa:ETAD-0081"", ""Addis_Ababa:ETAD-0082"", ""Addis_Ababa:ETAD-0083"", ""Addis_Ababa:ETAD-0084"", ""Addis_Ababa:ETAD-0085"", ""Addis_Ababa:ETAD-0086"", ""Addis_Ababa:ETAD-0088"", ""Addis_Ababa:ETAD-0089"", ""Addis_Ababa:ETAD-0090"", ""Addis_Ababa:ETAD-0091"", ""Addis_Ababa:ETAD-0092"", ""Addis_Ababa:ETAD-0093"", ""Addis_Ababa:ETAD-0094"", ""Addis_Ababa:ETAD-0096"", ""Addis_Ababa:ETAD-0097"", ""Addis_Ababa:ETAD-0098"", ""Addis_Ababa:ETAD-0099"", ""Addis_Ababa:ETAD-0100"", ""Addis_Ababa:ETAD-0101"", ""Addis_Ababa:ETAD-0102"", ""Addis_Ababa:ETAD-0104"", ""Addis_Ababa:ETAD-0105"", ""Addis_Ababa:ETAD-0106"", ""Addis_Ababa:ETAD-0107"", ""Addis_Ababa:ETAD-0108"", ""Addis_Ababa:ETAD-0109"", ""Addis_Ababa:ETAD-0110"", ""Addis_Ababa:ETAD-0112"", ""Addis_Ababa:ETAD-0113"", ""Addis_Ababa:ETAD-0114"", ""Addis_Ababa:ETAD-0115"", ""Addis_Ababa:ETAD-0116"", ""Addis_Ababa:ETAD-0117"", ""Addis_Ababa:ETAD-0118"", ""Addis_Ababa:ETAD-0120"", ""Addis_Ababa:ETAD-0121"", ""Addis_Ababa:ETAD-0128"", ""Addis_Ababa:ETAD-0129"", ""Addis_Ababa:ETAD-0130"", ""Addis_Ababa:ETAD-0131"", ""Addis_Ababa:ETAD-0132"", ""Addis_Ababa:ETAD-0133"", ""Addis_Ababa:ETAD-0134"", ""Addis_Ababa:ETAD-0136"", ""Addis_Ababa:ETAD-0137"", ""Addis_Ababa:ETAD-0138"", ""Addis_Ababa:ETAD-0139"", ""Addis_Ababa:ETAD-0140"", ""Addis_Ababa:ETAD-0141"", ""Addis_Ababa:ETAD-0142"", ""Addis_Ababa:ETAD-0144"", ""Addis_Ababa:ETAD-0145"", ""Addis_Ababa:ETAD-0146"", ""Addis_Ababa:ETAD-0147"", ""Addis_Ababa:ETAD-0148"", ""Addis_Ababa:ETAD-0149"", ""Addis_Ababa:ETAD-0150"", ""Addis_Ababa:ETAD-0152"", ""Addis_Ababa:ETAD-0153"", ""Addis_Ababa:ETAD-0154"", ""Addis_Ababa:ETAD-0155"", ""Addis_Ababa:ETAD-0156""]","[""Addis_Ababa:ETAD-0157"", ""Addis_Ababa:ETAD-0158"", ""Addis_Ababa:ETAD-0160"", ""Addis_Ababa:ETAD-0161"", ""Addis_Ababa:ETAD-0162"", ""Addis_Ababa:ETAD-0163"", ""Addis_Ababa:ETAD-0164"", ""Addis_Ababa:ETAD-0165"", ""Addis_Ababa:ETAD-0166"", ""Addis_Ababa:ETAD-0168"", ""Addis_Ababa:ETAD-0169"", ""Addis_Ababa:ETAD-0170"", ""Addis_Ababa:ETAD-0171"", ""Addis_Ababa:ETAD-0172"", ""Addis_Ababa:ETAD-0173"", ""Addis_Ababa:ETAD-0174"", ""Addis_Ababa:ETAD-0176"", ""Addis_Ababa:ETAD-0177"", ""Addis_Ababa:ETAD-0178"", ""Addis_Ababa:ETAD-0179"", ""Addis_Ababa:ETAD-0180"", ""Addis_Ababa:ETAD-0181"", ""Addis_Ababa:ETAD-0182"", ""Addis_Ababa:ETAD-0184"", ""Addis_Ababa:ETAD-0185"", ""Addis_Ababa:ETAD-0186"", ""Addis_Ababa:ETAD-0187"", ""Addis_Ababa:ETAD-0188"", ""Addis_Ababa:ETAD-0189"", ""Addis_Ababa:ETAD-0190"", ""Addis_Ababa:ETAD-0192""]",117,83,1.90446116072198,10.5333537907337,2.42463370413565,6.96258987683994,2023-03-29,2023-12-29,2024-01-01,2024-03-31,9e90f7bd10bd706bbb6724e89d1640da46422a5dce1f299ac31db6f33769ffe0,True,4.220672693891496,26.971861053298877,46.91845275,8.467021922641115,cad7b9c80b7fe99b714d92309832c6f71c4b95a333037b3a71dcb4d150884bcd,0.0,3.819437788064516,6.927359010645163,8.555634312273057,0,-8.197811159987735,9.042175962218646,10.288858940184712,0,1.2705284425712013,3.7963665909133693,4.942181878874932,0,5.245809371305278,58.01490032072029
Addis_Ababa,diagnostic,later_period,2024Q2,all_earlier,evaluated,evaluated,148,23,"[""Addis_Ababa:ETAD-0001"", ""Addis_Ababa:ETAD-0002"", ""Addis_Ababa:ETAD-0003"", ""Addis_Ababa:ETAD-0004"", ""Addis_Ababa:ETAD-0005"", ""Addis_Ababa:ETAD-0006"", ""Addis_Ababa:ETAD-0008"", ""Addis_Ababa:ETAD-0017"", ""Addis_Ababa:ETAD-0018"", ""Addis_Ababa:ETAD-0019"", ""Addis_Ababa:ETAD-0020"", ""Addis_Ababa:ETAD-0021"", ""Addis_Ababa:ETAD-0022"", ""Addis_Ababa:ETAD-0024"", ""Addis_Ababa:ETAD-0033"", ""Addis_Ababa:ETAD-0034"", ""Addis_Ababa:ETAD-0035"", ""Addis_Ababa:ETAD-0036"", ""Addis_Ababa:ETAD-0037"", ""Addis_Ababa:ETAD-0038"", ""Addis_Ababa:ETAD-0040"", ""Addis_Ababa:ETAD-0041"", ""Addis_Ababa:ETAD-0042"", ""Addis_Ababa:ETAD-0043"", ""Addis_Ababa:ETAD-0044"", ""Addis_Ababa:ETAD-0045"", ""Addis_Ababa:ETAD-0046"", ""Addis_Ababa:ETAD-0049"", ""Addis_Ababa:ETAD-0050"", ""Addis_Ababa:ETAD-0051"", ""Addis_Ababa:ETAD-0052"", ""Addis_Ababa:ETAD-0053"", ""Addis_Ababa:ETAD-0054"", ""Addis_Ababa:ETAD-0056"", ""Addis_Ababa:ETAD-0057"", ""Addis_Ababa:ETAD-0058"", ""Addis_Ababa:ETAD-0059"", ""Addis_Ababa:ETAD-0060"", ""Addis_Ababa:ETAD-0061"", ""Addis_Ababa:ETAD-0062"", ""Addis_Ababa:ETAD-0064"", ""Addis_Ababa:ETAD-0065"", ""Addis_Ababa:ETAD-0066"", ""Addis_Ababa:ETAD-0067"", ""Addis_Ababa:ETAD-0068"", ""Addis_Ababa:ETAD-0069"", ""Addis_Ababa:ETAD-0070"", ""Addis_Ababa:ETAD-0072"", ""Addis_Ababa:ETAD-0073"", ""Addis_Ababa:ETAD-0074"", ""Addis_Ababa:ETAD-0075"", ""Addis_Ababa:ETAD-0076"", ""Addis_Ababa:ETAD-0077"", ""Addis_Ababa:ETAD-0078"", ""Addis_Ababa:ETAD-0080"", ""Addis_Ababa:ETAD-0081"", ""Addis_Ababa:ETAD-0082"", ""Addis_Ababa:ETAD-0083"", ""Addis_Ababa:ETAD-0084"", ""Addis_Ababa:ETAD-0085"", ""Addis_Ababa:ETAD-0086"", ""Addis_Ababa:ETAD-0088"", ""Addis_Ababa:ETAD-0089"", ""Addis_Ababa:ETAD-0090"", ""Addis_Ababa:ETAD-0091"", ""Addis_Ababa:ETAD-0092"", ""Addis_Ababa:ETAD-0093"", ""Addis_Ababa:ETAD-0094"", ""Addis_Ababa:ETAD-0096"", ""Addis_Ababa:ETAD-0097"", ""Addis_Ababa:ETAD-0098"", ""Addis_Ababa:ETAD-0099"", ""Addis_Ababa:ETAD-0100"", ""Addis_Ababa:ETAD-0101"", ""Addis_Ababa:ETAD-0102"", ""Addis_Ababa:ETAD-0104"", ""Addis_Ababa:ETAD-0105"", ""Addis_Ababa:ETAD-0106"", ""Addis_Ababa:ETAD-0107"", ""Addis_Ababa:ETAD-0108"", ""Addis_Ababa:ETAD-0109"", ""Addis_Ababa:ETAD-0110"", ""Addis_Ababa:ETAD-0112"", ""Addis_Ababa:ETAD-0113"", ""Addis_Ababa:ETAD-0114"", ""Addis_Ababa:ETAD-0115"", ""Addis_Ababa:ETAD-0116"", ""Addis_Ababa:ETAD-0117"", ""Addis_Ababa:ETAD-0118"", ""Addis_Ababa:ETAD-0120"", ""Addis_Ababa:ETAD-0121"", ""Addis_Ababa:ETAD-0128"", ""Addis_Ababa:ETAD-0129"", ""Addis_Ababa:ETAD-0130"", ""Addis_Ababa:ETAD-0131"", ""Addis_Ababa:ETAD-0132"", ""Addis_Ababa:ETAD-0133"", ""Addis_Ababa:ETAD-0134"", ""Addis_Ababa:ETAD-0136"", ""Addis_Ababa:ETAD-0137"", ""Addis_Ababa:ETAD-0138"", ""Addis_Ababa:ETAD-0139"", ""Addis_Ababa:ETAD-0140"", ""Addis_Ababa:ETAD-0141"", ""Addis_Ababa:ETAD-0142"", ""Addis_Ababa:ETAD-0144"", ""Addis_Ababa:ETAD-0145"", ""Addis_Ababa:ETAD-0146"", ""Addis_Ababa:ETAD-0147"", ""Addis_Ababa:ETAD-0148"", ""Addis_Ababa:ETAD-0149"", ""Addis_Ababa:ETAD-0150"", ""Addis_Ababa:ETAD-0152"", ""Addis_Ababa:ETAD-0153"", ""Addis_Ababa:ETAD-0154"", ""Addis_Ababa:ETAD-0155"", ""Addis_Ababa:ETAD-0156"", ""Addis_Ababa:ETAD-0157"", ""Addis_Ababa:ETAD-0158"", ""Addis_Ababa:ETAD-0160"", ""Addis_Ababa:ETAD-0161"", ""Addis_Ababa:ETAD-0162"", ""Addis_Ababa:ETAD-0163"", ""Addis_Ababa:ETAD-0164"", ""Addis_Ababa:ETAD-0165"", ""Addis_Ababa:ETAD-0166"", ""Addis_Ababa:ETAD-0168"", ""Addis_Ababa:ETAD-0169"", ""Addis_Ababa:ETAD-0170"", ""Addis_Ababa:ETAD-0171"", ""Addis_Ababa:ETAD-0172"", ""Addis_Ababa:ETAD-0173"", ""Addis_Ababa:ETAD-0174"", ""Addis_Ababa:ETAD-0176"", ""Addis_Ababa:ETAD-0177"", ""Addis_Ababa:ETAD-0178"", ""Addis_Ababa:ETAD-0179"", ""Addis_Ababa:ETAD-0180"", ""Addis_Ababa:ETAD-0181"", ""Addis_Ababa:ETAD-0182"", ""Addis_Ababa:ETAD-0184"", ""Addis_Ababa:ETAD-0185"", ""Addis_Ababa:ETAD-0186"", ""Addis_Ababa:ETAD-0187"", ""Addis_Ababa:ETAD-0188"", ""Addis_Ababa:ETAD-0189"", ""Addis_Ababa:ETAD-0190"", ""Addis_Ababa:ETAD-0192""]","[""Addis_Ababa:ETAD-0193"", ""Addis_Ababa:ETAD-0194"", ""Addis_Ababa:ETAD-0195"", ""Addis_Ababa:ETAD-0196"", ""Addis_Ababa:ETAD-0197"", ""Addis_Ababa:ETAD-0198"", ""Addis_Ababa:ETAD-0200"", ""Addis_Ababa:ETAD-0201"", ""Addis_Ababa:ETAD-0202"", ""Addis_Ababa:ETAD-0203"", ""Addis_Ababa:ETAD-0204"", ""Addis_Ababa:ETAD-0205"", ""Addis_Ababa:ETAD-0206"", ""Addis_Ababa:ETAD-0208"", ""Addis_Ababa:ETAD-0217"", ""Addis_Ababa:ETAD-0218"", ""Addis_Ababa:ETAD-0219"", ""Addis_Ababa:ETAD-0220"", ""Addis_Ababa:ETAD-0221"", ""Addis_Ababa:ETAD-0222"", ""Addis_Ababa:ETAD-0224"", ""Addis_Ababa:ETAD-0225"", ""Addis_Ababa:ETAD-0226""]",148,114,0.693114797533127,10.5333537907337,2.93608135081302,11.7351130556244,2022-12-07,2024-03-31,2024-04-03,2024-06-29,ebc7a3c98c6634db4704419e106b76d73f117bd09b9e33ec8bbb24d3938f0078,True,4.079533740268349,28.122536947524363,45.36193045,9.154133490944472,ebc7a3c98c6634db4704419e106b76d73f117bd09b9e33ec8bbb24d3938f0078,1.0,-9.789353366521738,11.37823481,13.627883830460243,0,3.874557023379677,9.216159367190233,12.716410794224668,0,-0.7239186193010605,4.231820391564708,5.272881023680151,0,4.984338975625525,54.08260401149205
Addis_Ababa,diagnostic,later_period,2024Q2,id11_earlier,evaluated,evaluated,114,23,"[""Addis_Ababa:ETAD-0057"", ""Addis_Ababa:ETAD-0058"", ""Addis_Ababa:ETAD-0059"", ""Addis_Ababa:ETAD-0060"", ""Addis_Ababa:ETAD-0061"", ""Addis_Ababa:ETAD-0062"", ""Addis_Ababa:ETAD-0064"", ""Addis_Ababa:ETAD-0065"", ""Addis_Ababa:ETAD-0066"", ""Addis_Ababa:ETAD-0067"", ""Addis_Ababa:ETAD-0068"", ""Addis_Ababa:ETAD-0069"", ""Addis_Ababa:ETAD-0070"", ""Addis_Ababa:ETAD-0072"", ""Addis_Ababa:ETAD-0073"", ""Addis_Ababa:ETAD-0074"", ""Addis_Ababa:ETAD-0075"", ""Addis_Ababa:ETAD-0076"", ""Addis_Ababa:ETAD-0077"", ""Addis_Ababa:ETAD-0078"", ""Addis_Ababa:ETAD-0080"", ""Addis_Ababa:ETAD-0081"", ""Addis_Ababa:ETAD-0082"", ""Addis_Ababa:ETAD-0083"", ""Addis_Ababa:ETAD-0084"", ""Addis_Ababa:ETAD-0085"", ""Addis_Ababa:ETAD-0086"", ""Addis_Ababa:ETAD-0088"", ""Addis_Ababa:ETAD-0089"", ""Addis_Ababa:ETAD-0090"", ""Addis_Ababa:ETAD-0091"", ""Addis_Ababa:ETAD-0092"", ""Addis_Ababa:ETAD-0093"", ""Addis_Ababa:ETAD-0094"", ""Addis_Ababa:ETAD-0096"", ""Addis_Ababa:ETAD-0097"", ""Addis_Ababa:ETAD-0098"", ""Addis_Ababa:ETAD-0099"", ""Addis_Ababa:ETAD-0100"", ""Addis_Ababa:ETAD-0101"", ""Addis_Ababa:ETAD-0102"", ""Addis_Ababa:ETAD-0104"", ""Addis_Ababa:ETAD-0105"", ""Addis_Ababa:ETAD-0106"", ""Addis_Ababa:ETAD-0107"", ""Addis_Ababa:ETAD-0108"", ""Addis_Ababa:ETAD-0109"", ""Addis_Ababa:ETAD-0110"", ""Addis_Ababa:ETAD-0112"", ""Addis_Ababa:ETAD-0113"", ""Addis_Ababa:ETAD-0114"", ""Addis_Ababa:ETAD-0115"", ""Addis_Ababa:ETAD-0116"", ""Addis_Ababa:ETAD-0117"", ""Addis_Ababa:ETAD-0118"", ""Addis_Ababa:ETAD-0120"", ""Addis_Ababa:ETAD-0121"", ""Addis_Ababa:ETAD-0128"", ""Addis_Ababa:ETAD-0129"", ""Addis_Ababa:ETAD-0130"", ""Addis_Ababa:ETAD-0131"", ""Addis_Ababa:ETAD-0132"", ""Addis_Ababa:ETAD-0133"", ""Addis_Ababa:ETAD-0134"", ""Addis_Ababa:ETAD-0136"", ""Addis_Ababa:ETAD-0137"", ""Addis_Ababa:ETAD-0138"", ""Addis_Ababa:ETAD-0139"", ""Addis_Ababa:ETAD-0140"", ""Addis_Ababa:ETAD-0141"", ""Addis_Ababa:ETAD-0142"", ""Addis_Ababa:ETAD-0144"", ""Addis_Ababa:ETAD-0145"", ""Addis_Ababa:ETAD-0146"", ""Addis_Ababa:ETAD-0147"", ""Addis_Ababa:ETAD-0148"", ""Addis_Ababa:ETAD-0149"", ""Addis_Ababa:ETAD-0150"", ""Addis_Ababa:ETAD-0152"", ""Addis_Ababa:ETAD-0153"", ""Addis_Ababa:ETAD-0154"", ""Addis_Ababa:ETAD-0155"", ""Addis_Ababa:ETAD-0156"", ""Addis_Ababa:ETAD-0157"", ""Addis_Ababa:ETAD-0158"", ""Addis_Ababa:ETAD-0160"", ""Addis_Ababa:ETAD-0161"", ""Addis_Ababa:ETAD-0162"", ""Addis_Ababa:ETAD-0163"", ""Addis_Ababa:ETAD-0164"", ""Addis_Ababa:ETAD-0165"", ""Addis_Ababa:ETAD-0166"", ""Addis_Ababa:ETAD-0168"", ""Addis_Ababa:ETAD-0169"", ""Addis_Ababa:ETAD-0170"", ""Addis_Ababa:ETAD-0171"", ""Addis_Ababa:ETAD-0172"", ""Addis_Ababa:ETAD-0173"", ""Addis_Ababa:ETAD-0174"", ""Addis_Ababa:ETAD-0176"", ""Addis_Ababa:ETAD-0177"", ""Addis_Ababa:ETAD-0178"", ""Addis_Ababa:ETAD-0179"", ""Addis_Ababa:ETAD-0180"", ""Addis_Ababa:ETAD-0181"", ""Addis_Ababa:ETAD-0182"", ""Addis_Ababa:ETAD-0184"", ""Addis_Ababa:ETAD-0185"", ""Addis_Ababa:ETAD-0186"", ""Addis_Ababa:ETAD-0187"", ""Addis_Ababa:ETAD-0188"", ""Addis_Ababa:ETAD-0189"", ""Addis_Ababa:ETAD-0190"", ""Addis_Ababa:ETAD-0192""]","[""Addis_Ababa:ETAD-0193"", ""Addis_Ababa:ETAD-0194"", ""Addis_Ababa:ETAD-0195"", ""Addis_Ababa:ETAD-0196"", ""Addis_Ababa:ETAD-0197"", ""Addis_Ababa:ETAD-0198"", ""Addis_Ababa:ETAD-0200"", ""Addis_Ababa:ETAD-0201"", ""Addis_Ababa:ETAD-0202"", ""Addis_Ababa:ETAD-0203"", ""Addis_Ababa:ETAD-0204"", ""Addis_Ababa:ETAD-0205"", ""Addis_Ababa:ETAD-0206"", ""Addis_Ababa:ETAD-0208"", ""Addis_Ababa:ETAD-0217"", ""Addis_Ababa:ETAD-0218"", ""Addis_Ababa:ETAD-0219"", ""Addis_Ababa:ETAD-0220"", ""Addis_Ababa:ETAD-0221"", ""Addis_Ababa:ETAD-0222"", ""Addis_Ababa:ETAD-0224"", ""Addis_Ababa:ETAD-0225"", ""Addis_Ababa:ETAD-0226""]",148,114,1.90446116072198,10.5333537907337,2.93608135081302,11.7351130556244,2023-03-29,2024-03-31,2024-04-03,2024-06-29,ebc7a3c98c6634db4704419e106b76d73f117bd09b9e33ec8bbb24d3938f0078,True,4.363852514875105,25.90436617506418,46.12331228,8.72932408484107,2405158b454156a59a77841e2ab4cab28cf960ddae911ef7dade9c021417ffe3,1.0,-9.02797153652174,10.881681442608697,13.091678594669823,0,1.135386525510365,8.480360919360097,11.384115320529414,0,-1.108802303001228,4.307384961484367,5.423538945098529,0,4.17297595787573,49.20752781109947
Addis_Ababa,diagnostic,later_period,2024Q3,all_earlier,evaluated,evaluated,171,19,"[""Addis_Ababa:ETAD-0001"", ""Addis_Ababa:ETAD-0002"", ""Addis_Ababa:ETAD-0003"", ""Addis_Ababa:ETAD-0004"", ""Addis_Ababa:ETAD-0005"", ""Addis_Ababa:ETAD-0006"", ""Addis_Ababa:ETAD-0008"", ""Addis_Ababa:ETAD-0017"", ""Addis_Ababa:ETAD-0018"", ""Addis_Ababa:ETAD-0019"", ""Addis_Ababa:ETAD-0020"", ""Addis_Ababa:ETAD-0021"", ""Addis_Ababa:ETAD-0022"", ""Addis_Ababa:ETAD-0024"", ""Addis_Ababa:ETAD-0033"", ""Addis_Ababa:ETAD-0034"", ""Addis_Ababa:ETAD-0035"", ""Addis_Ababa:ETAD-0036"", ""Addis_Ababa:ETAD-0037"", ""Addis_Ababa:ETAD-0038"", ""Addis_Ababa:ETAD-0040"", ""Addis_Ababa:ETAD-0041"", ""Addis_Ababa:ETAD-0042"", ""Addis_Ababa:ETAD-0043"", ""Addis_Ababa:ETAD-0044"", ""Addis_Ababa:ETAD-0045"", ""Addis_Ababa:ETAD-0046"", ""Addis_Ababa:ETAD-0049"", ""Addis_Ababa:ETAD-0050"", ""Addis_Ababa:ETAD-0051"", ""Addis_Ababa:ETAD-0052"", ""Addis_Ababa:ETAD-0053"", ""Addis_Ababa:ETAD-0054"", ""Addis_Ababa:ETAD-0056"", ""Addis_Ababa:ETAD-0057"", ""Addis_Ababa:ETAD-0058"", ""Addis_Ababa:ETAD-0059"", ""Addis_Ababa:ETAD-0060"", ""Addis_Ababa:ETAD-0061"", ""Addis_Ababa:ETAD-0062"", ""Addis_Ababa:ETAD-0064"", ""Addis_Ababa:ETAD-0065"", ""Addis_Ababa:ETAD-0066"", ""Addis_Ababa:ETAD-0067"", ""Addis_Ababa:ETAD-0068"", ""Addis_Ababa:ETAD-0069"", ""Addis_Ababa:ETAD-0070"", ""Addis_Ababa:ETAD-0072"", ""Addis_Ababa:ETAD-0073"", ""Addis_Ababa:ETAD-0074"", ""Addis_Ababa:ETAD-0075"", ""Addis_Ababa:ETAD-0076"", ""Addis_Ababa:ETAD-0077"", ""Addis_Ababa:ETAD-0078"", ""Addis_Ababa:ETAD-0080"", ""Addis_Ababa:ETAD-0081"", ""Addis_Ababa:ETAD-0082"", ""Addis_Ababa:ETAD-0083"", ""Addis_Ababa:ETAD-0084"", ""Addis_Ababa:ETAD-0085"", ""Addis_Ababa:ETAD-0086"", ""Addis_Ababa:ETAD-0088"", ""Addis_Ababa:ETAD-0089"", ""Addis_Ababa:ETAD-0090"", ""Addis_Ababa:ETAD-0091"", ""Addis_Ababa:ETAD-0092"", ""Addis_Ababa:ETAD-0093"", ""Addis_Ababa:ETAD-0094"", ""Addis_Ababa:ETAD-0096"", ""Addis_Ababa:ETAD-0097"", ""Addis_Ababa:ETAD-0098"", ""Addis_Ababa:ETAD-0099"", ""Addis_Ababa:ETAD-0100"", ""Addis_Ababa:ETAD-0101"", ""Addis_Ababa:ETAD-0102"", ""Addis_Ababa:ETAD-0104"", ""Addis_Ababa:ETAD-0105"", ""Addis_Ababa:ETAD-0106"", ""Addis_Ababa:ETAD-0107"", ""Addis_Ababa:ETAD-0108"", ""Addis_Ababa:ETAD-0109"", ""Addis_Ababa:ETAD-0110"", ""Addis_Ababa:ETAD-0112"", ""Addis_Ababa:ETAD-0113"", ""Addis_Ababa:ETAD-0114"", ""Addis_Ababa:ETAD-0115"", ""Addis_Ababa:ETAD-0116"", ""Addis_Ababa:ETAD-0117"", ""Addis_Ababa:ETAD-0118"", ""Addis_Ababa:ETAD-0120"", ""Addis_Ababa:ETAD-0121"", ""Addis_Ababa:ETAD-0128"", ""Addis_Ababa:ETAD-0129"", ""Addis_Ababa:ETAD-0130"", ""Addis_Ababa:ETAD-0131"", ""Addis_Ababa:ETAD-0132"", ""Addis_Ababa:ETAD-0133"", ""Addis_Ababa:ETAD-0134"", ""Addis_Ababa:ETAD-0136"", ""Addis_Ababa:ETAD-0137"", ""Addis_Ababa:ETAD-0138"", ""Addis_Ababa:ETAD-0139"", ""Addis_Ababa:ETAD-0140"", ""Addis_Ababa:ETAD-0141"", ""Addis_Ababa:ETAD-0142"", ""Addis_Ababa:ETAD-0144"", ""Addis_Ababa:ETAD-0145"", ""Addis_Ababa:ETAD-0146"", ""Addis_Ababa:ETAD-0147"", ""Addis_Ababa:ETAD-0148"", ""Addis_Ababa:ETAD-0149"", ""Addis_Ababa:ETAD-0150"", ""Addis_Ababa:ETAD-0152"", ""Addis_Ababa:ETAD-0153"", ""Addis_Ababa:ETAD-0154"", ""Addis_Ababa:ETAD-0155"", ""Addis_Ababa:ETAD-0156"", ""Addis_Ababa:ETAD-0157"", ""Addis_Ababa:ETAD-0158"", ""Addis_Ababa:ETAD-0160"", ""Addis_Ababa:ETAD-0161"", ""Addis_Ababa:ETAD-0162"", ""Addis_Ababa:ETAD-0163"", ""Addis_Ababa:ETAD-0164"", ""Addis_Ababa:ETAD-0165"", ""Addis_Ababa:ETAD-0166"", ""Addis_Ababa:ETAD-0168"", ""Addis_Ababa:ETAD-0169"", ""Addis_Ababa:ETAD-0170"", ""Addis_Ababa:ETAD-0171"", ""Addis_Ababa:ETAD-0172"", ""Addis_Ababa:ETAD-0173"", ""Addis_Ababa:ETAD-0174"", ""Addis_Ababa:ETAD-0176"", ""Addis_Ababa:ETAD-0177"", ""Addis_Ababa:ETAD-0178"", ""Addis_Ababa:ETAD-0179"", ""Addis_Ababa:ETAD-0180"", ""Addis_Ababa:ETAD-0181"", ""Addis_Ababa:ETAD-0182"", ""Addis_Ababa:ETAD-0184"", ""Addis_Ababa:ETAD-0185"", ""Addis_Ababa:ETAD-0186"", ""Addis_Ababa:ETAD-0187"", ""Addis_Ababa:ETAD-0188"", ""Addis_Ababa:ETAD-0189"", ""Addis_Ababa:ETAD-0190"", ""Addis_Ababa:ETAD-0192"", ""Addis_Ababa:ETAD-0193"", ""Addis_Ababa:ETAD-0194"", ""Addis_Ababa:ETAD-0195"", ""Addis_Ababa:ETAD-0196"", ""Addis_Ababa:ETAD-0197"", ""Addis_Ababa:ETAD-0198"", ""Addis_Ababa:ETAD-0200"", ""Addis_Ababa:ETAD-0201"", ""Addis_Ababa:ETAD-0202"", ""Addis_Ababa:ETAD-0203"", ""Addis_Ababa:ETAD-0204"", ""Addis_Ababa:ETAD-0205"", ""Addis_Ababa:ETAD-0206"", ""Addis_Ababa:ETAD-0208"", ""Addis_Ababa:ETAD-0217"", ""Addis_Ababa:ETAD-0218"", ""Addis_Ababa:ETAD-0219"", ""Addis_Ababa:ETAD-0220"", ""Addis_Ababa:ETAD-0221"", ""Addis_Ababa:ETAD-0222"", ""Addis_Ababa:ETAD-0224"", ""Addis_Ababa:ETAD-0225"", ""Addis_Ababa:ETAD-0226""]","[""Addis_Ababa:ETAD-0227"", ""Addis_Ababa:ETAD-0228"", ""Addis_Ababa:ETAD-0229"", ""Addis_Ababa:ETAD-0230"", ""Addis_Ababa:ETAD-0232"", ""Addis_Ababa:ETAD-0233"", ""Addis_Ababa:ETAD-0234"", ""Addis_Ababa:ETAD-0235"", ""Addis_Ababa:ETAD-0236"", ""Addis_Ababa:ETAD-0237"", ""Addis_Ababa:ETAD-0238"", ""Addis_Ababa:ETAD-0240"", ""Addis_Ababa:ETAD-0241"", ""Addis_Ababa:ETAD-0242"", ""Addis_Ababa:ETAD-0243"", ""Addis_Ababa:ETAD-0244"", ""Addis_Ababa:ETAD-0245"", ""Addis_Ababa:ETAD-0246"", ""Addis_Ababa:ETAD-0248""]",171,137,0.693114797533127,11.7351130556244,3.43072578969257,11.136414801705,2022-12-07,2024-06-29,2024-07-02,2024-09-21,a73037043b75d33a57672e048f03ae98b6ab7d380c1f816f2cc514d220128a83,True,4.084358651803416,28.19652157711983,46.44345104,8.92758665430734,a73037043b75d33a57672e048f03ae98b6ab7d380c1f816f2cc514d220128a83,0.0,-10.327283418421052,12.085593061578946,15.746510497939166,0,9.699089730310028,13.249928998425062,15.704249867173543,0,1.8356405339115172,5.650427245844035,7.851151078351384,0,7.599501752581027,57.35503755140373
Addis_Ababa,diagnostic,later_period,2024Q3,id11_earlier,evaluated,evaluated,137,19,"[""Addis_Ababa:ETAD-0057"", ""Addis_Ababa:ETAD-0058"", ""Addis_Ababa:ETAD-0059"", ""Addis_Ababa:ETAD-0060"", ""Addis_Ababa:ETAD-0061"", ""Addis_Ababa:ETAD-0062"", ""Addis_Ababa:ETAD-0064"", ""Addis_Ababa:ETAD-0065"", ""Addis_Ababa:ETAD-0066"", ""Addis_Ababa:ETAD-0067"", ""Addis_Ababa:ETAD-0068"", ""Addis_Ababa:ETAD-0069"", ""Addis_Ababa:ETAD-0070"", ""Addis_Ababa:ETAD-0072"", ""Addis_Ababa:ETAD-0073"", ""Addis_Ababa:ETAD-0074"", ""Addis_Ababa:ETAD-0075"", ""Addis_Ababa:ETAD-0076"", ""Addis_Ababa:ETAD-0077"", ""Addis_Ababa:ETAD-0078"", ""Addis_Ababa:ETAD-0080"", ""Addis_Ababa:ETAD-0081"", ""Addis_Ababa:ETAD-0082"", ""Addis_Ababa:ETAD-0083"", ""Addis_Ababa:ETAD-0084"", ""Addis_Ababa:ETAD-0085"", ""Addis_Ababa:ETAD-0086"", ""Addis_Ababa:ETAD-0088"", ""Addis_Ababa:ETAD-0089"", ""Addis_Ababa:ETAD-0090"", ""Addis_Ababa:ETAD-0091"", ""Addis_Ababa:ETAD-0092"", ""Addis_Ababa:ETAD-0093"", ""Addis_Ababa:ETAD-0094"", ""Addis_Ababa:ETAD-0096"", ""Addis_Ababa:ETAD-0097"", ""Addis_Ababa:ETAD-0098"", ""Addis_Ababa:ETAD-0099"", ""Addis_Ababa:ETAD-0100"", ""Addis_Ababa:ETAD-0101"", ""Addis_Ababa:ETAD-0102"", ""Addis_Ababa:ETAD-0104"", ""Addis_Ababa:ETAD-0105"", ""Addis_Ababa:ETAD-0106"", ""Addis_Ababa:ETAD-0107"", ""Addis_Ababa:ETAD-0108"", ""Addis_Ababa:ETAD-0109"", ""Addis_Ababa:ETAD-0110"", ""Addis_Ababa:ETAD-0112"", ""Addis_Ababa:ETAD-0113"", ""Addis_Ababa:ETAD-0114"", ""Addis_Ababa:ETAD-0115"", ""Addis_Ababa:ETAD-0116"", ""Addis_Ababa:ETAD-0117"", ""Addis_Ababa:ETAD-0118"", ""Addis_Ababa:ETAD-0120"", ""Addis_Ababa:ETAD-0121"", ""Addis_Ababa:ETAD-0128"", ""Addis_Ababa:ETAD-0129"", ""Addis_Ababa:ETAD-0130"", ""Addis_Ababa:ETAD-0131"", ""Addis_Ababa:ETAD-0132"", ""Addis_Ababa:ETAD-0133"", ""Addis_Ababa:ETAD-0134"", ""Addis_Ababa:ETAD-0136"", ""Addis_Ababa:ETAD-0137"", ""Addis_Ababa:ETAD-0138"", ""Addis_Ababa:ETAD-0139"", ""Addis_Ababa:ETAD-0140"", ""Addis_Ababa:ETAD-0141"", ""Addis_Ababa:ETAD-0142"", ""Addis_Ababa:ETAD-0144"", ""Addis_Ababa:ETAD-0145"", ""Addis_Ababa:ETAD-0146"", ""Addis_Ababa:ETAD-0147"", ""Addis_Ababa:ETAD-0148"", ""Addis_Ababa:ETAD-0149"", ""Addis_Ababa:ETAD-0150"", ""Addis_Ababa:ETAD-0152"", ""Addis_Ababa:ETAD-0153"", ""Addis_Ababa:ETAD-0154"", ""Addis_Ababa:ETAD-0155"", ""Addis_Ababa:ETAD-0156"", ""Addis_Ababa:ETAD-0157"", ""Addis_Ababa:ETAD-0158"", ""Addis_Ababa:ETAD-0160"", ""Addis_Ababa:ETAD-0161"", ""Addis_Ababa:ETAD-0162"", ""Addis_Ababa:ETAD-0163"", ""Addis_Ababa:ETAD-0164"", ""Addis_Ababa:ETAD-0165"", ""Addis_Ababa:ETAD-0166"", ""Addis_Ababa:ETAD-0168"", ""Addis_Ababa:ETAD-0169"", ""Addis_Ababa:ETAD-0170"", ""Addis_Ababa:ETAD-0171"", ""Addis_Ababa:ETAD-0172"", ""Addis_Ababa:ETAD-0173"", ""Addis_Ababa:ETAD-0174"", ""Addis_Ababa:ETAD-0176"", ""Addis_Ababa:ETAD-0177"", ""Addis_Ababa:ETAD-0178"", ""Addis_Ababa:ETAD-0179"", ""Addis_Ababa:ETAD-0180"", ""Addis_Ababa:ETAD-0181"", ""Addis_Ababa:ETAD-0182"", ""Addis_Ababa:ETAD-0184"", ""Addis_Ababa:ETAD-0185"", ""Addis_Ababa:ETAD-0186"", ""Addis_Ababa:ETAD-0187"", ""Addis_Ababa:ETAD-0188"", ""Addis_Ababa:ETAD-0189"", ""Addis_Ababa:ETAD-0190"", ""Addis_Ababa:ETAD-0192"", ""Addis_Ababa:ETAD-0193"", ""Addis_Ababa:ETAD-0194"", ""Addis_Ababa:ETAD-0195"", ""Addis_Ababa:ETAD-0196"", ""Addis_Ababa:ETAD-0197"", ""Addis_Ababa:ETAD-0198"", ""Addis_Ababa:ETAD-0200"", ""Addis_Ababa:ETAD-0201"", ""Addis_Ababa:ETAD-0202"", ""Addis_Ababa:ETAD-0203"", ""Addis_Ababa:ETAD-0204"", ""Addis_Ababa:ETAD-0205"", ""Addis_Ababa:ETAD-0206"", ""Addis_Ababa:ETAD-0208"", ""Addis_Ababa:ETAD-0217"", ""Addis_Ababa:ETAD-0218"", ""Addis_Ababa:ETAD-0219"", ""Addis_Ababa:ETAD-0220"", ""Addis_Ababa:ETAD-0221"", ""Addis_Ababa:ETAD-0222"", ""Addis_Ababa:ETAD-0224"", ""Addis_Ababa:ETAD-0225"", ""Addis_Ababa:ETAD-0226""]","[""Addis_Ababa:ETAD-0227"", ""Addis_Ababa:ETAD-0228"", ""Addis_Ababa:ETAD-0229"", ""Addis_Ababa:ETAD-0230"", ""Addis_Ababa:ETAD-0232"", ""Addis_Ababa:ETAD-0233"", ""Addis_Ababa:ETAD-0234"", ""Addis_Ababa:ETAD-0235"", ""Addis_Ababa:ETAD-0236"", ""Addis_Ababa:ETAD-0237"", ""Addis_Ababa:ETAD-0238"", ""Addis_Ababa:ETAD-0240"", ""Addis_Ababa:ETAD-0241"", ""Addis_Ababa:ETAD-0242"", ""Addis_Ababa:ETAD-0243"", ""Addis_Ababa:ETAD-0244"", ""Addis_Ababa:ETAD-0245"", ""Addis_Ababa:ETAD-0246"", ""Addis_Ababa:ETAD-0248""]",171,137,1.90446116072198,11.7351130556244,3.43072578969257,11.136414801705,2023-03-29,2024-06-29,2024-07-02,2024-09-21,a73037043b75d33a57672e048f03ae98b6ab7d380c1f816f2cc514d220128a83,True,4.331880843960045,26.259279624282588,47.11027032,8.584790433319666,bf90a905416fe2964925753aba08e91b2aba4ed4446303368fcbdb29f71f4b89,0.0,-9.660464138421053,11.629348291052631,15.317453359714635,0,7.146820519837718,11.493564289873207,13.786892867124362,0,1.7413105832246432,5.525387206612045,7.813508914204173,0,5.968177083261162,51.926251358942025
Addis_Ababa,ratio_baseline,later_period,2022Q4,all_earlier,empty_id11_test_block,insufficient_training_n,0,0,[],[],0,0,,,,,,,,,302285a8887aa23b4a009e767d5fd7b315cbce8c535ad7a20ec63afb5bf4eb57,False,,,,,2b3c1efc390ad76f8e9754197a2ac92f232ebebbc39850fd7fa4ca11c43e7c48,,,,,0,,,,0,,,,0,,
Addis_Ababa,ratio_baseline,later_period,2022Q4,id11_earlier,empty_id11_test_block,insufficient_training_n,0,0,[],[],0,0,,,,,,,,,302285a8887aa23b4a009e767d5fd7b315cbce8c535ad7a20ec63afb5bf4eb57,False,,,,,2b3c1efc390ad76f8e9754197a2ac92f232ebebbc39850fd7fa4ca11c43e7c48,,,,,0,,,,0,,,,0,,
Addis_Ababa,ratio_baseline,later_period,2023Q1,all_earlier,all_earlier:insufficient_training_n;id11_earlier:insufficient_training_n,insufficient_training_n,9,1,"[""Addis_Ababa:ETAD-0017"", ""Addis_Ababa:ETAD-0018"", ""Addis_Ababa:ETAD-0019"", ""Addis_Ababa:ETAD-0020"", ""Addis_Ababa:ETAD-0021"", ""Addis_Ababa:ETAD-0022"", ""Addis_Ababa:ETAD-0024"", ""Addis_Ababa:ETAD-0033"", ""Addis_Ababa:ETAD-0034""]","[""Addis_Ababa:ETAD-0057""]",9,0,1.62566803465763,4.44446651940708,6.63401511944448,6.63401511944448,2022-12-07,2022-12-31,2023-03-29,2023-03-29,127eb8311495459b86902c6c2b9db1d7b21e5a594b50641dcdd8452e46296b80,False,,,,,63e406a389b1cb782279455efdb70c419d3f69366f122f0ad752474a16d2945c,1.0,,,,0,,,,0,,,,0,,
Addis_Ababa,ratio_baseline,later_period,2023Q1,id11_earlier,all_earlier:insufficient_training_n;id11_earlier:insufficient_training_n,insufficient_training_n,0,1,[],"[""Addis_Ababa:ETAD-0057""]",9,0,,,6.63401511944448,6.63401511944448,,,2023-03-29,2023-03-29,127eb8311495459b86902c6c2b9db1d7b21e5a594b50641dcdd8452e46296b80,False,,,,,2f1f4b27e7d7a09963f93fe8a7700619ec3a9302e5f259acb182c5cc3a1a47f0,,,,,0,,,,0,,,,0,,
Addis_Ababa,ratio_baseline,later_period,2023Q2,all_earlier,id11_earlier:insufficient_training_n,evaluated,35,28,"[""Addis_Ababa:ETAD-0001"", ""Addis_Ababa:ETAD-0002"", ""Addis_Ababa:ETAD-0003"", ""Addis_Ababa:ETAD-0004"", ""Addis_Ababa:ETAD-0005"", ""Addis_Ababa:ETAD-0006"", ""Addis_Ababa:ETAD-0008"", ""Addis_Ababa:ETAD-0017"", ""Addis_Ababa:ETAD-0018"", ""Addis_Ababa:ETAD-0019"", ""Addis_Ababa:ETAD-0020"", ""Addis_Ababa:ETAD-0021"", ""Addis_Ababa:ETAD-0022"", ""Addis_Ababa:ETAD-0024"", ""Addis_Ababa:ETAD-0033"", ""Addis_Ababa:ETAD-0034"", ""Addis_Ababa:ETAD-0035"", ""Addis_Ababa:ETAD-0036"", ""Addis_Ababa:ETAD-0037"", ""Addis_Ababa:ETAD-0038"", ""Addis_Ababa:ETAD-0040"", ""Addis_Ababa:ETAD-0041"", ""Addis_Ababa:ETAD-0042"", ""Addis_Ababa:ETAD-0043"", ""Addis_Ababa:ETAD-0044"", ""Addis_Ababa:ETAD-0045"", ""Addis_Ababa:ETAD-0046"", ""Addis_Ababa:ETAD-0049"", ""Addis_Ababa:ETAD-0050"", ""Addis_Ababa:ETAD-0051"", ""Addis_Ababa:ETAD-0052"", ""Addis_Ababa:ETAD-0053"", ""Addis_Ababa:ETAD-0054"", ""Addis_Ababa:ETAD-0056"", ""Addis_Ababa:ETAD-0057""]","[""Addis_Ababa:ETAD-0058"", ""Addis_Ababa:ETAD-0059"", ""Addis_Ababa:ETAD-0060"", ""Addis_Ababa:ETAD-0061"", ""Addis_Ababa:ETAD-0062"", ""Addis_Ababa:ETAD-0064"", ""Addis_Ababa:ETAD-0065"", ""Addis_Ababa:ETAD-0066"", ""Addis_Ababa:ETAD-0067"", ""Addis_Ababa:ETAD-0068"", ""Addis_Ababa:ETAD-0069"", ""Addis_Ababa:ETAD-0070"", ""Addis_Ababa:ETAD-0072"", ""Addis_Ababa:ETAD-0073"", ""Addis_Ababa:ETAD-0074"", ""Addis_Ababa:ETAD-0075"", ""Addis_Ababa:ETAD-0076"", ""Addis_Ababa:ETAD-0077"", ""Addis_Ababa:ETAD-0078"", ""Addis_Ababa:ETAD-0080"", ""Addis_Ababa:ETAD-0081"", ""Addis_Ababa:ETAD-0082"", ""Addis_Ababa:ETAD-0083"", ""Addis_Ababa:ETAD-0084"", ""Addis_Ababa:ETAD-0085"", ""Addis_Ababa:ETAD-0086"", ""Addis_Ababa:ETAD-0088"", ""Addis_Ababa:ETAD-0089""]",35,1,0.693114797533127,6.63401511944448,1.90446116072198,9.84021969992934,2022-12-07,2023-03-29,2023-04-01,2023-06-28,27812996e3a23eba27d1fefcd6127b162f5316928209a6dbc313ca9490698154,False,5.0719417233427535,27.704294234572835,43.16446055,12.771282702335212,27812996e3a23eba27d1fefcd6127b162f5316928209a6dbc313ca9490698154,10.0,,,,0,,,,0,,,,0,,
Addis_Ababa,ratio_baseline,later_period,2023Q2,id11_earlier,id11_earlier:insufficient_training_n,insufficient_training_n,1,28,"[""Addis_Ababa:ETAD-0057""]","[""Addis_Ababa:ETAD-0058"", ""Addis_Ababa:ETAD-0059"", ""Addis_Ababa:ETAD-0060"", ""Addis_Ababa:ETAD-0061"", ""Addis_Ababa:ETAD-0062"", ""Addis_Ababa:ETAD-0064"", ""Addis_Ababa:ETAD-0065"", ""Addis_Ababa:ETAD-0066"", ""Addis_Ababa:ETAD-0067"", ""Addis_Ababa:ETAD-0068"", ""Addis_Ababa:ETAD-0069"", ""Addis_Ababa:ETAD-0070"", ""Addis_Ababa:ETAD-0072"", ""Addis_Ababa:ETAD-0073"", ""Addis_Ababa:ETAD-0074"", ""Addis_Ababa:ETAD-0075"", ""Addis_Ababa:ETAD-0076"", ""Addis_Ababa:ETAD-0077"", ""Addis_Ababa:ETAD-0078"", ""Addis_Ababa:ETAD-0080"", ""Addis_Ababa:ETAD-0081"", ""Addis_Ababa:ETAD-0082"", ""Addis_Ababa:ETAD-0083"", ""Addis_Ababa:ETAD-0084"", ""Addis_Ababa:ETAD-0085"", ""Addis_Ababa:ETAD-0086"", ""Addis_Ababa:ETAD-0088"", ""Addis_Ababa:ETAD-0089""]",35,1,6.63401511944448,6.63401511944448,1.90446116072198,9.84021969992934,2023-03-29,2023-03-29,2023-04-01,2023-06-28,27812996e3a23eba27d1fefcd6127b162f5316928209a6dbc313ca9490698154,False,,,,,09ff79c2b41b38c027da62e4fd0a51dffa058ed4296afd7fe942699b3748982a,28.0,,,,0,,,,0,,,,0,,
Addis_Ababa,ratio_baseline,later_period,2023Q3,all_earlier,evaluated,evaluated,63,28,"[""Addis_Ababa:ETAD-0001"", ""Addis_Ababa:ETAD-0002"", ""Addis_Ababa:ETAD-0003"", ""Addis_Ababa:ETAD-0004"", ""Addis_Ababa:ETAD-0005"", ""Addis_Ababa:ETAD-0006"", ""Addis_Ababa:ETAD-0008"", ""Addis_Ababa:ETAD-0017"", ""Addis_Ababa:ETAD-0018"", ""Addis_Ababa:ETAD-0019"", ""Addis_Ababa:ETAD-0020"", ""Addis_Ababa:ETAD-0021"", ""Addis_Ababa:ETAD-0022"", ""Addis_Ababa:ETAD-0024"", ""Addis_Ababa:ETAD-0033"", ""Addis_Ababa:ETAD-0034"", ""Addis_Ababa:ETAD-0035"", ""Addis_Ababa:ETAD-0036"", ""Addis_Ababa:ETAD-0037"", ""Addis_Ababa:ETAD-0038"", ""Addis_Ababa:ETAD-0040"", ""Addis_Ababa:ETAD-0041"", ""Addis_Ababa:ETAD-0042"", ""Addis_Ababa:ETAD-0043"", ""Addis_Ababa:ETAD-0044"", ""Addis_Ababa:ETAD-0045"", ""Addis_Ababa:ETAD-0046"", ""Addis_Ababa:ETAD-0049"", ""Addis_Ababa:ETAD-0050"", ""Addis_Ababa:ETAD-0051"", ""Addis_Ababa:ETAD-0052"", ""Addis_Ababa:ETAD-0053"", ""Addis_Ababa:ETAD-0054"", ""Addis_Ababa:ETAD-0056"", ""Addis_Ababa:ETAD-0057"", ""Addis_Ababa:ETAD-0058"", ""Addis_Ababa:ETAD-0059"", ""Addis_Ababa:ETAD-0060"", ""Addis_Ababa:ETAD-0061"", ""Addis_Ababa:ETAD-0062"", ""Addis_Ababa:ETAD-0064"", ""Addis_Ababa:ETAD-0065"", ""Addis_Ababa:ETAD-0066"", ""Addis_Ababa:ETAD-0067"", ""Addis_Ababa:ETAD-0068"", ""Addis_Ababa:ETAD-0069"", ""Addis_Ababa:ETAD-0070"", ""Addis_Ababa:ETAD-0072"", ""Addis_Ababa:ETAD-0073"", ""Addis_Ababa:ETAD-0074"", ""Addis_Ababa:ETAD-0075"", ""Addis_Ababa:ETAD-0076"", ""Addis_Ababa:ETAD-0077"", ""Addis_Ababa:ETAD-0078"", ""Addis_Ababa:ETAD-0080"", ""Addis_Ababa:ETAD-0081"", ""Addis_Ababa:ETAD-0082"", ""Addis_Ababa:ETAD-0083"", ""Addis_Ababa:ETAD-0084"", ""Addis_Ababa:ETAD-0085"", ""Addis_Ababa:ETAD-0086"", ""Addis_Ababa:ETAD-0088"", ""Addis_Ababa:ETAD-0089""]","[""Addis_Ababa:ETAD-0090"", ""Addis_Ababa:ETAD-0091"", ""Addis_Ababa:ETAD-0092"", ""Addis_Ababa:ETAD-0093"", ""Addis_Ababa:ETAD-0094"", ""Addis_Ababa:ETAD-0096"", ""Addis_Ababa:ETAD-0097"", ""Addis_Ababa:ETAD-0098"", ""Addis_Ababa:ETAD-0099"", ""Addis_Ababa:ETAD-0100"", ""Addis_Ababa:ETAD-0101"", ""Addis_Ababa:ETAD-0102"", ""Addis_Ababa:ETAD-0104"", ""Addis_Ababa:ETAD-0105"", ""Addis_Ababa:ETAD-0106"", ""Addis_Ababa:ETAD-0107"", ""Addis_Ababa:ETAD-0108"", ""Addis_Ababa:ETAD-0109"", ""Addis_Ababa:ETAD-0110"", ""Addis_Ababa:ETAD-0112"", ""Addis_Ababa:ETAD-0113"", ""Addis_Ababa:ETAD-0114"", ""Addis_Ababa:ETAD-0115"", ""Addis_Ababa:ETAD-0116"", ""Addis_Ababa:ETAD-0117"", ""Addis_Ababa:ETAD-0118"", ""Addis_Ababa:ETAD-0120"", ""Addis_Ababa:ETAD-0121""]",63,29,0.693114797533127,9.84021969992934,3.43937872823145,10.5333537907337,2022-12-07,2023-06-28,2023-07-01,2023-09-27,e7ac24be9c924a682d5da35d567dbe71b4bb309a4f2069a4a8d62fb885d6b16f,True,3.980191977054051,30.189977639111234,46.24278089,9.487948510513847,e7ac24be9c924a682d5da35d567dbe71b4bb309a4f2069a4a8d62fb885d6b16f,1.0,-8.22170367107143,10.16106824392857,12.445646150725374,0,10.347824558885574,12.138593633587655,13.951030836817033,0,2.914240201587284,3.943288319207651,5.01707856965647,0,8.195305314380004,67.51445481874838
Addis_Ababa,ratio_baseline,later_period,2023Q3,id11_earlier,evaluated,evaluated,29,28,"[""Addis_Ababa:ETAD-0057"", ""Addis_Ababa:ETAD-0058"", ""Addis_Ababa:ETAD-0059"", ""Addis_Ababa:ETAD-0060"", ""Addis_Ababa:ETAD-0061"", ""Addis_Ababa:ETAD-0062"", ""Addis_Ababa:ETAD-0064"", ""Addis_Ababa:ETAD-0065"", ""Addis_Ababa:ETAD-0066"", ""Addis_Ababa:ETAD-0067"", ""Addis_Ababa:ETAD-0068"", ""Addis_Ababa:ETAD-0069"", ""Addis_Ababa:ETAD-0070"", ""Addis_Ababa:ETAD-0072"", ""Addis_Ababa:ETAD-0073"", ""Addis_Ababa:ETAD-0074"", ""Addis_Ababa:ETAD-0075"", ""Addis_Ababa:ETAD-0076"", ""Addis_Ababa:ETAD-0077"", ""Addis_Ababa:ETAD-0078"", ""Addis_Ababa:ETAD-0080"", ""Addis_Ababa:ETAD-0081"", ""Addis_Ababa:ETAD-0082"", ""Addis_Ababa:ETAD-0083"", ""Addis_Ababa:ETAD-0084"", ""Addis_Ababa:ETAD-0085"", ""Addis_Ababa:ETAD-0086"", ""Addis_Ababa:ETAD-0088"", ""Addis_Ababa:ETAD-0089""]","[""Addis_Ababa:ETAD-0090"", ""Addis_Ababa:ETAD-0091"", ""Addis_Ababa:ETAD-0092"", ""Addis_Ababa:ETAD-0093"", ""Addis_Ababa:ETAD-0094"", ""Addis_Ababa:ETAD-0096"", ""Addis_Ababa:ETAD-0097"", ""Addis_Ababa:ETAD-0098"", ""Addis_Ababa:ETAD-0099"", ""Addis_Ababa:ETAD-0100"", ""Addis_Ababa:ETAD-0101"", ""Addis_Ababa:ETAD-0102"", ""Addis_Ababa:ETAD-0104"", ""Addis_Ababa:ETAD-0105"", ""Addis_Ababa:ETAD-0106"", ""Addis_Ababa:ETAD-0107"", ""Addis_Ababa:ETAD-0108"", ""Addis_Ababa:ETAD-0109"", ""Addis_Ababa:ETAD-0110"", ""Addis_Ababa:ETAD-0112"", ""Addis_Ababa:ETAD-0113"", ""Addis_Ababa:ETAD-0114"", ""Addis_Ababa:ETAD-0115"", ""Addis_Ababa:ETAD-0116"", ""Addis_Ababa:ETAD-0117"", ""Addis_Ababa:ETAD-0118"", ""Addis_Ababa:ETAD-0120"", ""Addis_Ababa:ETAD-0121""]",63,29,1.90446116072198,9.84021969992934,3.43937872823145,10.5333537907337,2023-03-29,2023-06-28,2023-07-01,2023-09-27,e7ac24be9c924a682d5da35d567dbe71b4bb309a4f2069a4a8d62fb885d6b16f,True,4.302322238352404,27.284741709022825,48.87206008,8.330826337868002,9caa0ea6a45bd23a60b923761ded8271b998f826f985b3a1887cf3edf3d7e91a,1.0,-5.592424481071433,8.952959709642858,10.88911880873025,0,2.443506796202314,6.571024106378457,7.898885396971389,0,2.2094805967050983,3.542205795701841,4.50732558332964,0,3.0288183106766158,46.09355043662917
Addis_Ababa,ratio_baseline,later_period,2023Q4,all_earlier,evaluated,evaluated,91,26,"[""Addis_Ababa:ETAD-0001"", ""Addis_Ababa:ETAD-0002"", ""Addis_Ababa:ETAD-0003"", ""Addis_Ababa:ETAD-0004"", ""Addis_Ababa:ETAD-0005"", ""Addis_Ababa:ETAD-0006"", ""Addis_Ababa:ETAD-0008"", ""Addis_Ababa:ETAD-0017"", ""Addis_Ababa:ETAD-0018"", ""Addis_Ababa:ETAD-0019"", ""Addis_Ababa:ETAD-0020"", ""Addis_Ababa:ETAD-0021"", ""Addis_Ababa:ETAD-0022"", ""Addis_Ababa:ETAD-0024"", ""Addis_Ababa:ETAD-0033"", ""Addis_Ababa:ETAD-0034"", ""Addis_Ababa:ETAD-0035"", ""Addis_Ababa:ETAD-0036"", ""Addis_Ababa:ETAD-0037"", ""Addis_Ababa:ETAD-0038"", ""Addis_Ababa:ETAD-0040"", ""Addis_Ababa:ETAD-0041"", ""Addis_Ababa:ETAD-0042"", ""Addis_Ababa:ETAD-0043"", ""Addis_Ababa:ETAD-0044"", ""Addis_Ababa:ETAD-0045"", ""Addis_Ababa:ETAD-0046"", ""Addis_Ababa:ETAD-0049"", ""Addis_Ababa:ETAD-0050"", ""Addis_Ababa:ETAD-0051"", ""Addis_Ababa:ETAD-0052"", ""Addis_Ababa:ETAD-0053"", ""Addis_Ababa:ETAD-0054"", ""Addis_Ababa:ETAD-0056"", ""Addis_Ababa:ETAD-0057"", ""Addis_Ababa:ETAD-0058"", ""Addis_Ababa:ETAD-0059"", ""Addis_Ababa:ETAD-0060"", ""Addis_Ababa:ETAD-0061"", ""Addis_Ababa:ETAD-0062"", ""Addis_Ababa:ETAD-0064"", ""Addis_Ababa:ETAD-0065"", ""Addis_Ababa:ETAD-0066"", ""Addis_Ababa:ETAD-0067"", ""Addis_Ababa:ETAD-0068"", ""Addis_Ababa:ETAD-0069"", ""Addis_Ababa:ETAD-0070"", ""Addis_Ababa:ETAD-0072"", ""Addis_Ababa:ETAD-0073"", ""Addis_Ababa:ETAD-0074"", ""Addis_Ababa:ETAD-0075"", ""Addis_Ababa:ETAD-0076"", ""Addis_Ababa:ETAD-0077"", ""Addis_Ababa:ETAD-0078"", ""Addis_Ababa:ETAD-0080"", ""Addis_Ababa:ETAD-0081"", ""Addis_Ababa:ETAD-0082"", ""Addis_Ababa:ETAD-0083"", ""Addis_Ababa:ETAD-0084"", ""Addis_Ababa:ETAD-0085"", ""Addis_Ababa:ETAD-0086"", ""Addis_Ababa:ETAD-0088"", ""Addis_Ababa:ETAD-0089"", ""Addis_Ababa:ETAD-0090"", ""Addis_Ababa:ETAD-0091"", ""Addis_Ababa:ETAD-0092"", ""Addis_Ababa:ETAD-0093"", ""Addis_Ababa:ETAD-0094"", ""Addis_Ababa:ETAD-0096"", ""Addis_Ababa:ETAD-0097"", ""Addis_Ababa:ETAD-0098"", ""Addis_Ababa:ETAD-0099"", ""Addis_Ababa:ETAD-0100"", ""Addis_Ababa:ETAD-0101"", ""Addis_Ababa:ETAD-0102"", ""Addis_Ababa:ETAD-0104"", ""Addis_Ababa:ETAD-0105"", ""Addis_Ababa:ETAD-0106"", ""Addis_Ababa:ETAD-0107"", ""Addis_Ababa:ETAD-0108"", ""Addis_Ababa:ETAD-0109"", ""Addis_Ababa:ETAD-0110"", ""Addis_Ababa:ETAD-0112"", ""Addis_Ababa:ETAD-0113"", ""Addis_Ababa:ETAD-0114"", ""Addis_Ababa:ETAD-0115"", ""Addis_Ababa:ETAD-0116"", ""Addis_Ababa:ETAD-0117"", ""Addis_Ababa:ETAD-0118"", ""Addis_Ababa:ETAD-0120"", ""Addis_Ababa:ETAD-0121""]","[""Addis_Ababa:ETAD-0128"", ""Addis_Ababa:ETAD-0129"", ""Addis_Ababa:ETAD-0130"", ""Addis_Ababa:ETAD-0131"", ""Addis_Ababa:ETAD-0132"", ""Addis_Ababa:ETAD-0133"", ""Addis_Ababa:ETAD-0134"", ""Addis_Ababa:ETAD-0136"", ""Addis_Ababa:ETAD-0137"", ""Addis_Ababa:ETAD-0138"", ""Addis_Ababa:ETAD-0139"", ""Addis_Ababa:ETAD-0140"", ""Addis_Ababa:ETAD-0141"", ""Addis_Ababa:ETAD-0142"", ""Addis_Ababa:ETAD-0144"", ""Addis_Ababa:ETAD-0145"", ""Addis_Ababa:ETAD-0146"", ""Addis_Ababa:ETAD-0147"", ""Addis_Ababa:ETAD-0148"", ""Addis_Ababa:ETAD-0149"", ""Addis_Ababa:ETAD-0150"", ""Addis_Ababa:ETAD-0152"", ""Addis_Ababa:ETAD-0153"", ""Addis_Ababa:ETAD-0154"", ""Addis_Ababa:ETAD-0155"", ""Addis_Ababa:ETAD-0156""]",91,57,0.693114797533127,10.5333537907337,2.23594182575397,4.14642906938964,2022-12-07,2023-09-27,2023-10-15,2023-12-29,da385e5a78380e8a277a7c6ba7e820b15f9d034d45f10dbe008ff2e067f675cc,True,3.843077206744481,29.996118637737982,47.34375593,8.659062328935626,da385e5a78380e8a277a7c6ba7e820b15f9d034d45f10dbe008ff2e067f675cc,0.0,5.812912218461539,6.149058453076924,7.360758325030093,0,-12.81145045316667,12.81145045316667,13.258180888576858,0,1.2115563860243468,2.658129750414881,3.4727333625778423,0,10.153320702751788,79.2519218637117
Addis_Ababa,ratio_baseline,later_period,2023Q4,id11_earlier,evaluated,evaluated,57,26,"[""Addis_Ababa:ETAD-0057"", ""Addis_Ababa:ETAD-0058"", ""Addis_Ababa:ETAD-0059"", ""Addis_Ababa:ETAD-0060"", ""Addis_Ababa:ETAD-0061"", ""Addis_Ababa:ETAD-0062"", ""Addis_Ababa:ETAD-0064"", ""Addis_Ababa:ETAD-0065"", ""Addis_Ababa:ETAD-0066"", ""Addis_Ababa:ETAD-0067"", ""Addis_Ababa:ETAD-0068"", ""Addis_Ababa:ETAD-0069"", ""Addis_Ababa:ETAD-0070"", ""Addis_Ababa:ETAD-0072"", ""Addis_Ababa:ETAD-0073"", ""Addis_Ababa:ETAD-0074"", ""Addis_Ababa:ETAD-0075"", ""Addis_Ababa:ETAD-0076"", ""Addis_Ababa:ETAD-0077"", ""Addis_Ababa:ETAD-0078"", ""Addis_Ababa:ETAD-0080"", ""Addis_Ababa:ETAD-0081"", ""Addis_Ababa:ETAD-0082"", ""Addis_Ababa:ETAD-0083"", ""Addis_Ababa:ETAD-0084"", ""Addis_Ababa:ETAD-0085"", ""Addis_Ababa:ETAD-0086"", ""Addis_Ababa:ETAD-0088"", ""Addis_Ababa:ETAD-0089"", ""Addis_Ababa:ETAD-0090"", ""Addis_Ababa:ETAD-0091"", ""Addis_Ababa:ETAD-0092"", ""Addis_Ababa:ETAD-0093"", ""Addis_Ababa:ETAD-0094"", ""Addis_Ababa:ETAD-0096"", ""Addis_Ababa:ETAD-0097"", ""Addis_Ababa:ETAD-0098"", ""Addis_Ababa:ETAD-0099"", ""Addis_Ababa:ETAD-0100"", ""Addis_Ababa:ETAD-0101"", ""Addis_Ababa:ETAD-0102"", ""Addis_Ababa:ETAD-0104"", ""Addis_Ababa:ETAD-0105"", ""Addis_Ababa:ETAD-0106"", ""Addis_Ababa:ETAD-0107"", ""Addis_Ababa:ETAD-0108"", ""Addis_Ababa:ETAD-0109"", ""Addis_Ababa:ETAD-0110"", ""Addis_Ababa:ETAD-0112"", ""Addis_Ababa:ETAD-0113"", ""Addis_Ababa:ETAD-0114"", ""Addis_Ababa:ETAD-0115"", ""Addis_Ababa:ETAD-0116"", ""Addis_Ababa:ETAD-0117"", ""Addis_Ababa:ETAD-0118"", ""Addis_Ababa:ETAD-0120"", ""Addis_Ababa:ETAD-0121""]","[""Addis_Ababa:ETAD-0128"", ""Addis_Ababa:ETAD-0129"", ""Addis_Ababa:ETAD-0130"", ""Addis_Ababa:ETAD-0131"", ""Addis_Ababa:ETAD-0132"", ""Addis_Ababa:ETAD-0133"", ""Addis_Ababa:ETAD-0134"", ""Addis_Ababa:ETAD-0136"", ""Addis_Ababa:ETAD-0137"", ""Addis_Ababa:ETAD-0138"", ""Addis_Ababa:ETAD-0139"", ""Addis_Ababa:ETAD-0140"", ""Addis_Ababa:ETAD-0141"", ""Addis_Ababa:ETAD-0142"", ""Addis_Ababa:ETAD-0144"", ""Addis_Ababa:ETAD-0145"", ""Addis_Ababa:ETAD-0146"", ""Addis_Ababa:ETAD-0147"", ""Addis_Ababa:ETAD-0148"", ""Addis_Ababa:ETAD-0149"", ""Addis_Ababa:ETAD-0150"", ""Addis_Ababa:ETAD-0152"", ""Addis_Ababa:ETAD-0153"", ""Addis_Ababa:ETAD-0154"", ""Addis_Ababa:ETAD-0155"", ""Addis_Ababa:ETAD-0156""]",91,57,1.90446116072198,10.5333537907337,2.23594182575397,4.14642906938964,2023-03-29,2023-09-27,2023-10-15,2023-12-29,da385e5a78380e8a277a7c6ba7e820b15f9d034d45f10dbe008ff2e067f675cc,True,4.3351026891735245,25.99186449122519,52.74626602,8.019768013848577,16a64f0939122f4458c8cb70df19dc41ac0d001ab3d09c55dad717fa38f05c87,0.0,11.215422308461541,11.215422308461541,12.090347894791826,0,-14.93178913943217,14.93178913943217,15.284330724924725,0,-1.160803591555175,2.784348033610916,3.3714876966364824,0,12.147441105821253,81.3528840542092
Addis_Ababa,ratio_baseline,later_period,2024Q1,all_earlier,evaluated,evaluated,117,31,"[""Addis_Ababa:ETAD-0001"", ""Addis_Ababa:ETAD-0002"", ""Addis_Ababa:ETAD-0003"", ""Addis_Ababa:ETAD-0004"", ""Addis_Ababa:ETAD-0005"", ""Addis_Ababa:ETAD-0006"", ""Addis_Ababa:ETAD-0008"", ""Addis_Ababa:ETAD-0017"", ""Addis_Ababa:ETAD-0018"", ""Addis_Ababa:ETAD-0019"", ""Addis_Ababa:ETAD-0020"", ""Addis_Ababa:ETAD-0021"", ""Addis_Ababa:ETAD-0022"", ""Addis_Ababa:ETAD-0024"", ""Addis_Ababa:ETAD-0033"", ""Addis_Ababa:ETAD-0034"", ""Addis_Ababa:ETAD-0035"", ""Addis_Ababa:ETAD-0036"", ""Addis_Ababa:ETAD-0037"", ""Addis_Ababa:ETAD-0038"", ""Addis_Ababa:ETAD-0040"", ""Addis_Ababa:ETAD-0041"", ""Addis_Ababa:ETAD-0042"", ""Addis_Ababa:ETAD-0043"", ""Addis_Ababa:ETAD-0044"", ""Addis_Ababa:ETAD-0045"", ""Addis_Ababa:ETAD-0046"", ""Addis_Ababa:ETAD-0049"", ""Addis_Ababa:ETAD-0050"", ""Addis_Ababa:ETAD-0051"", ""Addis_Ababa:ETAD-0052"", ""Addis_Ababa:ETAD-0053"", ""Addis_Ababa:ETAD-0054"", ""Addis_Ababa:ETAD-0056"", ""Addis_Ababa:ETAD-0057"", ""Addis_Ababa:ETAD-0058"", ""Addis_Ababa:ETAD-0059"", ""Addis_Ababa:ETAD-0060"", ""Addis_Ababa:ETAD-0061"", ""Addis_Ababa:ETAD-0062"", ""Addis_Ababa:ETAD-0064"", ""Addis_Ababa:ETAD-0065"", ""Addis_Ababa:ETAD-0066"", ""Addis_Ababa:ETAD-0067"", ""Addis_Ababa:ETAD-0068"", ""Addis_Ababa:ETAD-0069"", ""Addis_Ababa:ETAD-0070"", ""Addis_Ababa:ETAD-0072"", ""Addis_Ababa:ETAD-0073"", ""Addis_Ababa:ETAD-0074"", ""Addis_Ababa:ETAD-0075"", ""Addis_Ababa:ETAD-0076"", ""Addis_Ababa:ETAD-0077"", ""Addis_Ababa:ETAD-0078"", ""Addis_Ababa:ETAD-0080"", ""Addis_Ababa:ETAD-0081"", ""Addis_Ababa:ETAD-0082"", ""Addis_Ababa:ETAD-0083"", ""Addis_Ababa:ETAD-0084"", ""Addis_Ababa:ETAD-0085"", ""Addis_Ababa:ETAD-0086"", ""Addis_Ababa:ETAD-0088"", ""Addis_Ababa:ETAD-0089"", ""Addis_Ababa:ETAD-0090"", ""Addis_Ababa:ETAD-0091"", ""Addis_Ababa:ETAD-0092"", ""Addis_Ababa:ETAD-0093"", ""Addis_Ababa:ETAD-0094"", ""Addis_Ababa:ETAD-0096"", ""Addis_Ababa:ETAD-0097"", ""Addis_Ababa:ETAD-0098"", ""Addis_Ababa:ETAD-0099"", ""Addis_Ababa:ETAD-0100"", ""Addis_Ababa:ETAD-0101"", ""Addis_Ababa:ETAD-0102"", ""Addis_Ababa:ETAD-0104"", ""Addis_Ababa:ETAD-0105"", ""Addis_Ababa:ETAD-0106"", ""Addis_Ababa:ETAD-0107"", ""Addis_Ababa:ETAD-0108"", ""Addis_Ababa:ETAD-0109"", ""Addis_Ababa:ETAD-0110"", ""Addis_Ababa:ETAD-0112"", ""Addis_Ababa:ETAD-0113"", ""Addis_Ababa:ETAD-0114"", ""Addis_Ababa:ETAD-0115"", ""Addis_Ababa:ETAD-0116"", ""Addis_Ababa:ETAD-0117"", ""Addis_Ababa:ETAD-0118"", ""Addis_Ababa:ETAD-0120"", ""Addis_Ababa:ETAD-0121"", ""Addis_Ababa:ETAD-0128"", ""Addis_Ababa:ETAD-0129"", ""Addis_Ababa:ETAD-0130"", ""Addis_Ababa:ETAD-0131"", ""Addis_Ababa:ETAD-0132"", ""Addis_Ababa:ETAD-0133"", ""Addis_Ababa:ETAD-0134"", ""Addis_Ababa:ETAD-0136"", ""Addis_Ababa:ETAD-0137"", ""Addis_Ababa:ETAD-0138"", ""Addis_Ababa:ETAD-0139"", ""Addis_Ababa:ETAD-0140"", ""Addis_Ababa:ETAD-0141"", ""Addis_Ababa:ETAD-0142"", ""Addis_Ababa:ETAD-0144"", ""Addis_Ababa:ETAD-0145"", ""Addis_Ababa:ETAD-0146"", ""Addis_Ababa:ETAD-0147"", ""Addis_Ababa:ETAD-0148"", ""Addis_Ababa:ETAD-0149"", ""Addis_Ababa:ETAD-0150"", ""Addis_Ababa:ETAD-0152"", ""Addis_Ababa:ETAD-0153"", ""Addis_Ababa:ETAD-0154"", ""Addis_Ababa:ETAD-0155"", ""Addis_Ababa:ETAD-0156""]","[""Addis_Ababa:ETAD-0157"", ""Addis_Ababa:ETAD-0158"", ""Addis_Ababa:ETAD-0160"", ""Addis_Ababa:ETAD-0161"", ""Addis_Ababa:ETAD-0162"", ""Addis_Ababa:ETAD-0163"", ""Addis_Ababa:ETAD-0164"", ""Addis_Ababa:ETAD-0165"", ""Addis_Ababa:ETAD-0166"", ""Addis_Ababa:ETAD-0168"", ""Addis_Ababa:ETAD-0169"", ""Addis_Ababa:ETAD-0170"", ""Addis_Ababa:ETAD-0171"", ""Addis_Ababa:ETAD-0172"", ""Addis_Ababa:ETAD-0173"", ""Addis_Ababa:ETAD-0174"", ""Addis_Ababa:ETAD-0176"", ""Addis_Ababa:ETAD-0177"", ""Addis_Ababa:ETAD-0178"", ""Addis_Ababa:ETAD-0179"", ""Addis_Ababa:ETAD-0180"", ""Addis_Ababa:ETAD-0181"", ""Addis_Ababa:ETAD-0182"", ""Addis_Ababa:ETAD-0184"", ""Addis_Ababa:ETAD-0185"", ""Addis_Ababa:ETAD-0186"", ""Addis_Ababa:ETAD-0187"", ""Addis_Ababa:ETAD-0188"", ""Addis_Ababa:ETAD-0189"", ""Addis_Ababa:ETAD-0190"", ""Addis_Ababa:ETAD-0192""]",117,83,0.693114797533127,10.5333537907337,2.42463370413565,6.96258987683994,2022-12-07,2023-12-29,2024-01-01,2024-03-31,9e90f7bd10bd706bbb6724e89d1640da46422a5dce1f299ac31db6f33769ffe0,True,3.9475212945325224,29.233509157507626,46.24278089,8.997203699700064,9e90f7bd10bd706bbb6724e89d1640da46422a5dce1f299ac31db6f33769ffe0,0.0,3.143765928064515,6.6970950267741935,8.276112473795184,0,-6.012393143798015,7.713320026790034,8.96865682652805,0,2.406241980303591,4.031601329523317,5.4187083661883495,0,3.6817186972667164,47.73195828099065
Addis_Ababa,ratio_baseline,later_period,2024Q1,id11_earlier,evaluated,evaluated,83,31,"[""Addis_Ababa:ETAD-0057"", ""Addis_Ababa:ETAD-0058"", ""Addis_Ababa:ETAD-0059"", ""Addis_Ababa:ETAD-0060"", ""Addis_Ababa:ETAD-0061"", ""Addis_Ababa:ETAD-0062"", ""Addis_Ababa:ETAD-0064"", ""Addis_Ababa:ETAD-0065"", ""Addis_Ababa:ETAD-0066"", ""Addis_Ababa:ETAD-0067"", ""Addis_Ababa:ETAD-0068"", ""Addis_Ababa:ETAD-0069"", ""Addis_Ababa:ETAD-0070"", ""Addis_Ababa:ETAD-0072"", ""Addis_Ababa:ETAD-0073"", ""Addis_Ababa:ETAD-0074"", ""Addis_Ababa:ETAD-0075"", ""Addis_Ababa:ETAD-0076"", ""Addis_Ababa:ETAD-0077"", ""Addis_Ababa:ETAD-0078"", ""Addis_Ababa:ETAD-0080"", ""Addis_Ababa:ETAD-0081"", ""Addis_Ababa:ETAD-0082"", ""Addis_Ababa:ETAD-0083"", ""Addis_Ababa:ETAD-0084"", ""Addis_Ababa:ETAD-0085"", ""Addis_Ababa:ETAD-0086"", ""Addis_Ababa:ETAD-0088"", ""Addis_Ababa:ETAD-0089"", ""Addis_Ababa:ETAD-0090"", ""Addis_Ababa:ETAD-0091"", ""Addis_Ababa:ETAD-0092"", ""Addis_Ababa:ETAD-0093"", ""Addis_Ababa:ETAD-0094"", ""Addis_Ababa:ETAD-0096"", ""Addis_Ababa:ETAD-0097"", ""Addis_Ababa:ETAD-0098"", ""Addis_Ababa:ETAD-0099"", ""Addis_Ababa:ETAD-0100"", ""Addis_Ababa:ETAD-0101"", ""Addis_Ababa:ETAD-0102"", ""Addis_Ababa:ETAD-0104"", ""Addis_Ababa:ETAD-0105"", ""Addis_Ababa:ETAD-0106"", ""Addis_Ababa:ETAD-0107"", ""Addis_Ababa:ETAD-0108"", ""Addis_Ababa:ETAD-0109"", ""Addis_Ababa:ETAD-0110"", ""Addis_Ababa:ETAD-0112"", ""Addis_Ababa:ETAD-0113"", ""Addis_Ababa:ETAD-0114"", ""Addis_Ababa:ETAD-0115"", ""Addis_Ababa:ETAD-0116"", ""Addis_Ababa:ETAD-0117"", ""Addis_Ababa:ETAD-0118"", ""Addis_Ababa:ETAD-0120"", ""Addis_Ababa:ETAD-0121"", ""Addis_Ababa:ETAD-0128"", ""Addis_Ababa:ETAD-0129"", ""Addis_Ababa:ETAD-0130"", ""Addis_Ababa:ETAD-0131"", ""Addis_Ababa:ETAD-0132"", ""Addis_Ababa:ETAD-0133"", ""Addis_Ababa:ETAD-0134"", ""Addis_Ababa:ETAD-0136"", ""Addis_Ababa:ETAD-0137"", ""Addis_Ababa:ETAD-0138"", ""Addis_Ababa:ETAD-0139"", ""Addis_Ababa:ETAD-0140"", ""Addis_Ababa:ETAD-0141"", ""Addis_Ababa:ETAD-0142"", ""Addis_Ababa:ETAD-0144"", ""Addis_Ababa:ETAD-0145"", ""Addis_Ababa:ETAD-0146"", ""Addis_Ababa:ETAD-0147"", ""Addis_Ababa:ETAD-0148"", ""Addis_Ababa:ETAD-0149"", ""Addis_Ababa:ETAD-0150"", ""Addis_Ababa:ETAD-0152"", ""Addis_Ababa:ETAD-0153"", ""Addis_Ababa:ETAD-0154"", ""Addis_Ababa:ETAD-0155"", ""Addis_Ababa:ETAD-0156""]","[""Addis_Ababa:ETAD-0157"", ""Addis_Ababa:ETAD-0158"", ""Addis_Ababa:ETAD-0160"", ""Addis_Ababa:ETAD-0161"", ""Addis_Ababa:ETAD-0162"", ""Addis_Ababa:ETAD-0163"", ""Addis_Ababa:ETAD-0164"", ""Addis_Ababa:ETAD-0165"", ""Addis_Ababa:ETAD-0166"", ""Addis_Ababa:ETAD-0168"", ""Addis_Ababa:ETAD-0169"", ""Addis_Ababa:ETAD-0170"", ""Addis_Ababa:ETAD-0171"", ""Addis_Ababa:ETAD-0172"", ""Addis_Ababa:ETAD-0173"", ""Addis_Ababa:ETAD-0174"", ""Addis_Ababa:ETAD-0176"", ""Addis_Ababa:ETAD-0177"", ""Addis_Ababa:ETAD-0178"", ""Addis_Ababa:ETAD-0179"", ""Addis_Ababa:ETAD-0180"", ""Addis_Ababa:ETAD-0181"", ""Addis_Ababa:ETAD-0182"", ""Addis_Ababa:ETAD-0184"", ""Addis_Ababa:ETAD-0185"", ""Addis_Ababa:ETAD-0186"", ""Addis_Ababa:ETAD-0187"", ""Addis_Ababa:ETAD-0188"", ""Addis_Ababa:ETAD-0189"", ""Addis_Ababa:ETAD-0190"", ""Addis_Ababa:ETAD-0192""]",117,83,1.90446116072198,10.5333537907337,2.42463370413565,6.96258987683994,2023-03-29,2023-12-29,2024-01-01,2024-03-31,9e90f7bd10bd706bbb6724e89d1640da46422a5dce1f299ac31db6f33769ffe0,True,4.220672693891496,26.971861053298877,46.91845275,8.467021922641115,cad7b9c80b7fe99b714d92309832c6f71c4b95a333037b3a71dcb4d150884bcd,0.0,3.819437788064516,6.927359010645163,8.555634312273057,0,-8.197811159987735,9.042175962218646,10.288858940184712,0,1.2705284425712013,3.7963665909133693,4.942181878874932,0,5.245809371305278,58.01490032072029
Addis_Ababa,ratio_baseline,later_period,2024Q2,all_earlier,evaluated,evaluated,148,23,"[""Addis_Ababa:ETAD-0001"", ""Addis_Ababa:ETAD-0002"", ""Addis_Ababa:ETAD-0003"", ""Addis_Ababa:ETAD-0004"", ""Addis_Ababa:ETAD-0005"", ""Addis_Ababa:ETAD-0006"", ""Addis_Ababa:ETAD-0008"", ""Addis_Ababa:ETAD-0017"", ""Addis_Ababa:ETAD-0018"", ""Addis_Ababa:ETAD-0019"", ""Addis_Ababa:ETAD-0020"", ""Addis_Ababa:ETAD-0021"", ""Addis_Ababa:ETAD-0022"", ""Addis_Ababa:ETAD-0024"", ""Addis_Ababa:ETAD-0033"", ""Addis_Ababa:ETAD-0034"", ""Addis_Ababa:ETAD-0035"", ""Addis_Ababa:ETAD-0036"", ""Addis_Ababa:ETAD-0037"", ""Addis_Ababa:ETAD-0038"", ""Addis_Ababa:ETAD-0040"", ""Addis_Ababa:ETAD-0041"", ""Addis_Ababa:ETAD-0042"", ""Addis_Ababa:ETAD-0043"", ""Addis_Ababa:ETAD-0044"", ""Addis_Ababa:ETAD-0045"", ""Addis_Ababa:ETAD-0046"", ""Addis_Ababa:ETAD-0049"", ""Addis_Ababa:ETAD-0050"", ""Addis_Ababa:ETAD-0051"", ""Addis_Ababa:ETAD-0052"", ""Addis_Ababa:ETAD-0053"", ""Addis_Ababa:ETAD-0054"", ""Addis_Ababa:ETAD-0056"", ""Addis_Ababa:ETAD-0057"", ""Addis_Ababa:ETAD-0058"", ""Addis_Ababa:ETAD-0059"", ""Addis_Ababa:ETAD-0060"", ""Addis_Ababa:ETAD-0061"", ""Addis_Ababa:ETAD-0062"", ""Addis_Ababa:ETAD-0064"", ""Addis_Ababa:ETAD-0065"", ""Addis_Ababa:ETAD-0066"", ""Addis_Ababa:ETAD-0067"", ""Addis_Ababa:ETAD-0068"", ""Addis_Ababa:ETAD-0069"", ""Addis_Ababa:ETAD-0070"", ""Addis_Ababa:ETAD-0072"", ""Addis_Ababa:ETAD-0073"", ""Addis_Ababa:ETAD-0074"", ""Addis_Ababa:ETAD-0075"", ""Addis_Ababa:ETAD-0076"", ""Addis_Ababa:ETAD-0077"", ""Addis_Ababa:ETAD-0078"", ""Addis_Ababa:ETAD-0080"", ""Addis_Ababa:ETAD-0081"", ""Addis_Ababa:ETAD-0082"", ""Addis_Ababa:ETAD-0083"", ""Addis_Ababa:ETAD-0084"", ""Addis_Ababa:ETAD-0085"", ""Addis_Ababa:ETAD-0086"", ""Addis_Ababa:ETAD-0088"", ""Addis_Ababa:ETAD-0089"", ""Addis_Ababa:ETAD-0090"", ""Addis_Ababa:ETAD-0091"", ""Addis_Ababa:ETAD-0092"", ""Addis_Ababa:ETAD-0093"", ""Addis_Ababa:ETAD-0094"", ""Addis_Ababa:ETAD-0096"", ""Addis_Ababa:ETAD-0097"", ""Addis_Ababa:ETAD-0098"", ""Addis_Ababa:ETAD-0099"", ""Addis_Ababa:ETAD-0100"", ""Addis_Ababa:ETAD-0101"", ""Addis_Ababa:ETAD-0102"", ""Addis_Ababa:ETAD-0104"", ""Addis_Ababa:ETAD-0105"", ""Addis_Ababa:ETAD-0106"", ""Addis_Ababa:ETAD-0107"", ""Addis_Ababa:ETAD-0108"", ""Addis_Ababa:ETAD-0109"", ""Addis_Ababa:ETAD-0110"", ""Addis_Ababa:ETAD-0112"", ""Addis_Ababa:ETAD-0113"", ""Addis_Ababa:ETAD-0114"", ""Addis_Ababa:ETAD-0115"", ""Addis_Ababa:ETAD-0116"", ""Addis_Ababa:ETAD-0117"", ""Addis_Ababa:ETAD-0118"", ""Addis_Ababa:ETAD-0120"", ""Addis_Ababa:ETAD-0121"", ""Addis_Ababa:ETAD-0128"", ""Addis_Ababa:ETAD-0129"", ""Addis_Ababa:ETAD-0130"", ""Addis_Ababa:ETAD-0131"", ""Addis_Ababa:ETAD-0132"", ""Addis_Ababa:ETAD-0133"", ""Addis_Ababa:ETAD-0134"", ""Addis_Ababa:ETAD-0136"", ""Addis_Ababa:ETAD-0137"", ""Addis_Ababa:ETAD-0138"", ""Addis_Ababa:ETAD-0139"", ""Addis_Ababa:ETAD-0140"", ""Addis_Ababa:ETAD-0141"", ""Addis_Ababa:ETAD-0142"", ""Addis_Ababa:ETAD-0144"", ""Addis_Ababa:ETAD-0145"", ""Addis_Ababa:ETAD-0146"", ""Addis_Ababa:ETAD-0147"", ""Addis_Ababa:ETAD-0148"", ""Addis_Ababa:ETAD-0149"", ""Addis_Ababa:ETAD-0150"", ""Addis_Ababa:ETAD-0152"", ""Addis_Ababa:ETAD-0153"", ""Addis_Ababa:ETAD-0154"", ""Addis_Ababa:ETAD-0155"", ""Addis_Ababa:ETAD-0156"", ""Addis_Ababa:ETAD-0157"", ""Addis_Ababa:ETAD-0158"", ""Addis_Ababa:ETAD-0160"", ""Addis_Ababa:ETAD-0161"", ""Addis_Ababa:ETAD-0162"", ""Addis_Ababa:ETAD-0163"", ""Addis_Ababa:ETAD-0164"", ""Addis_Ababa:ETAD-0165"", ""Addis_Ababa:ETAD-0166"", ""Addis_Ababa:ETAD-0168"", ""Addis_Ababa:ETAD-0169"", ""Addis_Ababa:ETAD-0170"", ""Addis_Ababa:ETAD-0171"", ""Addis_Ababa:ETAD-0172"", ""Addis_Ababa:ETAD-0173"", ""Addis_Ababa:ETAD-0174"", ""Addis_Ababa:ETAD-0176"", ""Addis_Ababa:ETAD-0177"", ""Addis_Ababa:ETAD-0178"", ""Addis_Ababa:ETAD-0179"", ""Addis_Ababa:ETAD-0180"", ""Addis_Ababa:ETAD-0181"", ""Addis_Ababa:ETAD-0182"", ""Addis_Ababa:ETAD-0184"", ""Addis_Ababa:ETAD-0185"", ""Addis_Ababa:ETAD-0186"", ""Addis_Ababa:ETAD-0187"", ""Addis_Ababa:ETAD-0188"", ""Addis_Ababa:ETAD-0189"", ""Addis_Ababa:ETAD-0190"", ""Addis_Ababa:ETAD-0192""]","[""Addis_Ababa:ETAD-0193"", ""Addis_Ababa:ETAD-0194"", ""Addis_Ababa:ETAD-0195"", ""Addis_Ababa:ETAD-0196"", ""Addis_Ababa:ETAD-0197"", ""Addis_Ababa:ETAD-0198"", ""Addis_Ababa:ETAD-0200"", ""Addis_Ababa:ETAD-0201"", ""Addis_Ababa:ETAD-0202"", ""Addis_Ababa:ETAD-0203"", ""Addis_Ababa:ETAD-0204"", ""Addis_Ababa:ETAD-0205"", ""Addis_Ababa:ETAD-0206"", ""Addis_Ababa:ETAD-0208"", ""Addis_Ababa:ETAD-0217"", ""Addis_Ababa:ETAD-0218"", ""Addis_Ababa:ETAD-0219"", ""Addis_Ababa:ETAD-0220"", ""Addis_Ababa:ETAD-0221"", ""Addis_Ababa:ETAD-0222"", ""Addis_Ababa:ETAD-0224"", ""Addis_Ababa:ETAD-0225"", ""Addis_Ababa:ETAD-0226""]",148,114,0.693114797533127,10.5333537907337,2.93608135081302,11.7351130556244,2022-12-07,2024-03-31,2024-04-03,2024-06-29,ebc7a3c98c6634db4704419e106b76d73f117bd09b9e33ec8bbb24d3938f0078,True,4.079533740268349,28.122536947524363,45.36193045,9.154133490944472,ebc7a3c98c6634db4704419e106b76d73f117bd09b9e33ec8bbb24d3938f0078,1.0,-9.789353366521738,11.37823481,13.627883830460243,0,3.874557023379677,9.216159367190233,12.716410794224668,0,-0.7239186193010605,4.231820391564708,5.272881023680151,0,4.984338975625525,54.08260401149205
Addis_Ababa,ratio_baseline,later_period,2024Q2,id11_earlier,evaluated,evaluated,114,23,"[""Addis_Ababa:ETAD-0057"", ""Addis_Ababa:ETAD-0058"", ""Addis_Ababa:ETAD-0059"", ""Addis_Ababa:ETAD-0060"", ""Addis_Ababa:ETAD-0061"", ""Addis_Ababa:ETAD-0062"", ""Addis_Ababa:ETAD-0064"", ""Addis_Ababa:ETAD-0065"", ""Addis_Ababa:ETAD-0066"", ""Addis_Ababa:ETAD-0067"", ""Addis_Ababa:ETAD-0068"", ""Addis_Ababa:ETAD-0069"", ""Addis_Ababa:ETAD-0070"", ""Addis_Ababa:ETAD-0072"", ""Addis_Ababa:ETAD-0073"", ""Addis_Ababa:ETAD-0074"", ""Addis_Ababa:ETAD-0075"", ""Addis_Ababa:ETAD-0076"", ""Addis_Ababa:ETAD-0077"", ""Addis_Ababa:ETAD-0078"", ""Addis_Ababa:ETAD-0080"", ""Addis_Ababa:ETAD-0081"", ""Addis_Ababa:ETAD-0082"", ""Addis_Ababa:ETAD-0083"", ""Addis_Ababa:ETAD-0084"", ""Addis_Ababa:ETAD-0085"", ""Addis_Ababa:ETAD-0086"", ""Addis_Ababa:ETAD-0088"", ""Addis_Ababa:ETAD-0089"", ""Addis_Ababa:ETAD-0090"", ""Addis_Ababa:ETAD-0091"", ""Addis_Ababa:ETAD-0092"", ""Addis_Ababa:ETAD-0093"", ""Addis_Ababa:ETAD-0094"", ""Addis_Ababa:ETAD-0096"", ""Addis_Ababa:ETAD-0097"", ""Addis_Ababa:ETAD-0098"", ""Addis_Ababa:ETAD-0099"", ""Addis_Ababa:ETAD-0100"", ""Addis_Ababa:ETAD-0101"", ""Addis_Ababa:ETAD-0102"", ""Addis_Ababa:ETAD-0104"", ""Addis_Ababa:ETAD-0105"", ""Addis_Ababa:ETAD-0106"", ""Addis_Ababa:ETAD-0107"", ""Addis_Ababa:ETAD-0108"", ""Addis_Ababa:ETAD-0109"", ""Addis_Ababa:ETAD-0110"", ""Addis_Ababa:ETAD-0112"", ""Addis_Ababa:ETAD-0113"", ""Addis_Ababa:ETAD-0114"", ""Addis_Ababa:ETAD-0115"", ""Addis_Ababa:ETAD-0116"", ""Addis_Ababa:ETAD-0117"", ""Addis_Ababa:ETAD-0118"", ""Addis_Ababa:ETAD-0120"", ""Addis_Ababa:ETAD-0121"", ""Addis_Ababa:ETAD-0128"", ""Addis_Ababa:ETAD-0129"", ""Addis_Ababa:ETAD-0130"", ""Addis_Ababa:ETAD-0131"", ""Addis_Ababa:ETAD-0132"", ""Addis_Ababa:ETAD-0133"", ""Addis_Ababa:ETAD-0134"", ""Addis_Ababa:ETAD-0136"", ""Addis_Ababa:ETAD-0137"", ""Addis_Ababa:ETAD-0138"", ""Addis_Ababa:ETAD-0139"", ""Addis_Ababa:ETAD-0140"", ""Addis_Ababa:ETAD-0141"", ""Addis_Ababa:ETAD-0142"", ""Addis_Ababa:ETAD-0144"", ""Addis_Ababa:ETAD-0145"", ""Addis_Ababa:ETAD-0146"", ""Addis_Ababa:ETAD-0147"", ""Addis_Ababa:ETAD-0148"", ""Addis_Ababa:ETAD-0149"", ""Addis_Ababa:ETAD-0150"", ""Addis_Ababa:ETAD-0152"", ""Addis_Ababa:ETAD-0153"", ""Addis_Ababa:ETAD-0154"", ""Addis_Ababa:ETAD-0155"", ""Addis_Ababa:ETAD-0156"", ""Addis_Ababa:ETAD-0157"", ""Addis_Ababa:ETAD-0158"", ""Addis_Ababa:ETAD-0160"", ""Addis_Ababa:ETAD-0161"", ""Addis_Ababa:ETAD-0162"", ""Addis_Ababa:ETAD-0163"", ""Addis_Ababa:ETAD-0164"", ""Addis_Ababa:ETAD-0165"", ""Addis_Ababa:ETAD-0166"", ""Addis_Ababa:ETAD-0168"", ""Addis_Ababa:ETAD-0169"", ""Addis_Ababa:ETAD-0170"", ""Addis_Ababa:ETAD-0171"", ""Addis_Ababa:ETAD-0172"", ""Addis_Ababa:ETAD-0173"", ""Addis_Ababa:ETAD-0174"", ""Addis_Ababa:ETAD-0176"", ""Addis_Ababa:ETAD-0177"", ""Addis_Ababa:ETAD-0178"", ""Addis_Ababa:ETAD-0179"", ""Addis_Ababa:ETAD-0180"", ""Addis_Ababa:ETAD-0181"", ""Addis_Ababa:ETAD-0182"", ""Addis_Ababa:ETAD-0184"", ""Addis_Ababa:ETAD-0185"", ""Addis_Ababa:ETAD-0186"", ""Addis_Ababa:ETAD-0187"", ""Addis_Ababa:ETAD-0188"", ""Addis_Ababa:ETAD-0189"", ""Addis_Ababa:ETAD-0190"", ""Addis_Ababa:ETAD-0192""]","[""Addis_Ababa:ETAD-0193"", ""Addis_Ababa:ETAD-0194"", ""Addis_Ababa:ETAD-0195"", ""Addis_Ababa:ETAD-0196"", ""Addis_Ababa:ETAD-0197"", ""Addis_Ababa:ETAD-0198"", ""Addis_Ababa:ETAD-0200"", ""Addis_Ababa:ETAD-0201"", ""Addis_Ababa:ETAD-0202"", ""Addis_Ababa:ETAD-0203"", ""Addis_Ababa:ETAD-0204"", ""Addis_Ababa:ETAD-0205"", ""Addis_Ababa:ETAD-0206"", ""Addis_Ababa:ETAD-0208"", ""Addis_Ababa:ETAD-0217"", ""Addis_Ababa:ETAD-0218"", ""Addis_Ababa:ETAD-0219"", ""Addis_Ababa:ETAD-0220"", ""Addis_Ababa:ETAD-0221"", ""Addis_Ababa:ETAD-0222"", ""Addis_Ababa:ETAD-0224"", ""Addis_Ababa:ETAD-0225"", ""Addis_Ababa:ETAD-0226""]",148,114,1.90446116072198,10.5333537907337,2.93608135081302,11.7351130556244,2023-03-29,2024-03-31,2024-04-03,2024-06-29,ebc7a3c98c6634db4704419e106b76d73f117bd09b9e33ec8bbb24d3938f0078,True,4.363852514875105,25.90436617506418,46.12331228,8.72932408484107,2405158b454156a59a77841e2ab4cab28cf960ddae911ef7dade9c021417ffe3,1.0,-9.02797153652174,10.881681442608697,13.091678594669823,0,1.135386525510365,8.480360919360097,11.384115320529414,0,-1.108802303001228,4.307384961484367,5.423538945098529,0,4.17297595787573,49.20752781109947
Addis_Ababa,ratio_baseline,later_period,2024Q3,all_earlier,evaluated,evaluated,171,19,"[""Addis_Ababa:ETAD-0001"", ""Addis_Ababa:ETAD-0002"", ""Addis_Ababa:ETAD-0003"", ""Addis_Ababa:ETAD-0004"", ""Addis_Ababa:ETAD-0005"", ""Addis_Ababa:ETAD-0006"", ""Addis_Ababa:ETAD-0008"", ""Addis_Ababa:ETAD-0017"", ""Addis_Ababa:ETAD-0018"", ""Addis_Ababa:ETAD-0019"", ""Addis_Ababa:ETAD-0020"", ""Addis_Ababa:ETAD-0021"", ""Addis_Ababa:ETAD-0022"", ""Addis_Ababa:ETAD-0024"", ""Addis_Ababa:ETAD-0033"", ""Addis_Ababa:ETAD-0034"", ""Addis_Ababa:ETAD-0035"", ""Addis_Ababa:ETAD-0036"", ""Addis_Ababa:ETAD-0037"", ""Addis_Ababa:ETAD-0038"", ""Addis_Ababa:ETAD-0040"", ""Addis_Ababa:ETAD-0041"", ""Addis_Ababa:ETAD-0042"", ""Addis_Ababa:ETAD-0043"", ""Addis_Ababa:ETAD-0044"", ""Addis_Ababa:ETAD-0045"", ""Addis_Ababa:ETAD-0046"", ""Addis_Ababa:ETAD-0049"", ""Addis_Ababa:ETAD-0050"", ""Addis_Ababa:ETAD-0051"", ""Addis_Ababa:ETAD-0052"", ""Addis_Ababa:ETAD-0053"", ""Addis_Ababa:ETAD-0054"", ""Addis_Ababa:ETAD-0056"", ""Addis_Ababa:ETAD-0057"", ""Addis_Ababa:ETAD-0058"", ""Addis_Ababa:ETAD-0059"", ""Addis_Ababa:ETAD-0060"", ""Addis_Ababa:ETAD-0061"", ""Addis_Ababa:ETAD-0062"", ""Addis_Ababa:ETAD-0064"", ""Addis_Ababa:ETAD-0065"", ""Addis_Ababa:ETAD-0066"", ""Addis_Ababa:ETAD-0067"", ""Addis_Ababa:ETAD-0068"", ""Addis_Ababa:ETAD-0069"", ""Addis_Ababa:ETAD-0070"", ""Addis_Ababa:ETAD-0072"", ""Addis_Ababa:ETAD-0073"", ""Addis_Ababa:ETAD-0074"", ""Addis_Ababa:ETAD-0075"", ""Addis_Ababa:ETAD-0076"", ""Addis_Ababa:ETAD-0077"", ""Addis_Ababa:ETAD-0078"", ""Addis_Ababa:ETAD-0080"", ""Addis_Ababa:ETAD-0081"", ""Addis_Ababa:ETAD-0082"", ""Addis_Ababa:ETAD-0083"", ""Addis_Ababa:ETAD-0084"", ""Addis_Ababa:ETAD-0085"", ""Addis_Ababa:ETAD-0086"", ""Addis_Ababa:ETAD-0088"", ""Addis_Ababa:ETAD-0089"", ""Addis_Ababa:ETAD-0090"", ""Addis_Ababa:ETAD-0091"", ""Addis_Ababa:ETAD-0092"", ""Addis_Ababa:ETAD-0093"", ""Addis_Ababa:ETAD-0094"", ""Addis_Ababa:ETAD-0096"", ""Addis_Ababa:ETAD-0097"", ""Addis_Ababa:ETAD-0098"", ""Addis_Ababa:ETAD-0099"", ""Addis_Ababa:ETAD-0100"", ""Addis_Ababa:ETAD-0101"", ""Addis_Ababa:ETAD-0102"", ""Addis_Ababa:ETAD-0104"", ""Addis_Ababa:ETAD-0105"", ""Addis_Ababa:ETAD-0106"", ""Addis_Ababa:ETAD-0107"", ""Addis_Ababa:ETAD-0108"", ""Addis_Ababa:ETAD-0109"", ""Addis_Ababa:ETAD-0110"", ""Addis_Ababa:ETAD-0112"", ""Addis_Ababa:ETAD-0113"", ""Addis_Ababa:ETAD-0114"", ""Addis_Ababa:ETAD-0115"", ""Addis_Ababa:ETAD-0116"", ""Addis_Ababa:ETAD-0117"", ""Addis_Ababa:ETAD-0118"", ""Addis_Ababa:ETAD-0120"", ""Addis_Ababa:ETAD-0121"", ""Addis_Ababa:ETAD-0128"", ""Addis_Ababa:ETAD-0129"", ""Addis_Ababa:ETAD-0130"", ""Addis_Ababa:ETAD-0131"", ""Addis_Ababa:ETAD-0132"", ""Addis_Ababa:ETAD-0133"", ""Addis_Ababa:ETAD-0134"", ""Addis_Ababa:ETAD-0136"", ""Addis_Ababa:ETAD-0137"", ""Addis_Ababa:ETAD-0138"", ""Addis_Ababa:ETAD-0139"", ""Addis_Ababa:ETAD-0140"", ""Addis_Ababa:ETAD-0141"", ""Addis_Ababa:ETAD-0142"", ""Addis_Ababa:ETAD-0144"", ""Addis_Ababa:ETAD-0145"", ""Addis_Ababa:ETAD-0146"", ""Addis_Ababa:ETAD-0147"", ""Addis_Ababa:ETAD-0148"", ""Addis_Ababa:ETAD-0149"", ""Addis_Ababa:ETAD-0150"", ""Addis_Ababa:ETAD-0152"", ""Addis_Ababa:ETAD-0153"", ""Addis_Ababa:ETAD-0154"", ""Addis_Ababa:ETAD-0155"", ""Addis_Ababa:ETAD-0156"", ""Addis_Ababa:ETAD-0157"", ""Addis_Ababa:ETAD-0158"", ""Addis_Ababa:ETAD-0160"", ""Addis_Ababa:ETAD-0161"", ""Addis_Ababa:ETAD-0162"", ""Addis_Ababa:ETAD-0163"", ""Addis_Ababa:ETAD-0164"", ""Addis_Ababa:ETAD-0165"", ""Addis_Ababa:ETAD-0166"", ""Addis_Ababa:ETAD-0168"", ""Addis_Ababa:ETAD-0169"", ""Addis_Ababa:ETAD-0170"", ""Addis_Ababa:ETAD-0171"", ""Addis_Ababa:ETAD-0172"", ""Addis_Ababa:ETAD-0173"", ""Addis_Ababa:ETAD-0174"", ""Addis_Ababa:ETAD-0176"", ""Addis_Ababa:ETAD-0177"", ""Addis_Ababa:ETAD-0178"", ""Addis_Ababa:ETAD-0179"", ""Addis_Ababa:ETAD-0180"", ""Addis_Ababa:ETAD-0181"", ""Addis_Ababa:ETAD-0182"", ""Addis_Ababa:ETAD-0184"", ""Addis_Ababa:ETAD-0185"", ""Addis_Ababa:ETAD-0186"", ""Addis_Ababa:ETAD-0187"", ""Addis_Ababa:ETAD-0188"", ""Addis_Ababa:ETAD-0189"", ""Addis_Ababa:ETAD-0190"", ""Addis_Ababa:ETAD-0192"", ""Addis_Ababa:ETAD-0193"", ""Addis_Ababa:ETAD-0194"", ""Addis_Ababa:ETAD-0195"", ""Addis_Ababa:ETAD-0196"", ""Addis_Ababa:ETAD-0197"", ""Addis_Ababa:ETAD-0198"", ""Addis_Ababa:ETAD-0200"", ""Addis_Ababa:ETAD-0201"", ""Addis_Ababa:ETAD-0202"", ""Addis_Ababa:ETAD-0203"", ""Addis_Ababa:ETAD-0204"", ""Addis_Ababa:ETAD-0205"", ""Addis_Ababa:ETAD-0206"", ""Addis_Ababa:ETAD-0208"", ""Addis_Ababa:ETAD-0217"", ""Addis_Ababa:ETAD-0218"", ""Addis_Ababa:ETAD-0219"", ""Addis_Ababa:ETAD-0220"", ""Addis_Ababa:ETAD-0221"", ""Addis_Ababa:ETAD-0222"", ""Addis_Ababa:ETAD-0224"", ""Addis_Ababa:ETAD-0225"", ""Addis_Ababa:ETAD-0226""]","[""Addis_Ababa:ETAD-0227"", ""Addis_Ababa:ETAD-0228"", ""Addis_Ababa:ETAD-0229"", ""Addis_Ababa:ETAD-0230"", ""Addis_Ababa:ETAD-0232"", ""Addis_Ababa:ETAD-0233"", ""Addis_Ababa:ETAD-0234"", ""Addis_Ababa:ETAD-0235"", ""Addis_Ababa:ETAD-0236"", ""Addis_Ababa:ETAD-0237"", ""Addis_Ababa:ETAD-0238"", ""Addis_Ababa:ETAD-0240"", ""Addis_Ababa:ETAD-0241"", ""Addis_Ababa:ETAD-0242"", ""Addis_Ababa:ETAD-0243"", ""Addis_Ababa:ETAD-0244"", ""Addis_Ababa:ETAD-0245"", ""Addis_Ababa:ETAD-0246"", ""Addis_Ababa:ETAD-0248""]",171,137,0.693114797533127,11.7351130556244,3.43072578969257,11.136414801705,2022-12-07,2024-06-29,2024-07-02,2024-09-21,a73037043b75d33a57672e048f03ae98b6ab7d380c1f816f2cc514d220128a83,True,4.084358651803416,28.19652157711983,46.44345104,8.92758665430734,a73037043b75d33a57672e048f03ae98b6ab7d380c1f816f2cc514d220128a83,0.0,-10.327283418421052,12.085593061578946,15.746510497939166,0,9.699089730310028,13.249928998425062,15.704249867173543,0,1.8356405339115172,5.650427245844035,7.851151078351384,0,7.599501752581027,57.35503755140373
Addis_Ababa,ratio_baseline,later_period,2024Q3,id11_earlier,evaluated,evaluated,137,19,"[""Addis_Ababa:ETAD-0057"", ""Addis_Ababa:ETAD-0058"", ""Addis_Ababa:ETAD-0059"", ""Addis_Ababa:ETAD-0060"", ""Addis_Ababa:ETAD-0061"", ""Addis_Ababa:ETAD-0062"", ""Addis_Ababa:ETAD-0064"", ""Addis_Ababa:ETAD-0065"", ""Addis_Ababa:ETAD-0066"", ""Addis_Ababa:ETAD-0067"", ""Addis_Ababa:ETAD-0068"", ""Addis_Ababa:ETAD-0069"", ""Addis_Ababa:ETAD-0070"", ""Addis_Ababa:ETAD-0072"", ""Addis_Ababa:ETAD-0073"", ""Addis_Ababa:ETAD-0074"", ""Addis_Ababa:ETAD-0075"", ""Addis_Ababa:ETAD-0076"", ""Addis_Ababa:ETAD-0077"", ""Addis_Ababa:ETAD-0078"", ""Addis_Ababa:ETAD-0080"", ""Addis_Ababa:ETAD-0081"", ""Addis_Ababa:ETAD-0082"", ""Addis_Ababa:ETAD-0083"", ""Addis_Ababa:ETAD-0084"", ""Addis_Ababa:ETAD-0085"", ""Addis_Ababa:ETAD-0086"", ""Addis_Ababa:ETAD-0088"", ""Addis_Ababa:ETAD-0089"", ""Addis_Ababa:ETAD-0090"", ""Addis_Ababa:ETAD-0091"", ""Addis_Ababa:ETAD-0092"", ""Addis_Ababa:ETAD-0093"", ""Addis_Ababa:ETAD-0094"", ""Addis_Ababa:ETAD-0096"", ""Addis_Ababa:ETAD-0097"", ""Addis_Ababa:ETAD-0098"", ""Addis_Ababa:ETAD-0099"", ""Addis_Ababa:ETAD-0100"", ""Addis_Ababa:ETAD-0101"", ""Addis_Ababa:ETAD-0102"", ""Addis_Ababa:ETAD-0104"", ""Addis_Ababa:ETAD-0105"", ""Addis_Ababa:ETAD-0106"", ""Addis_Ababa:ETAD-0107"", ""Addis_Ababa:ETAD-0108"", ""Addis_Ababa:ETAD-0109"", ""Addis_Ababa:ETAD-0110"", ""Addis_Ababa:ETAD-0112"", ""Addis_Ababa:ETAD-0113"", ""Addis_Ababa:ETAD-0114"", ""Addis_Ababa:ETAD-0115"", ""Addis_Ababa:ETAD-0116"", ""Addis_Ababa:ETAD-0117"", ""Addis_Ababa:ETAD-0118"", ""Addis_Ababa:ETAD-0120"", ""Addis_Ababa:ETAD-0121"", ""Addis_Ababa:ETAD-0128"", ""Addis_Ababa:ETAD-0129"", ""Addis_Ababa:ETAD-0130"", ""Addis_Ababa:ETAD-0131"", ""Addis_Ababa:ETAD-0132"", ""Addis_Ababa:ETAD-0133"", ""Addis_Ababa:ETAD-0134"", ""Addis_Ababa:ETAD-0136"", ""Addis_Ababa:ETAD-0137"", ""Addis_Ababa:ETAD-0138"", ""Addis_Ababa:ETAD-0139"", ""Addis_Ababa:ETAD-0140"", ""Addis_Ababa:ETAD-0141"", ""Addis_Ababa:ETAD-0142"", ""Addis_Ababa:ETAD-0144"", ""Addis_Ababa:ETAD-0145"", ""Addis_Ababa:ETAD-0146"", ""Addis_Ababa:ETAD-0147"", ""Addis_Ababa:ETAD-0148"", ""Addis_Ababa:ETAD-0149"", ""Addis_Ababa:ETAD-0150"", ""Addis_Ababa:ETAD-0152"", ""Addis_Ababa:ETAD-0153"", ""Addis_Ababa:ETAD-0154"", ""Addis_Ababa:ETAD-0155"", ""Addis_Ababa:ETAD-0156"", ""Addis_Ababa:ETAD-0157"", ""Addis_Ababa:ETAD-0158"", ""Addis_Ababa:ETAD-0160"", ""Addis_Ababa:ETAD-0161"", ""Addis_Ababa:ETAD-0162"", ""Addis_Ababa:ETAD-0163"", ""Addis_Ababa:ETAD-0164"", ""Addis_Ababa:ETAD-0165"", ""Addis_Ababa:ETAD-0166"", ""Addis_Ababa:ETAD-0168"", ""Addis_Ababa:ETAD-0169"", ""Addis_Ababa:ETAD-0170"", ""Addis_Ababa:ETAD-0171"", ""Addis_Ababa:ETAD-0172"", ""Addis_Ababa:ETAD-0173"", ""Addis_Ababa:ETAD-0174"", ""Addis_Ababa:ETAD-0176"", ""Addis_Ababa:ETAD-0177"", ""Addis_Ababa:ETAD-0178"", ""Addis_Ababa:ETAD-0179"", ""Addis_Ababa:ETAD-0180"", ""Addis_Ababa:ETAD-0181"", ""Addis_Ababa:ETAD-0182"", ""Addis_Ababa:ETAD-0184"", ""Addis_Ababa:ETAD-0185"", ""Addis_Ababa:ETAD-0186"", ""Addis_Ababa:ETAD-0187"", ""Addis_Ababa:ETAD-0188"", ""Addis_Ababa:ETAD-0189"", ""Addis_Ababa:ETAD-0190"", ""Addis_Ababa:ETAD-0192"", ""Addis_Ababa:ETAD-0193"", ""Addis_Ababa:ETAD-0194"", ""Addis_Ababa:ETAD-0195"", ""Addis_Ababa:ETAD-0196"", ""Addis_Ababa:ETAD-0197"", ""Addis_Ababa:ETAD-0198"", ""Addis_Ababa:ETAD-0200"", ""Addis_Ababa:ETAD-0201"", ""Addis_Ababa:ETAD-0202"", ""Addis_Ababa:ETAD-0203"", ""Addis_Ababa:ETAD-0204"", ""Addis_Ababa:ETAD-0205"", ""Addis_Ababa:ETAD-0206"", ""Addis_Ababa:ETAD-0208"", ""Addis_Ababa:ETAD-0217"", ""Addis_Ababa:ETAD-0218"", ""Addis_Ababa:ETAD-0219"", ""Addis_Ababa:ETAD-0220"", ""Addis_Ababa:ETAD-0221"", ""Addis_Ababa:ETAD-0222"", ""Addis_Ababa:ETAD-0224"", ""Addis_Ababa:ETAD-0225"", ""Addis_Ababa:ETAD-0226""]","[""Addis_Ababa:ETAD-0227"", ""Addis_Ababa:ETAD-0228"", ""Addis_Ababa:ETAD-0229"", ""Addis_Ababa:ETAD-0230"", ""Addis_Ababa:ETAD-0232"", ""Addis_Ababa:ETAD-0233"", ""Addis_Ababa:ETAD-0234"", ""Addis_Ababa:ETAD-0235"", ""Addis_Ababa:ETAD-0236"", ""Addis_Ababa:ETAD-0237"", ""Addis_Ababa:ETAD-0238"", ""Addis_Ababa:ETAD-0240"", ""Addis_Ababa:ETAD-0241"", ""Addis_Ababa:ETAD-0242"", ""Addis_Ababa:ETAD-0243"", ""Addis_Ababa:ETAD-0244"", ""Addis_Ababa:ETAD-0245"", ""Addis_Ababa:ETAD-0246"", ""Addis_Ababa:ETAD-0248""]",171,137,1.90446116072198,11.7351130556244,3.43072578969257,11.136414801705,2023-03-29,2024-06-29,2024-07-02,2024-09-21,a73037043b75d33a57672e048f03ae98b6ab7d380c1f816f2cc514d220128a83,True,4.331880843960045,26.259279624282588,47.11027032,8.584790433319666,bf90a905416fe2964925753aba08e91b2aba4ed4446303368fcbdb29f71f4b89,0.0,-9.660464138421053,11.629348291052631,15.317453359714635,0,7.146820519837718,11.493564289873207,13.786892867124362,0,1.7413105832246432,5.525387206612045,7.813508914204173,0,5.968177083261162,51.926251358942025
Addis_Ababa,mdl_1_5x,later_period,2022Q4,all_earlier,empty_id11_test_block,insufficient_training_n,0,0,[],[],0,0,,,,,,,,,302285a8887aa23b4a009e767d5fd7b315cbce8c535ad7a20ec63afb5bf4eb57,False,,,,,2b3c1efc390ad76f8e9754197a2ac92f232ebebbc39850fd7fa4ca11c43e7c48,,,,,0,,,,0,,,,0,,
Addis_Ababa,mdl_1_5x,later_period,2022Q4,id11_earlier,empty_id11_test_block,insufficient_training_n,0,0,[],[],0,0,,,,,,,,,302285a8887aa23b4a009e767d5fd7b315cbce8c535ad7a20ec63afb5bf4eb57,False,,,,,2b3c1efc390ad76f8e9754197a2ac92f232ebebbc39850fd7fa4ca11c43e7c48,,,,,0,,,,0,,,,0,,
Addis_Ababa,mdl_1_5x,later_period,2023Q1,all_earlier,all_earlier:insufficient_training_n;id11_earlier:insufficient_training_n,insufficient_training_n,9,1,"[""Addis_Ababa:ETAD-0017"", ""Addis_Ababa:ETAD-0018"", ""Addis_Ababa:ETAD-0019"", ""Addis_Ababa:ETAD-0020"", ""Addis_Ababa:ETAD-0021"", ""Addis_Ababa:ETAD-0022"", ""Addis_Ababa:ETAD-0024"", ""Addis_Ababa:ETAD-0033"", ""Addis_Ababa:ETAD-0034""]","[""Addis_Ababa:ETAD-0057""]",9,0,1.62566803465763,4.44446651940708,6.63401511944448,6.63401511944448,2022-12-07,2022-12-31,2023-03-29,2023-03-29,da2bf5c915f2693ddd1d3641e4d5d1f422c02214241dfeae791f0a14f0502176,False,,,,,63e406a389b1cb782279455efdb70c419d3f69366f122f0ad752474a16d2945c,1.0,,,,0,,,,0,,,,0,,
Addis_Ababa,mdl_1_5x,later_period,2023Q1,id11_earlier,all_earlier:insufficient_training_n;id11_earlier:insufficient_training_n,insufficient_training_n,0,1,[],"[""Addis_Ababa:ETAD-0057""]",9,0,,,6.63401511944448,6.63401511944448,,,2023-03-29,2023-03-29,da2bf5c915f2693ddd1d3641e4d5d1f422c02214241dfeae791f0a14f0502176,False,,,,,2f1f4b27e7d7a09963f93fe8a7700619ec3a9302e5f259acb182c5cc3a1a47f0,,,,,0,,,,0,,,,0,,
Addis_Ababa,mdl_1_5x,later_period,2023Q2,all_earlier,id11_earlier:insufficient_training_n,evaluated,34,28,"[""Addis_Ababa:ETAD-0001"", ""Addis_Ababa:ETAD-0002"", ""Addis_Ababa:ETAD-0003"", ""Addis_Ababa:ETAD-0004"", ""Addis_Ababa:ETAD-0005"", ""Addis_Ababa:ETAD-0006"", ""Addis_Ababa:ETAD-0008"", ""Addis_Ababa:ETAD-0017"", ""Addis_Ababa:ETAD-0018"", ""Addis_Ababa:ETAD-0019"", ""Addis_Ababa:ETAD-0020"", ""Addis_Ababa:ETAD-0021"", ""Addis_Ababa:ETAD-0022"", ""Addis_Ababa:ETAD-0024"", ""Addis_Ababa:ETAD-0033"", ""Addis_Ababa:ETAD-0034"", ""Addis_Ababa:ETAD-0035"", ""Addis_Ababa:ETAD-0036"", ""Addis_Ababa:ETAD-0038"", ""Addis_Ababa:ETAD-0040"", ""Addis_Ababa:ETAD-0041"", ""Addis_Ababa:ETAD-0042"", ""Addis_Ababa:ETAD-0043"", ""Addis_Ababa:ETAD-0044"", ""Addis_Ababa:ETAD-0045"", ""Addis_Ababa:ETAD-0046"", ""Addis_Ababa:ETAD-0049"", ""Addis_Ababa:ETAD-0050"", ""Addis_Ababa:ETAD-0051"", ""Addis_Ababa:ETAD-0052"", ""Addis_Ababa:ETAD-0053"", ""Addis_Ababa:ETAD-0054"", ""Addis_Ababa:ETAD-0056"", ""Addis_Ababa:ETAD-0057""]","[""Addis_Ababa:ETAD-0058"", ""Addis_Ababa:ETAD-0059"", ""Addis_Ababa:ETAD-0060"", ""Addis_Ababa:ETAD-0061"", ""Addis_Ababa:ETAD-0062"", ""Addis_Ababa:ETAD-0064"", ""Addis_Ababa:ETAD-0065"", ""Addis_Ababa:ETAD-0066"", ""Addis_Ababa:ETAD-0067"", ""Addis_Ababa:ETAD-0068"", ""Addis_Ababa:ETAD-0069"", ""Addis_Ababa:ETAD-0070"", ""Addis_Ababa:ETAD-0072"", ""Addis_Ababa:ETAD-0073"", ""Addis_Ababa:ETAD-0074"", ""Addis_Ababa:ETAD-0075"", ""Addis_Ababa:ETAD-0076"", ""Addis_Ababa:ETAD-0077"", ""Addis_Ababa:ETAD-0078"", ""Addis_Ababa:ETAD-0080"", ""Addis_Ababa:ETAD-0081"", ""Addis_Ababa:ETAD-0082"", ""Addis_Ababa:ETAD-0083"", ""Addis_Ababa:ETAD-0084"", ""Addis_Ababa:ETAD-0085"", ""Addis_Ababa:ETAD-0086"", ""Addis_Ababa:ETAD-0088"", ""Addis_Ababa:ETAD-0089""]",34,1,1.62566803465763,6.63401511944448,1.90446116072198,9.84021969992934,2022-12-07,2023-03-29,2023-04-01,2023-06-28,0f89a747c0ec7e0e4bfc15a95ccaea795f5985c5a62f3765c31bf55e6a2ebaf7,False,5.568849056948088,25.862684152673264,43.662390175,12.720509028990138,0f89a747c0ec7e0e4bfc15a95ccaea795f5985c5a62f3765c31bf55e6a2ebaf7,10.0,,,,0,,,,0,,,,0,,
Addis_Ababa,mdl_1_5x,later_period,2023Q2,id11_earlier,id11_earlier:insufficient_training_n,insufficient_training_n,1,28,"[""Addis_Ababa:ETAD-0057""]","[""Addis_Ababa:ETAD-0058"", ""Addis_Ababa:ETAD-0059"", ""Addis_Ababa:ETAD-0060"", ""Addis_Ababa:ETAD-0061"", ""Addis_Ababa:ETAD-0062"", ""Addis_Ababa:ETAD-0064"", ""Addis_Ababa:ETAD-0065"", ""Addis_Ababa:ETAD-0066"", ""Addis_Ababa:ETAD-0067"", ""Addis_Ababa:ETAD-0068"", ""Addis_Ababa:ETAD-0069"", ""Addis_Ababa:ETAD-0070"", ""Addis_Ababa:ETAD-0072"", ""Addis_Ababa:ETAD-0073"", ""Addis_Ababa:ETAD-0074"", ""Addis_Ababa:ETAD-0075"", ""Addis_Ababa:ETAD-0076"", ""Addis_Ababa:ETAD-0077"", ""Addis_Ababa:ETAD-0078"", ""Addis_Ababa:ETAD-0080"", ""Addis_Ababa:ETAD-0081"", ""Addis_Ababa:ETAD-0082"", ""Addis_Ababa:ETAD-0083"", ""Addis_Ababa:ETAD-0084"", ""Addis_Ababa:ETAD-0085"", ""Addis_Ababa:ETAD-0086"", ""Addis_Ababa:ETAD-0088"", ""Addis_Ababa:ETAD-0089""]",34,1,6.63401511944448,6.63401511944448,1.90446116072198,9.84021969992934,2023-03-29,2023-03-29,2023-04-01,2023-06-28,0f89a747c0ec7e0e4bfc15a95ccaea795f5985c5a62f3765c31bf55e6a2ebaf7,False,,,,,09ff79c2b41b38c027da62e4fd0a51dffa058ed4296afd7fe942699b3748982a,28.0,,,,0,,,,0,,,,0,,
Addis_Ababa,mdl_1_5x,later_period,2023Q3,all_earlier,evaluated,evaluated,62,28,"[""Addis_Ababa:ETAD-0001"", ""Addis_Ababa:ETAD-0002"", ""Addis_Ababa:ETAD-0003"", ""Addis_Ababa:ETAD-0004"", ""Addis_Ababa:ETAD-0005"", ""Addis_Ababa:ETAD-0006"", ""Addis_Ababa:ETAD-0008"", ""Addis_Ababa:ETAD-0017"", ""Addis_Ababa:ETAD-0018"", ""Addis_Ababa:ETAD-0019"", ""Addis_Ababa:ETAD-0020"", ""Addis_Ababa:ETAD-0021"", ""Addis_Ababa:ETAD-0022"", ""Addis_Ababa:ETAD-0024"", ""Addis_Ababa:ETAD-0033"", ""Addis_Ababa:ETAD-0034"", ""Addis_Ababa:ETAD-0035"", ""Addis_Ababa:ETAD-0036"", ""Addis_Ababa:ETAD-0038"", ""Addis_Ababa:ETAD-0040"", ""Addis_Ababa:ETAD-0041"", ""Addis_Ababa:ETAD-0042"", ""Addis_Ababa:ETAD-0043"", ""Addis_Ababa:ETAD-0044"", ""Addis_Ababa:ETAD-0045"", ""Addis_Ababa:ETAD-0046"", ""Addis_Ababa:ETAD-0049"", ""Addis_Ababa:ETAD-0050"", ""Addis_Ababa:ETAD-0051"", ""Addis_Ababa:ETAD-0052"", ""Addis_Ababa:ETAD-0053"", ""Addis_Ababa:ETAD-0054"", ""Addis_Ababa:ETAD-0056"", ""Addis_Ababa:ETAD-0057"", ""Addis_Ababa:ETAD-0058"", ""Addis_Ababa:ETAD-0059"", ""Addis_Ababa:ETAD-0060"", ""Addis_Ababa:ETAD-0061"", ""Addis_Ababa:ETAD-0062"", ""Addis_Ababa:ETAD-0064"", ""Addis_Ababa:ETAD-0065"", ""Addis_Ababa:ETAD-0066"", ""Addis_Ababa:ETAD-0067"", ""Addis_Ababa:ETAD-0068"", ""Addis_Ababa:ETAD-0069"", ""Addis_Ababa:ETAD-0070"", ""Addis_Ababa:ETAD-0072"", ""Addis_Ababa:ETAD-0073"", ""Addis_Ababa:ETAD-0074"", ""Addis_Ababa:ETAD-0075"", ""Addis_Ababa:ETAD-0076"", ""Addis_Ababa:ETAD-0077"", ""Addis_Ababa:ETAD-0078"", ""Addis_Ababa:ETAD-0080"", ""Addis_Ababa:ETAD-0081"", ""Addis_Ababa:ETAD-0082"", ""Addis_Ababa:ETAD-0083"", ""Addis_Ababa:ETAD-0084"", ""Addis_Ababa:ETAD-0085"", ""Addis_Ababa:ETAD-0086"", ""Addis_Ababa:ETAD-0088"", ""Addis_Ababa:ETAD-0089""]","[""Addis_Ababa:ETAD-0090"", ""Addis_Ababa:ETAD-0091"", ""Addis_Ababa:ETAD-0092"", ""Addis_Ababa:ETAD-0093"", ""Addis_Ababa:ETAD-0094"", ""Addis_Ababa:ETAD-0096"", ""Addis_Ababa:ETAD-0097"", ""Addis_Ababa:ETAD-0098"", ""Addis_Ababa:ETAD-0099"", ""Addis_Ababa:ETAD-0100"", ""Addis_Ababa:ETAD-0101"", ""Addis_Ababa:ETAD-0102"", ""Addis_Ababa:ETAD-0104"", ""Addis_Ababa:ETAD-0105"", ""Addis_Ababa:ETAD-0106"", ""Addis_Ababa:ETAD-0107"", ""Addis_Ababa:ETAD-0108"", ""Addis_Ababa:ETAD-0109"", ""Addis_Ababa:ETAD-0110"", ""Addis_Ababa:ETAD-0112"", ""Addis_Ababa:ETAD-0113"", ""Addis_Ababa:ETAD-0114"", ""Addis_Ababa:ETAD-0115"", ""Addis_Ababa:ETAD-0116"", ""Addis_Ababa:ETAD-0117"", ""Addis_Ababa:ETAD-0118"", ""Addis_Ababa:ETAD-0120"", ""Addis_Ababa:ETAD-0121""]",62,29,1.62566803465763,9.84021969992934,3.43937872823145,10.5333537907337,2022-12-07,2023-06-28,2023-07-01,2023-09-27,10b85f6d3f386b07b35ff7328d1d0c004c2228d2339891c449bef670cc1852ba,True,4.049791588007797,29.793862315382018,46.343115964999996,9.473319014267497,10b85f6d3f386b07b35ff7328d1d0c004c2228d2339891c449bef670cc1852ba,1.0,-8.121368596071434,10.103733915357143,12.379593076002585,0,10.247890265193215,12.061205166633982,13.860934851985961,0,2.993560794775647,3.982373385640272,5.0313199799985515,0,8.07883178099371,66.98196133287678
Addis_Ababa,mdl_1_5x,later_period,2023Q3,id11_earlier,evaluated,evaluated,29,28,"[""Addis_Ababa:ETAD-0057"", ""Addis_Ababa:ETAD-0058"", ""Addis_Ababa:ETAD-0059"", ""Addis_Ababa:ETAD-0060"", ""Addis_Ababa:ETAD-0061"", ""Addis_Ababa:ETAD-0062"", ""Addis_Ababa:ETAD-0064"", ""Addis_Ababa:ETAD-0065"", ""Addis_Ababa:ETAD-0066"", ""Addis_Ababa:ETAD-0067"", ""Addis_Ababa:ETAD-0068"", ""Addis_Ababa:ETAD-0069"", ""Addis_Ababa:ETAD-0070"", ""Addis_Ababa:ETAD-0072"", ""Addis_Ababa:ETAD-0073"", ""Addis_Ababa:ETAD-0074"", ""Addis_Ababa:ETAD-0075"", ""Addis_Ababa:ETAD-0076"", ""Addis_Ababa:ETAD-0077"", ""Addis_Ababa:ETAD-0078"", ""Addis_Ababa:ETAD-0080"", ""Addis_Ababa:ETAD-0081"", ""Addis_Ababa:ETAD-0082"", ""Addis_Ababa:ETAD-0083"", ""Addis_Ababa:ETAD-0084"", ""Addis_Ababa:ETAD-0085"", ""Addis_Ababa:ETAD-0086"", ""Addis_Ababa:ETAD-0088"", ""Addis_Ababa:ETAD-0089""]","[""Addis_Ababa:ETAD-0090"", ""Addis_Ababa:ETAD-0091"", ""Addis_Ababa:ETAD-0092"", ""Addis_Ababa:ETAD-0093"", ""Addis_Ababa:ETAD-0094"", ""Addis_Ababa:ETAD-0096"", ""Addis_Ababa:ETAD-0097"", ""Addis_Ababa:ETAD-0098"", ""Addis_Ababa:ETAD-0099"", ""Addis_Ababa:ETAD-0100"", ""Addis_Ababa:ETAD-0101"", ""Addis_Ababa:ETAD-0102"", ""Addis_Ababa:ETAD-0104"", ""Addis_Ababa:ETAD-0105"", ""Addis_Ababa:ETAD-0106"", ""Addis_Ababa:ETAD-0107"", ""Addis_Ababa:ETAD-0108"", ""Addis_Ababa:ETAD-0109"", ""Addis_Ababa:ETAD-0110"", ""Addis_Ababa:ETAD-0112"", ""Addis_Ababa:ETAD-0113"", ""Addis_Ababa:ETAD-0114"", ""Addis_Ababa:ETAD-0115"", ""Addis_Ababa:ETAD-0116"", ""Addis_Ababa:ETAD-0117"", ""Addis_Ababa:ETAD-0118"", ""Addis_Ababa:ETAD-0120"", ""Addis_Ababa:ETAD-0121""]",62,29,1.90446116072198,9.84021969992934,3.43937872823145,10.5333537907337,2023-03-29,2023-06-28,2023-07-01,2023-09-27,10b85f6d3f386b07b35ff7328d1d0c004c2228d2339891c449bef670cc1852ba,True,4.302322238352404,27.284741709022825,48.87206008,8.330826337868002,9caa0ea6a45bd23a60b923761ded8271b998f826f985b3a1887cf3edf3d7e91a,1.0,-5.592424481071433,8.952959709642858,10.88911880873025,0,2.443506796202314,6.571024106378457,7.898885396971389,0,2.2094805967050983,3.542205795701841,4.50732558332964,0,3.0288183106766158,46.09355043662917
Addis_Ababa,mdl_1_5x,later_period,2023Q4,all_earlier,evaluated,evaluated,90,26,"[""Addis_Ababa:ETAD-0001"", ""Addis_Ababa:ETAD-0002"", ""Addis_Ababa:ETAD-0003"", ""Addis_Ababa:ETAD-0004"", ""Addis_Ababa:ETAD-0005"", ""Addis_Ababa:ETAD-0006"", ""Addis_Ababa:ETAD-0008"", ""Addis_Ababa:ETAD-0017"", ""Addis_Ababa:ETAD-0018"", ""Addis_Ababa:ETAD-0019"", ""Addis_Ababa:ETAD-0020"", ""Addis_Ababa:ETAD-0021"", ""Addis_Ababa:ETAD-0022"", ""Addis_Ababa:ETAD-0024"", ""Addis_Ababa:ETAD-0033"", ""Addis_Ababa:ETAD-0034"", ""Addis_Ababa:ETAD-0035"", ""Addis_Ababa:ETAD-0036"", ""Addis_Ababa:ETAD-0038"", ""Addis_Ababa:ETAD-0040"", ""Addis_Ababa:ETAD-0041"", ""Addis_Ababa:ETAD-0042"", ""Addis_Ababa:ETAD-0043"", ""Addis_Ababa:ETAD-0044"", ""Addis_Ababa:ETAD-0045"", ""Addis_Ababa:ETAD-0046"", ""Addis_Ababa:ETAD-0049"", ""Addis_Ababa:ETAD-0050"", ""Addis_Ababa:ETAD-0051"", ""Addis_Ababa:ETAD-0052"", ""Addis_Ababa:ETAD-0053"", ""Addis_Ababa:ETAD-0054"", ""Addis_Ababa:ETAD-0056"", ""Addis_Ababa:ETAD-0057"", ""Addis_Ababa:ETAD-0058"", ""Addis_Ababa:ETAD-0059"", ""Addis_Ababa:ETAD-0060"", ""Addis_Ababa:ETAD-0061"", ""Addis_Ababa:ETAD-0062"", ""Addis_Ababa:ETAD-0064"", ""Addis_Ababa:ETAD-0065"", ""Addis_Ababa:ETAD-0066"", ""Addis_Ababa:ETAD-0067"", ""Addis_Ababa:ETAD-0068"", ""Addis_Ababa:ETAD-0069"", ""Addis_Ababa:ETAD-0070"", ""Addis_Ababa:ETAD-0072"", ""Addis_Ababa:ETAD-0073"", ""Addis_Ababa:ETAD-0074"", ""Addis_Ababa:ETAD-0075"", ""Addis_Ababa:ETAD-0076"", ""Addis_Ababa:ETAD-0077"", ""Addis_Ababa:ETAD-0078"", ""Addis_Ababa:ETAD-0080"", ""Addis_Ababa:ETAD-0081"", ""Addis_Ababa:ETAD-0082"", ""Addis_Ababa:ETAD-0083"", ""Addis_Ababa:ETAD-0084"", ""Addis_Ababa:ETAD-0085"", ""Addis_Ababa:ETAD-0086"", ""Addis_Ababa:ETAD-0088"", ""Addis_Ababa:ETAD-0089"", ""Addis_Ababa:ETAD-0090"", ""Addis_Ababa:ETAD-0091"", ""Addis_Ababa:ETAD-0092"", ""Addis_Ababa:ETAD-0093"", ""Addis_Ababa:ETAD-0094"", ""Addis_Ababa:ETAD-0096"", ""Addis_Ababa:ETAD-0097"", ""Addis_Ababa:ETAD-0098"", ""Addis_Ababa:ETAD-0099"", ""Addis_Ababa:ETAD-0100"", ""Addis_Ababa:ETAD-0101"", ""Addis_Ababa:ETAD-0102"", ""Addis_Ababa:ETAD-0104"", ""Addis_Ababa:ETAD-0105"", ""Addis_Ababa:ETAD-0106"", ""Addis_Ababa:ETAD-0107"", ""Addis_Ababa:ETAD-0108"", ""Addis_Ababa:ETAD-0109"", ""Addis_Ababa:ETAD-0110"", ""Addis_Ababa:ETAD-0112"", ""Addis_Ababa:ETAD-0113"", ""Addis_Ababa:ETAD-0114"", ""Addis_Ababa:ETAD-0115"", ""Addis_Ababa:ETAD-0116"", ""Addis_Ababa:ETAD-0117"", ""Addis_Ababa:ETAD-0118"", ""Addis_Ababa:ETAD-0120"", ""Addis_Ababa:ETAD-0121""]","[""Addis_Ababa:ETAD-0128"", ""Addis_Ababa:ETAD-0129"", ""Addis_Ababa:ETAD-0130"", ""Addis_Ababa:ETAD-0131"", ""Addis_Ababa:ETAD-0132"", ""Addis_Ababa:ETAD-0133"", ""Addis_Ababa:ETAD-0134"", ""Addis_Ababa:ETAD-0136"", ""Addis_Ababa:ETAD-0137"", ""Addis_Ababa:ETAD-0138"", ""Addis_Ababa:ETAD-0139"", ""Addis_Ababa:ETAD-0140"", ""Addis_Ababa:ETAD-0141"", ""Addis_Ababa:ETAD-0142"", ""Addis_Ababa:ETAD-0144"", ""Addis_Ababa:ETAD-0145"", ""Addis_Ababa:ETAD-0146"", ""Addis_Ababa:ETAD-0147"", ""Addis_Ababa:ETAD-0148"", ""Addis_Ababa:ETAD-0149"", ""Addis_Ababa:ETAD-0150"", ""Addis_Ababa:ETAD-0152"", ""Addis_Ababa:ETAD-0153"", ""Addis_Ababa:ETAD-0154"", ""Addis_Ababa:ETAD-0155"", ""Addis_Ababa:ETAD-0156""]",90,57,1.62566803465763,10.5333537907337,2.23594182575397,4.14642906938964,2022-12-07,2023-09-27,2023-10-15,2023-12-29,1e7816d28e15e296f098fbe58f30192c16de15008989b8ef11309f5e08d00a15,True,3.8951412684639073,29.662864185875556,47.5762172,8.6513309564186,1e7816d28e15e296f098fbe58f30192c16de15008989b8ef11309f5e08d00a15,0.0,6.045373488461541,6.345756450769233,7.54568454647781,0,-12.83709299035011,12.83709299035011,13.282449927215975,0,1.0509820935542054,2.6069117632596814,3.410082611893451,0,10.230181227090428,79.69235117935698
Addis_Ababa,mdl_1_5x,later_period,2023Q4,id11_earlier,evaluated,evaluated,57,26,"[""Addis_Ababa:ETAD-0057"", ""Addis_Ababa:ETAD-0058"", ""Addis_Ababa:ETAD-0059"", ""Addis_Ababa:ETAD-0060"", ""Addis_Ababa:ETAD-0061"", ""Addis_Ababa:ETAD-0062"", ""Addis_Ababa:ETAD-0064"", ""Addis_Ababa:ETAD-0065"", ""Addis_Ababa:ETAD-0066"", ""Addis_Ababa:ETAD-0067"", ""Addis_Ababa:ETAD-0068"", ""Addis_Ababa:ETAD-0069"", ""Addis_Ababa:ETAD-0070"", ""Addis_Ababa:ETAD-0072"", ""Addis_Ababa:ETAD-0073"", ""Addis_Ababa:ETAD-0074"", ""Addis_Ababa:ETAD-0075"", ""Addis_Ababa:ETAD-0076"", ""Addis_Ababa:ETAD-0077"", ""Addis_Ababa:ETAD-0078"", ""Addis_Ababa:ETAD-0080"", ""Addis_Ababa:ETAD-0081"", ""Addis_Ababa:ETAD-0082"", ""Addis_Ababa:ETAD-0083"", ""Addis_Ababa:ETAD-0084"", ""Addis_Ababa:ETAD-0085"", ""Addis_Ababa:ETAD-0086"", ""Addis_Ababa:ETAD-0088"", ""Addis_Ababa:ETAD-0089"", ""Addis_Ababa:ETAD-0090"", ""Addis_Ababa:ETAD-0091"", ""Addis_Ababa:ETAD-0092"", ""Addis_Ababa:ETAD-0093"", ""Addis_Ababa:ETAD-0094"", ""Addis_Ababa:ETAD-0096"", ""Addis_Ababa:ETAD-0097"", ""Addis_Ababa:ETAD-0098"", ""Addis_Ababa:ETAD-0099"", ""Addis_Ababa:ETAD-0100"", ""Addis_Ababa:ETAD-0101"", ""Addis_Ababa:ETAD-0102"", ""Addis_Ababa:ETAD-0104"", ""Addis_Ababa:ETAD-0105"", ""Addis_Ababa:ETAD-0106"", ""Addis_Ababa:ETAD-0107"", ""Addis_Ababa:ETAD-0108"", ""Addis_Ababa:ETAD-0109"", ""Addis_Ababa:ETAD-0110"", ""Addis_Ababa:ETAD-0112"", ""Addis_Ababa:ETAD-0113"", ""Addis_Ababa:ETAD-0114"", ""Addis_Ababa:ETAD-0115"", ""Addis_Ababa:ETAD-0116"", ""Addis_Ababa:ETAD-0117"", ""Addis_Ababa:ETAD-0118"", ""Addis_Ababa:ETAD-0120"", ""Addis_Ababa:ETAD-0121""]","[""Addis_Ababa:ETAD-0128"", ""Addis_Ababa:ETAD-0129"", ""Addis_Ababa:ETAD-0130"", ""Addis_Ababa:ETAD-0131"", ""Addis_Ababa:ETAD-0132"", ""Addis_Ababa:ETAD-0133"", ""Addis_Ababa:ETAD-0134"", ""Addis_Ababa:ETAD-0136"", ""Addis_Ababa:ETAD-0137"", ""Addis_Ababa:ETAD-0138"", ""Addis_Ababa:ETAD-0139"", ""Addis_Ababa:ETAD-0140"", ""Addis_Ababa:ETAD-0141"", ""Addis_Ababa:ETAD-0142"", ""Addis_Ababa:ETAD-0144"", ""Addis_Ababa:ETAD-0145"", ""Addis_Ababa:ETAD-0146"", ""Addis_Ababa:ETAD-0147"", ""Addis_Ababa:ETAD-0148"", ""Addis_Ababa:ETAD-0149"", ""Addis_Ababa:ETAD-0150"", ""Addis_Ababa:ETAD-0152"", ""Addis_Ababa:ETAD-0153"", ""Addis_Ababa:ETAD-0154"", ""Addis_Ababa:ETAD-0155"", ""Addis_Ababa:ETAD-0156""]",90,57,1.90446116072198,10.5333537907337,2.23594182575397,4.14642906938964,2023-03-29,2023-09-27,2023-10-15,2023-12-29,1e7816d28e15e296f098fbe58f30192c16de15008989b8ef11309f5e08d00a15,True,4.3351026891735245,25.99186449122519,52.74626602,8.019768013848577,16a64f0939122f4458c8cb70df19dc41ac0d001ab3d09c55dad717fa38f05c87,0.0,11.215422308461541,11.215422308461541,12.090347894791826,0,-14.93178913943217,14.93178913943217,15.284330724924725,0,-1.160803591555175,2.784348033610916,3.3714876966364824,0,12.147441105821253,81.3528840542092
Addis_Ababa,mdl_1_5x,later_period,2024Q1,all_earlier,evaluated,evaluated,116,31,"[""Addis_Ababa:ETAD-0001"", ""Addis_Ababa:ETAD-0002"", ""Addis_Ababa:ETAD-0003"", ""Addis_Ababa:ETAD-0004"", ""Addis_Ababa:ETAD-0005"", ""Addis_Ababa:ETAD-0006"", ""Addis_Ababa:ETAD-0008"", ""Addis_Ababa:ETAD-0017"", ""Addis_Ababa:ETAD-0018"", ""Addis_Ababa:ETAD-0019"", ""Addis_Ababa:ETAD-0020"", ""Addis_Ababa:ETAD-0021"", ""Addis_Ababa:ETAD-0022"", ""Addis_Ababa:ETAD-0024"", ""Addis_Ababa:ETAD-0033"", ""Addis_Ababa:ETAD-0034"", ""Addis_Ababa:ETAD-0035"", ""Addis_Ababa:ETAD-0036"", ""Addis_Ababa:ETAD-0038"", ""Addis_Ababa:ETAD-0040"", ""Addis_Ababa:ETAD-0041"", ""Addis_Ababa:ETAD-0042"", ""Addis_Ababa:ETAD-0043"", ""Addis_Ababa:ETAD-0044"", ""Addis_Ababa:ETAD-0045"", ""Addis_Ababa:ETAD-0046"", ""Addis_Ababa:ETAD-0049"", ""Addis_Ababa:ETAD-0050"", ""Addis_Ababa:ETAD-0051"", ""Addis_Ababa:ETAD-0052"", ""Addis_Ababa:ETAD-0053"", ""Addis_Ababa:ETAD-0054"", ""Addis_Ababa:ETAD-0056"", ""Addis_Ababa:ETAD-0057"", ""Addis_Ababa:ETAD-0058"", ""Addis_Ababa:ETAD-0059"", ""Addis_Ababa:ETAD-0060"", ""Addis_Ababa:ETAD-0061"", ""Addis_Ababa:ETAD-0062"", ""Addis_Ababa:ETAD-0064"", ""Addis_Ababa:ETAD-0065"", ""Addis_Ababa:ETAD-0066"", ""Addis_Ababa:ETAD-0067"", ""Addis_Ababa:ETAD-0068"", ""Addis_Ababa:ETAD-0069"", ""Addis_Ababa:ETAD-0070"", ""Addis_Ababa:ETAD-0072"", ""Addis_Ababa:ETAD-0073"", ""Addis_Ababa:ETAD-0074"", ""Addis_Ababa:ETAD-0075"", ""Addis_Ababa:ETAD-0076"", ""Addis_Ababa:ETAD-0077"", ""Addis_Ababa:ETAD-0078"", ""Addis_Ababa:ETAD-0080"", ""Addis_Ababa:ETAD-0081"", ""Addis_Ababa:ETAD-0082"", ""Addis_Ababa:ETAD-0083"", ""Addis_Ababa:ETAD-0084"", ""Addis_Ababa:ETAD-0085"", ""Addis_Ababa:ETAD-0086"", ""Addis_Ababa:ETAD-0088"", ""Addis_Ababa:ETAD-0089"", ""Addis_Ababa:ETAD-0090"", ""Addis_Ababa:ETAD-0091"", ""Addis_Ababa:ETAD-0092"", ""Addis_Ababa:ETAD-0093"", ""Addis_Ababa:ETAD-0094"", ""Addis_Ababa:ETAD-0096"", ""Addis_Ababa:ETAD-0097"", ""Addis_Ababa:ETAD-0098"", ""Addis_Ababa:ETAD-0099"", ""Addis_Ababa:ETAD-0100"", ""Addis_Ababa:ETAD-0101"", ""Addis_Ababa:ETAD-0102"", ""Addis_Ababa:ETAD-0104"", ""Addis_Ababa:ETAD-0105"", ""Addis_Ababa:ETAD-0106"", ""Addis_Ababa:ETAD-0107"", ""Addis_Ababa:ETAD-0108"", ""Addis_Ababa:ETAD-0109"", ""Addis_Ababa:ETAD-0110"", ""Addis_Ababa:ETAD-0112"", ""Addis_Ababa:ETAD-0113"", ""Addis_Ababa:ETAD-0114"", ""Addis_Ababa:ETAD-0115"", ""Addis_Ababa:ETAD-0116"", ""Addis_Ababa:ETAD-0117"", ""Addis_Ababa:ETAD-0118"", ""Addis_Ababa:ETAD-0120"", ""Addis_Ababa:ETAD-0121"", ""Addis_Ababa:ETAD-0128"", ""Addis_Ababa:ETAD-0129"", ""Addis_Ababa:ETAD-0130"", ""Addis_Ababa:ETAD-0131"", ""Addis_Ababa:ETAD-0132"", ""Addis_Ababa:ETAD-0133"", ""Addis_Ababa:ETAD-0134"", ""Addis_Ababa:ETAD-0136"", ""Addis_Ababa:ETAD-0137"", ""Addis_Ababa:ETAD-0138"", ""Addis_Ababa:ETAD-0139"", ""Addis_Ababa:ETAD-0140"", ""Addis_Ababa:ETAD-0141"", ""Addis_Ababa:ETAD-0142"", ""Addis_Ababa:ETAD-0144"", ""Addis_Ababa:ETAD-0145"", ""Addis_Ababa:ETAD-0146"", ""Addis_Ababa:ETAD-0147"", ""Addis_Ababa:ETAD-0148"", ""Addis_Ababa:ETAD-0149"", ""Addis_Ababa:ETAD-0150"", ""Addis_Ababa:ETAD-0152"", ""Addis_Ababa:ETAD-0153"", ""Addis_Ababa:ETAD-0154"", ""Addis_Ababa:ETAD-0155"", ""Addis_Ababa:ETAD-0156""]","[""Addis_Ababa:ETAD-0157"", ""Addis_Ababa:ETAD-0158"", ""Addis_Ababa:ETAD-0160"", ""Addis_Ababa:ETAD-0161"", ""Addis_Ababa:ETAD-0162"", ""Addis_Ababa:ETAD-0163"", ""Addis_Ababa:ETAD-0164"", ""Addis_Ababa:ETAD-0165"", ""Addis_Ababa:ETAD-0166"", ""Addis_Ababa:ETAD-0168"", ""Addis_Ababa:ETAD-0169"", ""Addis_Ababa:ETAD-0170"", ""Addis_Ababa:ETAD-0171"", ""Addis_Ababa:ETAD-0172"", ""Addis_Ababa:ETAD-0173"", ""Addis_Ababa:ETAD-0174"", ""Addis_Ababa:ETAD-0176"", ""Addis_Ababa:ETAD-0177"", ""Addis_Ababa:ETAD-0178"", ""Addis_Ababa:ETAD-0179"", ""Addis_Ababa:ETAD-0180"", ""Addis_Ababa:ETAD-0181"", ""Addis_Ababa:ETAD-0182"", ""Addis_Ababa:ETAD-0184"", ""Addis_Ababa:ETAD-0185"", ""Addis_Ababa:ETAD-0186"", ""Addis_Ababa:ETAD-0187"", ""Addis_Ababa:ETAD-0188"", ""Addis_Ababa:ETAD-0189"", ""Addis_Ababa:ETAD-0190"", ""Addis_Ababa:ETAD-0192""]",116,83,1.62566803465763,10.5333537907337,2.42463370413565,6.96258987683994,2022-12-07,2023-12-29,2024-01-01,2024-03-31,f5093ccb2bee5169c2268bf9096e797979dc7176d0abfe96e5860f8ae126129e,True,3.9932150621041362,28.960608795760972,46.312386965,8.990234402953037,f5093ccb2bee5169c2268bf9096e797979dc7176d0abfe96e5860f8ae126129e,0.0,3.2133720030645176,6.717303242096774,8.302802725497443,0,-6.041120699761205,7.729211715353636,8.983528686536904,0,2.3216920809823707,3.996181951817251,5.3684521366595925,0,3.733029763536385,48.29767770652388
Addis_Ababa,mdl_1_5x,later_period,2024Q1,id11_earlier,evaluated,evaluated,83,31,"[""Addis_Ababa:ETAD-0057"", ""Addis_Ababa:ETAD-0058"", ""Addis_Ababa:ETAD-0059"", ""Addis_Ababa:ETAD-0060"", ""Addis_Ababa:ETAD-0061"", ""Addis_Ababa:ETAD-0062"", ""Addis_Ababa:ETAD-0064"", ""Addis_Ababa:ETAD-0065"", ""Addis_Ababa:ETAD-0066"", ""Addis_Ababa:ETAD-0067"", ""Addis_Ababa:ETAD-0068"", ""Addis_Ababa:ETAD-0069"", ""Addis_Ababa:ETAD-0070"", ""Addis_Ababa:ETAD-0072"", ""Addis_Ababa:ETAD-0073"", ""Addis_Ababa:ETAD-0074"", ""Addis_Ababa:ETAD-0075"", ""Addis_Ababa:ETAD-0076"", ""Addis_Ababa:ETAD-0077"", ""Addis_Ababa:ETAD-0078"", ""Addis_Ababa:ETAD-0080"", ""Addis_Ababa:ETAD-0081"", ""Addis_Ababa:ETAD-0082"", ""Addis_Ababa:ETAD-0083"", ""Addis_Ababa:ETAD-0084"", ""Addis_Ababa:ETAD-0085"", ""Addis_Ababa:ETAD-0086"", ""Addis_Ababa:ETAD-0088"", ""Addis_Ababa:ETAD-0089"", ""Addis_Ababa:ETAD-0090"", ""Addis_Ababa:ETAD-0091"", ""Addis_Ababa:ETAD-0092"", ""Addis_Ababa:ETAD-0093"", ""Addis_Ababa:ETAD-0094"", ""Addis_Ababa:ETAD-0096"", ""Addis_Ababa:ETAD-0097"", ""Addis_Ababa:ETAD-0098"", ""Addis_Ababa:ETAD-0099"", ""Addis_Ababa:ETAD-0100"", ""Addis_Ababa:ETAD-0101"", ""Addis_Ababa:ETAD-0102"", ""Addis_Ababa:ETAD-0104"", ""Addis_Ababa:ETAD-0105"", ""Addis_Ababa:ETAD-0106"", ""Addis_Ababa:ETAD-0107"", ""Addis_Ababa:ETAD-0108"", ""Addis_Ababa:ETAD-0109"", ""Addis_Ababa:ETAD-0110"", ""Addis_Ababa:ETAD-0112"", ""Addis_Ababa:ETAD-0113"", ""Addis_Ababa:ETAD-0114"", ""Addis_Ababa:ETAD-0115"", ""Addis_Ababa:ETAD-0116"", ""Addis_Ababa:ETAD-0117"", ""Addis_Ababa:ETAD-0118"", ""Addis_Ababa:ETAD-0120"", ""Addis_Ababa:ETAD-0121"", ""Addis_Ababa:ETAD-0128"", ""Addis_Ababa:ETAD-0129"", ""Addis_Ababa:ETAD-0130"", ""Addis_Ababa:ETAD-0131"", ""Addis_Ababa:ETAD-0132"", ""Addis_Ababa:ETAD-0133"", ""Addis_Ababa:ETAD-0134"", ""Addis_Ababa:ETAD-0136"", ""Addis_Ababa:ETAD-0137"", ""Addis_Ababa:ETAD-0138"", ""Addis_Ababa:ETAD-0139"", ""Addis_Ababa:ETAD-0140"", ""Addis_Ababa:ETAD-0141"", ""Addis_Ababa:ETAD-0142"", ""Addis_Ababa:ETAD-0144"", ""Addis_Ababa:ETAD-0145"", ""Addis_Ababa:ETAD-0146"", ""Addis_Ababa:ETAD-0147"", ""Addis_Ababa:ETAD-0148"", ""Addis_Ababa:ETAD-0149"", ""Addis_Ababa:ETAD-0150"", ""Addis_Ababa:ETAD-0152"", ""Addis_Ababa:ETAD-0153"", ""Addis_Ababa:ETAD-0154"", ""Addis_Ababa:ETAD-0155"", ""Addis_Ababa:ETAD-0156""]","[""Addis_Ababa:ETAD-0157"", ""Addis_Ababa:ETAD-0158"", ""Addis_Ababa:ETAD-0160"", ""Addis_Ababa:ETAD-0161"", ""Addis_Ababa:ETAD-0162"", ""Addis_Ababa:ETAD-0163"", ""Addis_Ababa:ETAD-0164"", ""Addis_Ababa:ETAD-0165"", ""Addis_Ababa:ETAD-0166"", ""Addis_Ababa:ETAD-0168"", ""Addis_Ababa:ETAD-0169"", ""Addis_Ababa:ETAD-0170"", ""Addis_Ababa:ETAD-0171"", ""Addis_Ababa:ETAD-0172"", ""Addis_Ababa:ETAD-0173"", ""Addis_Ababa:ETAD-0174"", ""Addis_Ababa:ETAD-0176"", ""Addis_Ababa:ETAD-0177"", ""Addis_Ababa:ETAD-0178"", ""Addis_Ababa:ETAD-0179"", ""Addis_Ababa:ETAD-0180"", ""Addis_Ababa:ETAD-0181"", ""Addis_Ababa:ETAD-0182"", ""Addis_Ababa:ETAD-0184"", ""Addis_Ababa:ETAD-0185"", ""Addis_Ababa:ETAD-0186"", ""Addis_Ababa:ETAD-0187"", ""Addis_Ababa:ETAD-0188"", ""Addis_Ababa:ETAD-0189"", ""Addis_Ababa:ETAD-0190"", ""Addis_Ababa:ETAD-0192""]",116,83,1.90446116072198,10.5333537907337,2.42463370413565,6.96258987683994,2023-03-29,2023-12-29,2024-01-01,2024-03-31,f5093ccb2bee5169c2268bf9096e797979dc7176d0abfe96e5860f8ae126129e,True,4.220672693891496,26.971861053298877,46.91845275,8.467021922641115,cad7b9c80b7fe99b714d92309832c6f71c4b95a333037b3a71dcb4d150884bcd,0.0,3.819437788064516,6.927359010645163,8.555634312273057,0,-8.197811159987735,9.042175962218646,10.288858940184712,0,1.2705284425712013,3.7963665909133693,4.942181878874932,0,5.245809371305278,58.01490032072029
Addis_Ababa,mdl_1_5x,later_period,2024Q2,all_earlier,evaluated,evaluated,147,23,"[""Addis_Ababa:ETAD-0001"", ""Addis_Ababa:ETAD-0002"", ""Addis_Ababa:ETAD-0003"", ""Addis_Ababa:ETAD-0004"", ""Addis_Ababa:ETAD-0005"", ""Addis_Ababa:ETAD-0006"", ""Addis_Ababa:ETAD-0008"", ""Addis_Ababa:ETAD-0017"", ""Addis_Ababa:ETAD-0018"", ""Addis_Ababa:ETAD-0019"", ""Addis_Ababa:ETAD-0020"", ""Addis_Ababa:ETAD-0021"", ""Addis_Ababa:ETAD-0022"", ""Addis_Ababa:ETAD-0024"", ""Addis_Ababa:ETAD-0033"", ""Addis_Ababa:ETAD-0034"", ""Addis_Ababa:ETAD-0035"", ""Addis_Ababa:ETAD-0036"", ""Addis_Ababa:ETAD-0038"", ""Addis_Ababa:ETAD-0040"", ""Addis_Ababa:ETAD-0041"", ""Addis_Ababa:ETAD-0042"", ""Addis_Ababa:ETAD-0043"", ""Addis_Ababa:ETAD-0044"", ""Addis_Ababa:ETAD-0045"", ""Addis_Ababa:ETAD-0046"", ""Addis_Ababa:ETAD-0049"", ""Addis_Ababa:ETAD-0050"", ""Addis_Ababa:ETAD-0051"", ""Addis_Ababa:ETAD-0052"", ""Addis_Ababa:ETAD-0053"", ""Addis_Ababa:ETAD-0054"", ""Addis_Ababa:ETAD-0056"", ""Addis_Ababa:ETAD-0057"", ""Addis_Ababa:ETAD-0058"", ""Addis_Ababa:ETAD-0059"", ""Addis_Ababa:ETAD-0060"", ""Addis_Ababa:ETAD-0061"", ""Addis_Ababa:ETAD-0062"", ""Addis_Ababa:ETAD-0064"", ""Addis_Ababa:ETAD-0065"", ""Addis_Ababa:ETAD-0066"", ""Addis_Ababa:ETAD-0067"", ""Addis_Ababa:ETAD-0068"", ""Addis_Ababa:ETAD-0069"", ""Addis_Ababa:ETAD-0070"", ""Addis_Ababa:ETAD-0072"", ""Addis_Ababa:ETAD-0073"", ""Addis_Ababa:ETAD-0074"", ""Addis_Ababa:ETAD-0075"", ""Addis_Ababa:ETAD-0076"", ""Addis_Ababa:ETAD-0077"", ""Addis_Ababa:ETAD-0078"", ""Addis_Ababa:ETAD-0080"", ""Addis_Ababa:ETAD-0081"", ""Addis_Ababa:ETAD-0082"", ""Addis_Ababa:ETAD-0083"", ""Addis_Ababa:ETAD-0084"", ""Addis_Ababa:ETAD-0085"", ""Addis_Ababa:ETAD-0086"", ""Addis_Ababa:ETAD-0088"", ""Addis_Ababa:ETAD-0089"", ""Addis_Ababa:ETAD-0090"", ""Addis_Ababa:ETAD-0091"", ""Addis_Ababa:ETAD-0092"", ""Addis_Ababa:ETAD-0093"", ""Addis_Ababa:ETAD-0094"", ""Addis_Ababa:ETAD-0096"", ""Addis_Ababa:ETAD-0097"", ""Addis_Ababa:ETAD-0098"", ""Addis_Ababa:ETAD-0099"", ""Addis_Ababa:ETAD-0100"", ""Addis_Ababa:ETAD-0101"", ""Addis_Ababa:ETAD-0102"", ""Addis_Ababa:ETAD-0104"", ""Addis_Ababa:ETAD-0105"", ""Addis_Ababa:ETAD-0106"", ""Addis_Ababa:ETAD-0107"", ""Addis_Ababa:ETAD-0108"", ""Addis_Ababa:ETAD-0109"", ""Addis_Ababa:ETAD-0110"", ""Addis_Ababa:ETAD-0112"", ""Addis_Ababa:ETAD-0113"", ""Addis_Ababa:ETAD-0114"", ""Addis_Ababa:ETAD-0115"", ""Addis_Ababa:ETAD-0116"", ""Addis_Ababa:ETAD-0117"", ""Addis_Ababa:ETAD-0118"", ""Addis_Ababa:ETAD-0120"", ""Addis_Ababa:ETAD-0121"", ""Addis_Ababa:ETAD-0128"", ""Addis_Ababa:ETAD-0129"", ""Addis_Ababa:ETAD-0130"", ""Addis_Ababa:ETAD-0131"", ""Addis_Ababa:ETAD-0132"", ""Addis_Ababa:ETAD-0133"", ""Addis_Ababa:ETAD-0134"", ""Addis_Ababa:ETAD-0136"", ""Addis_Ababa:ETAD-0137"", ""Addis_Ababa:ETAD-0138"", ""Addis_Ababa:ETAD-0139"", ""Addis_Ababa:ETAD-0140"", ""Addis_Ababa:ETAD-0141"", ""Addis_Ababa:ETAD-0142"", ""Addis_Ababa:ETAD-0144"", ""Addis_Ababa:ETAD-0145"", ""Addis_Ababa:ETAD-0146"", ""Addis_Ababa:ETAD-0147"", ""Addis_Ababa:ETAD-0148"", ""Addis_Ababa:ETAD-0149"", ""Addis_Ababa:ETAD-0150"", ""Addis_Ababa:ETAD-0152"", ""Addis_Ababa:ETAD-0153"", ""Addis_Ababa:ETAD-0154"", ""Addis_Ababa:ETAD-0155"", ""Addis_Ababa:ETAD-0156"", ""Addis_Ababa:ETAD-0157"", ""Addis_Ababa:ETAD-0158"", ""Addis_Ababa:ETAD-0160"", ""Addis_Ababa:ETAD-0161"", ""Addis_Ababa:ETAD-0162"", ""Addis_Ababa:ETAD-0163"", ""Addis_Ababa:ETAD-0164"", ""Addis_Ababa:ETAD-0165"", ""Addis_Ababa:ETAD-0166"", ""Addis_Ababa:ETAD-0168"", ""Addis_Ababa:ETAD-0169"", ""Addis_Ababa:ETAD-0170"", ""Addis_Ababa:ETAD-0171"", ""Addis_Ababa:ETAD-0172"", ""Addis_Ababa:ETAD-0173"", ""Addis_Ababa:ETAD-0174"", ""Addis_Ababa:ETAD-0176"", ""Addis_Ababa:ETAD-0177"", ""Addis_Ababa:ETAD-0178"", ""Addis_Ababa:ETAD-0179"", ""Addis_Ababa:ETAD-0180"", ""Addis_Ababa:ETAD-0181"", ""Addis_Ababa:ETAD-0182"", ""Addis_Ababa:ETAD-0184"", ""Addis_Ababa:ETAD-0185"", ""Addis_Ababa:ETAD-0186"", ""Addis_Ababa:ETAD-0187"", ""Addis_Ababa:ETAD-0188"", ""Addis_Ababa:ETAD-0189"", ""Addis_Ababa:ETAD-0190"", ""Addis_Ababa:ETAD-0192""]","[""Addis_Ababa:ETAD-0193"", ""Addis_Ababa:ETAD-0194"", ""Addis_Ababa:ETAD-0195"", ""Addis_Ababa:ETAD-0196"", ""Addis_Ababa:ETAD-0197"", ""Addis_Ababa:ETAD-0198"", ""Addis_Ababa:ETAD-0200"", ""Addis_Ababa:ETAD-0201"", ""Addis_Ababa:ETAD-0202"", ""Addis_Ababa:ETAD-0203"", ""Addis_Ababa:ETAD-0204"", ""Addis_Ababa:ETAD-0205"", ""Addis_Ababa:ETAD-0206"", ""Addis_Ababa:ETAD-0208"", ""Addis_Ababa:ETAD-0217"", ""Addis_Ababa:ETAD-0218"", ""Addis_Ababa:ETAD-0219"", ""Addis_Ababa:ETAD-0220"", ""Addis_Ababa:ETAD-0221"", ""Addis_Ababa:ETAD-0222"", ""Addis_Ababa:ETAD-0224"", ""Addis_Ababa:ETAD-0225"", ""Addis_Ababa:ETAD-0226""]",147,114,1.62566803465763,10.5333537907337,2.93608135081302,11.7351130556244,2022-12-07,2024-03-31,2024-04-03,2024-06-29,69d00b1fa9e04e91da93d0e0908d3e4e7138e1d9817c1c21a558e60c5c45062b,True,4.126260730087052,27.855753693345427,45.43289776,9.148240405190345,69d00b1fa9e04e91da93d0e0908d3e4e7138e1d9817c1c21a558e60c5c45062b,1.0,-9.718386056521737,11.331951781739129,13.576995466799179,0,3.8365584141040823,9.201342967985655,12.694429942479639,0,-0.6894063039217364,4.238359294245439,5.277903284691576,0,4.962983673740216,53.93760118504425
Addis_Ababa,mdl_1_5x,later_period,2024Q2,id11_earlier,evaluated,evaluated,114,23,"[""Addis_Ababa:ETAD-0057"", ""Addis_Ababa:ETAD-0058"", ""Addis_Ababa:ETAD-0059"", ""Addis_Ababa:ETAD-0060"", ""Addis_Ababa:ETAD-0061"", ""Addis_Ababa:ETAD-0062"", ""Addis_Ababa:ETAD-0064"", ""Addis_Ababa:ETAD-0065"", ""Addis_Ababa:ETAD-0066"", ""Addis_Ababa:ETAD-0067"", ""Addis_Ababa:ETAD-0068"", ""Addis_Ababa:ETAD-0069"", ""Addis_Ababa:ETAD-0070"", ""Addis_Ababa:ETAD-0072"", ""Addis_Ababa:ETAD-0073"", ""Addis_Ababa:ETAD-0074"", ""Addis_Ababa:ETAD-0075"", ""Addis_Ababa:ETAD-0076"", ""Addis_Ababa:ETAD-0077"", ""Addis_Ababa:ETAD-0078"", ""Addis_Ababa:ETAD-0080"", ""Addis_Ababa:ETAD-0081"", ""Addis_Ababa:ETAD-0082"", ""Addis_Ababa:ETAD-0083"", ""Addis_Ababa:ETAD-0084"", ""Addis_Ababa:ETAD-0085"", ""Addis_Ababa:ETAD-0086"", ""Addis_Ababa:ETAD-0088"", ""Addis_Ababa:ETAD-0089"", ""Addis_Ababa:ETAD-0090"", ""Addis_Ababa:ETAD-0091"", ""Addis_Ababa:ETAD-0092"", ""Addis_Ababa:ETAD-0093"", ""Addis_Ababa:ETAD-0094"", ""Addis_Ababa:ETAD-0096"", ""Addis_Ababa:ETAD-0097"", ""Addis_Ababa:ETAD-0098"", ""Addis_Ababa:ETAD-0099"", ""Addis_Ababa:ETAD-0100"", ""Addis_Ababa:ETAD-0101"", ""Addis_Ababa:ETAD-0102"", ""Addis_Ababa:ETAD-0104"", ""Addis_Ababa:ETAD-0105"", ""Addis_Ababa:ETAD-0106"", ""Addis_Ababa:ETAD-0107"", ""Addis_Ababa:ETAD-0108"", ""Addis_Ababa:ETAD-0109"", ""Addis_Ababa:ETAD-0110"", ""Addis_Ababa:ETAD-0112"", ""Addis_Ababa:ETAD-0113"", ""Addis_Ababa:ETAD-0114"", ""Addis_Ababa:ETAD-0115"", ""Addis_Ababa:ETAD-0116"", ""Addis_Ababa:ETAD-0117"", ""Addis_Ababa:ETAD-0118"", ""Addis_Ababa:ETAD-0120"", ""Addis_Ababa:ETAD-0121"", ""Addis_Ababa:ETAD-0128"", ""Addis_Ababa:ETAD-0129"", ""Addis_Ababa:ETAD-0130"", ""Addis_Ababa:ETAD-0131"", ""Addis_Ababa:ETAD-0132"", ""Addis_Ababa:ETAD-0133"", ""Addis_Ababa:ETAD-0134"", ""Addis_Ababa:ETAD-0136"", ""Addis_Ababa:ETAD-0137"", ""Addis_Ababa:ETAD-0138"", ""Addis_Ababa:ETAD-0139"", ""Addis_Ababa:ETAD-0140"", ""Addis_Ababa:ETAD-0141"", ""Addis_Ababa:ETAD-0142"", ""Addis_Ababa:ETAD-0144"", ""Addis_Ababa:ETAD-0145"", ""Addis_Ababa:ETAD-0146"", ""Addis_Ababa:ETAD-0147"", ""Addis_Ababa:ETAD-0148"", ""Addis_Ababa:ETAD-0149"", ""Addis_Ababa:ETAD-0150"", ""Addis_Ababa:ETAD-0152"", ""Addis_Ababa:ETAD-0153"", ""Addis_Ababa:ETAD-0154"", ""Addis_Ababa:ETAD-0155"", ""Addis_Ababa:ETAD-0156"", ""Addis_Ababa:ETAD-0157"", ""Addis_Ababa:ETAD-0158"", ""Addis_Ababa:ETAD-0160"", ""Addis_Ababa:ETAD-0161"", ""Addis_Ababa:ETAD-0162"", ""Addis_Ababa:ETAD-0163"", ""Addis_Ababa:ETAD-0164"", ""Addis_Ababa:ETAD-0165"", ""Addis_Ababa:ETAD-0166"", ""Addis_Ababa:ETAD-0168"", ""Addis_Ababa:ETAD-0169"", ""Addis_Ababa:ETAD-0170"", ""Addis_Ababa:ETAD-0171"", ""Addis_Ababa:ETAD-0172"", ""Addis_Ababa:ETAD-0173"", ""Addis_Ababa:ETAD-0174"", ""Addis_Ababa:ETAD-0176"", ""Addis_Ababa:ETAD-0177"", ""Addis_Ababa:ETAD-0178"", ""Addis_Ababa:ETAD-0179"", ""Addis_Ababa:ETAD-0180"", ""Addis_Ababa:ETAD-0181"", ""Addis_Ababa:ETAD-0182"", ""Addis_Ababa:ETAD-0184"", ""Addis_Ababa:ETAD-0185"", ""Addis_Ababa:ETAD-0186"", ""Addis_Ababa:ETAD-0187"", ""Addis_Ababa:ETAD-0188"", ""Addis_Ababa:ETAD-0189"", ""Addis_Ababa:ETAD-0190"", ""Addis_Ababa:ETAD-0192""]","[""Addis_Ababa:ETAD-0193"", ""Addis_Ababa:ETAD-0194"", ""Addis_Ababa:ETAD-0195"", ""Addis_Ababa:ETAD-0196"", ""Addis_Ababa:ETAD-0197"", ""Addis_Ababa:ETAD-0198"", ""Addis_Ababa:ETAD-0200"", ""Addis_Ababa:ETAD-0201"", ""Addis_Ababa:ETAD-0202"", ""Addis_Ababa:ETAD-0203"", ""Addis_Ababa:ETAD-0204"", ""Addis_Ababa:ETAD-0205"", ""Addis_Ababa:ETAD-0206"", ""Addis_Ababa:ETAD-0208"", ""Addis_Ababa:ETAD-0217"", ""Addis_Ababa:ETAD-0218"", ""Addis_Ababa:ETAD-0219"", ""Addis_Ababa:ETAD-0220"", ""Addis_Ababa:ETAD-0221"", ""Addis_Ababa:ETAD-0222"", ""Addis_Ababa:ETAD-0224"", ""Addis_Ababa:ETAD-0225"", ""Addis_Ababa:ETAD-0226""]",147,114,1.90446116072198,10.5333537907337,2.93608135081302,11.7351130556244,2023-03-29,2024-03-31,2024-04-03,2024-06-29,69d00b1fa9e04e91da93d0e0908d3e4e7138e1d9817c1c21a558e60c5c45062b,True,4.363852514875105,25.90436617506418,46.12331228,8.72932408484107,2405158b454156a59a77841e2ab4cab28cf960ddae911ef7dade9c021417ffe3,1.0,-9.02797153652174,10.881681442608697,13.091678594669823,0,1.135386525510365,8.480360919360097,11.384115320529414,0,-1.108802303001228,4.307384961484367,5.423538945098529,0,4.17297595787573,49.20752781109947
Addis_Ababa,mdl_1_5x,later_period,2024Q3,all_earlier,evaluated,evaluated,170,19,"[""Addis_Ababa:ETAD-0001"", ""Addis_Ababa:ETAD-0002"", ""Addis_Ababa:ETAD-0003"", ""Addis_Ababa:ETAD-0004"", ""Addis_Ababa:ETAD-0005"", ""Addis_Ababa:ETAD-0006"", ""Addis_Ababa:ETAD-0008"", ""Addis_Ababa:ETAD-0017"", ""Addis_Ababa:ETAD-0018"", ""Addis_Ababa:ETAD-0019"", ""Addis_Ababa:ETAD-0020"", ""Addis_Ababa:ETAD-0021"", ""Addis_Ababa:ETAD-0022"", ""Addis_Ababa:ETAD-0024"", ""Addis_Ababa:ETAD-0033"", ""Addis_Ababa:ETAD-0034"", ""Addis_Ababa:ETAD-0035"", ""Addis_Ababa:ETAD-0036"", ""Addis_Ababa:ETAD-0038"", ""Addis_Ababa:ETAD-0040"", ""Addis_Ababa:ETAD-0041"", ""Addis_Ababa:ETAD-0042"", ""Addis_Ababa:ETAD-0043"", ""Addis_Ababa:ETAD-0044"", ""Addis_Ababa:ETAD-0045"", ""Addis_Ababa:ETAD-0046"", ""Addis_Ababa:ETAD-0049"", ""Addis_Ababa:ETAD-0050"", ""Addis_Ababa:ETAD-0051"", ""Addis_Ababa:ETAD-0052"", ""Addis_Ababa:ETAD-0053"", ""Addis_Ababa:ETAD-0054"", ""Addis_Ababa:ETAD-0056"", ""Addis_Ababa:ETAD-0057"", ""Addis_Ababa:ETAD-0058"", ""Addis_Ababa:ETAD-0059"", ""Addis_Ababa:ETAD-0060"", ""Addis_Ababa:ETAD-0061"", ""Addis_Ababa:ETAD-0062"", ""Addis_Ababa:ETAD-0064"", ""Addis_Ababa:ETAD-0065"", ""Addis_Ababa:ETAD-0066"", ""Addis_Ababa:ETAD-0067"", ""Addis_Ababa:ETAD-0068"", ""Addis_Ababa:ETAD-0069"", ""Addis_Ababa:ETAD-0070"", ""Addis_Ababa:ETAD-0072"", ""Addis_Ababa:ETAD-0073"", ""Addis_Ababa:ETAD-0074"", ""Addis_Ababa:ETAD-0075"", ""Addis_Ababa:ETAD-0076"", ""Addis_Ababa:ETAD-0077"", ""Addis_Ababa:ETAD-0078"", ""Addis_Ababa:ETAD-0080"", ""Addis_Ababa:ETAD-0081"", ""Addis_Ababa:ETAD-0082"", ""Addis_Ababa:ETAD-0083"", ""Addis_Ababa:ETAD-0084"", ""Addis_Ababa:ETAD-0085"", ""Addis_Ababa:ETAD-0086"", ""Addis_Ababa:ETAD-0088"", ""Addis_Ababa:ETAD-0089"", ""Addis_Ababa:ETAD-0090"", ""Addis_Ababa:ETAD-0091"", ""Addis_Ababa:ETAD-0092"", ""Addis_Ababa:ETAD-0093"", ""Addis_Ababa:ETAD-0094"", ""Addis_Ababa:ETAD-0096"", ""Addis_Ababa:ETAD-0097"", ""Addis_Ababa:ETAD-0098"", ""Addis_Ababa:ETAD-0099"", ""Addis_Ababa:ETAD-0100"", ""Addis_Ababa:ETAD-0101"", ""Addis_Ababa:ETAD-0102"", ""Addis_Ababa:ETAD-0104"", ""Addis_Ababa:ETAD-0105"", ""Addis_Ababa:ETAD-0106"", ""Addis_Ababa:ETAD-0107"", ""Addis_Ababa:ETAD-0108"", ""Addis_Ababa:ETAD-0109"", ""Addis_Ababa:ETAD-0110"", ""Addis_Ababa:ETAD-0112"", ""Addis_Ababa:ETAD-0113"", ""Addis_Ababa:ETAD-0114"", ""Addis_Ababa:ETAD-0115"", ""Addis_Ababa:ETAD-0116"", ""Addis_Ababa:ETAD-0117"", ""Addis_Ababa:ETAD-0118"", ""Addis_Ababa:ETAD-0120"", ""Addis_Ababa:ETAD-0121"", ""Addis_Ababa:ETAD-0128"", ""Addis_Ababa:ETAD-0129"", ""Addis_Ababa:ETAD-0130"", ""Addis_Ababa:ETAD-0131"", ""Addis_Ababa:ETAD-0132"", ""Addis_Ababa:ETAD-0133"", ""Addis_Ababa:ETAD-0134"", ""Addis_Ababa:ETAD-0136"", ""Addis_Ababa:ETAD-0137"", ""Addis_Ababa:ETAD-0138"", ""Addis_Ababa:ETAD-0139"", ""Addis_Ababa:ETAD-0140"", ""Addis_Ababa:ETAD-0141"", ""Addis_Ababa:ETAD-0142"", ""Addis_Ababa:ETAD-0144"", ""Addis_Ababa:ETAD-0145"", ""Addis_Ababa:ETAD-0146"", ""Addis_Ababa:ETAD-0147"", ""Addis_Ababa:ETAD-0148"", ""Addis_Ababa:ETAD-0149"", ""Addis_Ababa:ETAD-0150"", ""Addis_Ababa:ETAD-0152"", ""Addis_Ababa:ETAD-0153"", ""Addis_Ababa:ETAD-0154"", ""Addis_Ababa:ETAD-0155"", ""Addis_Ababa:ETAD-0156"", ""Addis_Ababa:ETAD-0157"", ""Addis_Ababa:ETAD-0158"", ""Addis_Ababa:ETAD-0160"", ""Addis_Ababa:ETAD-0161"", ""Addis_Ababa:ETAD-0162"", ""Addis_Ababa:ETAD-0163"", ""Addis_Ababa:ETAD-0164"", ""Addis_Ababa:ETAD-0165"", ""Addis_Ababa:ETAD-0166"", ""Addis_Ababa:ETAD-0168"", ""Addis_Ababa:ETAD-0169"", ""Addis_Ababa:ETAD-0170"", ""Addis_Ababa:ETAD-0171"", ""Addis_Ababa:ETAD-0172"", ""Addis_Ababa:ETAD-0173"", ""Addis_Ababa:ETAD-0174"", ""Addis_Ababa:ETAD-0176"", ""Addis_Ababa:ETAD-0177"", ""Addis_Ababa:ETAD-0178"", ""Addis_Ababa:ETAD-0179"", ""Addis_Ababa:ETAD-0180"", ""Addis_Ababa:ETAD-0181"", ""Addis_Ababa:ETAD-0182"", ""Addis_Ababa:ETAD-0184"", ""Addis_Ababa:ETAD-0185"", ""Addis_Ababa:ETAD-0186"", ""Addis_Ababa:ETAD-0187"", ""Addis_Ababa:ETAD-0188"", ""Addis_Ababa:ETAD-0189"", ""Addis_Ababa:ETAD-0190"", ""Addis_Ababa:ETAD-0192"", ""Addis_Ababa:ETAD-0193"", ""Addis_Ababa:ETAD-0194"", ""Addis_Ababa:ETAD-0195"", ""Addis_Ababa:ETAD-0196"", ""Addis_Ababa:ETAD-0197"", ""Addis_Ababa:ETAD-0198"", ""Addis_Ababa:ETAD-0200"", ""Addis_Ababa:ETAD-0201"", ""Addis_Ababa:ETAD-0202"", ""Addis_Ababa:ETAD-0203"", ""Addis_Ababa:ETAD-0204"", ""Addis_Ababa:ETAD-0205"", ""Addis_Ababa:ETAD-0206"", ""Addis_Ababa:ETAD-0208"", ""Addis_Ababa:ETAD-0217"", ""Addis_Ababa:ETAD-0218"", ""Addis_Ababa:ETAD-0219"", ""Addis_Ababa:ETAD-0220"", ""Addis_Ababa:ETAD-0221"", ""Addis_Ababa:ETAD-0222"", ""Addis_Ababa:ETAD-0224"", ""Addis_Ababa:ETAD-0225"", ""Addis_Ababa:ETAD-0226""]","[""Addis_Ababa:ETAD-0227"", ""Addis_Ababa:ETAD-0228"", ""Addis_Ababa:ETAD-0229"", ""Addis_Ababa:ETAD-0230"", ""Addis_Ababa:ETAD-0232"", ""Addis_Ababa:ETAD-0233"", ""Addis_Ababa:ETAD-0234"", ""Addis_Ababa:ETAD-0235"", ""Addis_Ababa:ETAD-0236"", ""Addis_Ababa:ETAD-0237"", ""Addis_Ababa:ETAD-0238"", ""Addis_Ababa:ETAD-0240"", ""Addis_Ababa:ETAD-0241"", ""Addis_Ababa:ETAD-0242"", ""Addis_Ababa:ETAD-0243"", ""Addis_Ababa:ETAD-0244"", ""Addis_Ababa:ETAD-0245"", ""Addis_Ababa:ETAD-0246"", ""Addis_Ababa:ETAD-0248""]",170,137,1.62566803465763,11.7351130556244,3.43072578969257,11.136414801705,2022-12-07,2024-06-29,2024-07-02,2024-09-21,3dc7545d6dc1da04ff57c8968196dca1e4acdac8dcc4c9b8af5d9f9043470594,True,4.123323002466787,27.963336153625285,46.52233962,8.922958396775202,3dc7545d6dc1da04ff57c8968196dca1e4acdac8dcc4c9b8af5d9f9043470594,0.0,-10.248394838421058,12.031616664736847,15.694884734253044,0,9.664630309598277,13.225667521206857,15.676934744740116,0,1.892561903944733,5.664238125907318,7.859825552923681,0,7.561429395299539,57.172383799721814
Addis_Ababa,mdl_1_5x,later_period,2024Q3,id11_earlier,evaluated,evaluated,137,19,"[""Addis_Ababa:ETAD-0057"", ""Addis_Ababa:ETAD-0058"", ""Addis_Ababa:ETAD-0059"", ""Addis_Ababa:ETAD-0060"", ""Addis_Ababa:ETAD-0061"", ""Addis_Ababa:ETAD-0062"", ""Addis_Ababa:ETAD-0064"", ""Addis_Ababa:ETAD-0065"", ""Addis_Ababa:ETAD-0066"", ""Addis_Ababa:ETAD-0067"", ""Addis_Ababa:ETAD-0068"", ""Addis_Ababa:ETAD-0069"", ""Addis_Ababa:ETAD-0070"", ""Addis_Ababa:ETAD-0072"", ""Addis_Ababa:ETAD-0073"", ""Addis_Ababa:ETAD-0074"", ""Addis_Ababa:ETAD-0075"", ""Addis_Ababa:ETAD-0076"", ""Addis_Ababa:ETAD-0077"", ""Addis_Ababa:ETAD-0078"", ""Addis_Ababa:ETAD-0080"", ""Addis_Ababa:ETAD-0081"", ""Addis_Ababa:ETAD-0082"", ""Addis_Ababa:ETAD-0083"", ""Addis_Ababa:ETAD-0084"", ""Addis_Ababa:ETAD-0085"", ""Addis_Ababa:ETAD-0086"", ""Addis_Ababa:ETAD-0088"", ""Addis_Ababa:ETAD-0089"", ""Addis_Ababa:ETAD-0090"", ""Addis_Ababa:ETAD-0091"", ""Addis_Ababa:ETAD-0092"", ""Addis_Ababa:ETAD-0093"", ""Addis_Ababa:ETAD-0094"", ""Addis_Ababa:ETAD-0096"", ""Addis_Ababa:ETAD-0097"", ""Addis_Ababa:ETAD-0098"", ""Addis_Ababa:ETAD-0099"", ""Addis_Ababa:ETAD-0100"", ""Addis_Ababa:ETAD-0101"", ""Addis_Ababa:ETAD-0102"", ""Addis_Ababa:ETAD-0104"", ""Addis_Ababa:ETAD-0105"", ""Addis_Ababa:ETAD-0106"", ""Addis_Ababa:ETAD-0107"", ""Addis_Ababa:ETAD-0108"", ""Addis_Ababa:ETAD-0109"", ""Addis_Ababa:ETAD-0110"", ""Addis_Ababa:ETAD-0112"", ""Addis_Ababa:ETAD-0113"", ""Addis_Ababa:ETAD-0114"", ""Addis_Ababa:ETAD-0115"", ""Addis_Ababa:ETAD-0116"", ""Addis_Ababa:ETAD-0117"", ""Addis_Ababa:ETAD-0118"", ""Addis_Ababa:ETAD-0120"", ""Addis_Ababa:ETAD-0121"", ""Addis_Ababa:ETAD-0128"", ""Addis_Ababa:ETAD-0129"", ""Addis_Ababa:ETAD-0130"", ""Addis_Ababa:ETAD-0131"", ""Addis_Ababa:ETAD-0132"", ""Addis_Ababa:ETAD-0133"", ""Addis_Ababa:ETAD-0134"", ""Addis_Ababa:ETAD-0136"", ""Addis_Ababa:ETAD-0137"", ""Addis_Ababa:ETAD-0138"", ""Addis_Ababa:ETAD-0139"", ""Addis_Ababa:ETAD-0140"", ""Addis_Ababa:ETAD-0141"", ""Addis_Ababa:ETAD-0142"", ""Addis_Ababa:ETAD-0144"", ""Addis_Ababa:ETAD-0145"", ""Addis_Ababa:ETAD-0146"", ""Addis_Ababa:ETAD-0147"", ""Addis_Ababa:ETAD-0148"", ""Addis_Ababa:ETAD-0149"", ""Addis_Ababa:ETAD-0150"", ""Addis_Ababa:ETAD-0152"", ""Addis_Ababa:ETAD-0153"", ""Addis_Ababa:ETAD-0154"", ""Addis_Ababa:ETAD-0155"", ""Addis_Ababa:ETAD-0156"", ""Addis_Ababa:ETAD-0157"", ""Addis_Ababa:ETAD-0158"", ""Addis_Ababa:ETAD-0160"", ""Addis_Ababa:ETAD-0161"", ""Addis_Ababa:ETAD-0162"", ""Addis_Ababa:ETAD-0163"", ""Addis_Ababa:ETAD-0164"", ""Addis_Ababa:ETAD-0165"", ""Addis_Ababa:ETAD-0166"", ""Addis_Ababa:ETAD-0168"", ""Addis_Ababa:ETAD-0169"", ""Addis_Ababa:ETAD-0170"", ""Addis_Ababa:ETAD-0171"", ""Addis_Ababa:ETAD-0172"", ""Addis_Ababa:ETAD-0173"", ""Addis_Ababa:ETAD-0174"", ""Addis_Ababa:ETAD-0176"", ""Addis_Ababa:ETAD-0177"", ""Addis_Ababa:ETAD-0178"", ""Addis_Ababa:ETAD-0179"", ""Addis_Ababa:ETAD-0180"", ""Addis_Ababa:ETAD-0181"", ""Addis_Ababa:ETAD-0182"", ""Addis_Ababa:ETAD-0184"", ""Addis_Ababa:ETAD-0185"", ""Addis_Ababa:ETAD-0186"", ""Addis_Ababa:ETAD-0187"", ""Addis_Ababa:ETAD-0188"", ""Addis_Ababa:ETAD-0189"", ""Addis_Ababa:ETAD-0190"", ""Addis_Ababa:ETAD-0192"", ""Addis_Ababa:ETAD-0193"", ""Addis_Ababa:ETAD-0194"", ""Addis_Ababa:ETAD-0195"", ""Addis_Ababa:ETAD-0196"", ""Addis_Ababa:ETAD-0197"", ""Addis_Ababa:ETAD-0198"", ""Addis_Ababa:ETAD-0200"", ""Addis_Ababa:ETAD-0201"", ""Addis_Ababa:ETAD-0202"", ""Addis_Ababa:ETAD-0203"", ""Addis_Ababa:ETAD-0204"", ""Addis_Ababa:ETAD-0205"", ""Addis_Ababa:ETAD-0206"", ""Addis_Ababa:ETAD-0208"", ""Addis_Ababa:ETAD-0217"", ""Addis_Ababa:ETAD-0218"", ""Addis_Ababa:ETAD-0219"", ""Addis_Ababa:ETAD-0220"", ""Addis_Ababa:ETAD-0221"", ""Addis_Ababa:ETAD-0222"", ""Addis_Ababa:ETAD-0224"", ""Addis_Ababa:ETAD-0225"", ""Addis_Ababa:ETAD-0226""]","[""Addis_Ababa:ETAD-0227"", ""Addis_Ababa:ETAD-0228"", ""Addis_Ababa:ETAD-0229"", ""Addis_Ababa:ETAD-0230"", ""Addis_Ababa:ETAD-0232"", ""Addis_Ababa:ETAD-0233"", ""Addis_Ababa:ETAD-0234"", ""Addis_Ababa:ETAD-0235"", ""Addis_Ababa:ETAD-0236"", ""Addis_Ababa:ETAD-0237"", ""Addis_Ababa:ETAD-0238"", ""Addis_Ababa:ETAD-0240"", ""Addis_Ababa:ETAD-0241"", ""Addis_Ababa:ETAD-0242"", ""Addis_Ababa:ETAD-0243"", ""Addis_Ababa:ETAD-0244"", ""Addis_Ababa:ETAD-0245"", ""Addis_Ababa:ETAD-0246"", ""Addis_Ababa:ETAD-0248""]",170,137,1.90446116072198,11.7351130556244,3.43072578969257,11.136414801705,2023-03-29,2024-06-29,2024-07-02,2024-09-21,3dc7545d6dc1da04ff57c8968196dca1e4acdac8dcc4c9b8af5d9f9043470594,True,4.331880843960045,26.259279624282588,47.11027032,8.584790433319666,bf90a905416fe2964925753aba08e91b2aba4ed4446303368fcbdb29f71f4b89,0.0,-9.660464138421053,11.629348291052631,15.317453359714635,0,7.146820519837718,11.493564289873207,13.786892867124362,0,1.7413105832246432,5.525387206612045,7.813508914204173,0,5.968177083261162,51.926251358942025
Addis_Ababa,mdl_2x,later_period,2022Q4,all_earlier,empty_id11_test_block,insufficient_training_n,0,0,[],[],0,0,,,,,,,,,302285a8887aa23b4a009e767d5fd7b315cbce8c535ad7a20ec63afb5bf4eb57,False,,,,,2b3c1efc390ad76f8e9754197a2ac92f232ebebbc39850fd7fa4ca11c43e7c48,,,,,0,,,,0,,,,0,,
Addis_Ababa,mdl_2x,later_period,2022Q4,id11_earlier,empty_id11_test_block,insufficient_training_n,0,0,[],[],0,0,,,,,,,,,302285a8887aa23b4a009e767d5fd7b315cbce8c535ad7a20ec63afb5bf4eb57,False,,,,,2b3c1efc390ad76f8e9754197a2ac92f232ebebbc39850fd7fa4ca11c43e7c48,,,,,0,,,,0,,,,0,,
Addis_Ababa,mdl_2x,later_period,2023Q1,all_earlier,all_earlier:insufficient_training_n;id11_earlier:insufficient_training_n,insufficient_training_n,9,1,"[""Addis_Ababa:ETAD-0017"", ""Addis_Ababa:ETAD-0018"", ""Addis_Ababa:ETAD-0019"", ""Addis_Ababa:ETAD-0020"", ""Addis_Ababa:ETAD-0021"", ""Addis_Ababa:ETAD-0022"", ""Addis_Ababa:ETAD-0024"", ""Addis_Ababa:ETAD-0033"", ""Addis_Ababa:ETAD-0034""]","[""Addis_Ababa:ETAD-0057""]",9,0,1.62566803465763,4.44446651940708,6.63401511944448,6.63401511944448,2022-12-07,2022-12-31,2023-03-29,2023-03-29,da2bf5c915f2693ddd1d3641e4d5d1f422c02214241dfeae791f0a14f0502176,False,,,,,63e406a389b1cb782279455efdb70c419d3f69366f122f0ad752474a16d2945c,1.0,,,,0,,,,0,,,,0,,
Addis_Ababa,mdl_2x,later_period,2023Q1,id11_earlier,all_earlier:insufficient_training_n;id11_earlier:insufficient_training_n,insufficient_training_n,0,1,[],"[""Addis_Ababa:ETAD-0057""]",9,0,,,6.63401511944448,6.63401511944448,,,2023-03-29,2023-03-29,da2bf5c915f2693ddd1d3641e4d5d1f422c02214241dfeae791f0a14f0502176,False,,,,,2f1f4b27e7d7a09963f93fe8a7700619ec3a9302e5f259acb182c5cc3a1a47f0,,,,,0,,,,0,,,,0,,
Addis_Ababa,mdl_2x,later_period,2023Q2,all_earlier,id11_earlier:insufficient_training_n,evaluated,34,28,"[""Addis_Ababa:ETAD-0001"", ""Addis_Ababa:ETAD-0002"", ""Addis_Ababa:ETAD-0003"", ""Addis_Ababa:ETAD-0004"", ""Addis_Ababa:ETAD-0005"", ""Addis_Ababa:ETAD-0006"", ""Addis_Ababa:ETAD-0008"", ""Addis_Ababa:ETAD-0017"", ""Addis_Ababa:ETAD-0018"", ""Addis_Ababa:ETAD-0019"", ""Addis_Ababa:ETAD-0020"", ""Addis_Ababa:ETAD-0021"", ""Addis_Ababa:ETAD-0022"", ""Addis_Ababa:ETAD-0024"", ""Addis_Ababa:ETAD-0033"", ""Addis_Ababa:ETAD-0034"", ""Addis_Ababa:ETAD-0035"", ""Addis_Ababa:ETAD-0036"", ""Addis_Ababa:ETAD-0038"", ""Addis_Ababa:ETAD-0040"", ""Addis_Ababa:ETAD-0041"", ""Addis_Ababa:ETAD-0042"", ""Addis_Ababa:ETAD-0043"", ""Addis_Ababa:ETAD-0044"", ""Addis_Ababa:ETAD-0045"", ""Addis_Ababa:ETAD-0046"", ""Addis_Ababa:ETAD-0049"", ""Addis_Ababa:ETAD-0050"", ""Addis_Ababa:ETAD-0051"", ""Addis_Ababa:ETAD-0052"", ""Addis_Ababa:ETAD-0053"", ""Addis_Ababa:ETAD-0054"", ""Addis_Ababa:ETAD-0056"", ""Addis_Ababa:ETAD-0057""]","[""Addis_Ababa:ETAD-0058"", ""Addis_Ababa:ETAD-0059"", ""Addis_Ababa:ETAD-0060"", ""Addis_Ababa:ETAD-0061"", ""Addis_Ababa:ETAD-0062"", ""Addis_Ababa:ETAD-0064"", ""Addis_Ababa:ETAD-0065"", ""Addis_Ababa:ETAD-0066"", ""Addis_Ababa:ETAD-0067"", ""Addis_Ababa:ETAD-0068"", ""Addis_Ababa:ETAD-0069"", ""Addis_Ababa:ETAD-0070"", ""Addis_Ababa:ETAD-0072"", ""Addis_Ababa:ETAD-0073"", ""Addis_Ababa:ETAD-0074"", ""Addis_Ababa:ETAD-0075"", ""Addis_Ababa:ETAD-0076"", ""Addis_Ababa:ETAD-0077"", ""Addis_Ababa:ETAD-0078"", ""Addis_Ababa:ETAD-0080"", ""Addis_Ababa:ETAD-0081"", ""Addis_Ababa:ETAD-0082"", ""Addis_Ababa:ETAD-0083"", ""Addis_Ababa:ETAD-0084"", ""Addis_Ababa:ETAD-0085"", ""Addis_Ababa:ETAD-0086"", ""Addis_Ababa:ETAD-0088"", ""Addis_Ababa:ETAD-0089""]",34,1,1.62566803465763,6.63401511944448,1.90446116072198,9.84021969992934,2022-12-07,2023-03-29,2023-04-01,2023-06-28,0f89a747c0ec7e0e4bfc15a95ccaea795f5985c5a62f3765c31bf55e6a2ebaf7,False,5.568849056948088,25.862684152673264,43.662390175,12.720509028990138,0f89a747c0ec7e0e4bfc15a95ccaea795f5985c5a62f3765c31bf55e6a2ebaf7,10.0,,,,0,,,,0,,,,0,,
Addis_Ababa,mdl_2x,later_period,2023Q2,id11_earlier,id11_earlier:insufficient_training_n,insufficient_training_n,1,28,"[""Addis_Ababa:ETAD-0057""]","[""Addis_Ababa:ETAD-0058"", ""Addis_Ababa:ETAD-0059"", ""Addis_Ababa:ETAD-0060"", ""Addis_Ababa:ETAD-0061"", ""Addis_Ababa:ETAD-0062"", ""Addis_Ababa:ETAD-0064"", ""Addis_Ababa:ETAD-0065"", ""Addis_Ababa:ETAD-0066"", ""Addis_Ababa:ETAD-0067"", ""Addis_Ababa:ETAD-0068"", ""Addis_Ababa:ETAD-0069"", ""Addis_Ababa:ETAD-0070"", ""Addis_Ababa:ETAD-0072"", ""Addis_Ababa:ETAD-0073"", ""Addis_Ababa:ETAD-0074"", ""Addis_Ababa:ETAD-0075"", ""Addis_Ababa:ETAD-0076"", ""Addis_Ababa:ETAD-0077"", ""Addis_Ababa:ETAD-0078"", ""Addis_Ababa:ETAD-0080"", ""Addis_Ababa:ETAD-0081"", ""Addis_Ababa:ETAD-0082"", ""Addis_Ababa:ETAD-0083"", ""Addis_Ababa:ETAD-0084"", ""Addis_Ababa:ETAD-0085"", ""Addis_Ababa:ETAD-0086"", ""Addis_Ababa:ETAD-0088"", ""Addis_Ababa:ETAD-0089""]",34,1,6.63401511944448,6.63401511944448,1.90446116072198,9.84021969992934,2023-03-29,2023-03-29,2023-04-01,2023-06-28,0f89a747c0ec7e0e4bfc15a95ccaea795f5985c5a62f3765c31bf55e6a2ebaf7,False,,,,,09ff79c2b41b38c027da62e4fd0a51dffa058ed4296afd7fe942699b3748982a,28.0,,,,0,,,,0,,,,0,,
Addis_Ababa,mdl_2x,later_period,2023Q3,all_earlier,evaluated,evaluated,62,28,"[""Addis_Ababa:ETAD-0001"", ""Addis_Ababa:ETAD-0002"", ""Addis_Ababa:ETAD-0003"", ""Addis_Ababa:ETAD-0004"", ""Addis_Ababa:ETAD-0005"", ""Addis_Ababa:ETAD-0006"", ""Addis_Ababa:ETAD-0008"", ""Addis_Ababa:ETAD-0017"", ""Addis_Ababa:ETAD-0018"", ""Addis_Ababa:ETAD-0019"", ""Addis_Ababa:ETAD-0020"", ""Addis_Ababa:ETAD-0021"", ""Addis_Ababa:ETAD-0022"", ""Addis_Ababa:ETAD-0024"", ""Addis_Ababa:ETAD-0033"", ""Addis_Ababa:ETAD-0034"", ""Addis_Ababa:ETAD-0035"", ""Addis_Ababa:ETAD-0036"", ""Addis_Ababa:ETAD-0038"", ""Addis_Ababa:ETAD-0040"", ""Addis_Ababa:ETAD-0041"", ""Addis_Ababa:ETAD-0042"", ""Addis_Ababa:ETAD-0043"", ""Addis_Ababa:ETAD-0044"", ""Addis_Ababa:ETAD-0045"", ""Addis_Ababa:ETAD-0046"", ""Addis_Ababa:ETAD-0049"", ""Addis_Ababa:ETAD-0050"", ""Addis_Ababa:ETAD-0051"", ""Addis_Ababa:ETAD-0052"", ""Addis_Ababa:ETAD-0053"", ""Addis_Ababa:ETAD-0054"", ""Addis_Ababa:ETAD-0056"", ""Addis_Ababa:ETAD-0057"", ""Addis_Ababa:ETAD-0058"", ""Addis_Ababa:ETAD-0059"", ""Addis_Ababa:ETAD-0060"", ""Addis_Ababa:ETAD-0061"", ""Addis_Ababa:ETAD-0062"", ""Addis_Ababa:ETAD-0064"", ""Addis_Ababa:ETAD-0065"", ""Addis_Ababa:ETAD-0066"", ""Addis_Ababa:ETAD-0067"", ""Addis_Ababa:ETAD-0068"", ""Addis_Ababa:ETAD-0069"", ""Addis_Ababa:ETAD-0070"", ""Addis_Ababa:ETAD-0072"", ""Addis_Ababa:ETAD-0073"", ""Addis_Ababa:ETAD-0074"", ""Addis_Ababa:ETAD-0075"", ""Addis_Ababa:ETAD-0076"", ""Addis_Ababa:ETAD-0077"", ""Addis_Ababa:ETAD-0078"", ""Addis_Ababa:ETAD-0080"", ""Addis_Ababa:ETAD-0081"", ""Addis_Ababa:ETAD-0082"", ""Addis_Ababa:ETAD-0083"", ""Addis_Ababa:ETAD-0084"", ""Addis_Ababa:ETAD-0085"", ""Addis_Ababa:ETAD-0086"", ""Addis_Ababa:ETAD-0088"", ""Addis_Ababa:ETAD-0089""]","[""Addis_Ababa:ETAD-0090"", ""Addis_Ababa:ETAD-0091"", ""Addis_Ababa:ETAD-0092"", ""Addis_Ababa:ETAD-0093"", ""Addis_Ababa:ETAD-0094"", ""Addis_Ababa:ETAD-0096"", ""Addis_Ababa:ETAD-0097"", ""Addis_Ababa:ETAD-0098"", ""Addis_Ababa:ETAD-0099"", ""Addis_Ababa:ETAD-0100"", ""Addis_Ababa:ETAD-0101"", ""Addis_Ababa:ETAD-0102"", ""Addis_Ababa:ETAD-0104"", ""Addis_Ababa:ETAD-0105"", ""Addis_Ababa:ETAD-0106"", ""Addis_Ababa:ETAD-0107"", ""Addis_Ababa:ETAD-0108"", ""Addis_Ababa:ETAD-0109"", ""Addis_Ababa:ETAD-0110"", ""Addis_Ababa:ETAD-0112"", ""Addis_Ababa:ETAD-0113"", ""Addis_Ababa:ETAD-0114"", ""Addis_Ababa:ETAD-0115"", ""Addis_Ababa:ETAD-0116"", ""Addis_Ababa:ETAD-0117"", ""Addis_Ababa:ETAD-0118"", ""Addis_Ababa:ETAD-0120"", ""Addis_Ababa:ETAD-0121""]",62,29,1.62566803465763,9.84021969992934,3.43937872823145,10.5333537907337,2022-12-07,2023-06-28,2023-07-01,2023-09-27,10b85f6d3f386b07b35ff7328d1d0c004c2228d2339891c449bef670cc1852ba,True,4.049791588007797,29.793862315382018,46.343115964999996,9.473319014267497,10b85f6d3f386b07b35ff7328d1d0c004c2228d2339891c449bef670cc1852ba,1.0,-8.121368596071434,10.103733915357143,12.379593076002585,0,10.247890265193215,12.061205166633982,13.860934851985961,0,2.993560794775647,3.982373385640272,5.0313199799985515,0,8.07883178099371,66.98196133287678
Addis_Ababa,mdl_2x,later_period,2023Q3,id11_earlier,evaluated,evaluated,29,28,"[""Addis_Ababa:ETAD-0057"", ""Addis_Ababa:ETAD-0058"", ""Addis_Ababa:ETAD-0059"", ""Addis_Ababa:ETAD-0060"", ""Addis_Ababa:ETAD-0061"", ""Addis_Ababa:ETAD-0062"", ""Addis_Ababa:ETAD-0064"", ""Addis_Ababa:ETAD-0065"", ""Addis_Ababa:ETAD-0066"", ""Addis_Ababa:ETAD-0067"", ""Addis_Ababa:ETAD-0068"", ""Addis_Ababa:ETAD-0069"", ""Addis_Ababa:ETAD-0070"", ""Addis_Ababa:ETAD-0072"", ""Addis_Ababa:ETAD-0073"", ""Addis_Ababa:ETAD-0074"", ""Addis_Ababa:ETAD-0075"", ""Addis_Ababa:ETAD-0076"", ""Addis_Ababa:ETAD-0077"", ""Addis_Ababa:ETAD-0078"", ""Addis_Ababa:ETAD-0080"", ""Addis_Ababa:ETAD-0081"", ""Addis_Ababa:ETAD-0082"", ""Addis_Ababa:ETAD-0083"", ""Addis_Ababa:ETAD-0084"", ""Addis_Ababa:ETAD-0085"", ""Addis_Ababa:ETAD-0086"", ""Addis_Ababa:ETAD-0088"", ""Addis_Ababa:ETAD-0089""]","[""Addis_Ababa:ETAD-0090"", ""Addis_Ababa:ETAD-0091"", ""Addis_Ababa:ETAD-0092"", ""Addis_Ababa:ETAD-0093"", ""Addis_Ababa:ETAD-0094"", ""Addis_Ababa:ETAD-0096"", ""Addis_Ababa:ETAD-0097"", ""Addis_Ababa:ETAD-0098"", ""Addis_Ababa:ETAD-0099"", ""Addis_Ababa:ETAD-0100"", ""Addis_Ababa:ETAD-0101"", ""Addis_Ababa:ETAD-0102"", ""Addis_Ababa:ETAD-0104"", ""Addis_Ababa:ETAD-0105"", ""Addis_Ababa:ETAD-0106"", ""Addis_Ababa:ETAD-0107"", ""Addis_Ababa:ETAD-0108"", ""Addis_Ababa:ETAD-0109"", ""Addis_Ababa:ETAD-0110"", ""Addis_Ababa:ETAD-0112"", ""Addis_Ababa:ETAD-0113"", ""Addis_Ababa:ETAD-0114"", ""Addis_Ababa:ETAD-0115"", ""Addis_Ababa:ETAD-0116"", ""Addis_Ababa:ETAD-0117"", ""Addis_Ababa:ETAD-0118"", ""Addis_Ababa:ETAD-0120"", ""Addis_Ababa:ETAD-0121""]",62,29,1.90446116072198,9.84021969992934,3.43937872823145,10.5333537907337,2023-03-29,2023-06-28,2023-07-01,2023-09-27,10b85f6d3f386b07b35ff7328d1d0c004c2228d2339891c449bef670cc1852ba,True,4.302322238352404,27.284741709022825,48.87206008,8.330826337868002,9caa0ea6a45bd23a60b923761ded8271b998f826f985b3a1887cf3edf3d7e91a,1.0,-5.592424481071433,8.952959709642858,10.88911880873025,0,2.443506796202314,6.571024106378457,7.898885396971389,0,2.2094805967050983,3.542205795701841,4.50732558332964,0,3.0288183106766158,46.09355043662917
Addis_Ababa,mdl_2x,later_period,2023Q4,all_earlier,evaluated,evaluated,90,26,"[""Addis_Ababa:ETAD-0001"", ""Addis_Ababa:ETAD-0002"", ""Addis_Ababa:ETAD-0003"", ""Addis_Ababa:ETAD-0004"", ""Addis_Ababa:ETAD-0005"", ""Addis_Ababa:ETAD-0006"", ""Addis_Ababa:ETAD-0008"", ""Addis_Ababa:ETAD-0017"", ""Addis_Ababa:ETAD-0018"", ""Addis_Ababa:ETAD-0019"", ""Addis_Ababa:ETAD-0020"", ""Addis_Ababa:ETAD-0021"", ""Addis_Ababa:ETAD-0022"", ""Addis_Ababa:ETAD-0024"", ""Addis_Ababa:ETAD-0033"", ""Addis_Ababa:ETAD-0034"", ""Addis_Ababa:ETAD-0035"", ""Addis_Ababa:ETAD-0036"", ""Addis_Ababa:ETAD-0038"", ""Addis_Ababa:ETAD-0040"", ""Addis_Ababa:ETAD-0041"", ""Addis_Ababa:ETAD-0042"", ""Addis_Ababa:ETAD-0043"", ""Addis_Ababa:ETAD-0044"", ""Addis_Ababa:ETAD-0045"", ""Addis_Ababa:ETAD-0046"", ""Addis_Ababa:ETAD-0049"", ""Addis_Ababa:ETAD-0050"", ""Addis_Ababa:ETAD-0051"", ""Addis_Ababa:ETAD-0052"", ""Addis_Ababa:ETAD-0053"", ""Addis_Ababa:ETAD-0054"", ""Addis_Ababa:ETAD-0056"", ""Addis_Ababa:ETAD-0057"", ""Addis_Ababa:ETAD-0058"", ""Addis_Ababa:ETAD-0059"", ""Addis_Ababa:ETAD-0060"", ""Addis_Ababa:ETAD-0061"", ""Addis_Ababa:ETAD-0062"", ""Addis_Ababa:ETAD-0064"", ""Addis_Ababa:ETAD-0065"", ""Addis_Ababa:ETAD-0066"", ""Addis_Ababa:ETAD-0067"", ""Addis_Ababa:ETAD-0068"", ""Addis_Ababa:ETAD-0069"", ""Addis_Ababa:ETAD-0070"", ""Addis_Ababa:ETAD-0072"", ""Addis_Ababa:ETAD-0073"", ""Addis_Ababa:ETAD-0074"", ""Addis_Ababa:ETAD-0075"", ""Addis_Ababa:ETAD-0076"", ""Addis_Ababa:ETAD-0077"", ""Addis_Ababa:ETAD-0078"", ""Addis_Ababa:ETAD-0080"", ""Addis_Ababa:ETAD-0081"", ""Addis_Ababa:ETAD-0082"", ""Addis_Ababa:ETAD-0083"", ""Addis_Ababa:ETAD-0084"", ""Addis_Ababa:ETAD-0085"", ""Addis_Ababa:ETAD-0086"", ""Addis_Ababa:ETAD-0088"", ""Addis_Ababa:ETAD-0089"", ""Addis_Ababa:ETAD-0090"", ""Addis_Ababa:ETAD-0091"", ""Addis_Ababa:ETAD-0092"", ""Addis_Ababa:ETAD-0093"", ""Addis_Ababa:ETAD-0094"", ""Addis_Ababa:ETAD-0096"", ""Addis_Ababa:ETAD-0097"", ""Addis_Ababa:ETAD-0098"", ""Addis_Ababa:ETAD-0099"", ""Addis_Ababa:ETAD-0100"", ""Addis_Ababa:ETAD-0101"", ""Addis_Ababa:ETAD-0102"", ""Addis_Ababa:ETAD-0104"", ""Addis_Ababa:ETAD-0105"", ""Addis_Ababa:ETAD-0106"", ""Addis_Ababa:ETAD-0107"", ""Addis_Ababa:ETAD-0108"", ""Addis_Ababa:ETAD-0109"", ""Addis_Ababa:ETAD-0110"", ""Addis_Ababa:ETAD-0112"", ""Addis_Ababa:ETAD-0113"", ""Addis_Ababa:ETAD-0114"", ""Addis_Ababa:ETAD-0115"", ""Addis_Ababa:ETAD-0116"", ""Addis_Ababa:ETAD-0117"", ""Addis_Ababa:ETAD-0118"", ""Addis_Ababa:ETAD-0120"", ""Addis_Ababa:ETAD-0121""]","[""Addis_Ababa:ETAD-0128"", ""Addis_Ababa:ETAD-0129"", ""Addis_Ababa:ETAD-0130"", ""Addis_Ababa:ETAD-0131"", ""Addis_Ababa:ETAD-0132"", ""Addis_Ababa:ETAD-0133"", ""Addis_Ababa:ETAD-0134"", ""Addis_Ababa:ETAD-0136"", ""Addis_Ababa:ETAD-0137"", ""Addis_Ababa:ETAD-0138"", ""Addis_Ababa:ETAD-0139"", ""Addis_Ababa:ETAD-0140"", ""Addis_Ababa:ETAD-0141"", ""Addis_Ababa:ETAD-0142"", ""Addis_Ababa:ETAD-0144"", ""Addis_Ababa:ETAD-0145"", ""Addis_Ababa:ETAD-0146"", ""Addis_Ababa:ETAD-0147"", ""Addis_Ababa:ETAD-0148"", ""Addis_Ababa:ETAD-0149"", ""Addis_Ababa:ETAD-0150"", ""Addis_Ababa:ETAD-0152"", ""Addis_Ababa:ETAD-0153"", ""Addis_Ababa:ETAD-0154"", ""Addis_Ababa:ETAD-0155"", ""Addis_Ababa:ETAD-0156""]",90,57,1.62566803465763,10.5333537907337,2.23594182575397,4.14642906938964,2022-12-07,2023-09-27,2023-10-15,2023-12-29,1e7816d28e15e296f098fbe58f30192c16de15008989b8ef11309f5e08d00a15,True,3.8951412684639073,29.662864185875556,47.5762172,8.6513309564186,1e7816d28e15e296f098fbe58f30192c16de15008989b8ef11309f5e08d00a15,0.0,6.045373488461541,6.345756450769233,7.54568454647781,0,-12.83709299035011,12.83709299035011,13.282449927215975,0,1.0509820935542054,2.6069117632596814,3.410082611893451,0,10.230181227090428,79.69235117935698
Addis_Ababa,mdl_2x,later_period,2023Q4,id11_earlier,evaluated,evaluated,57,26,"[""Addis_Ababa:ETAD-0057"", ""Addis_Ababa:ETAD-0058"", ""Addis_Ababa:ETAD-0059"", ""Addis_Ababa:ETAD-0060"", ""Addis_Ababa:ETAD-0061"", ""Addis_Ababa:ETAD-0062"", ""Addis_Ababa:ETAD-0064"", ""Addis_Ababa:ETAD-0065"", ""Addis_Ababa:ETAD-0066"", ""Addis_Ababa:ETAD-0067"", ""Addis_Ababa:ETAD-0068"", ""Addis_Ababa:ETAD-0069"", ""Addis_Ababa:ETAD-0070"", ""Addis_Ababa:ETAD-0072"", ""Addis_Ababa:ETAD-0073"", ""Addis_Ababa:ETAD-0074"", ""Addis_Ababa:ETAD-0075"", ""Addis_Ababa:ETAD-0076"", ""Addis_Ababa:ETAD-0077"", ""Addis_Ababa:ETAD-0078"", ""Addis_Ababa:ETAD-0080"", ""Addis_Ababa:ETAD-0081"", ""Addis_Ababa:ETAD-0082"", ""Addis_Ababa:ETAD-0083"", ""Addis_Ababa:ETAD-0084"", ""Addis_Ababa:ETAD-0085"", ""Addis_Ababa:ETAD-0086"", ""Addis_Ababa:ETAD-0088"", ""Addis_Ababa:ETAD-0089"", ""Addis_Ababa:ETAD-0090"", ""Addis_Ababa:ETAD-0091"", ""Addis_Ababa:ETAD-0092"", ""Addis_Ababa:ETAD-0093"", ""Addis_Ababa:ETAD-0094"", ""Addis_Ababa:ETAD-0096"", ""Addis_Ababa:ETAD-0097"", ""Addis_Ababa:ETAD-0098"", ""Addis_Ababa:ETAD-0099"", ""Addis_Ababa:ETAD-0100"", ""Addis_Ababa:ETAD-0101"", ""Addis_Ababa:ETAD-0102"", ""Addis_Ababa:ETAD-0104"", ""Addis_Ababa:ETAD-0105"", ""Addis_Ababa:ETAD-0106"", ""Addis_Ababa:ETAD-0107"", ""Addis_Ababa:ETAD-0108"", ""Addis_Ababa:ETAD-0109"", ""Addis_Ababa:ETAD-0110"", ""Addis_Ababa:ETAD-0112"", ""Addis_Ababa:ETAD-0113"", ""Addis_Ababa:ETAD-0114"", ""Addis_Ababa:ETAD-0115"", ""Addis_Ababa:ETAD-0116"", ""Addis_Ababa:ETAD-0117"", ""Addis_Ababa:ETAD-0118"", ""Addis_Ababa:ETAD-0120"", ""Addis_Ababa:ETAD-0121""]","[""Addis_Ababa:ETAD-0128"", ""Addis_Ababa:ETAD-0129"", ""Addis_Ababa:ETAD-0130"", ""Addis_Ababa:ETAD-0131"", ""Addis_Ababa:ETAD-0132"", ""Addis_Ababa:ETAD-0133"", ""Addis_Ababa:ETAD-0134"", ""Addis_Ababa:ETAD-0136"", ""Addis_Ababa:ETAD-0137"", ""Addis_Ababa:ETAD-0138"", ""Addis_Ababa:ETAD-0139"", ""Addis_Ababa:ETAD-0140"", ""Addis_Ababa:ETAD-0141"", ""Addis_Ababa:ETAD-0142"", ""Addis_Ababa:ETAD-0144"", ""Addis_Ababa:ETAD-0145"", ""Addis_Ababa:ETAD-0146"", ""Addis_Ababa:ETAD-0147"", ""Addis_Ababa:ETAD-0148"", ""Addis_Ababa:ETAD-0149"", ""Addis_Ababa:ETAD-0150"", ""Addis_Ababa:ETAD-0152"", ""Addis_Ababa:ETAD-0153"", ""Addis_Ababa:ETAD-0154"", ""Addis_Ababa:ETAD-0155"", ""Addis_Ababa:ETAD-0156""]",90,57,1.90446116072198,10.5333537907337,2.23594182575397,4.14642906938964,2023-03-29,2023-09-27,2023-10-15,2023-12-29,1e7816d28e15e296f098fbe58f30192c16de15008989b8ef11309f5e08d00a15,True,4.3351026891735245,25.99186449122519,52.74626602,8.019768013848577,16a64f0939122f4458c8cb70df19dc41ac0d001ab3d09c55dad717fa38f05c87,0.0,11.215422308461541,11.215422308461541,12.090347894791826,0,-14.93178913943217,14.93178913943217,15.284330724924725,0,-1.160803591555175,2.784348033610916,3.3714876966364824,0,12.147441105821253,81.3528840542092
Addis_Ababa,mdl_2x,later_period,2024Q1,all_earlier,evaluated,evaluated,116,31,"[""Addis_Ababa:ETAD-0001"", ""Addis_Ababa:ETAD-0002"", ""Addis_Ababa:ETAD-0003"", ""Addis_Ababa:ETAD-0004"", ""Addis_Ababa:ETAD-0005"", ""Addis_Ababa:ETAD-0006"", ""Addis_Ababa:ETAD-0008"", ""Addis_Ababa:ETAD-0017"", ""Addis_Ababa:ETAD-0018"", ""Addis_Ababa:ETAD-0019"", ""Addis_Ababa:ETAD-0020"", ""Addis_Ababa:ETAD-0021"", ""Addis_Ababa:ETAD-0022"", ""Addis_Ababa:ETAD-0024"", ""Addis_Ababa:ETAD-0033"", ""Addis_Ababa:ETAD-0034"", ""Addis_Ababa:ETAD-0035"", ""Addis_Ababa:ETAD-0036"", ""Addis_Ababa:ETAD-0038"", ""Addis_Ababa:ETAD-0040"", ""Addis_Ababa:ETAD-0041"", ""Addis_Ababa:ETAD-0042"", ""Addis_Ababa:ETAD-0043"", ""Addis_Ababa:ETAD-0044"", ""Addis_Ababa:ETAD-0045"", ""Addis_Ababa:ETAD-0046"", ""Addis_Ababa:ETAD-0049"", ""Addis_Ababa:ETAD-0050"", ""Addis_Ababa:ETAD-0051"", ""Addis_Ababa:ETAD-0052"", ""Addis_Ababa:ETAD-0053"", ""Addis_Ababa:ETAD-0054"", ""Addis_Ababa:ETAD-0056"", ""Addis_Ababa:ETAD-0057"", ""Addis_Ababa:ETAD-0058"", ""Addis_Ababa:ETAD-0059"", ""Addis_Ababa:ETAD-0060"", ""Addis_Ababa:ETAD-0061"", ""Addis_Ababa:ETAD-0062"", ""Addis_Ababa:ETAD-0064"", ""Addis_Ababa:ETAD-0065"", ""Addis_Ababa:ETAD-0066"", ""Addis_Ababa:ETAD-0067"", ""Addis_Ababa:ETAD-0068"", ""Addis_Ababa:ETAD-0069"", ""Addis_Ababa:ETAD-0070"", ""Addis_Ababa:ETAD-0072"", ""Addis_Ababa:ETAD-0073"", ""Addis_Ababa:ETAD-0074"", ""Addis_Ababa:ETAD-0075"", ""Addis_Ababa:ETAD-0076"", ""Addis_Ababa:ETAD-0077"", ""Addis_Ababa:ETAD-0078"", ""Addis_Ababa:ETAD-0080"", ""Addis_Ababa:ETAD-0081"", ""Addis_Ababa:ETAD-0082"", ""Addis_Ababa:ETAD-0083"", ""Addis_Ababa:ETAD-0084"", ""Addis_Ababa:ETAD-0085"", ""Addis_Ababa:ETAD-0086"", ""Addis_Ababa:ETAD-0088"", ""Addis_Ababa:ETAD-0089"", ""Addis_Ababa:ETAD-0090"", ""Addis_Ababa:ETAD-0091"", ""Addis_Ababa:ETAD-0092"", ""Addis_Ababa:ETAD-0093"", ""Addis_Ababa:ETAD-0094"", ""Addis_Ababa:ETAD-0096"", ""Addis_Ababa:ETAD-0097"", ""Addis_Ababa:ETAD-0098"", ""Addis_Ababa:ETAD-0099"", ""Addis_Ababa:ETAD-0100"", ""Addis_Ababa:ETAD-0101"", ""Addis_Ababa:ETAD-0102"", ""Addis_Ababa:ETAD-0104"", ""Addis_Ababa:ETAD-0105"", ""Addis_Ababa:ETAD-0106"", ""Addis_Ababa:ETAD-0107"", ""Addis_Ababa:ETAD-0108"", ""Addis_Ababa:ETAD-0109"", ""Addis_Ababa:ETAD-0110"", ""Addis_Ababa:ETAD-0112"", ""Addis_Ababa:ETAD-0113"", ""Addis_Ababa:ETAD-0114"", ""Addis_Ababa:ETAD-0115"", ""Addis_Ababa:ETAD-0116"", ""Addis_Ababa:ETAD-0117"", ""Addis_Ababa:ETAD-0118"", ""Addis_Ababa:ETAD-0120"", ""Addis_Ababa:ETAD-0121"", ""Addis_Ababa:ETAD-0128"", ""Addis_Ababa:ETAD-0129"", ""Addis_Ababa:ETAD-0130"", ""Addis_Ababa:ETAD-0131"", ""Addis_Ababa:ETAD-0132"", ""Addis_Ababa:ETAD-0133"", ""Addis_Ababa:ETAD-0134"", ""Addis_Ababa:ETAD-0136"", ""Addis_Ababa:ETAD-0137"", ""Addis_Ababa:ETAD-0138"", ""Addis_Ababa:ETAD-0139"", ""Addis_Ababa:ETAD-0140"", ""Addis_Ababa:ETAD-0141"", ""Addis_Ababa:ETAD-0142"", ""Addis_Ababa:ETAD-0144"", ""Addis_Ababa:ETAD-0145"", ""Addis_Ababa:ETAD-0146"", ""Addis_Ababa:ETAD-0147"", ""Addis_Ababa:ETAD-0148"", ""Addis_Ababa:ETAD-0149"", ""Addis_Ababa:ETAD-0150"", ""Addis_Ababa:ETAD-0152"", ""Addis_Ababa:ETAD-0153"", ""Addis_Ababa:ETAD-0154"", ""Addis_Ababa:ETAD-0155"", ""Addis_Ababa:ETAD-0156""]","[""Addis_Ababa:ETAD-0157"", ""Addis_Ababa:ETAD-0158"", ""Addis_Ababa:ETAD-0160"", ""Addis_Ababa:ETAD-0161"", ""Addis_Ababa:ETAD-0162"", ""Addis_Ababa:ETAD-0163"", ""Addis_Ababa:ETAD-0164"", ""Addis_Ababa:ETAD-0165"", ""Addis_Ababa:ETAD-0166"", ""Addis_Ababa:ETAD-0168"", ""Addis_Ababa:ETAD-0169"", ""Addis_Ababa:ETAD-0170"", ""Addis_Ababa:ETAD-0171"", ""Addis_Ababa:ETAD-0172"", ""Addis_Ababa:ETAD-0173"", ""Addis_Ababa:ETAD-0174"", ""Addis_Ababa:ETAD-0176"", ""Addis_Ababa:ETAD-0177"", ""Addis_Ababa:ETAD-0178"", ""Addis_Ababa:ETAD-0179"", ""Addis_Ababa:ETAD-0180"", ""Addis_Ababa:ETAD-0181"", ""Addis_Ababa:ETAD-0182"", ""Addis_Ababa:ETAD-0184"", ""Addis_Ababa:ETAD-0185"", ""Addis_Ababa:ETAD-0186"", ""Addis_Ababa:ETAD-0187"", ""Addis_Ababa:ETAD-0188"", ""Addis_Ababa:ETAD-0189"", ""Addis_Ababa:ETAD-0190"", ""Addis_Ababa:ETAD-0192""]",116,83,1.62566803465763,10.5333537907337,2.42463370413565,6.96258987683994,2022-12-07,2023-12-29,2024-01-01,2024-03-31,f5093ccb2bee5169c2268bf9096e797979dc7176d0abfe96e5860f8ae126129e,True,3.9932150621041362,28.960608795760972,46.312386965,8.990234402953037,f5093ccb2bee5169c2268bf9096e797979dc7176d0abfe96e5860f8ae126129e,0.0,3.2133720030645176,6.717303242096774,8.302802725497443,0,-6.041120699761205,7.729211715353636,8.983528686536904,0,2.3216920809823707,3.996181951817251,5.3684521366595925,0,3.733029763536385,48.29767770652388
Addis_Ababa,mdl_2x,later_period,2024Q1,id11_earlier,evaluated,evaluated,83,31,"[""Addis_Ababa:ETAD-0057"", ""Addis_Ababa:ETAD-0058"", ""Addis_Ababa:ETAD-0059"", ""Addis_Ababa:ETAD-0060"", ""Addis_Ababa:ETAD-0061"", ""Addis_Ababa:ETAD-0062"", ""Addis_Ababa:ETAD-0064"", ""Addis_Ababa:ETAD-0065"", ""Addis_Ababa:ETAD-0066"", ""Addis_Ababa:ETAD-0067"", ""Addis_Ababa:ETAD-0068"", ""Addis_Ababa:ETAD-0069"", ""Addis_Ababa:ETAD-0070"", ""Addis_Ababa:ETAD-0072"", ""Addis_Ababa:ETAD-0073"", ""Addis_Ababa:ETAD-0074"", ""Addis_Ababa:ETAD-0075"", ""Addis_Ababa:ETAD-0076"", ""Addis_Ababa:ETAD-0077"", ""Addis_Ababa:ETAD-0078"", ""Addis_Ababa:ETAD-0080"", ""Addis_Ababa:ETAD-0081"", ""Addis_Ababa:ETAD-0082"", ""Addis_Ababa:ETAD-0083"", ""Addis_Ababa:ETAD-0084"", ""Addis_Ababa:ETAD-0085"", ""Addis_Ababa:ETAD-0086"", ""Addis_Ababa:ETAD-0088"", ""Addis_Ababa:ETAD-0089"", ""Addis_Ababa:ETAD-0090"", ""Addis_Ababa:ETAD-0091"", ""Addis_Ababa:ETAD-0092"", ""Addis_Ababa:ETAD-0093"", ""Addis_Ababa:ETAD-0094"", ""Addis_Ababa:ETAD-0096"", ""Addis_Ababa:ETAD-0097"", ""Addis_Ababa:ETAD-0098"", ""Addis_Ababa:ETAD-0099"", ""Addis_Ababa:ETAD-0100"", ""Addis_Ababa:ETAD-0101"", ""Addis_Ababa:ETAD-0102"", ""Addis_Ababa:ETAD-0104"", ""Addis_Ababa:ETAD-0105"", ""Addis_Ababa:ETAD-0106"", ""Addis_Ababa:ETAD-0107"", ""Addis_Ababa:ETAD-0108"", ""Addis_Ababa:ETAD-0109"", ""Addis_Ababa:ETAD-0110"", ""Addis_Ababa:ETAD-0112"", ""Addis_Ababa:ETAD-0113"", ""Addis_Ababa:ETAD-0114"", ""Addis_Ababa:ETAD-0115"", ""Addis_Ababa:ETAD-0116"", ""Addis_Ababa:ETAD-0117"", ""Addis_Ababa:ETAD-0118"", ""Addis_Ababa:ETAD-0120"", ""Addis_Ababa:ETAD-0121"", ""Addis_Ababa:ETAD-0128"", ""Addis_Ababa:ETAD-0129"", ""Addis_Ababa:ETAD-0130"", ""Addis_Ababa:ETAD-0131"", ""Addis_Ababa:ETAD-0132"", ""Addis_Ababa:ETAD-0133"", ""Addis_Ababa:ETAD-0134"", ""Addis_Ababa:ETAD-0136"", ""Addis_Ababa:ETAD-0137"", ""Addis_Ababa:ETAD-0138"", ""Addis_Ababa:ETAD-0139"", ""Addis_Ababa:ETAD-0140"", ""Addis_Ababa:ETAD-0141"", ""Addis_Ababa:ETAD-0142"", ""Addis_Ababa:ETAD-0144"", ""Addis_Ababa:ETAD-0145"", ""Addis_Ababa:ETAD-0146"", ""Addis_Ababa:ETAD-0147"", ""Addis_Ababa:ETAD-0148"", ""Addis_Ababa:ETAD-0149"", ""Addis_Ababa:ETAD-0150"", ""Addis_Ababa:ETAD-0152"", ""Addis_Ababa:ETAD-0153"", ""Addis_Ababa:ETAD-0154"", ""Addis_Ababa:ETAD-0155"", ""Addis_Ababa:ETAD-0156""]","[""Addis_Ababa:ETAD-0157"", ""Addis_Ababa:ETAD-0158"", ""Addis_Ababa:ETAD-0160"", ""Addis_Ababa:ETAD-0161"", ""Addis_Ababa:ETAD-0162"", ""Addis_Ababa:ETAD-0163"", ""Addis_Ababa:ETAD-0164"", ""Addis_Ababa:ETAD-0165"", ""Addis_Ababa:ETAD-0166"", ""Addis_Ababa:ETAD-0168"", ""Addis_Ababa:ETAD-0169"", ""Addis_Ababa:ETAD-0170"", ""Addis_Ababa:ETAD-0171"", ""Addis_Ababa:ETAD-0172"", ""Addis_Ababa:ETAD-0173"", ""Addis_Ababa:ETAD-0174"", ""Addis_Ababa:ETAD-0176"", ""Addis_Ababa:ETAD-0177"", ""Addis_Ababa:ETAD-0178"", ""Addis_Ababa:ETAD-0179"", ""Addis_Ababa:ETAD-0180"", ""Addis_Ababa:ETAD-0181"", ""Addis_Ababa:ETAD-0182"", ""Addis_Ababa:ETAD-0184"", ""Addis_Ababa:ETAD-0185"", ""Addis_Ababa:ETAD-0186"", ""Addis_Ababa:ETAD-0187"", ""Addis_Ababa:ETAD-0188"", ""Addis_Ababa:ETAD-0189"", ""Addis_Ababa:ETAD-0190"", ""Addis_Ababa:ETAD-0192""]",116,83,1.90446116072198,10.5333537907337,2.42463370413565,6.96258987683994,2023-03-29,2023-12-29,2024-01-01,2024-03-31,f5093ccb2bee5169c2268bf9096e797979dc7176d0abfe96e5860f8ae126129e,True,4.220672693891496,26.971861053298877,46.91845275,8.467021922641115,cad7b9c80b7fe99b714d92309832c6f71c4b95a333037b3a71dcb4d150884bcd,0.0,3.819437788064516,6.927359010645163,8.555634312273057,0,-8.197811159987735,9.042175962218646,10.288858940184712,0,1.2705284425712013,3.7963665909133693,4.942181878874932,0,5.245809371305278,58.01490032072029
Addis_Ababa,mdl_2x,later_period,2024Q2,all_earlier,evaluated,evaluated,147,23,"[""Addis_Ababa:ETAD-0001"", ""Addis_Ababa:ETAD-0002"", ""Addis_Ababa:ETAD-0003"", ""Addis_Ababa:ETAD-0004"", ""Addis_Ababa:ETAD-0005"", ""Addis_Ababa:ETAD-0006"", ""Addis_Ababa:ETAD-0008"", ""Addis_Ababa:ETAD-0017"", ""Addis_Ababa:ETAD-0018"", ""Addis_Ababa:ETAD-0019"", ""Addis_Ababa:ETAD-0020"", ""Addis_Ababa:ETAD-0021"", ""Addis_Ababa:ETAD-0022"", ""Addis_Ababa:ETAD-0024"", ""Addis_Ababa:ETAD-0033"", ""Addis_Ababa:ETAD-0034"", ""Addis_Ababa:ETAD-0035"", ""Addis_Ababa:ETAD-0036"", ""Addis_Ababa:ETAD-0038"", ""Addis_Ababa:ETAD-0040"", ""Addis_Ababa:ETAD-0041"", ""Addis_Ababa:ETAD-0042"", ""Addis_Ababa:ETAD-0043"", ""Addis_Ababa:ETAD-0044"", ""Addis_Ababa:ETAD-0045"", ""Addis_Ababa:ETAD-0046"", ""Addis_Ababa:ETAD-0049"", ""Addis_Ababa:ETAD-0050"", ""Addis_Ababa:ETAD-0051"", ""Addis_Ababa:ETAD-0052"", ""Addis_Ababa:ETAD-0053"", ""Addis_Ababa:ETAD-0054"", ""Addis_Ababa:ETAD-0056"", ""Addis_Ababa:ETAD-0057"", ""Addis_Ababa:ETAD-0058"", ""Addis_Ababa:ETAD-0059"", ""Addis_Ababa:ETAD-0060"", ""Addis_Ababa:ETAD-0061"", ""Addis_Ababa:ETAD-0062"", ""Addis_Ababa:ETAD-0064"", ""Addis_Ababa:ETAD-0065"", ""Addis_Ababa:ETAD-0066"", ""Addis_Ababa:ETAD-0067"", ""Addis_Ababa:ETAD-0068"", ""Addis_Ababa:ETAD-0069"", ""Addis_Ababa:ETAD-0070"", ""Addis_Ababa:ETAD-0072"", ""Addis_Ababa:ETAD-0073"", ""Addis_Ababa:ETAD-0074"", ""Addis_Ababa:ETAD-0075"", ""Addis_Ababa:ETAD-0076"", ""Addis_Ababa:ETAD-0077"", ""Addis_Ababa:ETAD-0078"", ""Addis_Ababa:ETAD-0080"", ""Addis_Ababa:ETAD-0081"", ""Addis_Ababa:ETAD-0082"", ""Addis_Ababa:ETAD-0083"", ""Addis_Ababa:ETAD-0084"", ""Addis_Ababa:ETAD-0085"", ""Addis_Ababa:ETAD-0086"", ""Addis_Ababa:ETAD-0088"", ""Addis_Ababa:ETAD-0089"", ""Addis_Ababa:ETAD-0090"", ""Addis_Ababa:ETAD-0091"", ""Addis_Ababa:ETAD-0092"", ""Addis_Ababa:ETAD-0093"", ""Addis_Ababa:ETAD-0094"", ""Addis_Ababa:ETAD-0096"", ""Addis_Ababa:ETAD-0097"", ""Addis_Ababa:ETAD-0098"", ""Addis_Ababa:ETAD-0099"", ""Addis_Ababa:ETAD-0100"", ""Addis_Ababa:ETAD-0101"", ""Addis_Ababa:ETAD-0102"", ""Addis_Ababa:ETAD-0104"", ""Addis_Ababa:ETAD-0105"", ""Addis_Ababa:ETAD-0106"", ""Addis_Ababa:ETAD-0107"", ""Addis_Ababa:ETAD-0108"", ""Addis_Ababa:ETAD-0109"", ""Addis_Ababa:ETAD-0110"", ""Addis_Ababa:ETAD-0112"", ""Addis_Ababa:ETAD-0113"", ""Addis_Ababa:ETAD-0114"", ""Addis_Ababa:ETAD-0115"", ""Addis_Ababa:ETAD-0116"", ""Addis_Ababa:ETAD-0117"", ""Addis_Ababa:ETAD-0118"", ""Addis_Ababa:ETAD-0120"", ""Addis_Ababa:ETAD-0121"", ""Addis_Ababa:ETAD-0128"", ""Addis_Ababa:ETAD-0129"", ""Addis_Ababa:ETAD-0130"", ""Addis_Ababa:ETAD-0131"", ""Addis_Ababa:ETAD-0132"", ""Addis_Ababa:ETAD-0133"", ""Addis_Ababa:ETAD-0134"", ""Addis_Ababa:ETAD-0136"", ""Addis_Ababa:ETAD-0137"", ""Addis_Ababa:ETAD-0138"", ""Addis_Ababa:ETAD-0139"", ""Addis_Ababa:ETAD-0140"", ""Addis_Ababa:ETAD-0141"", ""Addis_Ababa:ETAD-0142"", ""Addis_Ababa:ETAD-0144"", ""Addis_Ababa:ETAD-0145"", ""Addis_Ababa:ETAD-0146"", ""Addis_Ababa:ETAD-0147"", ""Addis_Ababa:ETAD-0148"", ""Addis_Ababa:ETAD-0149"", ""Addis_Ababa:ETAD-0150"", ""Addis_Ababa:ETAD-0152"", ""Addis_Ababa:ETAD-0153"", ""Addis_Ababa:ETAD-0154"", ""Addis_Ababa:ETAD-0155"", ""Addis_Ababa:ETAD-0156"", ""Addis_Ababa:ETAD-0157"", ""Addis_Ababa:ETAD-0158"", ""Addis_Ababa:ETAD-0160"", ""Addis_Ababa:ETAD-0161"", ""Addis_Ababa:ETAD-0162"", ""Addis_Ababa:ETAD-0163"", ""Addis_Ababa:ETAD-0164"", ""Addis_Ababa:ETAD-0165"", ""Addis_Ababa:ETAD-0166"", ""Addis_Ababa:ETAD-0168"", ""Addis_Ababa:ETAD-0169"", ""Addis_Ababa:ETAD-0170"", ""Addis_Ababa:ETAD-0171"", ""Addis_Ababa:ETAD-0172"", ""Addis_Ababa:ETAD-0173"", ""Addis_Ababa:ETAD-0174"", ""Addis_Ababa:ETAD-0176"", ""Addis_Ababa:ETAD-0177"", ""Addis_Ababa:ETAD-0178"", ""Addis_Ababa:ETAD-0179"", ""Addis_Ababa:ETAD-0180"", ""Addis_Ababa:ETAD-0181"", ""Addis_Ababa:ETAD-0182"", ""Addis_Ababa:ETAD-0184"", ""Addis_Ababa:ETAD-0185"", ""Addis_Ababa:ETAD-0186"", ""Addis_Ababa:ETAD-0187"", ""Addis_Ababa:ETAD-0188"", ""Addis_Ababa:ETAD-0189"", ""Addis_Ababa:ETAD-0190"", ""Addis_Ababa:ETAD-0192""]","[""Addis_Ababa:ETAD-0193"", ""Addis_Ababa:ETAD-0194"", ""Addis_Ababa:ETAD-0195"", ""Addis_Ababa:ETAD-0196"", ""Addis_Ababa:ETAD-0197"", ""Addis_Ababa:ETAD-0198"", ""Addis_Ababa:ETAD-0200"", ""Addis_Ababa:ETAD-0201"", ""Addis_Ababa:ETAD-0202"", ""Addis_Ababa:ETAD-0203"", ""Addis_Ababa:ETAD-0204"", ""Addis_Ababa:ETAD-0205"", ""Addis_Ababa:ETAD-0206"", ""Addis_Ababa:ETAD-0208"", ""Addis_Ababa:ETAD-0217"", ""Addis_Ababa:ETAD-0218"", ""Addis_Ababa:ETAD-0219"", ""Addis_Ababa:ETAD-0220"", ""Addis_Ababa:ETAD-0221"", ""Addis_Ababa:ETAD-0222"", ""Addis_Ababa:ETAD-0224"", ""Addis_Ababa:ETAD-0225"", ""Addis_Ababa:ETAD-0226""]",147,114,1.62566803465763,10.5333537907337,2.93608135081302,11.7351130556244,2022-12-07,2024-03-31,2024-04-03,2024-06-29,69d00b1fa9e04e91da93d0e0908d3e4e7138e1d9817c1c21a558e60c5c45062b,True,4.126260730087052,27.855753693345427,45.43289776,9.148240405190345,69d00b1fa9e04e91da93d0e0908d3e4e7138e1d9817c1c21a558e60c5c45062b,1.0,-9.718386056521737,11.331951781739129,13.576995466799179,0,3.8365584141040823,9.201342967985655,12.694429942479639,0,-0.6894063039217364,4.238359294245439,5.277903284691576,0,4.962983673740216,53.93760118504425
Addis_Ababa,mdl_2x,later_period,2024Q2,id11_earlier,evaluated,evaluated,114,23,"[""Addis_Ababa:ETAD-0057"", ""Addis_Ababa:ETAD-0058"", ""Addis_Ababa:ETAD-0059"", ""Addis_Ababa:ETAD-0060"", ""Addis_Ababa:ETAD-0061"", ""Addis_Ababa:ETAD-0062"", ""Addis_Ababa:ETAD-0064"", ""Addis_Ababa:ETAD-0065"", ""Addis_Ababa:ETAD-0066"", ""Addis_Ababa:ETAD-0067"", ""Addis_Ababa:ETAD-0068"", ""Addis_Ababa:ETAD-0069"", ""Addis_Ababa:ETAD-0070"", ""Addis_Ababa:ETAD-0072"", ""Addis_Ababa:ETAD-0073"", ""Addis_Ababa:ETAD-0074"", ""Addis_Ababa:ETAD-0075"", ""Addis_Ababa:ETAD-0076"", ""Addis_Ababa:ETAD-0077"", ""Addis_Ababa:ETAD-0078"", ""Addis_Ababa:ETAD-0080"", ""Addis_Ababa:ETAD-0081"", ""Addis_Ababa:ETAD-0082"", ""Addis_Ababa:ETAD-0083"", ""Addis_Ababa:ETAD-0084"", ""Addis_Ababa:ETAD-0085"", ""Addis_Ababa:ETAD-0086"", ""Addis_Ababa:ETAD-0088"", ""Addis_Ababa:ETAD-0089"", ""Addis_Ababa:ETAD-0090"", ""Addis_Ababa:ETAD-0091"", ""Addis_Ababa:ETAD-0092"", ""Addis_Ababa:ETAD-0093"", ""Addis_Ababa:ETAD-0094"", ""Addis_Ababa:ETAD-0096"", ""Addis_Ababa:ETAD-0097"", ""Addis_Ababa:ETAD-0098"", ""Addis_Ababa:ETAD-0099"", ""Addis_Ababa:ETAD-0100"", ""Addis_Ababa:ETAD-0101"", ""Addis_Ababa:ETAD-0102"", ""Addis_Ababa:ETAD-0104"", ""Addis_Ababa:ETAD-0105"", ""Addis_Ababa:ETAD-0106"", ""Addis_Ababa:ETAD-0107"", ""Addis_Ababa:ETAD-0108"", ""Addis_Ababa:ETAD-0109"", ""Addis_Ababa:ETAD-0110"", ""Addis_Ababa:ETAD-0112"", ""Addis_Ababa:ETAD-0113"", ""Addis_Ababa:ETAD-0114"", ""Addis_Ababa:ETAD-0115"", ""Addis_Ababa:ETAD-0116"", ""Addis_Ababa:ETAD-0117"", ""Addis_Ababa:ETAD-0118"", ""Addis_Ababa:ETAD-0120"", ""Addis_Ababa:ETAD-0121"", ""Addis_Ababa:ETAD-0128"", ""Addis_Ababa:ETAD-0129"", ""Addis_Ababa:ETAD-0130"", ""Addis_Ababa:ETAD-0131"", ""Addis_Ababa:ETAD-0132"", ""Addis_Ababa:ETAD-0133"", ""Addis_Ababa:ETAD-0134"", ""Addis_Ababa:ETAD-0136"", ""Addis_Ababa:ETAD-0137"", ""Addis_Ababa:ETAD-0138"", ""Addis_Ababa:ETAD-0139"", ""Addis_Ababa:ETAD-0140"", ""Addis_Ababa:ETAD-0141"", ""Addis_Ababa:ETAD-0142"", ""Addis_Ababa:ETAD-0144"", ""Addis_Ababa:ETAD-0145"", ""Addis_Ababa:ETAD-0146"", ""Addis_Ababa:ETAD-0147"", ""Addis_Ababa:ETAD-0148"", ""Addis_Ababa:ETAD-0149"", ""Addis_Ababa:ETAD-0150"", ""Addis_Ababa:ETAD-0152"", ""Addis_Ababa:ETAD-0153"", ""Addis_Ababa:ETAD-0154"", ""Addis_Ababa:ETAD-0155"", ""Addis_Ababa:ETAD-0156"", ""Addis_Ababa:ETAD-0157"", ""Addis_Ababa:ETAD-0158"", ""Addis_Ababa:ETAD-0160"", ""Addis_Ababa:ETAD-0161"", ""Addis_Ababa:ETAD-0162"", ""Addis_Ababa:ETAD-0163"", ""Addis_Ababa:ETAD-0164"", ""Addis_Ababa:ETAD-0165"", ""Addis_Ababa:ETAD-0166"", ""Addis_Ababa:ETAD-0168"", ""Addis_Ababa:ETAD-0169"", ""Addis_Ababa:ETAD-0170"", ""Addis_Ababa:ETAD-0171"", ""Addis_Ababa:ETAD-0172"", ""Addis_Ababa:ETAD-0173"", ""Addis_Ababa:ETAD-0174"", ""Addis_Ababa:ETAD-0176"", ""Addis_Ababa:ETAD-0177"", ""Addis_Ababa:ETAD-0178"", ""Addis_Ababa:ETAD-0179"", ""Addis_Ababa:ETAD-0180"", ""Addis_Ababa:ETAD-0181"", ""Addis_Ababa:ETAD-0182"", ""Addis_Ababa:ETAD-0184"", ""Addis_Ababa:ETAD-0185"", ""Addis_Ababa:ETAD-0186"", ""Addis_Ababa:ETAD-0187"", ""Addis_Ababa:ETAD-0188"", ""Addis_Ababa:ETAD-0189"", ""Addis_Ababa:ETAD-0190"", ""Addis_Ababa:ETAD-0192""]","[""Addis_Ababa:ETAD-0193"", ""Addis_Ababa:ETAD-0194"", ""Addis_Ababa:ETAD-0195"", ""Addis_Ababa:ETAD-0196"", ""Addis_Ababa:ETAD-0197"", ""Addis_Ababa:ETAD-0198"", ""Addis_Ababa:ETAD-0200"", ""Addis_Ababa:ETAD-0201"", ""Addis_Ababa:ETAD-0202"", ""Addis_Ababa:ETAD-0203"", ""Addis_Ababa:ETAD-0204"", ""Addis_Ababa:ETAD-0205"", ""Addis_Ababa:ETAD-0206"", ""Addis_Ababa:ETAD-0208"", ""Addis_Ababa:ETAD-0217"", ""Addis_Ababa:ETAD-0218"", ""Addis_Ababa:ETAD-0219"", ""Addis_Ababa:ETAD-0220"", ""Addis_Ababa:ETAD-0221"", ""Addis_Ababa:ETAD-0222"", ""Addis_Ababa:ETAD-0224"", ""Addis_Ababa:ETAD-0225"", ""Addis_Ababa:ETAD-0226""]",147,114,1.90446116072198,10.5333537907337,2.93608135081302,11.7351130556244,2023-03-29,2024-03-31,2024-04-03,2024-06-29,69d00b1fa9e04e91da93d0e0908d3e4e7138e1d9817c1c21a558e60c5c45062b,True,4.363852514875105,25.90436617506418,46.12331228,8.72932408484107,2405158b454156a59a77841e2ab4cab28cf960ddae911ef7dade9c021417ffe3,1.0,-9.02797153652174,10.881681442608697,13.091678594669823,0,1.135386525510365,8.480360919360097,11.384115320529414,0,-1.108802303001228,4.307384961484367,5.423538945098529,0,4.17297595787573,49.20752781109947
Addis_Ababa,mdl_2x,later_period,2024Q3,all_earlier,evaluated,evaluated,170,19,"[""Addis_Ababa:ETAD-0001"", ""Addis_Ababa:ETAD-0002"", ""Addis_Ababa:ETAD-0003"", ""Addis_Ababa:ETAD-0004"", ""Addis_Ababa:ETAD-0005"", ""Addis_Ababa:ETAD-0006"", ""Addis_Ababa:ETAD-0008"", ""Addis_Ababa:ETAD-0017"", ""Addis_Ababa:ETAD-0018"", ""Addis_Ababa:ETAD-0019"", ""Addis_Ababa:ETAD-0020"", ""Addis_Ababa:ETAD-0021"", ""Addis_Ababa:ETAD-0022"", ""Addis_Ababa:ETAD-0024"", ""Addis_Ababa:ETAD-0033"", ""Addis_Ababa:ETAD-0034"", ""Addis_Ababa:ETAD-0035"", ""Addis_Ababa:ETAD-0036"", ""Addis_Ababa:ETAD-0038"", ""Addis_Ababa:ETAD-0040"", ""Addis_Ababa:ETAD-0041"", ""Addis_Ababa:ETAD-0042"", ""Addis_Ababa:ETAD-0043"", ""Addis_Ababa:ETAD-0044"", ""Addis_Ababa:ETAD-0045"", ""Addis_Ababa:ETAD-0046"", ""Addis_Ababa:ETAD-0049"", ""Addis_Ababa:ETAD-0050"", ""Addis_Ababa:ETAD-0051"", ""Addis_Ababa:ETAD-0052"", ""Addis_Ababa:ETAD-0053"", ""Addis_Ababa:ETAD-0054"", ""Addis_Ababa:ETAD-0056"", ""Addis_Ababa:ETAD-0057"", ""Addis_Ababa:ETAD-0058"", ""Addis_Ababa:ETAD-0059"", ""Addis_Ababa:ETAD-0060"", ""Addis_Ababa:ETAD-0061"", ""Addis_Ababa:ETAD-0062"", ""Addis_Ababa:ETAD-0064"", ""Addis_Ababa:ETAD-0065"", ""Addis_Ababa:ETAD-0066"", ""Addis_Ababa:ETAD-0067"", ""Addis_Ababa:ETAD-0068"", ""Addis_Ababa:ETAD-0069"", ""Addis_Ababa:ETAD-0070"", ""Addis_Ababa:ETAD-0072"", ""Addis_Ababa:ETAD-0073"", ""Addis_Ababa:ETAD-0074"", ""Addis_Ababa:ETAD-0075"", ""Addis_Ababa:ETAD-0076"", ""Addis_Ababa:ETAD-0077"", ""Addis_Ababa:ETAD-0078"", ""Addis_Ababa:ETAD-0080"", ""Addis_Ababa:ETAD-0081"", ""Addis_Ababa:ETAD-0082"", ""Addis_Ababa:ETAD-0083"", ""Addis_Ababa:ETAD-0084"", ""Addis_Ababa:ETAD-0085"", ""Addis_Ababa:ETAD-0086"", ""Addis_Ababa:ETAD-0088"", ""Addis_Ababa:ETAD-0089"", ""Addis_Ababa:ETAD-0090"", ""Addis_Ababa:ETAD-0091"", ""Addis_Ababa:ETAD-0092"", ""Addis_Ababa:ETAD-0093"", ""Addis_Ababa:ETAD-0094"", ""Addis_Ababa:ETAD-0096"", ""Addis_Ababa:ETAD-0097"", ""Addis_Ababa:ETAD-0098"", ""Addis_Ababa:ETAD-0099"", ""Addis_Ababa:ETAD-0100"", ""Addis_Ababa:ETAD-0101"", ""Addis_Ababa:ETAD-0102"", ""Addis_Ababa:ETAD-0104"", ""Addis_Ababa:ETAD-0105"", ""Addis_Ababa:ETAD-0106"", ""Addis_Ababa:ETAD-0107"", ""Addis_Ababa:ETAD-0108"", ""Addis_Ababa:ETAD-0109"", ""Addis_Ababa:ETAD-0110"", ""Addis_Ababa:ETAD-0112"", ""Addis_Ababa:ETAD-0113"", ""Addis_Ababa:ETAD-0114"", ""Addis_Ababa:ETAD-0115"", ""Addis_Ababa:ETAD-0116"", ""Addis_Ababa:ETAD-0117"", ""Addis_Ababa:ETAD-0118"", ""Addis_Ababa:ETAD-0120"", ""Addis_Ababa:ETAD-0121"", ""Addis_Ababa:ETAD-0128"", ""Addis_Ababa:ETAD-0129"", ""Addis_Ababa:ETAD-0130"", ""Addis_Ababa:ETAD-0131"", ""Addis_Ababa:ETAD-0132"", ""Addis_Ababa:ETAD-0133"", ""Addis_Ababa:ETAD-0134"", ""Addis_Ababa:ETAD-0136"", ""Addis_Ababa:ETAD-0137"", ""Addis_Ababa:ETAD-0138"", ""Addis_Ababa:ETAD-0139"", ""Addis_Ababa:ETAD-0140"", ""Addis_Ababa:ETAD-0141"", ""Addis_Ababa:ETAD-0142"", ""Addis_Ababa:ETAD-0144"", ""Addis_Ababa:ETAD-0145"", ""Addis_Ababa:ETAD-0146"", ""Addis_Ababa:ETAD-0147"", ""Addis_Ababa:ETAD-0148"", ""Addis_Ababa:ETAD-0149"", ""Addis_Ababa:ETAD-0150"", ""Addis_Ababa:ETAD-0152"", ""Addis_Ababa:ETAD-0153"", ""Addis_Ababa:ETAD-0154"", ""Addis_Ababa:ETAD-0155"", ""Addis_Ababa:ETAD-0156"", ""Addis_Ababa:ETAD-0157"", ""Addis_Ababa:ETAD-0158"", ""Addis_Ababa:ETAD-0160"", ""Addis_Ababa:ETAD-0161"", ""Addis_Ababa:ETAD-0162"", ""Addis_Ababa:ETAD-0163"", ""Addis_Ababa:ETAD-0164"", ""Addis_Ababa:ETAD-0165"", ""Addis_Ababa:ETAD-0166"", ""Addis_Ababa:ETAD-0168"", ""Addis_Ababa:ETAD-0169"", ""Addis_Ababa:ETAD-0170"", ""Addis_Ababa:ETAD-0171"", ""Addis_Ababa:ETAD-0172"", ""Addis_Ababa:ETAD-0173"", ""Addis_Ababa:ETAD-0174"", ""Addis_Ababa:ETAD-0176"", ""Addis_Ababa:ETAD-0177"", ""Addis_Ababa:ETAD-0178"", ""Addis_Ababa:ETAD-0179"", ""Addis_Ababa:ETAD-0180"", ""Addis_Ababa:ETAD-0181"", ""Addis_Ababa:ETAD-0182"", ""Addis_Ababa:ETAD-0184"", ""Addis_Ababa:ETAD-0185"", ""Addis_Ababa:ETAD-0186"", ""Addis_Ababa:ETAD-0187"", ""Addis_Ababa:ETAD-0188"", ""Addis_Ababa:ETAD-0189"", ""Addis_Ababa:ETAD-0190"", ""Addis_Ababa:ETAD-0192"", ""Addis_Ababa:ETAD-0193"", ""Addis_Ababa:ETAD-0194"", ""Addis_Ababa:ETAD-0195"", ""Addis_Ababa:ETAD-0196"", ""Addis_Ababa:ETAD-0197"", ""Addis_Ababa:ETAD-0198"", ""Addis_Ababa:ETAD-0200"", ""Addis_Ababa:ETAD-0201"", ""Addis_Ababa:ETAD-0202"", ""Addis_Ababa:ETAD-0203"", ""Addis_Ababa:ETAD-0204"", ""Addis_Ababa:ETAD-0205"", ""Addis_Ababa:ETAD-0206"", ""Addis_Ababa:ETAD-0208"", ""Addis_Ababa:ETAD-0217"", ""Addis_Ababa:ETAD-0218"", ""Addis_Ababa:ETAD-0219"", ""Addis_Ababa:ETAD-0220"", ""Addis_Ababa:ETAD-0221"", ""Addis_Ababa:ETAD-0222"", ""Addis_Ababa:ETAD-0224"", ""Addis_Ababa:ETAD-0225"", ""Addis_Ababa:ETAD-0226""]","[""Addis_Ababa:ETAD-0227"", ""Addis_Ababa:ETAD-0228"", ""Addis_Ababa:ETAD-0229"", ""Addis_Ababa:ETAD-0230"", ""Addis_Ababa:ETAD-0232"", ""Addis_Ababa:ETAD-0233"", ""Addis_Ababa:ETAD-0234"", ""Addis_Ababa:ETAD-0235"", ""Addis_Ababa:ETAD-0236"", ""Addis_Ababa:ETAD-0237"", ""Addis_Ababa:ETAD-0238"", ""Addis_Ababa:ETAD-0240"", ""Addis_Ababa:ETAD-0241"", ""Addis_Ababa:ETAD-0242"", ""Addis_Ababa:ETAD-0243"", ""Addis_Ababa:ETAD-0244"", ""Addis_Ababa:ETAD-0245"", ""Addis_Ababa:ETAD-0246"", ""Addis_Ababa:ETAD-0248""]",170,137,1.62566803465763,11.7351130556244,3.43072578969257,11.136414801705,2022-12-07,2024-06-29,2024-07-02,2024-09-21,3dc7545d6dc1da04ff57c8968196dca1e4acdac8dcc4c9b8af5d9f9043470594,True,4.123323002466787,27.963336153625285,46.52233962,8.922958396775202,3dc7545d6dc1da04ff57c8968196dca1e4acdac8dcc4c9b8af5d9f9043470594,0.0,-10.248394838421058,12.031616664736847,15.694884734253044,0,9.664630309598277,13.225667521206857,15.676934744740116,0,1.892561903944733,5.664238125907318,7.859825552923681,0,7.561429395299539,57.172383799721814
Addis_Ababa,mdl_2x,later_period,2024Q3,id11_earlier,evaluated,evaluated,137,19,"[""Addis_Ababa:ETAD-0057"", ""Addis_Ababa:ETAD-0058"", ""Addis_Ababa:ETAD-0059"", ""Addis_Ababa:ETAD-0060"", ""Addis_Ababa:ETAD-0061"", ""Addis_Ababa:ETAD-0062"", ""Addis_Ababa:ETAD-0064"", ""Addis_Ababa:ETAD-0065"", ""Addis_Ababa:ETAD-0066"", ""Addis_Ababa:ETAD-0067"", ""Addis_Ababa:ETAD-0068"", ""Addis_Ababa:ETAD-0069"", ""Addis_Ababa:ETAD-0070"", ""Addis_Ababa:ETAD-0072"", ""Addis_Ababa:ETAD-0073"", ""Addis_Ababa:ETAD-0074"", ""Addis_Ababa:ETAD-0075"", ""Addis_Ababa:ETAD-0076"", ""Addis_Ababa:ETAD-0077"", ""Addis_Ababa:ETAD-0078"", ""Addis_Ababa:ETAD-0080"", ""Addis_Ababa:ETAD-0081"", ""Addis_Ababa:ETAD-0082"", ""Addis_Ababa:ETAD-0083"", ""Addis_Ababa:ETAD-0084"", ""Addis_Ababa:ETAD-0085"", ""Addis_Ababa:ETAD-0086"", ""Addis_Ababa:ETAD-0088"", ""Addis_Ababa:ETAD-0089"", ""Addis_Ababa:ETAD-0090"", ""Addis_Ababa:ETAD-0091"", ""Addis_Ababa:ETAD-0092"", ""Addis_Ababa:ETAD-0093"", ""Addis_Ababa:ETAD-0094"", ""Addis_Ababa:ETAD-0096"", ""Addis_Ababa:ETAD-0097"", ""Addis_Ababa:ETAD-0098"", ""Addis_Ababa:ETAD-0099"", ""Addis_Ababa:ETAD-0100"", ""Addis_Ababa:ETAD-0101"", ""Addis_Ababa:ETAD-0102"", ""Addis_Ababa:ETAD-0104"", ""Addis_Ababa:ETAD-0105"", ""Addis_Ababa:ETAD-0106"", ""Addis_Ababa:ETAD-0107"", ""Addis_Ababa:ETAD-0108"", ""Addis_Ababa:ETAD-0109"", ""Addis_Ababa:ETAD-0110"", ""Addis_Ababa:ETAD-0112"", ""Addis_Ababa:ETAD-0113"", ""Addis_Ababa:ETAD-0114"", ""Addis_Ababa:ETAD-0115"", ""Addis_Ababa:ETAD-0116"", ""Addis_Ababa:ETAD-0117"", ""Addis_Ababa:ETAD-0118"", ""Addis_Ababa:ETAD-0120"", ""Addis_Ababa:ETAD-0121"", ""Addis_Ababa:ETAD-0128"", ""Addis_Ababa:ETAD-0129"", ""Addis_Ababa:ETAD-0130"", ""Addis_Ababa:ETAD-0131"", ""Addis_Ababa:ETAD-0132"", ""Addis_Ababa:ETAD-0133"", ""Addis_Ababa:ETAD-0134"", ""Addis_Ababa:ETAD-0136"", ""Addis_Ababa:ETAD-0137"", ""Addis_Ababa:ETAD-0138"", ""Addis_Ababa:ETAD-0139"", ""Addis_Ababa:ETAD-0140"", ""Addis_Ababa:ETAD-0141"", ""Addis_Ababa:ETAD-0142"", ""Addis_Ababa:ETAD-0144"", ""Addis_Ababa:ETAD-0145"", ""Addis_Ababa:ETAD-0146"", ""Addis_Ababa:ETAD-0147"", ""Addis_Ababa:ETAD-0148"", ""Addis_Ababa:ETAD-0149"", ""Addis_Ababa:ETAD-0150"", ""Addis_Ababa:ETAD-0152"", ""Addis_Ababa:ETAD-0153"", ""Addis_Ababa:ETAD-0154"", ""Addis_Ababa:ETAD-0155"", ""Addis_Ababa:ETAD-0156"", ""Addis_Ababa:ETAD-0157"", ""Addis_Ababa:ETAD-0158"", ""Addis_Ababa:ETAD-0160"", ""Addis_Ababa:ETAD-0161"", ""Addis_Ababa:ETAD-0162"", ""Addis_Ababa:ETAD-0163"", ""Addis_Ababa:ETAD-0164"", ""Addis_Ababa:ETAD-0165"", ""Addis_Ababa:ETAD-0166"", ""Addis_Ababa:ETAD-0168"", ""Addis_Ababa:ETAD-0169"", ""Addis_Ababa:ETAD-0170"", ""Addis_Ababa:ETAD-0171"", ""Addis_Ababa:ETAD-0172"", ""Addis_Ababa:ETAD-0173"", ""Addis_Ababa:ETAD-0174"", ""Addis_Ababa:ETAD-0176"", ""Addis_Ababa:ETAD-0177"", ""Addis_Ababa:ETAD-0178"", ""Addis_Ababa:ETAD-0179"", ""Addis_Ababa:ETAD-0180"", ""Addis_Ababa:ETAD-0181"", ""Addis_Ababa:ETAD-0182"", ""Addis_Ababa:ETAD-0184"", ""Addis_Ababa:ETAD-0185"", ""Addis_Ababa:ETAD-0186"", ""Addis_Ababa:ETAD-0187"", ""Addis_Ababa:ETAD-0188"", ""Addis_Ababa:ETAD-0189"", ""Addis_Ababa:ETAD-0190"", ""Addis_Ababa:ETAD-0192"", ""Addis_Ababa:ETAD-0193"", ""Addis_Ababa:ETAD-0194"", ""Addis_Ababa:ETAD-0195"", ""Addis_Ababa:ETAD-0196"", ""Addis_Ababa:ETAD-0197"", ""Addis_Ababa:ETAD-0198"", ""Addis_Ababa:ETAD-0200"", ""Addis_Ababa:ETAD-0201"", ""Addis_Ababa:ETAD-0202"", ""Addis_Ababa:ETAD-0203"", ""Addis_Ababa:ETAD-0204"", ""Addis_Ababa:ETAD-0205"", ""Addis_Ababa:ETAD-0206"", ""Addis_Ababa:ETAD-0208"", ""Addis_Ababa:ETAD-0217"", ""Addis_Ababa:ETAD-0218"", ""Addis_Ababa:ETAD-0219"", ""Addis_Ababa:ETAD-0220"", ""Addis_Ababa:ETAD-0221"", ""Addis_Ababa:ETAD-0222"", ""Addis_Ababa:ETAD-0224"", ""Addis_Ababa:ETAD-0225"", ""Addis_Ababa:ETAD-0226""]","[""Addis_Ababa:ETAD-0227"", ""Addis_Ababa:ETAD-0228"", ""Addis_Ababa:ETAD-0229"", ""Addis_Ababa:ETAD-0230"", ""Addis_Ababa:ETAD-0232"", ""Addis_Ababa:ETAD-0233"", ""Addis_Ababa:ETAD-0234"", ""Addis_Ababa:ETAD-0235"", ""Addis_Ababa:ETAD-0236"", ""Addis_Ababa:ETAD-0237"", ""Addis_Ababa:ETAD-0238"", ""Addis_Ababa:ETAD-0240"", ""Addis_Ababa:ETAD-0241"", ""Addis_Ababa:ETAD-0242"", ""Addis_Ababa:ETAD-0243"", ""Addis_Ababa:ETAD-0244"", ""Addis_Ababa:ETAD-0245"", ""Addis_Ababa:ETAD-0246"", ""Addis_Ababa:ETAD-0248""]",170,137,1.90446116072198,11.7351130556244,3.43072578969257,11.136414801705,2023-03-29,2024-06-29,2024-07-02,2024-09-21,3dc7545d6dc1da04ff57c8968196dca1e4acdac8dcc4c9b8af5d9f9043470594,True,4.331880843960045,26.259279624282588,47.11027032,8.584790433319666,bf90a905416fe2964925753aba08e91b2aba4ed4446303368fcbdb29f71f4b89,0.0,-9.660464138421053,11.629348291052631,15.317453359714635,0,7.146820519837718,11.493564289873207,13.786892867124362,0,1.7413105832246432,5.525387206612045,7.813508914204173,0,5.968177083261162,51.926251358942025
Addis_Ababa,mdl_3x,later_period,2022Q4,all_earlier,empty_id11_test_block,insufficient_training_n,0,0,[],[],0,0,,,,,,,,,302285a8887aa23b4a009e767d5fd7b315cbce8c535ad7a20ec63afb5bf4eb57,False,,,,,2b3c1efc390ad76f8e9754197a2ac92f232ebebbc39850fd7fa4ca11c43e7c48,,,,,0,,,,0,,,,0,,
Addis_Ababa,mdl_3x,later_period,2022Q4,id11_earlier,empty_id11_test_block,insufficient_training_n,0,0,[],[],0,0,,,,,,,,,302285a8887aa23b4a009e767d5fd7b315cbce8c535ad7a20ec63afb5bf4eb57,False,,,,,2b3c1efc390ad76f8e9754197a2ac92f232ebebbc39850fd7fa4ca11c43e7c48,,,,,0,,,,0,,,,0,,
Addis_Ababa,mdl_3x,later_period,2023Q1,all_earlier,all_earlier:insufficient_training_n;id11_earlier:insufficient_training_n,insufficient_training_n,9,1,"[""Addis_Ababa:ETAD-0017"", ""Addis_Ababa:ETAD-0018"", ""Addis_Ababa:ETAD-0019"", ""Addis_Ababa:ETAD-0020"", ""Addis_Ababa:ETAD-0021"", ""Addis_Ababa:ETAD-0022"", ""Addis_Ababa:ETAD-0024"", ""Addis_Ababa:ETAD-0033"", ""Addis_Ababa:ETAD-0034""]","[""Addis_Ababa:ETAD-0057""]",9,0,1.62566803465763,4.44446651940708,6.63401511944448,6.63401511944448,2022-12-07,2022-12-31,2023-03-29,2023-03-29,da2bf5c915f2693ddd1d3641e4d5d1f422c02214241dfeae791f0a14f0502176,False,,,,,63e406a389b1cb782279455efdb70c419d3f69366f122f0ad752474a16d2945c,1.0,,,,0,,,,0,,,,0,,
Addis_Ababa,mdl_3x,later_period,2023Q1,id11_earlier,all_earlier:insufficient_training_n;id11_earlier:insufficient_training_n,insufficient_training_n,0,1,[],"[""Addis_Ababa:ETAD-0057""]",9,0,,,6.63401511944448,6.63401511944448,,,2023-03-29,2023-03-29,da2bf5c915f2693ddd1d3641e4d5d1f422c02214241dfeae791f0a14f0502176,False,,,,,2f1f4b27e7d7a09963f93fe8a7700619ec3a9302e5f259acb182c5cc3a1a47f0,,,,,0,,,,0,,,,0,,
Addis_Ababa,mdl_3x,later_period,2023Q2,all_earlier,id11_earlier:insufficient_training_n,evaluated,34,28,"[""Addis_Ababa:ETAD-0001"", ""Addis_Ababa:ETAD-0002"", ""Addis_Ababa:ETAD-0003"", ""Addis_Ababa:ETAD-0004"", ""Addis_Ababa:ETAD-0005"", ""Addis_Ababa:ETAD-0006"", ""Addis_Ababa:ETAD-0008"", ""Addis_Ababa:ETAD-0017"", ""Addis_Ababa:ETAD-0018"", ""Addis_Ababa:ETAD-0019"", ""Addis_Ababa:ETAD-0020"", ""Addis_Ababa:ETAD-0021"", ""Addis_Ababa:ETAD-0022"", ""Addis_Ababa:ETAD-0024"", ""Addis_Ababa:ETAD-0033"", ""Addis_Ababa:ETAD-0034"", ""Addis_Ababa:ETAD-0035"", ""Addis_Ababa:ETAD-0036"", ""Addis_Ababa:ETAD-0038"", ""Addis_Ababa:ETAD-0040"", ""Addis_Ababa:ETAD-0041"", ""Addis_Ababa:ETAD-0042"", ""Addis_Ababa:ETAD-0043"", ""Addis_Ababa:ETAD-0044"", ""Addis_Ababa:ETAD-0045"", ""Addis_Ababa:ETAD-0046"", ""Addis_Ababa:ETAD-0049"", ""Addis_Ababa:ETAD-0050"", ""Addis_Ababa:ETAD-0051"", ""Addis_Ababa:ETAD-0052"", ""Addis_Ababa:ETAD-0053"", ""Addis_Ababa:ETAD-0054"", ""Addis_Ababa:ETAD-0056"", ""Addis_Ababa:ETAD-0057""]","[""Addis_Ababa:ETAD-0058"", ""Addis_Ababa:ETAD-0059"", ""Addis_Ababa:ETAD-0060"", ""Addis_Ababa:ETAD-0061"", ""Addis_Ababa:ETAD-0062"", ""Addis_Ababa:ETAD-0064"", ""Addis_Ababa:ETAD-0065"", ""Addis_Ababa:ETAD-0066"", ""Addis_Ababa:ETAD-0067"", ""Addis_Ababa:ETAD-0068"", ""Addis_Ababa:ETAD-0069"", ""Addis_Ababa:ETAD-0070"", ""Addis_Ababa:ETAD-0072"", ""Addis_Ababa:ETAD-0073"", ""Addis_Ababa:ETAD-0074"", ""Addis_Ababa:ETAD-0075"", ""Addis_Ababa:ETAD-0076"", ""Addis_Ababa:ETAD-0077"", ""Addis_Ababa:ETAD-0078"", ""Addis_Ababa:ETAD-0080"", ""Addis_Ababa:ETAD-0081"", ""Addis_Ababa:ETAD-0082"", ""Addis_Ababa:ETAD-0083"", ""Addis_Ababa:ETAD-0084"", ""Addis_Ababa:ETAD-0085"", ""Addis_Ababa:ETAD-0086"", ""Addis_Ababa:ETAD-0088"", ""Addis_Ababa:ETAD-0089""]",34,1,1.62566803465763,6.63401511944448,1.90446116072198,9.84021969992934,2022-12-07,2023-03-29,2023-04-01,2023-06-28,0f89a747c0ec7e0e4bfc15a95ccaea795f5985c5a62f3765c31bf55e6a2ebaf7,False,5.568849056948088,25.862684152673264,43.662390175,12.720509028990138,0f89a747c0ec7e0e4bfc15a95ccaea795f5985c5a62f3765c31bf55e6a2ebaf7,10.0,,,,0,,,,0,,,,0,,
Addis_Ababa,mdl_3x,later_period,2023Q2,id11_earlier,id11_earlier:insufficient_training_n,insufficient_training_n,1,28,"[""Addis_Ababa:ETAD-0057""]","[""Addis_Ababa:ETAD-0058"", ""Addis_Ababa:ETAD-0059"", ""Addis_Ababa:ETAD-0060"", ""Addis_Ababa:ETAD-0061"", ""Addis_Ababa:ETAD-0062"", ""Addis_Ababa:ETAD-0064"", ""Addis_Ababa:ETAD-0065"", ""Addis_Ababa:ETAD-0066"", ""Addis_Ababa:ETAD-0067"", ""Addis_Ababa:ETAD-0068"", ""Addis_Ababa:ETAD-0069"", ""Addis_Ababa:ETAD-0070"", ""Addis_Ababa:ETAD-0072"", ""Addis_Ababa:ETAD-0073"", ""Addis_Ababa:ETAD-0074"", ""Addis_Ababa:ETAD-0075"", ""Addis_Ababa:ETAD-0076"", ""Addis_Ababa:ETAD-0077"", ""Addis_Ababa:ETAD-0078"", ""Addis_Ababa:ETAD-0080"", ""Addis_Ababa:ETAD-0081"", ""Addis_Ababa:ETAD-0082"", ""Addis_Ababa:ETAD-0083"", ""Addis_Ababa:ETAD-0084"", ""Addis_Ababa:ETAD-0085"", ""Addis_Ababa:ETAD-0086"", ""Addis_Ababa:ETAD-0088"", ""Addis_Ababa:ETAD-0089""]",34,1,6.63401511944448,6.63401511944448,1.90446116072198,9.84021969992934,2023-03-29,2023-03-29,2023-04-01,2023-06-28,0f89a747c0ec7e0e4bfc15a95ccaea795f5985c5a62f3765c31bf55e6a2ebaf7,False,,,,,09ff79c2b41b38c027da62e4fd0a51dffa058ed4296afd7fe942699b3748982a,28.0,,,,0,,,,0,,,,0,,
Addis_Ababa,mdl_3x,later_period,2023Q3,all_earlier,evaluated,evaluated,62,28,"[""Addis_Ababa:ETAD-0001"", ""Addis_Ababa:ETAD-0002"", ""Addis_Ababa:ETAD-0003"", ""Addis_Ababa:ETAD-0004"", ""Addis_Ababa:ETAD-0005"", ""Addis_Ababa:ETAD-0006"", ""Addis_Ababa:ETAD-0008"", ""Addis_Ababa:ETAD-0017"", ""Addis_Ababa:ETAD-0018"", ""Addis_Ababa:ETAD-0019"", ""Addis_Ababa:ETAD-0020"", ""Addis_Ababa:ETAD-0021"", ""Addis_Ababa:ETAD-0022"", ""Addis_Ababa:ETAD-0024"", ""Addis_Ababa:ETAD-0033"", ""Addis_Ababa:ETAD-0034"", ""Addis_Ababa:ETAD-0035"", ""Addis_Ababa:ETAD-0036"", ""Addis_Ababa:ETAD-0038"", ""Addis_Ababa:ETAD-0040"", ""Addis_Ababa:ETAD-0041"", ""Addis_Ababa:ETAD-0042"", ""Addis_Ababa:ETAD-0043"", ""Addis_Ababa:ETAD-0044"", ""Addis_Ababa:ETAD-0045"", ""Addis_Ababa:ETAD-0046"", ""Addis_Ababa:ETAD-0049"", ""Addis_Ababa:ETAD-0050"", ""Addis_Ababa:ETAD-0051"", ""Addis_Ababa:ETAD-0052"", ""Addis_Ababa:ETAD-0053"", ""Addis_Ababa:ETAD-0054"", ""Addis_Ababa:ETAD-0056"", ""Addis_Ababa:ETAD-0057"", ""Addis_Ababa:ETAD-0058"", ""Addis_Ababa:ETAD-0059"", ""Addis_Ababa:ETAD-0060"", ""Addis_Ababa:ETAD-0061"", ""Addis_Ababa:ETAD-0062"", ""Addis_Ababa:ETAD-0064"", ""Addis_Ababa:ETAD-0065"", ""Addis_Ababa:ETAD-0066"", ""Addis_Ababa:ETAD-0067"", ""Addis_Ababa:ETAD-0068"", ""Addis_Ababa:ETAD-0069"", ""Addis_Ababa:ETAD-0070"", ""Addis_Ababa:ETAD-0072"", ""Addis_Ababa:ETAD-0073"", ""Addis_Ababa:ETAD-0074"", ""Addis_Ababa:ETAD-0075"", ""Addis_Ababa:ETAD-0076"", ""Addis_Ababa:ETAD-0077"", ""Addis_Ababa:ETAD-0078"", ""Addis_Ababa:ETAD-0080"", ""Addis_Ababa:ETAD-0081"", ""Addis_Ababa:ETAD-0082"", ""Addis_Ababa:ETAD-0083"", ""Addis_Ababa:ETAD-0084"", ""Addis_Ababa:ETAD-0085"", ""Addis_Ababa:ETAD-0086"", ""Addis_Ababa:ETAD-0088"", ""Addis_Ababa:ETAD-0089""]","[""Addis_Ababa:ETAD-0090"", ""Addis_Ababa:ETAD-0091"", ""Addis_Ababa:ETAD-0092"", ""Addis_Ababa:ETAD-0093"", ""Addis_Ababa:ETAD-0094"", ""Addis_Ababa:ETAD-0096"", ""Addis_Ababa:ETAD-0097"", ""Addis_Ababa:ETAD-0098"", ""Addis_Ababa:ETAD-0099"", ""Addis_Ababa:ETAD-0100"", ""Addis_Ababa:ETAD-0101"", ""Addis_Ababa:ETAD-0102"", ""Addis_Ababa:ETAD-0104"", ""Addis_Ababa:ETAD-0105"", ""Addis_Ababa:ETAD-0106"", ""Addis_Ababa:ETAD-0107"", ""Addis_Ababa:ETAD-0108"", ""Addis_Ababa:ETAD-0109"", ""Addis_Ababa:ETAD-0110"", ""Addis_Ababa:ETAD-0112"", ""Addis_Ababa:ETAD-0113"", ""Addis_Ababa:ETAD-0114"", ""Addis_Ababa:ETAD-0115"", ""Addis_Ababa:ETAD-0116"", ""Addis_Ababa:ETAD-0117"", ""Addis_Ababa:ETAD-0118"", ""Addis_Ababa:ETAD-0120"", ""Addis_Ababa:ETAD-0121""]",62,29,1.62566803465763,9.84021969992934,3.43937872823145,10.5333537907337,2022-12-07,2023-06-28,2023-07-01,2023-09-27,10b85f6d3f386b07b35ff7328d1d0c004c2228d2339891c449bef670cc1852ba,True,4.049791588007797,29.793862315382018,46.343115964999996,9.473319014267497,10b85f6d3f386b07b35ff7328d1d0c004c2228d2339891c449bef670cc1852ba,1.0,-8.121368596071434,10.103733915357143,12.379593076002585,0,10.247890265193215,12.061205166633982,13.860934851985961,0,2.993560794775647,3.982373385640272,5.0313199799985515,0,8.07883178099371,66.98196133287678
Addis_Ababa,mdl_3x,later_period,2023Q3,id11_earlier,evaluated,evaluated,29,28,"[""Addis_Ababa:ETAD-0057"", ""Addis_Ababa:ETAD-0058"", ""Addis_Ababa:ETAD-0059"", ""Addis_Ababa:ETAD-0060"", ""Addis_Ababa:ETAD-0061"", ""Addis_Ababa:ETAD-0062"", ""Addis_Ababa:ETAD-0064"", ""Addis_Ababa:ETAD-0065"", ""Addis_Ababa:ETAD-0066"", ""Addis_Ababa:ETAD-0067"", ""Addis_Ababa:ETAD-0068"", ""Addis_Ababa:ETAD-0069"", ""Addis_Ababa:ETAD-0070"", ""Addis_Ababa:ETAD-0072"", ""Addis_Ababa:ETAD-0073"", ""Addis_Ababa:ETAD-0074"", ""Addis_Ababa:ETAD-0075"", ""Addis_Ababa:ETAD-0076"", ""Addis_Ababa:ETAD-0077"", ""Addis_Ababa:ETAD-0078"", ""Addis_Ababa:ETAD-0080"", ""Addis_Ababa:ETAD-0081"", ""Addis_Ababa:ETAD-0082"", ""Addis_Ababa:ETAD-0083"", ""Addis_Ababa:ETAD-0084"", ""Addis_Ababa:ETAD-0085"", ""Addis_Ababa:ETAD-0086"", ""Addis_Ababa:ETAD-0088"", ""Addis_Ababa:ETAD-0089""]","[""Addis_Ababa:ETAD-0090"", ""Addis_Ababa:ETAD-0091"", ""Addis_Ababa:ETAD-0092"", ""Addis_Ababa:ETAD-0093"", ""Addis_Ababa:ETAD-0094"", ""Addis_Ababa:ETAD-0096"", ""Addis_Ababa:ETAD-0097"", ""Addis_Ababa:ETAD-0098"", ""Addis_Ababa:ETAD-0099"", ""Addis_Ababa:ETAD-0100"", ""Addis_Ababa:ETAD-0101"", ""Addis_Ababa:ETAD-0102"", ""Addis_Ababa:ETAD-0104"", ""Addis_Ababa:ETAD-0105"", ""Addis_Ababa:ETAD-0106"", ""Addis_Ababa:ETAD-0107"", ""Addis_Ababa:ETAD-0108"", ""Addis_Ababa:ETAD-0109"", ""Addis_Ababa:ETAD-0110"", ""Addis_Ababa:ETAD-0112"", ""Addis_Ababa:ETAD-0113"", ""Addis_Ababa:ETAD-0114"", ""Addis_Ababa:ETAD-0115"", ""Addis_Ababa:ETAD-0116"", ""Addis_Ababa:ETAD-0117"", ""Addis_Ababa:ETAD-0118"", ""Addis_Ababa:ETAD-0120"", ""Addis_Ababa:ETAD-0121""]",62,29,1.90446116072198,9.84021969992934,3.43937872823145,10.5333537907337,2023-03-29,2023-06-28,2023-07-01,2023-09-27,10b85f6d3f386b07b35ff7328d1d0c004c2228d2339891c449bef670cc1852ba,True,4.302322238352404,27.284741709022825,48.87206008,8.330826337868002,9caa0ea6a45bd23a60b923761ded8271b998f826f985b3a1887cf3edf3d7e91a,1.0,-5.592424481071433,8.952959709642858,10.88911880873025,0,2.443506796202314,6.571024106378457,7.898885396971389,0,2.2094805967050983,3.542205795701841,4.50732558332964,0,3.0288183106766158,46.09355043662917
Addis_Ababa,mdl_3x,later_period,2023Q4,all_earlier,evaluated,evaluated,90,26,"[""Addis_Ababa:ETAD-0001"", ""Addis_Ababa:ETAD-0002"", ""Addis_Ababa:ETAD-0003"", ""Addis_Ababa:ETAD-0004"", ""Addis_Ababa:ETAD-0005"", ""Addis_Ababa:ETAD-0006"", ""Addis_Ababa:ETAD-0008"", ""Addis_Ababa:ETAD-0017"", ""Addis_Ababa:ETAD-0018"", ""Addis_Ababa:ETAD-0019"", ""Addis_Ababa:ETAD-0020"", ""Addis_Ababa:ETAD-0021"", ""Addis_Ababa:ETAD-0022"", ""Addis_Ababa:ETAD-0024"", ""Addis_Ababa:ETAD-0033"", ""Addis_Ababa:ETAD-0034"", ""Addis_Ababa:ETAD-0035"", ""Addis_Ababa:ETAD-0036"", ""Addis_Ababa:ETAD-0038"", ""Addis_Ababa:ETAD-0040"", ""Addis_Ababa:ETAD-0041"", ""Addis_Ababa:ETAD-0042"", ""Addis_Ababa:ETAD-0043"", ""Addis_Ababa:ETAD-0044"", ""Addis_Ababa:ETAD-0045"", ""Addis_Ababa:ETAD-0046"", ""Addis_Ababa:ETAD-0049"", ""Addis_Ababa:ETAD-0050"", ""Addis_Ababa:ETAD-0051"", ""Addis_Ababa:ETAD-0052"", ""Addis_Ababa:ETAD-0053"", ""Addis_Ababa:ETAD-0054"", ""Addis_Ababa:ETAD-0056"", ""Addis_Ababa:ETAD-0057"", ""Addis_Ababa:ETAD-0058"", ""Addis_Ababa:ETAD-0059"", ""Addis_Ababa:ETAD-0060"", ""Addis_Ababa:ETAD-0061"", ""Addis_Ababa:ETAD-0062"", ""Addis_Ababa:ETAD-0064"", ""Addis_Ababa:ETAD-0065"", ""Addis_Ababa:ETAD-0066"", ""Addis_Ababa:ETAD-0067"", ""Addis_Ababa:ETAD-0068"", ""Addis_Ababa:ETAD-0069"", ""Addis_Ababa:ETAD-0070"", ""Addis_Ababa:ETAD-0072"", ""Addis_Ababa:ETAD-0073"", ""Addis_Ababa:ETAD-0074"", ""Addis_Ababa:ETAD-0075"", ""Addis_Ababa:ETAD-0076"", ""Addis_Ababa:ETAD-0077"", ""Addis_Ababa:ETAD-0078"", ""Addis_Ababa:ETAD-0080"", ""Addis_Ababa:ETAD-0081"", ""Addis_Ababa:ETAD-0082"", ""Addis_Ababa:ETAD-0083"", ""Addis_Ababa:ETAD-0084"", ""Addis_Ababa:ETAD-0085"", ""Addis_Ababa:ETAD-0086"", ""Addis_Ababa:ETAD-0088"", ""Addis_Ababa:ETAD-0089"", ""Addis_Ababa:ETAD-0090"", ""Addis_Ababa:ETAD-0091"", ""Addis_Ababa:ETAD-0092"", ""Addis_Ababa:ETAD-0093"", ""Addis_Ababa:ETAD-0094"", ""Addis_Ababa:ETAD-0096"", ""Addis_Ababa:ETAD-0097"", ""Addis_Ababa:ETAD-0098"", ""Addis_Ababa:ETAD-0099"", ""Addis_Ababa:ETAD-0100"", ""Addis_Ababa:ETAD-0101"", ""Addis_Ababa:ETAD-0102"", ""Addis_Ababa:ETAD-0104"", ""Addis_Ababa:ETAD-0105"", ""Addis_Ababa:ETAD-0106"", ""Addis_Ababa:ETAD-0107"", ""Addis_Ababa:ETAD-0108"", ""Addis_Ababa:ETAD-0109"", ""Addis_Ababa:ETAD-0110"", ""Addis_Ababa:ETAD-0112"", ""Addis_Ababa:ETAD-0113"", ""Addis_Ababa:ETAD-0114"", ""Addis_Ababa:ETAD-0115"", ""Addis_Ababa:ETAD-0116"", ""Addis_Ababa:ETAD-0117"", ""Addis_Ababa:ETAD-0118"", ""Addis_Ababa:ETAD-0120"", ""Addis_Ababa:ETAD-0121""]","[""Addis_Ababa:ETAD-0128"", ""Addis_Ababa:ETAD-0129"", ""Addis_Ababa:ETAD-0130"", ""Addis_Ababa:ETAD-0131"", ""Addis_Ababa:ETAD-0132"", ""Addis_Ababa:ETAD-0133"", ""Addis_Ababa:ETAD-0134"", ""Addis_Ababa:ETAD-0136"", ""Addis_Ababa:ETAD-0137"", ""Addis_Ababa:ETAD-0138"", ""Addis_Ababa:ETAD-0139"", ""Addis_Ababa:ETAD-0140"", ""Addis_Ababa:ETAD-0141"", ""Addis_Ababa:ETAD-0142"", ""Addis_Ababa:ETAD-0144"", ""Addis_Ababa:ETAD-0145"", ""Addis_Ababa:ETAD-0146"", ""Addis_Ababa:ETAD-0147"", ""Addis_Ababa:ETAD-0148"", ""Addis_Ababa:ETAD-0149"", ""Addis_Ababa:ETAD-0150"", ""Addis_Ababa:ETAD-0152"", ""Addis_Ababa:ETAD-0153"", ""Addis_Ababa:ETAD-0154"", ""Addis_Ababa:ETAD-0155"", ""Addis_Ababa:ETAD-0156""]",90,57,1.62566803465763,10.5333537907337,2.23594182575397,4.14642906938964,2022-12-07,2023-09-27,2023-10-15,2023-12-29,1e7816d28e15e296f098fbe58f30192c16de15008989b8ef11309f5e08d00a15,True,3.8951412684639073,29.662864185875556,47.5762172,8.6513309564186,1e7816d28e15e296f098fbe58f30192c16de15008989b8ef11309f5e08d00a15,0.0,6.045373488461541,6.345756450769233,7.54568454647781,0,-12.83709299035011,12.83709299035011,13.282449927215975,0,1.0509820935542054,2.6069117632596814,3.410082611893451,0,10.230181227090428,79.69235117935698
Addis_Ababa,mdl_3x,later_period,2023Q4,id11_earlier,evaluated,evaluated,57,26,"[""Addis_Ababa:ETAD-0057"", ""Addis_Ababa:ETAD-0058"", ""Addis_Ababa:ETAD-0059"", ""Addis_Ababa:ETAD-0060"", ""Addis_Ababa:ETAD-0061"", ""Addis_Ababa:ETAD-0062"", ""Addis_Ababa:ETAD-0064"", ""Addis_Ababa:ETAD-0065"", ""Addis_Ababa:ETAD-0066"", ""Addis_Ababa:ETAD-0067"", ""Addis_Ababa:ETAD-0068"", ""Addis_Ababa:ETAD-0069"", ""Addis_Ababa:ETAD-0070"", ""Addis_Ababa:ETAD-0072"", ""Addis_Ababa:ETAD-0073"", ""Addis_Ababa:ETAD-0074"", ""Addis_Ababa:ETAD-0075"", ""Addis_Ababa:ETAD-0076"", ""Addis_Ababa:ETAD-0077"", ""Addis_Ababa:ETAD-0078"", ""Addis_Ababa:ETAD-0080"", ""Addis_Ababa:ETAD-0081"", ""Addis_Ababa:ETAD-0082"", ""Addis_Ababa:ETAD-0083"", ""Addis_Ababa:ETAD-0084"", ""Addis_Ababa:ETAD-0085"", ""Addis_Ababa:ETAD-0086"", ""Addis_Ababa:ETAD-0088"", ""Addis_Ababa:ETAD-0089"", ""Addis_Ababa:ETAD-0090"", ""Addis_Ababa:ETAD-0091"", ""Addis_Ababa:ETAD-0092"", ""Addis_Ababa:ETAD-0093"", ""Addis_Ababa:ETAD-0094"", ""Addis_Ababa:ETAD-0096"", ""Addis_Ababa:ETAD-0097"", ""Addis_Ababa:ETAD-0098"", ""Addis_Ababa:ETAD-0099"", ""Addis_Ababa:ETAD-0100"", ""Addis_Ababa:ETAD-0101"", ""Addis_Ababa:ETAD-0102"", ""Addis_Ababa:ETAD-0104"", ""Addis_Ababa:ETAD-0105"", ""Addis_Ababa:ETAD-0106"", ""Addis_Ababa:ETAD-0107"", ""Addis_Ababa:ETAD-0108"", ""Addis_Ababa:ETAD-0109"", ""Addis_Ababa:ETAD-0110"", ""Addis_Ababa:ETAD-0112"", ""Addis_Ababa:ETAD-0113"", ""Addis_Ababa:ETAD-0114"", ""Addis_Ababa:ETAD-0115"", ""Addis_Ababa:ETAD-0116"", ""Addis_Ababa:ETAD-0117"", ""Addis_Ababa:ETAD-0118"", ""Addis_Ababa:ETAD-0120"", ""Addis_Ababa:ETAD-0121""]","[""Addis_Ababa:ETAD-0128"", ""Addis_Ababa:ETAD-0129"", ""Addis_Ababa:ETAD-0130"", ""Addis_Ababa:ETAD-0131"", ""Addis_Ababa:ETAD-0132"", ""Addis_Ababa:ETAD-0133"", ""Addis_Ababa:ETAD-0134"", ""Addis_Ababa:ETAD-0136"", ""Addis_Ababa:ETAD-0137"", ""Addis_Ababa:ETAD-0138"", ""Addis_Ababa:ETAD-0139"", ""Addis_Ababa:ETAD-0140"", ""Addis_Ababa:ETAD-0141"", ""Addis_Ababa:ETAD-0142"", ""Addis_Ababa:ETAD-0144"", ""Addis_Ababa:ETAD-0145"", ""Addis_Ababa:ETAD-0146"", ""Addis_Ababa:ETAD-0147"", ""Addis_Ababa:ETAD-0148"", ""Addis_Ababa:ETAD-0149"", ""Addis_Ababa:ETAD-0150"", ""Addis_Ababa:ETAD-0152"", ""Addis_Ababa:ETAD-0153"", ""Addis_Ababa:ETAD-0154"", ""Addis_Ababa:ETAD-0155"", ""Addis_Ababa:ETAD-0156""]",90,57,1.90446116072198,10.5333537907337,2.23594182575397,4.14642906938964,2023-03-29,2023-09-27,2023-10-15,2023-12-29,1e7816d28e15e296f098fbe58f30192c16de15008989b8ef11309f5e08d00a15,True,4.3351026891735245,25.99186449122519,52.74626602,8.019768013848577,16a64f0939122f4458c8cb70df19dc41ac0d001ab3d09c55dad717fa38f05c87,0.0,11.215422308461541,11.215422308461541,12.090347894791826,0,-14.93178913943217,14.93178913943217,15.284330724924725,0,-1.160803591555175,2.784348033610916,3.3714876966364824,0,12.147441105821253,81.3528840542092
Addis_Ababa,mdl_3x,later_period,2024Q1,all_earlier,evaluated,evaluated,116,31,"[""Addis_Ababa:ETAD-0001"", ""Addis_Ababa:ETAD-0002"", ""Addis_Ababa:ETAD-0003"", ""Addis_Ababa:ETAD-0004"", ""Addis_Ababa:ETAD-0005"", ""Addis_Ababa:ETAD-0006"", ""Addis_Ababa:ETAD-0008"", ""Addis_Ababa:ETAD-0017"", ""Addis_Ababa:ETAD-0018"", ""Addis_Ababa:ETAD-0019"", ""Addis_Ababa:ETAD-0020"", ""Addis_Ababa:ETAD-0021"", ""Addis_Ababa:ETAD-0022"", ""Addis_Ababa:ETAD-0024"", ""Addis_Ababa:ETAD-0033"", ""Addis_Ababa:ETAD-0034"", ""Addis_Ababa:ETAD-0035"", ""Addis_Ababa:ETAD-0036"", ""Addis_Ababa:ETAD-0038"", ""Addis_Ababa:ETAD-0040"", ""Addis_Ababa:ETAD-0041"", ""Addis_Ababa:ETAD-0042"", ""Addis_Ababa:ETAD-0043"", ""Addis_Ababa:ETAD-0044"", ""Addis_Ababa:ETAD-0045"", ""Addis_Ababa:ETAD-0046"", ""Addis_Ababa:ETAD-0049"", ""Addis_Ababa:ETAD-0050"", ""Addis_Ababa:ETAD-0051"", ""Addis_Ababa:ETAD-0052"", ""Addis_Ababa:ETAD-0053"", ""Addis_Ababa:ETAD-0054"", ""Addis_Ababa:ETAD-0056"", ""Addis_Ababa:ETAD-0057"", ""Addis_Ababa:ETAD-0058"", ""Addis_Ababa:ETAD-0059"", ""Addis_Ababa:ETAD-0060"", ""Addis_Ababa:ETAD-0061"", ""Addis_Ababa:ETAD-0062"", ""Addis_Ababa:ETAD-0064"", ""Addis_Ababa:ETAD-0065"", ""Addis_Ababa:ETAD-0066"", ""Addis_Ababa:ETAD-0067"", ""Addis_Ababa:ETAD-0068"", ""Addis_Ababa:ETAD-0069"", ""Addis_Ababa:ETAD-0070"", ""Addis_Ababa:ETAD-0072"", ""Addis_Ababa:ETAD-0073"", ""Addis_Ababa:ETAD-0074"", ""Addis_Ababa:ETAD-0075"", ""Addis_Ababa:ETAD-0076"", ""Addis_Ababa:ETAD-0077"", ""Addis_Ababa:ETAD-0078"", ""Addis_Ababa:ETAD-0080"", ""Addis_Ababa:ETAD-0081"", ""Addis_Ababa:ETAD-0082"", ""Addis_Ababa:ETAD-0083"", ""Addis_Ababa:ETAD-0084"", ""Addis_Ababa:ETAD-0085"", ""Addis_Ababa:ETAD-0086"", ""Addis_Ababa:ETAD-0088"", ""Addis_Ababa:ETAD-0089"", ""Addis_Ababa:ETAD-0090"", ""Addis_Ababa:ETAD-0091"", ""Addis_Ababa:ETAD-0092"", ""Addis_Ababa:ETAD-0093"", ""Addis_Ababa:ETAD-0094"", ""Addis_Ababa:ETAD-0096"", ""Addis_Ababa:ETAD-0097"", ""Addis_Ababa:ETAD-0098"", ""Addis_Ababa:ETAD-0099"", ""Addis_Ababa:ETAD-0100"", ""Addis_Ababa:ETAD-0101"", ""Addis_Ababa:ETAD-0102"", ""Addis_Ababa:ETAD-0104"", ""Addis_Ababa:ETAD-0105"", ""Addis_Ababa:ETAD-0106"", ""Addis_Ababa:ETAD-0107"", ""Addis_Ababa:ETAD-0108"", ""Addis_Ababa:ETAD-0109"", ""Addis_Ababa:ETAD-0110"", ""Addis_Ababa:ETAD-0112"", ""Addis_Ababa:ETAD-0113"", ""Addis_Ababa:ETAD-0114"", ""Addis_Ababa:ETAD-0115"", ""Addis_Ababa:ETAD-0116"", ""Addis_Ababa:ETAD-0117"", ""Addis_Ababa:ETAD-0118"", ""Addis_Ababa:ETAD-0120"", ""Addis_Ababa:ETAD-0121"", ""Addis_Ababa:ETAD-0128"", ""Addis_Ababa:ETAD-0129"", ""Addis_Ababa:ETAD-0130"", ""Addis_Ababa:ETAD-0131"", ""Addis_Ababa:ETAD-0132"", ""Addis_Ababa:ETAD-0133"", ""Addis_Ababa:ETAD-0134"", ""Addis_Ababa:ETAD-0136"", ""Addis_Ababa:ETAD-0137"", ""Addis_Ababa:ETAD-0138"", ""Addis_Ababa:ETAD-0139"", ""Addis_Ababa:ETAD-0140"", ""Addis_Ababa:ETAD-0141"", ""Addis_Ababa:ETAD-0142"", ""Addis_Ababa:ETAD-0144"", ""Addis_Ababa:ETAD-0145"", ""Addis_Ababa:ETAD-0146"", ""Addis_Ababa:ETAD-0147"", ""Addis_Ababa:ETAD-0148"", ""Addis_Ababa:ETAD-0149"", ""Addis_Ababa:ETAD-0150"", ""Addis_Ababa:ETAD-0152"", ""Addis_Ababa:ETAD-0153"", ""Addis_Ababa:ETAD-0154"", ""Addis_Ababa:ETAD-0155"", ""Addis_Ababa:ETAD-0156""]","[""Addis_Ababa:ETAD-0157"", ""Addis_Ababa:ETAD-0158"", ""Addis_Ababa:ETAD-0160"", ""Addis_Ababa:ETAD-0161"", ""Addis_Ababa:ETAD-0162"", ""Addis_Ababa:ETAD-0163"", ""Addis_Ababa:ETAD-0164"", ""Addis_Ababa:ETAD-0165"", ""Addis_Ababa:ETAD-0166"", ""Addis_Ababa:ETAD-0168"", ""Addis_Ababa:ETAD-0169"", ""Addis_Ababa:ETAD-0170"", ""Addis_Ababa:ETAD-0171"", ""Addis_Ababa:ETAD-0172"", ""Addis_Ababa:ETAD-0173"", ""Addis_Ababa:ETAD-0174"", ""Addis_Ababa:ETAD-0176"", ""Addis_Ababa:ETAD-0177"", ""Addis_Ababa:ETAD-0178"", ""Addis_Ababa:ETAD-0179"", ""Addis_Ababa:ETAD-0180"", ""Addis_Ababa:ETAD-0181"", ""Addis_Ababa:ETAD-0182"", ""Addis_Ababa:ETAD-0184"", ""Addis_Ababa:ETAD-0185"", ""Addis_Ababa:ETAD-0186"", ""Addis_Ababa:ETAD-0187"", ""Addis_Ababa:ETAD-0188"", ""Addis_Ababa:ETAD-0189"", ""Addis_Ababa:ETAD-0190"", ""Addis_Ababa:ETAD-0192""]",116,83,1.62566803465763,10.5333537907337,2.42463370413565,6.96258987683994,2022-12-07,2023-12-29,2024-01-01,2024-03-31,f5093ccb2bee5169c2268bf9096e797979dc7176d0abfe96e5860f8ae126129e,True,3.9932150621041362,28.960608795760972,46.312386965,8.990234402953037,f5093ccb2bee5169c2268bf9096e797979dc7176d0abfe96e5860f8ae126129e,0.0,3.2133720030645176,6.717303242096774,8.302802725497443,0,-6.041120699761205,7.729211715353636,8.983528686536904,0,2.3216920809823707,3.996181951817251,5.3684521366595925,0,3.733029763536385,48.29767770652388
Addis_Ababa,mdl_3x,later_period,2024Q1,id11_earlier,evaluated,evaluated,83,31,"[""Addis_Ababa:ETAD-0057"", ""Addis_Ababa:ETAD-0058"", ""Addis_Ababa:ETAD-0059"", ""Addis_Ababa:ETAD-0060"", ""Addis_Ababa:ETAD-0061"", ""Addis_Ababa:ETAD-0062"", ""Addis_Ababa:ETAD-0064"", ""Addis_Ababa:ETAD-0065"", ""Addis_Ababa:ETAD-0066"", ""Addis_Ababa:ETAD-0067"", ""Addis_Ababa:ETAD-0068"", ""Addis_Ababa:ETAD-0069"", ""Addis_Ababa:ETAD-0070"", ""Addis_Ababa:ETAD-0072"", ""Addis_Ababa:ETAD-0073"", ""Addis_Ababa:ETAD-0074"", ""Addis_Ababa:ETAD-0075"", ""Addis_Ababa:ETAD-0076"", ""Addis_Ababa:ETAD-0077"", ""Addis_Ababa:ETAD-0078"", ""Addis_Ababa:ETAD-0080"", ""Addis_Ababa:ETAD-0081"", ""Addis_Ababa:ETAD-0082"", ""Addis_Ababa:ETAD-0083"", ""Addis_Ababa:ETAD-0084"", ""Addis_Ababa:ETAD-0085"", ""Addis_Ababa:ETAD-0086"", ""Addis_Ababa:ETAD-0088"", ""Addis_Ababa:ETAD-0089"", ""Addis_Ababa:ETAD-0090"", ""Addis_Ababa:ETAD-0091"", ""Addis_Ababa:ETAD-0092"", ""Addis_Ababa:ETAD-0093"", ""Addis_Ababa:ETAD-0094"", ""Addis_Ababa:ETAD-0096"", ""Addis_Ababa:ETAD-0097"", ""Addis_Ababa:ETAD-0098"", ""Addis_Ababa:ETAD-0099"", ""Addis_Ababa:ETAD-0100"", ""Addis_Ababa:ETAD-0101"", ""Addis_Ababa:ETAD-0102"", ""Addis_Ababa:ETAD-0104"", ""Addis_Ababa:ETAD-0105"", ""Addis_Ababa:ETAD-0106"", ""Addis_Ababa:ETAD-0107"", ""Addis_Ababa:ETAD-0108"", ""Addis_Ababa:ETAD-0109"", ""Addis_Ababa:ETAD-0110"", ""Addis_Ababa:ETAD-0112"", ""Addis_Ababa:ETAD-0113"", ""Addis_Ababa:ETAD-0114"", ""Addis_Ababa:ETAD-0115"", ""Addis_Ababa:ETAD-0116"", ""Addis_Ababa:ETAD-0117"", ""Addis_Ababa:ETAD-0118"", ""Addis_Ababa:ETAD-0120"", ""Addis_Ababa:ETAD-0121"", ""Addis_Ababa:ETAD-0128"", ""Addis_Ababa:ETAD-0129"", ""Addis_Ababa:ETAD-0130"", ""Addis_Ababa:ETAD-0131"", ""Addis_Ababa:ETAD-0132"", ""Addis_Ababa:ETAD-0133"", ""Addis_Ababa:ETAD-0134"", ""Addis_Ababa:ETAD-0136"", ""Addis_Ababa:ETAD-0137"", ""Addis_Ababa:ETAD-0138"", ""Addis_Ababa:ETAD-0139"", ""Addis_Ababa:ETAD-0140"", ""Addis_Ababa:ETAD-0141"", ""Addis_Ababa:ETAD-0142"", ""Addis_Ababa:ETAD-0144"", ""Addis_Ababa:ETAD-0145"", ""Addis_Ababa:ETAD-0146"", ""Addis_Ababa:ETAD-0147"", ""Addis_Ababa:ETAD-0148"", ""Addis_Ababa:ETAD-0149"", ""Addis_Ababa:ETAD-0150"", ""Addis_Ababa:ETAD-0152"", ""Addis_Ababa:ETAD-0153"", ""Addis_Ababa:ETAD-0154"", ""Addis_Ababa:ETAD-0155"", ""Addis_Ababa:ETAD-0156""]","[""Addis_Ababa:ETAD-0157"", ""Addis_Ababa:ETAD-0158"", ""Addis_Ababa:ETAD-0160"", ""Addis_Ababa:ETAD-0161"", ""Addis_Ababa:ETAD-0162"", ""Addis_Ababa:ETAD-0163"", ""Addis_Ababa:ETAD-0164"", ""Addis_Ababa:ETAD-0165"", ""Addis_Ababa:ETAD-0166"", ""Addis_Ababa:ETAD-0168"", ""Addis_Ababa:ETAD-0169"", ""Addis_Ababa:ETAD-0170"", ""Addis_Ababa:ETAD-0171"", ""Addis_Ababa:ETAD-0172"", ""Addis_Ababa:ETAD-0173"", ""Addis_Ababa:ETAD-0174"", ""Addis_Ababa:ETAD-0176"", ""Addis_Ababa:ETAD-0177"", ""Addis_Ababa:ETAD-0178"", ""Addis_Ababa:ETAD-0179"", ""Addis_Ababa:ETAD-0180"", ""Addis_Ababa:ETAD-0181"", ""Addis_Ababa:ETAD-0182"", ""Addis_Ababa:ETAD-0184"", ""Addis_Ababa:ETAD-0185"", ""Addis_Ababa:ETAD-0186"", ""Addis_Ababa:ETAD-0187"", ""Addis_Ababa:ETAD-0188"", ""Addis_Ababa:ETAD-0189"", ""Addis_Ababa:ETAD-0190"", ""Addis_Ababa:ETAD-0192""]",116,83,1.90446116072198,10.5333537907337,2.42463370413565,6.96258987683994,2023-03-29,2023-12-29,2024-01-01,2024-03-31,f5093ccb2bee5169c2268bf9096e797979dc7176d0abfe96e5860f8ae126129e,True,4.220672693891496,26.971861053298877,46.91845275,8.467021922641115,cad7b9c80b7fe99b714d92309832c6f71c4b95a333037b3a71dcb4d150884bcd,0.0,3.819437788064516,6.927359010645163,8.555634312273057,0,-8.197811159987735,9.042175962218646,10.288858940184712,0,1.2705284425712013,3.7963665909133693,4.942181878874932,0,5.245809371305278,58.01490032072029
Addis_Ababa,mdl_3x,later_period,2024Q2,all_earlier,evaluated,evaluated,147,23,"[""Addis_Ababa:ETAD-0001"", ""Addis_Ababa:ETAD-0002"", ""Addis_Ababa:ETAD-0003"", ""Addis_Ababa:ETAD-0004"", ""Addis_Ababa:ETAD-0005"", ""Addis_Ababa:ETAD-0006"", ""Addis_Ababa:ETAD-0008"", ""Addis_Ababa:ETAD-0017"", ""Addis_Ababa:ETAD-0018"", ""Addis_Ababa:ETAD-0019"", ""Addis_Ababa:ETAD-0020"", ""Addis_Ababa:ETAD-0021"", ""Addis_Ababa:ETAD-0022"", ""Addis_Ababa:ETAD-0024"", ""Addis_Ababa:ETAD-0033"", ""Addis_Ababa:ETAD-0034"", ""Addis_Ababa:ETAD-0035"", ""Addis_Ababa:ETAD-0036"", ""Addis_Ababa:ETAD-0038"", ""Addis_Ababa:ETAD-0040"", ""Addis_Ababa:ETAD-0041"", ""Addis_Ababa:ETAD-0042"", ""Addis_Ababa:ETAD-0043"", ""Addis_Ababa:ETAD-0044"", ""Addis_Ababa:ETAD-0045"", ""Addis_Ababa:ETAD-0046"", ""Addis_Ababa:ETAD-0049"", ""Addis_Ababa:ETAD-0050"", ""Addis_Ababa:ETAD-0051"", ""Addis_Ababa:ETAD-0052"", ""Addis_Ababa:ETAD-0053"", ""Addis_Ababa:ETAD-0054"", ""Addis_Ababa:ETAD-0056"", ""Addis_Ababa:ETAD-0057"", ""Addis_Ababa:ETAD-0058"", ""Addis_Ababa:ETAD-0059"", ""Addis_Ababa:ETAD-0060"", ""Addis_Ababa:ETAD-0061"", ""Addis_Ababa:ETAD-0062"", ""Addis_Ababa:ETAD-0064"", ""Addis_Ababa:ETAD-0065"", ""Addis_Ababa:ETAD-0066"", ""Addis_Ababa:ETAD-0067"", ""Addis_Ababa:ETAD-0068"", ""Addis_Ababa:ETAD-0069"", ""Addis_Ababa:ETAD-0070"", ""Addis_Ababa:ETAD-0072"", ""Addis_Ababa:ETAD-0073"", ""Addis_Ababa:ETAD-0074"", ""Addis_Ababa:ETAD-0075"", ""Addis_Ababa:ETAD-0076"", ""Addis_Ababa:ETAD-0077"", ""Addis_Ababa:ETAD-0078"", ""Addis_Ababa:ETAD-0080"", ""Addis_Ababa:ETAD-0081"", ""Addis_Ababa:ETAD-0082"", ""Addis_Ababa:ETAD-0083"", ""Addis_Ababa:ETAD-0084"", ""Addis_Ababa:ETAD-0085"", ""Addis_Ababa:ETAD-0086"", ""Addis_Ababa:ETAD-0088"", ""Addis_Ababa:ETAD-0089"", ""Addis_Ababa:ETAD-0090"", ""Addis_Ababa:ETAD-0091"", ""Addis_Ababa:ETAD-0092"", ""Addis_Ababa:ETAD-0093"", ""Addis_Ababa:ETAD-0094"", ""Addis_Ababa:ETAD-0096"", ""Addis_Ababa:ETAD-0097"", ""Addis_Ababa:ETAD-0098"", ""Addis_Ababa:ETAD-0099"", ""Addis_Ababa:ETAD-0100"", ""Addis_Ababa:ETAD-0101"", ""Addis_Ababa:ETAD-0102"", ""Addis_Ababa:ETAD-0104"", ""Addis_Ababa:ETAD-0105"", ""Addis_Ababa:ETAD-0106"", ""Addis_Ababa:ETAD-0107"", ""Addis_Ababa:ETAD-0108"", ""Addis_Ababa:ETAD-0109"", ""Addis_Ababa:ETAD-0110"", ""Addis_Ababa:ETAD-0112"", ""Addis_Ababa:ETAD-0113"", ""Addis_Ababa:ETAD-0114"", ""Addis_Ababa:ETAD-0115"", ""Addis_Ababa:ETAD-0116"", ""Addis_Ababa:ETAD-0117"", ""Addis_Ababa:ETAD-0118"", ""Addis_Ababa:ETAD-0120"", ""Addis_Ababa:ETAD-0121"", ""Addis_Ababa:ETAD-0128"", ""Addis_Ababa:ETAD-0129"", ""Addis_Ababa:ETAD-0130"", ""Addis_Ababa:ETAD-0131"", ""Addis_Ababa:ETAD-0132"", ""Addis_Ababa:ETAD-0133"", ""Addis_Ababa:ETAD-0134"", ""Addis_Ababa:ETAD-0136"", ""Addis_Ababa:ETAD-0137"", ""Addis_Ababa:ETAD-0138"", ""Addis_Ababa:ETAD-0139"", ""Addis_Ababa:ETAD-0140"", ""Addis_Ababa:ETAD-0141"", ""Addis_Ababa:ETAD-0142"", ""Addis_Ababa:ETAD-0144"", ""Addis_Ababa:ETAD-0145"", ""Addis_Ababa:ETAD-0146"", ""Addis_Ababa:ETAD-0147"", ""Addis_Ababa:ETAD-0148"", ""Addis_Ababa:ETAD-0149"", ""Addis_Ababa:ETAD-0150"", ""Addis_Ababa:ETAD-0152"", ""Addis_Ababa:ETAD-0153"", ""Addis_Ababa:ETAD-0154"", ""Addis_Ababa:ETAD-0155"", ""Addis_Ababa:ETAD-0156"", ""Addis_Ababa:ETAD-0157"", ""Addis_Ababa:ETAD-0158"", ""Addis_Ababa:ETAD-0160"", ""Addis_Ababa:ETAD-0161"", ""Addis_Ababa:ETAD-0162"", ""Addis_Ababa:ETAD-0163"", ""Addis_Ababa:ETAD-0164"", ""Addis_Ababa:ETAD-0165"", ""Addis_Ababa:ETAD-0166"", ""Addis_Ababa:ETAD-0168"", ""Addis_Ababa:ETAD-0169"", ""Addis_Ababa:ETAD-0170"", ""Addis_Ababa:ETAD-0171"", ""Addis_Ababa:ETAD-0172"", ""Addis_Ababa:ETAD-0173"", ""Addis_Ababa:ETAD-0174"", ""Addis_Ababa:ETAD-0176"", ""Addis_Ababa:ETAD-0177"", ""Addis_Ababa:ETAD-0178"", ""Addis_Ababa:ETAD-0179"", ""Addis_Ababa:ETAD-0180"", ""Addis_Ababa:ETAD-0181"", ""Addis_Ababa:ETAD-0182"", ""Addis_Ababa:ETAD-0184"", ""Addis_Ababa:ETAD-0185"", ""Addis_Ababa:ETAD-0186"", ""Addis_Ababa:ETAD-0187"", ""Addis_Ababa:ETAD-0188"", ""Addis_Ababa:ETAD-0189"", ""Addis_Ababa:ETAD-0190"", ""Addis_Ababa:ETAD-0192""]","[""Addis_Ababa:ETAD-0193"", ""Addis_Ababa:ETAD-0194"", ""Addis_Ababa:ETAD-0195"", ""Addis_Ababa:ETAD-0196"", ""Addis_Ababa:ETAD-0197"", ""Addis_Ababa:ETAD-0198"", ""Addis_Ababa:ETAD-0200"", ""Addis_Ababa:ETAD-0201"", ""Addis_Ababa:ETAD-0202"", ""Addis_Ababa:ETAD-0203"", ""Addis_Ababa:ETAD-0204"", ""Addis_Ababa:ETAD-0205"", ""Addis_Ababa:ETAD-0206"", ""Addis_Ababa:ETAD-0208"", ""Addis_Ababa:ETAD-0217"", ""Addis_Ababa:ETAD-0218"", ""Addis_Ababa:ETAD-0219"", ""Addis_Ababa:ETAD-0220"", ""Addis_Ababa:ETAD-0221"", ""Addis_Ababa:ETAD-0222"", ""Addis_Ababa:ETAD-0224"", ""Addis_Ababa:ETAD-0225"", ""Addis_Ababa:ETAD-0226""]",147,114,1.62566803465763,10.5333537907337,2.93608135081302,11.7351130556244,2022-12-07,2024-03-31,2024-04-03,2024-06-29,69d00b1fa9e04e91da93d0e0908d3e4e7138e1d9817c1c21a558e60c5c45062b,True,4.126260730087052,27.855753693345427,45.43289776,9.148240405190345,69d00b1fa9e04e91da93d0e0908d3e4e7138e1d9817c1c21a558e60c5c45062b,1.0,-9.718386056521737,11.331951781739129,13.576995466799179,0,3.8365584141040823,9.201342967985655,12.694429942479639,0,-0.6894063039217364,4.238359294245439,5.277903284691576,0,4.962983673740216,53.93760118504425
Addis_Ababa,mdl_3x,later_period,2024Q2,id11_earlier,evaluated,evaluated,114,23,"[""Addis_Ababa:ETAD-0057"", ""Addis_Ababa:ETAD-0058"", ""Addis_Ababa:ETAD-0059"", ""Addis_Ababa:ETAD-0060"", ""Addis_Ababa:ETAD-0061"", ""Addis_Ababa:ETAD-0062"", ""Addis_Ababa:ETAD-0064"", ""Addis_Ababa:ETAD-0065"", ""Addis_Ababa:ETAD-0066"", ""Addis_Ababa:ETAD-0067"", ""Addis_Ababa:ETAD-0068"", ""Addis_Ababa:ETAD-0069"", ""Addis_Ababa:ETAD-0070"", ""Addis_Ababa:ETAD-0072"", ""Addis_Ababa:ETAD-0073"", ""Addis_Ababa:ETAD-0074"", ""Addis_Ababa:ETAD-0075"", ""Addis_Ababa:ETAD-0076"", ""Addis_Ababa:ETAD-0077"", ""Addis_Ababa:ETAD-0078"", ""Addis_Ababa:ETAD-0080"", ""Addis_Ababa:ETAD-0081"", ""Addis_Ababa:ETAD-0082"", ""Addis_Ababa:ETAD-0083"", ""Addis_Ababa:ETAD-0084"", ""Addis_Ababa:ETAD-0085"", ""Addis_Ababa:ETAD-0086"", ""Addis_Ababa:ETAD-0088"", ""Addis_Ababa:ETAD-0089"", ""Addis_Ababa:ETAD-0090"", ""Addis_Ababa:ETAD-0091"", ""Addis_Ababa:ETAD-0092"", ""Addis_Ababa:ETAD-0093"", ""Addis_Ababa:ETAD-0094"", ""Addis_Ababa:ETAD-0096"", ""Addis_Ababa:ETAD-0097"", ""Addis_Ababa:ETAD-0098"", ""Addis_Ababa:ETAD-0099"", ""Addis_Ababa:ETAD-0100"", ""Addis_Ababa:ETAD-0101"", ""Addis_Ababa:ETAD-0102"", ""Addis_Ababa:ETAD-0104"", ""Addis_Ababa:ETAD-0105"", ""Addis_Ababa:ETAD-0106"", ""Addis_Ababa:ETAD-0107"", ""Addis_Ababa:ETAD-0108"", ""Addis_Ababa:ETAD-0109"", ""Addis_Ababa:ETAD-0110"", ""Addis_Ababa:ETAD-0112"", ""Addis_Ababa:ETAD-0113"", ""Addis_Ababa:ETAD-0114"", ""Addis_Ababa:ETAD-0115"", ""Addis_Ababa:ETAD-0116"", ""Addis_Ababa:ETAD-0117"", ""Addis_Ababa:ETAD-0118"", ""Addis_Ababa:ETAD-0120"", ""Addis_Ababa:ETAD-0121"", ""Addis_Ababa:ETAD-0128"", ""Addis_Ababa:ETAD-0129"", ""Addis_Ababa:ETAD-0130"", ""Addis_Ababa:ETAD-0131"", ""Addis_Ababa:ETAD-0132"", ""Addis_Ababa:ETAD-0133"", ""Addis_Ababa:ETAD-0134"", ""Addis_Ababa:ETAD-0136"", ""Addis_Ababa:ETAD-0137"", ""Addis_Ababa:ETAD-0138"", ""Addis_Ababa:ETAD-0139"", ""Addis_Ababa:ETAD-0140"", ""Addis_Ababa:ETAD-0141"", ""Addis_Ababa:ETAD-0142"", ""Addis_Ababa:ETAD-0144"", ""Addis_Ababa:ETAD-0145"", ""Addis_Ababa:ETAD-0146"", ""Addis_Ababa:ETAD-0147"", ""Addis_Ababa:ETAD-0148"", ""Addis_Ababa:ETAD-0149"", ""Addis_Ababa:ETAD-0150"", ""Addis_Ababa:ETAD-0152"", ""Addis_Ababa:ETAD-0153"", ""Addis_Ababa:ETAD-0154"", ""Addis_Ababa:ETAD-0155"", ""Addis_Ababa:ETAD-0156"", ""Addis_Ababa:ETAD-0157"", ""Addis_Ababa:ETAD-0158"", ""Addis_Ababa:ETAD-0160"", ""Addis_Ababa:ETAD-0161"", ""Addis_Ababa:ETAD-0162"", ""Addis_Ababa:ETAD-0163"", ""Addis_Ababa:ETAD-0164"", ""Addis_Ababa:ETAD-0165"", ""Addis_Ababa:ETAD-0166"", ""Addis_Ababa:ETAD-0168"", ""Addis_Ababa:ETAD-0169"", ""Addis_Ababa:ETAD-0170"", ""Addis_Ababa:ETAD-0171"", ""Addis_Ababa:ETAD-0172"", ""Addis_Ababa:ETAD-0173"", ""Addis_Ababa:ETAD-0174"", ""Addis_Ababa:ETAD-0176"", ""Addis_Ababa:ETAD-0177"", ""Addis_Ababa:ETAD-0178"", ""Addis_Ababa:ETAD-0179"", ""Addis_Ababa:ETAD-0180"", ""Addis_Ababa:ETAD-0181"", ""Addis_Ababa:ETAD-0182"", ""Addis_Ababa:ETAD-0184"", ""Addis_Ababa:ETAD-0185"", ""Addis_Ababa:ETAD-0186"", ""Addis_Ababa:ETAD-0187"", ""Addis_Ababa:ETAD-0188"", ""Addis_Ababa:ETAD-0189"", ""Addis_Ababa:ETAD-0190"", ""Addis_Ababa:ETAD-0192""]","[""Addis_Ababa:ETAD-0193"", ""Addis_Ababa:ETAD-0194"", ""Addis_Ababa:ETAD-0195"", ""Addis_Ababa:ETAD-0196"", ""Addis_Ababa:ETAD-0197"", ""Addis_Ababa:ETAD-0198"", ""Addis_Ababa:ETAD-0200"", ""Addis_Ababa:ETAD-0201"", ""Addis_Ababa:ETAD-0202"", ""Addis_Ababa:ETAD-0203"", ""Addis_Ababa:ETAD-0204"", ""Addis_Ababa:ETAD-0205"", ""Addis_Ababa:ETAD-0206"", ""Addis_Ababa:ETAD-0208"", ""Addis_Ababa:ETAD-0217"", ""Addis_Ababa:ETAD-0218"", ""Addis_Ababa:ETAD-0219"", ""Addis_Ababa:ETAD-0220"", ""Addis_Ababa:ETAD-0221"", ""Addis_Ababa:ETAD-0222"", ""Addis_Ababa:ETAD-0224"", ""Addis_Ababa:ETAD-0225"", ""Addis_Ababa:ETAD-0226""]",147,114,1.90446116072198,10.5333537907337,2.93608135081302,11.7351130556244,2023-03-29,2024-03-31,2024-04-03,2024-06-29,69d00b1fa9e04e91da93d0e0908d3e4e7138e1d9817c1c21a558e60c5c45062b,True,4.363852514875105,25.90436617506418,46.12331228,8.72932408484107,2405158b454156a59a77841e2ab4cab28cf960ddae911ef7dade9c021417ffe3,1.0,-9.02797153652174,10.881681442608697,13.091678594669823,0,1.135386525510365,8.480360919360097,11.384115320529414,0,-1.108802303001228,4.307384961484367,5.423538945098529,0,4.17297595787573,49.20752781109947
Addis_Ababa,mdl_3x,later_period,2024Q3,all_earlier,evaluated,evaluated,170,19,"[""Addis_Ababa:ETAD-0001"", ""Addis_Ababa:ETAD-0002"", ""Addis_Ababa:ETAD-0003"", ""Addis_Ababa:ETAD-0004"", ""Addis_Ababa:ETAD-0005"", ""Addis_Ababa:ETAD-0006"", ""Addis_Ababa:ETAD-0008"", ""Addis_Ababa:ETAD-0017"", ""Addis_Ababa:ETAD-0018"", ""Addis_Ababa:ETAD-0019"", ""Addis_Ababa:ETAD-0020"", ""Addis_Ababa:ETAD-0021"", ""Addis_Ababa:ETAD-0022"", ""Addis_Ababa:ETAD-0024"", ""Addis_Ababa:ETAD-0033"", ""Addis_Ababa:ETAD-0034"", ""Addis_Ababa:ETAD-0035"", ""Addis_Ababa:ETAD-0036"", ""Addis_Ababa:ETAD-0038"", ""Addis_Ababa:ETAD-0040"", ""Addis_Ababa:ETAD-0041"", ""Addis_Ababa:ETAD-0042"", ""Addis_Ababa:ETAD-0043"", ""Addis_Ababa:ETAD-0044"", ""Addis_Ababa:ETAD-0045"", ""Addis_Ababa:ETAD-0046"", ""Addis_Ababa:ETAD-0049"", ""Addis_Ababa:ETAD-0050"", ""Addis_Ababa:ETAD-0051"", ""Addis_Ababa:ETAD-0052"", ""Addis_Ababa:ETAD-0053"", ""Addis_Ababa:ETAD-0054"", ""Addis_Ababa:ETAD-0056"", ""Addis_Ababa:ETAD-0057"", ""Addis_Ababa:ETAD-0058"", ""Addis_Ababa:ETAD-0059"", ""Addis_Ababa:ETAD-0060"", ""Addis_Ababa:ETAD-0061"", ""Addis_Ababa:ETAD-0062"", ""Addis_Ababa:ETAD-0064"", ""Addis_Ababa:ETAD-0065"", ""Addis_Ababa:ETAD-0066"", ""Addis_Ababa:ETAD-0067"", ""Addis_Ababa:ETAD-0068"", ""Addis_Ababa:ETAD-0069"", ""Addis_Ababa:ETAD-0070"", ""Addis_Ababa:ETAD-0072"", ""Addis_Ababa:ETAD-0073"", ""Addis_Ababa:ETAD-0074"", ""Addis_Ababa:ETAD-0075"", ""Addis_Ababa:ETAD-0076"", ""Addis_Ababa:ETAD-0077"", ""Addis_Ababa:ETAD-0078"", ""Addis_Ababa:ETAD-0080"", ""Addis_Ababa:ETAD-0081"", ""Addis_Ababa:ETAD-0082"", ""Addis_Ababa:ETAD-0083"", ""Addis_Ababa:ETAD-0084"", ""Addis_Ababa:ETAD-0085"", ""Addis_Ababa:ETAD-0086"", ""Addis_Ababa:ETAD-0088"", ""Addis_Ababa:ETAD-0089"", ""Addis_Ababa:ETAD-0090"", ""Addis_Ababa:ETAD-0091"", ""Addis_Ababa:ETAD-0092"", ""Addis_Ababa:ETAD-0093"", ""Addis_Ababa:ETAD-0094"", ""Addis_Ababa:ETAD-0096"", ""Addis_Ababa:ETAD-0097"", ""Addis_Ababa:ETAD-0098"", ""Addis_Ababa:ETAD-0099"", ""Addis_Ababa:ETAD-0100"", ""Addis_Ababa:ETAD-0101"", ""Addis_Ababa:ETAD-0102"", ""Addis_Ababa:ETAD-0104"", ""Addis_Ababa:ETAD-0105"", ""Addis_Ababa:ETAD-0106"", ""Addis_Ababa:ETAD-0107"", ""Addis_Ababa:ETAD-0108"", ""Addis_Ababa:ETAD-0109"", ""Addis_Ababa:ETAD-0110"", ""Addis_Ababa:ETAD-0112"", ""Addis_Ababa:ETAD-0113"", ""Addis_Ababa:ETAD-0114"", ""Addis_Ababa:ETAD-0115"", ""Addis_Ababa:ETAD-0116"", ""Addis_Ababa:ETAD-0117"", ""Addis_Ababa:ETAD-0118"", ""Addis_Ababa:ETAD-0120"", ""Addis_Ababa:ETAD-0121"", ""Addis_Ababa:ETAD-0128"", ""Addis_Ababa:ETAD-0129"", ""Addis_Ababa:ETAD-0130"", ""Addis_Ababa:ETAD-0131"", ""Addis_Ababa:ETAD-0132"", ""Addis_Ababa:ETAD-0133"", ""Addis_Ababa:ETAD-0134"", ""Addis_Ababa:ETAD-0136"", ""Addis_Ababa:ETAD-0137"", ""Addis_Ababa:ETAD-0138"", ""Addis_Ababa:ETAD-0139"", ""Addis_Ababa:ETAD-0140"", ""Addis_Ababa:ETAD-0141"", ""Addis_Ababa:ETAD-0142"", ""Addis_Ababa:ETAD-0144"", ""Addis_Ababa:ETAD-0145"", ""Addis_Ababa:ETAD-0146"", ""Addis_Ababa:ETAD-0147"", ""Addis_Ababa:ETAD-0148"", ""Addis_Ababa:ETAD-0149"", ""Addis_Ababa:ETAD-0150"", ""Addis_Ababa:ETAD-0152"", ""Addis_Ababa:ETAD-0153"", ""Addis_Ababa:ETAD-0154"", ""Addis_Ababa:ETAD-0155"", ""Addis_Ababa:ETAD-0156"", ""Addis_Ababa:ETAD-0157"", ""Addis_Ababa:ETAD-0158"", ""Addis_Ababa:ETAD-0160"", ""Addis_Ababa:ETAD-0161"", ""Addis_Ababa:ETAD-0162"", ""Addis_Ababa:ETAD-0163"", ""Addis_Ababa:ETAD-0164"", ""Addis_Ababa:ETAD-0165"", ""Addis_Ababa:ETAD-0166"", ""Addis_Ababa:ETAD-0168"", ""Addis_Ababa:ETAD-0169"", ""Addis_Ababa:ETAD-0170"", ""Addis_Ababa:ETAD-0171"", ""Addis_Ababa:ETAD-0172"", ""Addis_Ababa:ETAD-0173"", ""Addis_Ababa:ETAD-0174"", ""Addis_Ababa:ETAD-0176"", ""Addis_Ababa:ETAD-0177"", ""Addis_Ababa:ETAD-0178"", ""Addis_Ababa:ETAD-0179"", ""Addis_Ababa:ETAD-0180"", ""Addis_Ababa:ETAD-0181"", ""Addis_Ababa:ETAD-0182"", ""Addis_Ababa:ETAD-0184"", ""Addis_Ababa:ETAD-0185"", ""Addis_Ababa:ETAD-0186"", ""Addis_Ababa:ETAD-0187"", ""Addis_Ababa:ETAD-0188"", ""Addis_Ababa:ETAD-0189"", ""Addis_Ababa:ETAD-0190"", ""Addis_Ababa:ETAD-0192"", ""Addis_Ababa:ETAD-0193"", ""Addis_Ababa:ETAD-0194"", ""Addis_Ababa:ETAD-0195"", ""Addis_Ababa:ETAD-0196"", ""Addis_Ababa:ETAD-0197"", ""Addis_Ababa:ETAD-0198"", ""Addis_Ababa:ETAD-0200"", ""Addis_Ababa:ETAD-0201"", ""Addis_Ababa:ETAD-0202"", ""Addis_Ababa:ETAD-0203"", ""Addis_Ababa:ETAD-0204"", ""Addis_Ababa:ETAD-0205"", ""Addis_Ababa:ETAD-0206"", ""Addis_Ababa:ETAD-0208"", ""Addis_Ababa:ETAD-0217"", ""Addis_Ababa:ETAD-0218"", ""Addis_Ababa:ETAD-0219"", ""Addis_Ababa:ETAD-0220"", ""Addis_Ababa:ETAD-0221"", ""Addis_Ababa:ETAD-0222"", ""Addis_Ababa:ETAD-0224"", ""Addis_Ababa:ETAD-0225"", ""Addis_Ababa:ETAD-0226""]","[""Addis_Ababa:ETAD-0227"", ""Addis_Ababa:ETAD-0228"", ""Addis_Ababa:ETAD-0229"", ""Addis_Ababa:ETAD-0230"", ""Addis_Ababa:ETAD-0232"", ""Addis_Ababa:ETAD-0233"", ""Addis_Ababa:ETAD-0234"", ""Addis_Ababa:ETAD-0235"", ""Addis_Ababa:ETAD-0236"", ""Addis_Ababa:ETAD-0237"", ""Addis_Ababa:ETAD-0238"", ""Addis_Ababa:ETAD-0240"", ""Addis_Ababa:ETAD-0241"", ""Addis_Ababa:ETAD-0242"", ""Addis_Ababa:ETAD-0243"", ""Addis_Ababa:ETAD-0244"", ""Addis_Ababa:ETAD-0245"", ""Addis_Ababa:ETAD-0246"", ""Addis_Ababa:ETAD-0248""]",170,137,1.62566803465763,11.7351130556244,3.43072578969257,11.136414801705,2022-12-07,2024-06-29,2024-07-02,2024-09-21,3dc7545d6dc1da04ff57c8968196dca1e4acdac8dcc4c9b8af5d9f9043470594,True,4.123323002466787,27.963336153625285,46.52233962,8.922958396775202,3dc7545d6dc1da04ff57c8968196dca1e4acdac8dcc4c9b8af5d9f9043470594,0.0,-10.248394838421058,12.031616664736847,15.694884734253044,0,9.664630309598277,13.225667521206857,15.676934744740116,0,1.892561903944733,5.664238125907318,7.859825552923681,0,7.561429395299539,57.172383799721814
Addis_Ababa,mdl_3x,later_period,2024Q3,id11_earlier,evaluated,evaluated,137,19,"[""Addis_Ababa:ETAD-0057"", ""Addis_Ababa:ETAD-0058"", ""Addis_Ababa:ETAD-0059"", ""Addis_Ababa:ETAD-0060"", ""Addis_Ababa:ETAD-0061"", ""Addis_Ababa:ETAD-0062"", ""Addis_Ababa:ETAD-0064"", ""Addis_Ababa:ETAD-0065"", ""Addis_Ababa:ETAD-0066"", ""Addis_Ababa:ETAD-0067"", ""Addis_Ababa:ETAD-0068"", ""Addis_Ababa:ETAD-0069"", ""Addis_Ababa:ETAD-0070"", ""Addis_Ababa:ETAD-0072"", ""Addis_Ababa:ETAD-0073"", ""Addis_Ababa:ETAD-0074"", ""Addis_Ababa:ETAD-0075"", ""Addis_Ababa:ETAD-0076"", ""Addis_Ababa:ETAD-0077"", ""Addis_Ababa:ETAD-0078"", ""Addis_Ababa:ETAD-0080"", ""Addis_Ababa:ETAD-0081"", ""Addis_Ababa:ETAD-0082"", ""Addis_Ababa:ETAD-0083"", ""Addis_Ababa:ETAD-0084"", ""Addis_Ababa:ETAD-0085"", ""Addis_Ababa:ETAD-0086"", ""Addis_Ababa:ETAD-0088"", ""Addis_Ababa:ETAD-0089"", ""Addis_Ababa:ETAD-0090"", ""Addis_Ababa:ETAD-0091"", ""Addis_Ababa:ETAD-0092"", ""Addis_Ababa:ETAD-0093"", ""Addis_Ababa:ETAD-0094"", ""Addis_Ababa:ETAD-0096"", ""Addis_Ababa:ETAD-0097"", ""Addis_Ababa:ETAD-0098"", ""Addis_Ababa:ETAD-0099"", ""Addis_Ababa:ETAD-0100"", ""Addis_Ababa:ETAD-0101"", ""Addis_Ababa:ETAD-0102"", ""Addis_Ababa:ETAD-0104"", ""Addis_Ababa:ETAD-0105"", ""Addis_Ababa:ETAD-0106"", ""Addis_Ababa:ETAD-0107"", ""Addis_Ababa:ETAD-0108"", ""Addis_Ababa:ETAD-0109"", ""Addis_Ababa:ETAD-0110"", ""Addis_Ababa:ETAD-0112"", ""Addis_Ababa:ETAD-0113"", ""Addis_Ababa:ETAD-0114"", ""Addis_Ababa:ETAD-0115"", ""Addis_Ababa:ETAD-0116"", ""Addis_Ababa:ETAD-0117"", ""Addis_Ababa:ETAD-0118"", ""Addis_Ababa:ETAD-0120"", ""Addis_Ababa:ETAD-0121"", ""Addis_Ababa:ETAD-0128"", ""Addis_Ababa:ETAD-0129"", ""Addis_Ababa:ETAD-0130"", ""Addis_Ababa:ETAD-0131"", ""Addis_Ababa:ETAD-0132"", ""Addis_Ababa:ETAD-0133"", ""Addis_Ababa:ETAD-0134"", ""Addis_Ababa:ETAD-0136"", ""Addis_Ababa:ETAD-0137"", ""Addis_Ababa:ETAD-0138"", ""Addis_Ababa:ETAD-0139"", ""Addis_Ababa:ETAD-0140"", ""Addis_Ababa:ETAD-0141"", ""Addis_Ababa:ETAD-0142"", ""Addis_Ababa:ETAD-0144"", ""Addis_Ababa:ETAD-0145"", ""Addis_Ababa:ETAD-0146"", ""Addis_Ababa:ETAD-0147"", ""Addis_Ababa:ETAD-0148"", ""Addis_Ababa:ETAD-0149"", ""Addis_Ababa:ETAD-0150"", ""Addis_Ababa:ETAD-0152"", ""Addis_Ababa:ETAD-0153"", ""Addis_Ababa:ETAD-0154"", ""Addis_Ababa:ETAD-0155"", ""Addis_Ababa:ETAD-0156"", ""Addis_Ababa:ETAD-0157"", ""Addis_Ababa:ETAD-0158"", ""Addis_Ababa:ETAD-0160"", ""Addis_Ababa:ETAD-0161"", ""Addis_Ababa:ETAD-0162"", ""Addis_Ababa:ETAD-0163"", ""Addis_Ababa:ETAD-0164"", ""Addis_Ababa:ETAD-0165"", ""Addis_Ababa:ETAD-0166"", ""Addis_Ababa:ETAD-0168"", ""Addis_Ababa:ETAD-0169"", ""Addis_Ababa:ETAD-0170"", ""Addis_Ababa:ETAD-0171"", ""Addis_Ababa:ETAD-0172"", ""Addis_Ababa:ETAD-0173"", ""Addis_Ababa:ETAD-0174"", ""Addis_Ababa:ETAD-0176"", ""Addis_Ababa:ETAD-0177"", ""Addis_Ababa:ETAD-0178"", ""Addis_Ababa:ETAD-0179"", ""Addis_Ababa:ETAD-0180"", ""Addis_Ababa:ETAD-0181"", ""Addis_Ababa:ETAD-0182"", ""Addis_Ababa:ETAD-0184"", ""Addis_Ababa:ETAD-0185"", ""Addis_Ababa:ETAD-0186"", ""Addis_Ababa:ETAD-0187"", ""Addis_Ababa:ETAD-0188"", ""Addis_Ababa:ETAD-0189"", ""Addis_Ababa:ETAD-0190"", ""Addis_Ababa:ETAD-0192"", ""Addis_Ababa:ETAD-0193"", ""Addis_Ababa:ETAD-0194"", ""Addis_Ababa:ETAD-0195"", ""Addis_Ababa:ETAD-0196"", ""Addis_Ababa:ETAD-0197"", ""Addis_Ababa:ETAD-0198"", ""Addis_Ababa:ETAD-0200"", ""Addis_Ababa:ETAD-0201"", ""Addis_Ababa:ETAD-0202"", ""Addis_Ababa:ETAD-0203"", ""Addis_Ababa:ETAD-0204"", ""Addis_Ababa:ETAD-0205"", ""Addis_Ababa:ETAD-0206"", ""Addis_Ababa:ETAD-0208"", ""Addis_Ababa:ETAD-0217"", ""Addis_Ababa:ETAD-0218"", ""Addis_Ababa:ETAD-0219"", ""Addis_Ababa:ETAD-0220"", ""Addis_Ababa:ETAD-0221"", ""Addis_Ababa:ETAD-0222"", ""Addis_Ababa:ETAD-0224"", ""Addis_Ababa:ETAD-0225"", ""Addis_Ababa:ETAD-0226""]","[""Addis_Ababa:ETAD-0227"", ""Addis_Ababa:ETAD-0228"", ""Addis_Ababa:ETAD-0229"", ""Addis_Ababa:ETAD-0230"", ""Addis_Ababa:ETAD-0232"", ""Addis_Ababa:ETAD-0233"", ""Addis_Ababa:ETAD-0234"", ""Addis_Ababa:ETAD-0235"", ""Addis_Ababa:ETAD-0236"", ""Addis_Ababa:ETAD-0237"", ""Addis_Ababa:ETAD-0238"", ""Addis_Ababa:ETAD-0240"", ""Addis_Ababa:ETAD-0241"", ""Addis_Ababa:ETAD-0242"", ""Addis_Ababa:ETAD-0243"", ""Addis_Ababa:ETAD-0244"", ""Addis_Ababa:ETAD-0245"", ""Addis_Ababa:ETAD-0246"", ""Addis_Ababa:ETAD-0248""]",170,137,1.90446116072198,11.7351130556244,3.43072578969257,11.136414801705,2023-03-29,2024-06-29,2024-07-02,2024-09-21,3dc7545d6dc1da04ff57c8968196dca1e4acdac8dcc4c9b8af5d9f9043470594,True,4.331880843960045,26.259279624282588,47.11027032,8.584790433319666,bf90a905416fe2964925753aba08e91b2aba4ed4446303368fcbdb29f71f4b89,0.0,-9.660464138421053,11.629348291052631,15.317453359714635,0,7.146820519837718,11.493564289873207,13.786892867124362,0,1.7413105832246432,5.525387206612045,7.813508914204173,0,5.968177083261162,51.926251358942025
Addis_Ababa,mdl_5x,later_period,2022Q4,all_earlier,empty_id11_test_block,insufficient_training_n,0,0,[],[],0,0,,,,,,,,,07e425744aa46372363c644e8b78eefab4e9ba7668f50c91cf2330bf9f7860bd,False,,,,,2b3c1efc390ad76f8e9754197a2ac92f232ebebbc39850fd7fa4ca11c43e7c48,,,,,0,,,,0,,,,0,,
Addis_Ababa,mdl_5x,later_period,2022Q4,id11_earlier,empty_id11_test_block,insufficient_training_n,0,0,[],[],0,0,,,,,,,,,07e425744aa46372363c644e8b78eefab4e9ba7668f50c91cf2330bf9f7860bd,False,,,,,2b3c1efc390ad76f8e9754197a2ac92f232ebebbc39850fd7fa4ca11c43e7c48,,,,,0,,,,0,,,,0,,
Addis_Ababa,mdl_5x,later_period,2023Q1,all_earlier,all_earlier:insufficient_training_n;id11_earlier:insufficient_training_n,insufficient_training_n,7,1,"[""Addis_Ababa:ETAD-0017"", ""Addis_Ababa:ETAD-0018"", ""Addis_Ababa:ETAD-0019"", ""Addis_Ababa:ETAD-0020"", ""Addis_Ababa:ETAD-0021"", ""Addis_Ababa:ETAD-0022"", ""Addis_Ababa:ETAD-0024""]","[""Addis_Ababa:ETAD-0057""]",7,0,2.54716121453745,4.44446651940708,6.63401511944448,6.63401511944448,2022-12-07,2022-12-25,2023-03-29,2023-03-29,786b87d79737ae752f4d83823eeb159284ea71205c27b14ec8792aa5eedc211c,False,,,,,214fb9b309fc40dbf128642aa2456254ab101a5aa2ef179ed1cc41e70ed5d0fc,1.0,,,,0,,,,0,,,,0,,
Addis_Ababa,mdl_5x,later_period,2023Q1,id11_earlier,all_earlier:insufficient_training_n;id11_earlier:insufficient_training_n,insufficient_training_n,0,1,[],"[""Addis_Ababa:ETAD-0057""]",7,0,,,6.63401511944448,6.63401511944448,,,2023-03-29,2023-03-29,786b87d79737ae752f4d83823eeb159284ea71205c27b14ec8792aa5eedc211c,False,,,,,2f1f4b27e7d7a09963f93fe8a7700619ec3a9302e5f259acb182c5cc3a1a47f0,,,,,0,,,,0,,,,0,,
Addis_Ababa,mdl_5x,later_period,2023Q2,all_earlier,id11_earlier:insufficient_training_n,evaluated,29,27,"[""Addis_Ababa:ETAD-0001"", ""Addis_Ababa:ETAD-0002"", ""Addis_Ababa:ETAD-0004"", ""Addis_Ababa:ETAD-0005"", ""Addis_Ababa:ETAD-0006"", ""Addis_Ababa:ETAD-0017"", ""Addis_Ababa:ETAD-0018"", ""Addis_Ababa:ETAD-0019"", ""Addis_Ababa:ETAD-0020"", ""Addis_Ababa:ETAD-0021"", ""Addis_Ababa:ETAD-0022"", ""Addis_Ababa:ETAD-0024"", ""Addis_Ababa:ETAD-0035"", ""Addis_Ababa:ETAD-0036"", ""Addis_Ababa:ETAD-0040"", ""Addis_Ababa:ETAD-0041"", ""Addis_Ababa:ETAD-0042"", ""Addis_Ababa:ETAD-0043"", ""Addis_Ababa:ETAD-0044"", ""Addis_Ababa:ETAD-0045"", ""Addis_Ababa:ETAD-0046"", ""Addis_Ababa:ETAD-0049"", ""Addis_Ababa:ETAD-0050"", ""Addis_Ababa:ETAD-0051"", ""Addis_Ababa:ETAD-0052"", ""Addis_Ababa:ETAD-0053"", ""Addis_Ababa:ETAD-0054"", ""Addis_Ababa:ETAD-0056"", ""Addis_Ababa:ETAD-0057""]","[""Addis_Ababa:ETAD-0058"", ""Addis_Ababa:ETAD-0059"", ""Addis_Ababa:ETAD-0060"", ""Addis_Ababa:ETAD-0061"", ""Addis_Ababa:ETAD-0062"", ""Addis_Ababa:ETAD-0065"", ""Addis_Ababa:ETAD-0066"", ""Addis_Ababa:ETAD-0067"", ""Addis_Ababa:ETAD-0068"", ""Addis_Ababa:ETAD-0069"", ""Addis_Ababa:ETAD-0070"", ""Addis_Ababa:ETAD-0072"", ""Addis_Ababa:ETAD-0073"", ""Addis_Ababa:ETAD-0074"", ""Addis_Ababa:ETAD-0075"", ""Addis_Ababa:ETAD-0076"", ""Addis_Ababa:ETAD-0077"", ""Addis_Ababa:ETAD-0078"", ""Addis_Ababa:ETAD-0080"", ""Addis_Ababa:ETAD-0081"", ""Addis_Ababa:ETAD-0082"", ""Addis_Ababa:ETAD-0083"", ""Addis_Ababa:ETAD-0084"", ""Addis_Ababa:ETAD-0085"", ""Addis_Ababa:ETAD-0086"", ""Addis_Ababa:ETAD-0088"", ""Addis_Ababa:ETAD-0089""]",29,1,2.31740999208569,6.63401511944448,2.7330819375566,9.84021969992934,2022-12-07,2023-03-29,2023-04-01,2023-06-28,f80d05e2db482cf9f6b124a3a06cabe1a3f5be37fedd001e237f15f946d410fa,False,5.00496007721322,28.137228124303103,45.51235837,12.464579320132442,f80d05e2db482cf9f6b124a3a06cabe1a3f5be37fedd001e237f15f946d410fa,10.0,,,,0,,,,0,,,,0,,
Addis_Ababa,mdl_5x,later_period,2023Q2,id11_earlier,id11_earlier:insufficient_training_n,insufficient_training_n,1,27,"[""Addis_Ababa:ETAD-0057""]","[""Addis_Ababa:ETAD-0058"", ""Addis_Ababa:ETAD-0059"", ""Addis_Ababa:ETAD-0060"", ""Addis_Ababa:ETAD-0061"", ""Addis_Ababa:ETAD-0062"", ""Addis_Ababa:ETAD-0065"", ""Addis_Ababa:ETAD-0066"", ""Addis_Ababa:ETAD-0067"", ""Addis_Ababa:ETAD-0068"", ""Addis_Ababa:ETAD-0069"", ""Addis_Ababa:ETAD-0070"", ""Addis_Ababa:ETAD-0072"", ""Addis_Ababa:ETAD-0073"", ""Addis_Ababa:ETAD-0074"", ""Addis_Ababa:ETAD-0075"", ""Addis_Ababa:ETAD-0076"", ""Addis_Ababa:ETAD-0077"", ""Addis_Ababa:ETAD-0078"", ""Addis_Ababa:ETAD-0080"", ""Addis_Ababa:ETAD-0081"", ""Addis_Ababa:ETAD-0082"", ""Addis_Ababa:ETAD-0083"", ""Addis_Ababa:ETAD-0084"", ""Addis_Ababa:ETAD-0085"", ""Addis_Ababa:ETAD-0086"", ""Addis_Ababa:ETAD-0088"", ""Addis_Ababa:ETAD-0089""]",29,1,6.63401511944448,6.63401511944448,2.7330819375566,9.84021969992934,2023-03-29,2023-03-29,2023-04-01,2023-06-28,f80d05e2db482cf9f6b124a3a06cabe1a3f5be37fedd001e237f15f946d410fa,False,,,,,ecbc7d8d2da1489e7540f4dcca3f23539f221418016a09455830843441be9cab,27.0,,,,0,,,,0,,,,0,,
Addis_Ababa,mdl_5x,later_period,2023Q3,all_earlier,evaluated,evaluated,56,28,"[""Addis_Ababa:ETAD-0001"", ""Addis_Ababa:ETAD-0002"", ""Addis_Ababa:ETAD-0004"", ""Addis_Ababa:ETAD-0005"", ""Addis_Ababa:ETAD-0006"", ""Addis_Ababa:ETAD-0017"", ""Addis_Ababa:ETAD-0018"", ""Addis_Ababa:ETAD-0019"", ""Addis_Ababa:ETAD-0020"", ""Addis_Ababa:ETAD-0021"", ""Addis_Ababa:ETAD-0022"", ""Addis_Ababa:ETAD-0024"", ""Addis_Ababa:ETAD-0035"", ""Addis_Ababa:ETAD-0036"", ""Addis_Ababa:ETAD-0040"", ""Addis_Ababa:ETAD-0041"", ""Addis_Ababa:ETAD-0042"", ""Addis_Ababa:ETAD-0043"", ""Addis_Ababa:ETAD-0044"", ""Addis_Ababa:ETAD-0045"", ""Addis_Ababa:ETAD-0046"", ""Addis_Ababa:ETAD-0049"", ""Addis_Ababa:ETAD-0050"", ""Addis_Ababa:ETAD-0051"", ""Addis_Ababa:ETAD-0052"", ""Addis_Ababa:ETAD-0053"", ""Addis_Ababa:ETAD-0054"", ""Addis_Ababa:ETAD-0056"", ""Addis_Ababa:ETAD-0057"", ""Addis_Ababa:ETAD-0058"", ""Addis_Ababa:ETAD-0059"", ""Addis_Ababa:ETAD-0060"", ""Addis_Ababa:ETAD-0061"", ""Addis_Ababa:ETAD-0062"", ""Addis_Ababa:ETAD-0065"", ""Addis_Ababa:ETAD-0066"", ""Addis_Ababa:ETAD-0067"", ""Addis_Ababa:ETAD-0068"", ""Addis_Ababa:ETAD-0069"", ""Addis_Ababa:ETAD-0070"", ""Addis_Ababa:ETAD-0072"", ""Addis_Ababa:ETAD-0073"", ""Addis_Ababa:ETAD-0074"", ""Addis_Ababa:ETAD-0075"", ""Addis_Ababa:ETAD-0076"", ""Addis_Ababa:ETAD-0077"", ""Addis_Ababa:ETAD-0078"", ""Addis_Ababa:ETAD-0080"", ""Addis_Ababa:ETAD-0081"", ""Addis_Ababa:ETAD-0082"", ""Addis_Ababa:ETAD-0083"", ""Addis_Ababa:ETAD-0084"", ""Addis_Ababa:ETAD-0085"", ""Addis_Ababa:ETAD-0086"", ""Addis_Ababa:ETAD-0088"", ""Addis_Ababa:ETAD-0089""]","[""Addis_Ababa:ETAD-0090"", ""Addis_Ababa:ETAD-0091"", ""Addis_Ababa:ETAD-0092"", ""Addis_Ababa:ETAD-0093"", ""Addis_Ababa:ETAD-0094"", ""Addis_Ababa:ETAD-0096"", ""Addis_Ababa:ETAD-0097"", ""Addis_Ababa:ETAD-0098"", ""Addis_Ababa:ETAD-0099"", ""Addis_Ababa:ETAD-0100"", ""Addis_Ababa:ETAD-0101"", ""Addis_Ababa:ETAD-0102"", ""Addis_Ababa:ETAD-0104"", ""Addis_Ababa:ETAD-0105"", ""Addis_Ababa:ETAD-0106"", ""Addis_Ababa:ETAD-0107"", ""Addis_Ababa:ETAD-0108"", ""Addis_Ababa:ETAD-0109"", ""Addis_Ababa:ETAD-0110"", ""Addis_Ababa:ETAD-0112"", ""Addis_Ababa:ETAD-0113"", ""Addis_Ababa:ETAD-0114"", ""Addis_Ababa:ETAD-0115"", ""Addis_Ababa:ETAD-0116"", ""Addis_Ababa:ETAD-0117"", ""Addis_Ababa:ETAD-0118"", ""Addis_Ababa:ETAD-0120"", ""Addis_Ababa:ETAD-0121""]",56,28,2.31740999208569,9.84021969992934,3.43937872823145,10.5333537907337,2022-12-07,2023-06-28,2023-07-01,2023-09-27,2a01fbfd781d855a19cd3f54e0c6fd1a3258047e0a391c630f854ab9a1328cda,True,3.8238252354548257,31.210270410114408,47.1321289,9.344597211903931,2a01fbfd781d855a19cd3f54e0c6fd1a3258047e0a391c630f854ab9a1328cda,1.0,-7.332355661071432,9.69864450107143,11.876916114657126,0,9.368589830961238,11.380280630294214,13.07664191476943,0,2.8663895713716236,3.9592638051793605,5.073437828639284,0,7.421016825114854,65.20943609562815
Addis_Ababa,mdl_5x,later_period,2023Q3,id11_earlier,evaluated,evaluated,28,28,"[""Addis_Ababa:ETAD-0057"", ""Addis_Ababa:ETAD-0058"", ""Addis_Ababa:ETAD-0059"", ""Addis_Ababa:ETAD-0060"", ""Addis_Ababa:ETAD-0061"", ""Addis_Ababa:ETAD-0062"", ""Addis_Ababa:ETAD-0065"", ""Addis_Ababa:ETAD-0066"", ""Addis_Ababa:ETAD-0067"", ""Addis_Ababa:ETAD-0068"", ""Addis_Ababa:ETAD-0069"", ""Addis_Ababa:ETAD-0070"", ""Addis_Ababa:ETAD-0072"", ""Addis_Ababa:ETAD-0073"", ""Addis_Ababa:ETAD-0074"", ""Addis_Ababa:ETAD-0075"", ""Addis_Ababa:ETAD-0076"", ""Addis_Ababa:ETAD-0077"", ""Addis_Ababa:ETAD-0078"", ""Addis_Ababa:ETAD-0080"", ""Addis_Ababa:ETAD-0081"", ""Addis_Ababa:ETAD-0082"", ""Addis_Ababa:ETAD-0083"", ""Addis_Ababa:ETAD-0084"", ""Addis_Ababa:ETAD-0085"", ""Addis_Ababa:ETAD-0086"", ""Addis_Ababa:ETAD-0088"", ""Addis_Ababa:ETAD-0089""]","[""Addis_Ababa:ETAD-0090"", ""Addis_Ababa:ETAD-0091"", ""Addis_Ababa:ETAD-0092"", ""Addis_Ababa:ETAD-0093"", ""Addis_Ababa:ETAD-0094"", ""Addis_Ababa:ETAD-0096"", ""Addis_Ababa:ETAD-0097"", ""Addis_Ababa:ETAD-0098"", ""Addis_Ababa:ETAD-0099"", ""Addis_Ababa:ETAD-0100"", ""Addis_Ababa:ETAD-0101"", ""Addis_Ababa:ETAD-0102"", ""Addis_Ababa:ETAD-0104"", ""Addis_Ababa:ETAD-0105"", ""Addis_Ababa:ETAD-0106"", ""Addis_Ababa:ETAD-0107"", ""Addis_Ababa:ETAD-0108"", ""Addis_Ababa:ETAD-0109"", ""Addis_Ababa:ETAD-0110"", ""Addis_Ababa:ETAD-0112"", ""Addis_Ababa:ETAD-0113"", ""Addis_Ababa:ETAD-0114"", ""Addis_Ababa:ETAD-0115"", ""Addis_Ababa:ETAD-0116"", ""Addis_Ababa:ETAD-0117"", ""Addis_Ababa:ETAD-0118"", ""Addis_Ababa:ETAD-0120"", ""Addis_Ababa:ETAD-0121""]",56,28,2.7330819375566,9.84021969992934,3.43937872823145,10.5333537907337,2023-03-29,2023-06-28,2023-07-01,2023-09-27,2a01fbfd781d855a19cd3f54e0c6fd1a3258047e0a391c630f854ab9a1328cda,True,4.1533671082147015,28.360195590519595,49.702444475,8.306747724933313,b4205b2532b91b905c0c5ca33de4fdd01919f00548753ced57f43cd8515e32be,1.0,-4.762040086071431,8.597080683214285,10.48688336139518,0,2.279025454110973,6.495548570903104,7.81406128178262,0,2.267419898649693,3.6043351100123924,4.589926978718443,0,2.8912134608907114,44.51068957965984
Addis_Ababa,mdl_5x,later_period,2023Q4,all_earlier,evaluated,evaluated,84,26,"[""Addis_Ababa:ETAD-0001"", ""Addis_Ababa:ETAD-0002"", ""Addis_Ababa:ETAD-0004"", ""Addis_Ababa:ETAD-0005"", ""Addis_Ababa:ETAD-0006"", ""Addis_Ababa:ETAD-0017"", ""Addis_Ababa:ETAD-0018"", ""Addis_Ababa:ETAD-0019"", ""Addis_Ababa:ETAD-0020"", ""Addis_Ababa:ETAD-0021"", ""Addis_Ababa:ETAD-0022"", ""Addis_Ababa:ETAD-0024"", ""Addis_Ababa:ETAD-0035"", ""Addis_Ababa:ETAD-0036"", ""Addis_Ababa:ETAD-0040"", ""Addis_Ababa:ETAD-0041"", ""Addis_Ababa:ETAD-0042"", ""Addis_Ababa:ETAD-0043"", ""Addis_Ababa:ETAD-0044"", ""Addis_Ababa:ETAD-0045"", ""Addis_Ababa:ETAD-0046"", ""Addis_Ababa:ETAD-0049"", ""Addis_Ababa:ETAD-0050"", ""Addis_Ababa:ETAD-0051"", ""Addis_Ababa:ETAD-0052"", ""Addis_Ababa:ETAD-0053"", ""Addis_Ababa:ETAD-0054"", ""Addis_Ababa:ETAD-0056"", ""Addis_Ababa:ETAD-0057"", ""Addis_Ababa:ETAD-0058"", ""Addis_Ababa:ETAD-0059"", ""Addis_Ababa:ETAD-0060"", ""Addis_Ababa:ETAD-0061"", ""Addis_Ababa:ETAD-0062"", ""Addis_Ababa:ETAD-0065"", ""Addis_Ababa:ETAD-0066"", ""Addis_Ababa:ETAD-0067"", ""Addis_Ababa:ETAD-0068"", ""Addis_Ababa:ETAD-0069"", ""Addis_Ababa:ETAD-0070"", ""Addis_Ababa:ETAD-0072"", ""Addis_Ababa:ETAD-0073"", ""Addis_Ababa:ETAD-0074"", ""Addis_Ababa:ETAD-0075"", ""Addis_Ababa:ETAD-0076"", ""Addis_Ababa:ETAD-0077"", ""Addis_Ababa:ETAD-0078"", ""Addis_Ababa:ETAD-0080"", ""Addis_Ababa:ETAD-0081"", ""Addis_Ababa:ETAD-0082"", ""Addis_Ababa:ETAD-0083"", ""Addis_Ababa:ETAD-0084"", ""Addis_Ababa:ETAD-0085"", ""Addis_Ababa:ETAD-0086"", ""Addis_Ababa:ETAD-0088"", ""Addis_Ababa:ETAD-0089"", ""Addis_Ababa:ETAD-0090"", ""Addis_Ababa:ETAD-0091"", ""Addis_Ababa:ETAD-0092"", ""Addis_Ababa:ETAD-0093"", ""Addis_Ababa:ETAD-0094"", ""Addis_Ababa:ETAD-0096"", ""Addis_Ababa:ETAD-0097"", ""Addis_Ababa:ETAD-0098"", ""Addis_Ababa:ETAD-0099"", ""Addis_Ababa:ETAD-0100"", ""Addis_Ababa:ETAD-0101"", ""Addis_Ababa:ETAD-0102"", ""Addis_Ababa:ETAD-0104"", ""Addis_Ababa:ETAD-0105"", ""Addis_Ababa:ETAD-0106"", ""Addis_Ababa:ETAD-0107"", ""Addis_Ababa:ETAD-0108"", ""Addis_Ababa:ETAD-0109"", ""Addis_Ababa:ETAD-0110"", ""Addis_Ababa:ETAD-0112"", ""Addis_Ababa:ETAD-0113"", ""Addis_Ababa:ETAD-0114"", ""Addis_Ababa:ETAD-0115"", ""Addis_Ababa:ETAD-0116"", ""Addis_Ababa:ETAD-0117"", ""Addis_Ababa:ETAD-0118"", ""Addis_Ababa:ETAD-0120"", ""Addis_Ababa:ETAD-0121""]","[""Addis_Ababa:ETAD-0128"", ""Addis_Ababa:ETAD-0129"", ""Addis_Ababa:ETAD-0130"", ""Addis_Ababa:ETAD-0131"", ""Addis_Ababa:ETAD-0132"", ""Addis_Ababa:ETAD-0133"", ""Addis_Ababa:ETAD-0134"", ""Addis_Ababa:ETAD-0136"", ""Addis_Ababa:ETAD-0137"", ""Addis_Ababa:ETAD-0138"", ""Addis_Ababa:ETAD-0139"", ""Addis_Ababa:ETAD-0140"", ""Addis_Ababa:ETAD-0141"", ""Addis_Ababa:ETAD-0142"", ""Addis_Ababa:ETAD-0144"", ""Addis_Ababa:ETAD-0145"", ""Addis_Ababa:ETAD-0146"", ""Addis_Ababa:ETAD-0147"", ""Addis_Ababa:ETAD-0148"", ""Addis_Ababa:ETAD-0149"", ""Addis_Ababa:ETAD-0150"", ""Addis_Ababa:ETAD-0152"", ""Addis_Ababa:ETAD-0153"", ""Addis_Ababa:ETAD-0154"", ""Addis_Ababa:ETAD-0155"", ""Addis_Ababa:ETAD-0156""]",84,56,2.31740999208569,10.5333537907337,2.23594182575397,4.14642906938964,2022-12-07,2023-09-27,2023-10-15,2023-12-29,75693150af018f2f88990950455a9d4d72ce6c8703c5b4e5c3a8ca33409a5018,True,3.7491923537816465,30.65779145769061,48.4167126,8.577887923831643,75693150af018f2f88990950455a9d4d72ce6c8703c5b4e5c3a8ca33409a5018,2.0,6.885868888461536,7.077967776923074,8.234440175812978,0,-13.080680489184003,13.080680489184003,13.513313596754841,0,1.561842601883146,2.797256943724086,3.62742294751235,0,10.283423545459916,78.61535608918015
Addis_Ababa,mdl_5x,later_period,2023Q4,id11_earlier,evaluated,evaluated,56,26,"[""Addis_Ababa:ETAD-0057"", ""Addis_Ababa:ETAD-0058"", ""Addis_Ababa:ETAD-0059"", ""Addis_Ababa:ETAD-0060"", ""Addis_Ababa:ETAD-0061"", ""Addis_Ababa:ETAD-0062"", ""Addis_Ababa:ETAD-0065"", ""Addis_Ababa:ETAD-0066"", ""Addis_Ababa:ETAD-0067"", ""Addis_Ababa:ETAD-0068"", ""Addis_Ababa:ETAD-0069"", ""Addis_Ababa:ETAD-0070"", ""Addis_Ababa:ETAD-0072"", ""Addis_Ababa:ETAD-0073"", ""Addis_Ababa:ETAD-0074"", ""Addis_Ababa:ETAD-0075"", ""Addis_Ababa:ETAD-0076"", ""Addis_Ababa:ETAD-0077"", ""Addis_Ababa:ETAD-0078"", ""Addis_Ababa:ETAD-0080"", ""Addis_Ababa:ETAD-0081"", ""Addis_Ababa:ETAD-0082"", ""Addis_Ababa:ETAD-0083"", ""Addis_Ababa:ETAD-0084"", ""Addis_Ababa:ETAD-0085"", ""Addis_Ababa:ETAD-0086"", ""Addis_Ababa:ETAD-0088"", ""Addis_Ababa:ETAD-0089"", ""Addis_Ababa:ETAD-0090"", ""Addis_Ababa:ETAD-0091"", ""Addis_Ababa:ETAD-0092"", ""Addis_Ababa:ETAD-0093"", ""Addis_Ababa:ETAD-0094"", ""Addis_Ababa:ETAD-0096"", ""Addis_Ababa:ETAD-0097"", ""Addis_Ababa:ETAD-0098"", ""Addis_Ababa:ETAD-0099"", ""Addis_Ababa:ETAD-0100"", ""Addis_Ababa:ETAD-0101"", ""Addis_Ababa:ETAD-0102"", ""Addis_Ababa:ETAD-0104"", ""Addis_Ababa:ETAD-0105"", ""Addis_Ababa:ETAD-0106"", ""Addis_Ababa:ETAD-0107"", ""Addis_Ababa:ETAD-0108"", ""Addis_Ababa:ETAD-0109"", ""Addis_Ababa:ETAD-0110"", ""Addis_Ababa:ETAD-0112"", ""Addis_Ababa:ETAD-0113"", ""Addis_Ababa:ETAD-0114"", ""Addis_Ababa:ETAD-0115"", ""Addis_Ababa:ETAD-0116"", ""Addis_Ababa:ETAD-0117"", ""Addis_Ababa:ETAD-0118"", ""Addis_Ababa:ETAD-0120"", ""Addis_Ababa:ETAD-0121""]","[""Addis_Ababa:ETAD-0128"", ""Addis_Ababa:ETAD-0129"", ""Addis_Ababa:ETAD-0130"", ""Addis_Ababa:ETAD-0131"", ""Addis_Ababa:ETAD-0132"", ""Addis_Ababa:ETAD-0133"", ""Addis_Ababa:ETAD-0134"", ""Addis_Ababa:ETAD-0136"", ""Addis_Ababa:ETAD-0137"", ""Addis_Ababa:ETAD-0138"", ""Addis_Ababa:ETAD-0139"", ""Addis_Ababa:ETAD-0140"", ""Addis_Ababa:ETAD-0141"", ""Addis_Ababa:ETAD-0142"", ""Addis_Ababa:ETAD-0144"", ""Addis_Ababa:ETAD-0145"", ""Addis_Ababa:ETAD-0146"", ""Addis_Ababa:ETAD-0147"", ""Addis_Ababa:ETAD-0148"", ""Addis_Ababa:ETAD-0149"", ""Addis_Ababa:ETAD-0150"", ""Addis_Ababa:ETAD-0152"", ""Addis_Ababa:ETAD-0153"", ""Addis_Ababa:ETAD-0154"", ""Addis_Ababa:ETAD-0155"", ""Addis_Ababa:ETAD-0156""]",84,56,2.7330819375566,10.5333537907337,2.23594182575397,4.14642906938964,2023-03-29,2023-09-27,2023-10-15,2023-12-29,75693150af018f2f88990950455a9d4d72ce6c8703c5b4e5c3a8ca33409a5018,True,4.262104514831803,26.529523587875,53.201346345000005,8.00847853673847,e05f3c035bb05d04665c2b8ff2a4a2f915e14ecb8e8ec74d14f726cd6ab498a9,5.0,11.670502633461544,11.670502633461544,12.513650401764995,0,-14.969232793316383,14.969232793316383,15.320416779414103,0,-0.865256538498979,2.717643431952195,3.2929162082036894,0,12.251589361364188,81.84513882925519
Addis_Ababa,mdl_5x,later_period,2024Q1,all_earlier,evaluated,evaluated,110,31,"[""Addis_Ababa:ETAD-0001"", ""Addis_Ababa:ETAD-0002"", ""Addis_Ababa:ETAD-0004"", ""Addis_Ababa:ETAD-0005"", ""Addis_Ababa:ETAD-0006"", ""Addis_Ababa:ETAD-0017"", ""Addis_Ababa:ETAD-0018"", ""Addis_Ababa:ETAD-0019"", ""Addis_Ababa:ETAD-0020"", ""Addis_Ababa:ETAD-0021"", ""Addis_Ababa:ETAD-0022"", ""Addis_Ababa:ETAD-0024"", ""Addis_Ababa:ETAD-0035"", ""Addis_Ababa:ETAD-0036"", ""Addis_Ababa:ETAD-0040"", ""Addis_Ababa:ETAD-0041"", ""Addis_Ababa:ETAD-0042"", ""Addis_Ababa:ETAD-0043"", ""Addis_Ababa:ETAD-0044"", ""Addis_Ababa:ETAD-0045"", ""Addis_Ababa:ETAD-0046"", ""Addis_Ababa:ETAD-0049"", ""Addis_Ababa:ETAD-0050"", ""Addis_Ababa:ETAD-0051"", ""Addis_Ababa:ETAD-0052"", ""Addis_Ababa:ETAD-0053"", ""Addis_Ababa:ETAD-0054"", ""Addis_Ababa:ETAD-0056"", ""Addis_Ababa:ETAD-0057"", ""Addis_Ababa:ETAD-0058"", ""Addis_Ababa:ETAD-0059"", ""Addis_Ababa:ETAD-0060"", ""Addis_Ababa:ETAD-0061"", ""Addis_Ababa:ETAD-0062"", ""Addis_Ababa:ETAD-0065"", ""Addis_Ababa:ETAD-0066"", ""Addis_Ababa:ETAD-0067"", ""Addis_Ababa:ETAD-0068"", ""Addis_Ababa:ETAD-0069"", ""Addis_Ababa:ETAD-0070"", ""Addis_Ababa:ETAD-0072"", ""Addis_Ababa:ETAD-0073"", ""Addis_Ababa:ETAD-0074"", ""Addis_Ababa:ETAD-0075"", ""Addis_Ababa:ETAD-0076"", ""Addis_Ababa:ETAD-0077"", ""Addis_Ababa:ETAD-0078"", ""Addis_Ababa:ETAD-0080"", ""Addis_Ababa:ETAD-0081"", ""Addis_Ababa:ETAD-0082"", ""Addis_Ababa:ETAD-0083"", ""Addis_Ababa:ETAD-0084"", ""Addis_Ababa:ETAD-0085"", ""Addis_Ababa:ETAD-0086"", ""Addis_Ababa:ETAD-0088"", ""Addis_Ababa:ETAD-0089"", ""Addis_Ababa:ETAD-0090"", ""Addis_Ababa:ETAD-0091"", ""Addis_Ababa:ETAD-0092"", ""Addis_Ababa:ETAD-0093"", ""Addis_Ababa:ETAD-0094"", ""Addis_Ababa:ETAD-0096"", ""Addis_Ababa:ETAD-0097"", ""Addis_Ababa:ETAD-0098"", ""Addis_Ababa:ETAD-0099"", ""Addis_Ababa:ETAD-0100"", ""Addis_Ababa:ETAD-0101"", ""Addis_Ababa:ETAD-0102"", ""Addis_Ababa:ETAD-0104"", ""Addis_Ababa:ETAD-0105"", ""Addis_Ababa:ETAD-0106"", ""Addis_Ababa:ETAD-0107"", ""Addis_Ababa:ETAD-0108"", ""Addis_Ababa:ETAD-0109"", ""Addis_Ababa:ETAD-0110"", ""Addis_Ababa:ETAD-0112"", ""Addis_Ababa:ETAD-0113"", ""Addis_Ababa:ETAD-0114"", ""Addis_Ababa:ETAD-0115"", ""Addis_Ababa:ETAD-0116"", ""Addis_Ababa:ETAD-0117"", ""Addis_Ababa:ETAD-0118"", ""Addis_Ababa:ETAD-0120"", ""Addis_Ababa:ETAD-0121"", ""Addis_Ababa:ETAD-0128"", ""Addis_Ababa:ETAD-0129"", ""Addis_Ababa:ETAD-0130"", ""Addis_Ababa:ETAD-0131"", ""Addis_Ababa:ETAD-0132"", ""Addis_Ababa:ETAD-0133"", ""Addis_Ababa:ETAD-0134"", ""Addis_Ababa:ETAD-0136"", ""Addis_Ababa:ETAD-0137"", ""Addis_Ababa:ETAD-0138"", ""Addis_Ababa:ETAD-0139"", ""Addis_Ababa:ETAD-0140"", ""Addis_Ababa:ETAD-0141"", ""Addis_Ababa:ETAD-0142"", ""Addis_Ababa:ETAD-0144"", ""Addis_Ababa:ETAD-0145"", ""Addis_Ababa:ETAD-0146"", ""Addis_Ababa:ETAD-0147"", ""Addis_Ababa:ETAD-0148"", ""Addis_Ababa:ETAD-0149"", ""Addis_Ababa:ETAD-0150"", ""Addis_Ababa:ETAD-0152"", ""Addis_Ababa:ETAD-0153"", ""Addis_Ababa:ETAD-0154"", ""Addis_Ababa:ETAD-0155"", ""Addis_Ababa:ETAD-0156""]","[""Addis_Ababa:ETAD-0157"", ""Addis_Ababa:ETAD-0158"", ""Addis_Ababa:ETAD-0160"", ""Addis_Ababa:ETAD-0161"", ""Addis_Ababa:ETAD-0162"", ""Addis_Ababa:ETAD-0163"", ""Addis_Ababa:ETAD-0164"", ""Addis_Ababa:ETAD-0165"", ""Addis_Ababa:ETAD-0166"", ""Addis_Ababa:ETAD-0168"", ""Addis_Ababa:ETAD-0169"", ""Addis_Ababa:ETAD-0170"", ""Addis_Ababa:ETAD-0171"", ""Addis_Ababa:ETAD-0172"", ""Addis_Ababa:ETAD-0173"", ""Addis_Ababa:ETAD-0174"", ""Addis_Ababa:ETAD-0176"", ""Addis_Ababa:ETAD-0177"", ""Addis_Ababa:ETAD-0178"", ""Addis_Ababa:ETAD-0179"", ""Addis_Ababa:ETAD-0180"", ""Addis_Ababa:ETAD-0181"", ""Addis_Ababa:ETAD-0182"", ""Addis_Ababa:ETAD-0184"", ""Addis_Ababa:ETAD-0185"", ""Addis_Ababa:ETAD-0186"", ""Addis_Ababa:ETAD-0187"", ""Addis_Ababa:ETAD-0188"", ""Addis_Ababa:ETAD-0189"", ""Addis_Ababa:ETAD-0190"", ""Addis_Ababa:ETAD-0192""]",110,82,2.23594182575397,10.5333537907337,2.42463370413565,6.96258987683994,2022-12-07,2023-12-29,2024-01-01,2024-03-31,9299ccc8d74c6b1c3d4ed666e031151e6bbfc0d9edf1df4245cb1d81c8570471,True,3.9063793727316094,29.517274322555068,46.601461075,8.926280652897017,9299ccc8d74c6b1c3d4ed666e031151e6bbfc0d9edf1df4245cb1d81c8570471,0.0,3.502446113064519,6.814878093709679,8.418901486736237,0,-6.304739110696861,7.875041791938959,9.123451217965277,0,2.520419466153249,4.07948519277198,5.48254141108803,0,3.7955565991669795,48.19728833759565
Addis_Ababa,mdl_5x,later_period,2024Q1,id11_earlier,evaluated,evaluated,82,31,"[""Addis_Ababa:ETAD-0057"", ""Addis_Ababa:ETAD-0058"", ""Addis_Ababa:ETAD-0059"", ""Addis_Ababa:ETAD-0060"", ""Addis_Ababa:ETAD-0061"", ""Addis_Ababa:ETAD-0062"", ""Addis_Ababa:ETAD-0065"", ""Addis_Ababa:ETAD-0066"", ""Addis_Ababa:ETAD-0067"", ""Addis_Ababa:ETAD-0068"", ""Addis_Ababa:ETAD-0069"", ""Addis_Ababa:ETAD-0070"", ""Addis_Ababa:ETAD-0072"", ""Addis_Ababa:ETAD-0073"", ""Addis_Ababa:ETAD-0074"", ""Addis_Ababa:ETAD-0075"", ""Addis_Ababa:ETAD-0076"", ""Addis_Ababa:ETAD-0077"", ""Addis_Ababa:ETAD-0078"", ""Addis_Ababa:ETAD-0080"", ""Addis_Ababa:ETAD-0081"", ""Addis_Ababa:ETAD-0082"", ""Addis_Ababa:ETAD-0083"", ""Addis_Ababa:ETAD-0084"", ""Addis_Ababa:ETAD-0085"", ""Addis_Ababa:ETAD-0086"", ""Addis_Ababa:ETAD-0088"", ""Addis_Ababa:ETAD-0089"", ""Addis_Ababa:ETAD-0090"", ""Addis_Ababa:ETAD-0091"", ""Addis_Ababa:ETAD-0092"", ""Addis_Ababa:ETAD-0093"", ""Addis_Ababa:ETAD-0094"", ""Addis_Ababa:ETAD-0096"", ""Addis_Ababa:ETAD-0097"", ""Addis_Ababa:ETAD-0098"", ""Addis_Ababa:ETAD-0099"", ""Addis_Ababa:ETAD-0100"", ""Addis_Ababa:ETAD-0101"", ""Addis_Ababa:ETAD-0102"", ""Addis_Ababa:ETAD-0104"", ""Addis_Ababa:ETAD-0105"", ""Addis_Ababa:ETAD-0106"", ""Addis_Ababa:ETAD-0107"", ""Addis_Ababa:ETAD-0108"", ""Addis_Ababa:ETAD-0109"", ""Addis_Ababa:ETAD-0110"", ""Addis_Ababa:ETAD-0112"", ""Addis_Ababa:ETAD-0113"", ""Addis_Ababa:ETAD-0114"", ""Addis_Ababa:ETAD-0115"", ""Addis_Ababa:ETAD-0116"", ""Addis_Ababa:ETAD-0117"", ""Addis_Ababa:ETAD-0118"", ""Addis_Ababa:ETAD-0120"", ""Addis_Ababa:ETAD-0121"", ""Addis_Ababa:ETAD-0128"", ""Addis_Ababa:ETAD-0129"", ""Addis_Ababa:ETAD-0130"", ""Addis_Ababa:ETAD-0131"", ""Addis_Ababa:ETAD-0132"", ""Addis_Ababa:ETAD-0133"", ""Addis_Ababa:ETAD-0134"", ""Addis_Ababa:ETAD-0136"", ""Addis_Ababa:ETAD-0137"", ""Addis_Ababa:ETAD-0138"", ""Addis_Ababa:ETAD-0139"", ""Addis_Ababa:ETAD-0140"", ""Addis_Ababa:ETAD-0141"", ""Addis_Ababa:ETAD-0142"", ""Addis_Ababa:ETAD-0144"", ""Addis_Ababa:ETAD-0145"", ""Addis_Ababa:ETAD-0146"", ""Addis_Ababa:ETAD-0147"", ""Addis_Ababa:ETAD-0148"", ""Addis_Ababa:ETAD-0149"", ""Addis_Ababa:ETAD-0150"", ""Addis_Ababa:ETAD-0152"", ""Addis_Ababa:ETAD-0153"", ""Addis_Ababa:ETAD-0154"", ""Addis_Ababa:ETAD-0155"", ""Addis_Ababa:ETAD-0156""]","[""Addis_Ababa:ETAD-0157"", ""Addis_Ababa:ETAD-0158"", ""Addis_Ababa:ETAD-0160"", ""Addis_Ababa:ETAD-0161"", ""Addis_Ababa:ETAD-0162"", ""Addis_Ababa:ETAD-0163"", ""Addis_Ababa:ETAD-0164"", ""Addis_Ababa:ETAD-0165"", ""Addis_Ababa:ETAD-0166"", ""Addis_Ababa:ETAD-0168"", ""Addis_Ababa:ETAD-0169"", ""Addis_Ababa:ETAD-0170"", ""Addis_Ababa:ETAD-0171"", ""Addis_Ababa:ETAD-0172"", ""Addis_Ababa:ETAD-0173"", ""Addis_Ababa:ETAD-0174"", ""Addis_Ababa:ETAD-0176"", ""Addis_Ababa:ETAD-0177"", ""Addis_Ababa:ETAD-0178"", ""Addis_Ababa:ETAD-0179"", ""Addis_Ababa:ETAD-0180"", ""Addis_Ababa:ETAD-0181"", ""Addis_Ababa:ETAD-0182"", ""Addis_Ababa:ETAD-0184"", ""Addis_Ababa:ETAD-0185"", ""Addis_Ababa:ETAD-0186"", ""Addis_Ababa:ETAD-0187"", ""Addis_Ababa:ETAD-0188"", ""Addis_Ababa:ETAD-0189"", ""Addis_Ababa:ETAD-0190"", ""Addis_Ababa:ETAD-0192""]",110,82,2.23594182575397,10.5333537907337,2.42463370413565,6.96258987683994,2023-03-29,2023-12-29,2024-01-01,2024-03-31,9299ccc8d74c6b1c3d4ed666e031151e6bbfc0d9edf1df4245cb1d81c8570471,True,4.1814253380599915,27.241873399418452,47.014361535,8.457476018268004,a07049ba30c532449af8cf4e2caf5994238b8c8096bebcf8a019a1fe1597a6df,0.0,3.9153465730645154,6.96139116016129,8.598878546395275,0,-8.237159535017797,9.072150356712655,10.315684470075148,0,1.3787625416190339,3.8129774941967063,4.980770556817056,0,5.259172862515948,57.97052138388102
Addis_Ababa,mdl_5x,later_period,2024Q2,all_earlier,evaluated,evaluated,141,23,"[""Addis_Ababa:ETAD-0001"", ""Addis_Ababa:ETAD-0002"", ""Addis_Ababa:ETAD-0004"", ""Addis_Ababa:ETAD-0005"", ""Addis_Ababa:ETAD-0006"", ""Addis_Ababa:ETAD-0017"", ""Addis_Ababa:ETAD-0018"", ""Addis_Ababa:ETAD-0019"", ""Addis_Ababa:ETAD-0020"", ""Addis_Ababa:ETAD-0021"", ""Addis_Ababa:ETAD-0022"", ""Addis_Ababa:ETAD-0024"", ""Addis_Ababa:ETAD-0035"", ""Addis_Ababa:ETAD-0036"", ""Addis_Ababa:ETAD-0040"", ""Addis_Ababa:ETAD-0041"", ""Addis_Ababa:ETAD-0042"", ""Addis_Ababa:ETAD-0043"", ""Addis_Ababa:ETAD-0044"", ""Addis_Ababa:ETAD-0045"", ""Addis_Ababa:ETAD-0046"", ""Addis_Ababa:ETAD-0049"", ""Addis_Ababa:ETAD-0050"", ""Addis_Ababa:ETAD-0051"", ""Addis_Ababa:ETAD-0052"", ""Addis_Ababa:ETAD-0053"", ""Addis_Ababa:ETAD-0054"", ""Addis_Ababa:ETAD-0056"", ""Addis_Ababa:ETAD-0057"", ""Addis_Ababa:ETAD-0058"", ""Addis_Ababa:ETAD-0059"", ""Addis_Ababa:ETAD-0060"", ""Addis_Ababa:ETAD-0061"", ""Addis_Ababa:ETAD-0062"", ""Addis_Ababa:ETAD-0065"", ""Addis_Ababa:ETAD-0066"", ""Addis_Ababa:ETAD-0067"", ""Addis_Ababa:ETAD-0068"", ""Addis_Ababa:ETAD-0069"", ""Addis_Ababa:ETAD-0070"", ""Addis_Ababa:ETAD-0072"", ""Addis_Ababa:ETAD-0073"", ""Addis_Ababa:ETAD-0074"", ""Addis_Ababa:ETAD-0075"", ""Addis_Ababa:ETAD-0076"", ""Addis_Ababa:ETAD-0077"", ""Addis_Ababa:ETAD-0078"", ""Addis_Ababa:ETAD-0080"", ""Addis_Ababa:ETAD-0081"", ""Addis_Ababa:ETAD-0082"", ""Addis_Ababa:ETAD-0083"", ""Addis_Ababa:ETAD-0084"", ""Addis_Ababa:ETAD-0085"", ""Addis_Ababa:ETAD-0086"", ""Addis_Ababa:ETAD-0088"", ""Addis_Ababa:ETAD-0089"", ""Addis_Ababa:ETAD-0090"", ""Addis_Ababa:ETAD-0091"", ""Addis_Ababa:ETAD-0092"", ""Addis_Ababa:ETAD-0093"", ""Addis_Ababa:ETAD-0094"", ""Addis_Ababa:ETAD-0096"", ""Addis_Ababa:ETAD-0097"", ""Addis_Ababa:ETAD-0098"", ""Addis_Ababa:ETAD-0099"", ""Addis_Ababa:ETAD-0100"", ""Addis_Ababa:ETAD-0101"", ""Addis_Ababa:ETAD-0102"", ""Addis_Ababa:ETAD-0104"", ""Addis_Ababa:ETAD-0105"", ""Addis_Ababa:ETAD-0106"", ""Addis_Ababa:ETAD-0107"", ""Addis_Ababa:ETAD-0108"", ""Addis_Ababa:ETAD-0109"", ""Addis_Ababa:ETAD-0110"", ""Addis_Ababa:ETAD-0112"", ""Addis_Ababa:ETAD-0113"", ""Addis_Ababa:ETAD-0114"", ""Addis_Ababa:ETAD-0115"", ""Addis_Ababa:ETAD-0116"", ""Addis_Ababa:ETAD-0117"", ""Addis_Ababa:ETAD-0118"", ""Addis_Ababa:ETAD-0120"", ""Addis_Ababa:ETAD-0121"", ""Addis_Ababa:ETAD-0128"", ""Addis_Ababa:ETAD-0129"", ""Addis_Ababa:ETAD-0130"", ""Addis_Ababa:ETAD-0131"", ""Addis_Ababa:ETAD-0132"", ""Addis_Ababa:ETAD-0133"", ""Addis_Ababa:ETAD-0134"", ""Addis_Ababa:ETAD-0136"", ""Addis_Ababa:ETAD-0137"", ""Addis_Ababa:ETAD-0138"", ""Addis_Ababa:ETAD-0139"", ""Addis_Ababa:ETAD-0140"", ""Addis_Ababa:ETAD-0141"", ""Addis_Ababa:ETAD-0142"", ""Addis_Ababa:ETAD-0144"", ""Addis_Ababa:ETAD-0145"", ""Addis_Ababa:ETAD-0146"", ""Addis_Ababa:ETAD-0147"", ""Addis_Ababa:ETAD-0148"", ""Addis_Ababa:ETAD-0149"", ""Addis_Ababa:ETAD-0150"", ""Addis_Ababa:ETAD-0152"", ""Addis_Ababa:ETAD-0153"", ""Addis_Ababa:ETAD-0154"", ""Addis_Ababa:ETAD-0155"", ""Addis_Ababa:ETAD-0156"", ""Addis_Ababa:ETAD-0157"", ""Addis_Ababa:ETAD-0158"", ""Addis_Ababa:ETAD-0160"", ""Addis_Ababa:ETAD-0161"", ""Addis_Ababa:ETAD-0162"", ""Addis_Ababa:ETAD-0163"", ""Addis_Ababa:ETAD-0164"", ""Addis_Ababa:ETAD-0165"", ""Addis_Ababa:ETAD-0166"", ""Addis_Ababa:ETAD-0168"", ""Addis_Ababa:ETAD-0169"", ""Addis_Ababa:ETAD-0170"", ""Addis_Ababa:ETAD-0171"", ""Addis_Ababa:ETAD-0172"", ""Addis_Ababa:ETAD-0173"", ""Addis_Ababa:ETAD-0174"", ""Addis_Ababa:ETAD-0176"", ""Addis_Ababa:ETAD-0177"", ""Addis_Ababa:ETAD-0178"", ""Addis_Ababa:ETAD-0179"", ""Addis_Ababa:ETAD-0180"", ""Addis_Ababa:ETAD-0181"", ""Addis_Ababa:ETAD-0182"", ""Addis_Ababa:ETAD-0184"", ""Addis_Ababa:ETAD-0185"", ""Addis_Ababa:ETAD-0186"", ""Addis_Ababa:ETAD-0187"", ""Addis_Ababa:ETAD-0188"", ""Addis_Ababa:ETAD-0189"", ""Addis_Ababa:ETAD-0190"", ""Addis_Ababa:ETAD-0192""]","[""Addis_Ababa:ETAD-0193"", ""Addis_Ababa:ETAD-0194"", ""Addis_Ababa:ETAD-0195"", ""Addis_Ababa:ETAD-0196"", ""Addis_Ababa:ETAD-0197"", ""Addis_Ababa:ETAD-0198"", ""Addis_Ababa:ETAD-0200"", ""Addis_Ababa:ETAD-0201"", ""Addis_Ababa:ETAD-0202"", ""Addis_Ababa:ETAD-0203"", ""Addis_Ababa:ETAD-0204"", ""Addis_Ababa:ETAD-0205"", ""Addis_Ababa:ETAD-0206"", ""Addis_Ababa:ETAD-0208"", ""Addis_Ababa:ETAD-0217"", ""Addis_Ababa:ETAD-0218"", ""Addis_Ababa:ETAD-0219"", ""Addis_Ababa:ETAD-0220"", ""Addis_Ababa:ETAD-0221"", ""Addis_Ababa:ETAD-0222"", ""Addis_Ababa:ETAD-0224"", ""Addis_Ababa:ETAD-0225"", ""Addis_Ababa:ETAD-0226""]",141,113,2.23594182575397,10.5333537907337,2.93608135081302,11.7351130556244,2022-12-07,2024-03-31,2024-04-03,2024-06-29,a3fb8e9a77146a5d098d94bb925a4439c9acad8c73339a691e81787a09931564,True,4.075717849651562,28.1613892949784,45.86463152,9.095102417346189,a3fb8e9a77146a5d098d94bb925a4439c9acad8c73339a691e81787a09931564,1.0,-9.286652296521737,11.050386286086956,13.271386108405624,0,3.493924737618536,9.06774341188285,12.500233020898273,0,-0.7096711295795232,4.22986267435799,5.270233183121655,0,4.83788073752486,53.35264263416459
Addis_Ababa,mdl_5x,later_period,2024Q2,id11_earlier,evaluated,evaluated,113,23,"[""Addis_Ababa:ETAD-0057"", ""Addis_Ababa:ETAD-0058"", ""Addis_Ababa:ETAD-0059"", ""Addis_Ababa:ETAD-0060"", ""Addis_Ababa:ETAD-0061"", ""Addis_Ababa:ETAD-0062"", ""Addis_Ababa:ETAD-0065"", ""Addis_Ababa:ETAD-0066"", ""Addis_Ababa:ETAD-0067"", ""Addis_Ababa:ETAD-0068"", ""Addis_Ababa:ETAD-0069"", ""Addis_Ababa:ETAD-0070"", ""Addis_Ababa:ETAD-0072"", ""Addis_Ababa:ETAD-0073"", ""Addis_Ababa:ETAD-0074"", ""Addis_Ababa:ETAD-0075"", ""Addis_Ababa:ETAD-0076"", ""Addis_Ababa:ETAD-0077"", ""Addis_Ababa:ETAD-0078"", ""Addis_Ababa:ETAD-0080"", ""Addis_Ababa:ETAD-0081"", ""Addis_Ababa:ETAD-0082"", ""Addis_Ababa:ETAD-0083"", ""Addis_Ababa:ETAD-0084"", ""Addis_Ababa:ETAD-0085"", ""Addis_Ababa:ETAD-0086"", ""Addis_Ababa:ETAD-0088"", ""Addis_Ababa:ETAD-0089"", ""Addis_Ababa:ETAD-0090"", ""Addis_Ababa:ETAD-0091"", ""Addis_Ababa:ETAD-0092"", ""Addis_Ababa:ETAD-0093"", ""Addis_Ababa:ETAD-0094"", ""Addis_Ababa:ETAD-0096"", ""Addis_Ababa:ETAD-0097"", ""Addis_Ababa:ETAD-0098"", ""Addis_Ababa:ETAD-0099"", ""Addis_Ababa:ETAD-0100"", ""Addis_Ababa:ETAD-0101"", ""Addis_Ababa:ETAD-0102"", ""Addis_Ababa:ETAD-0104"", ""Addis_Ababa:ETAD-0105"", ""Addis_Ababa:ETAD-0106"", ""Addis_Ababa:ETAD-0107"", ""Addis_Ababa:ETAD-0108"", ""Addis_Ababa:ETAD-0109"", ""Addis_Ababa:ETAD-0110"", ""Addis_Ababa:ETAD-0112"", ""Addis_Ababa:ETAD-0113"", ""Addis_Ababa:ETAD-0114"", ""Addis_Ababa:ETAD-0115"", ""Addis_Ababa:ETAD-0116"", ""Addis_Ababa:ETAD-0117"", ""Addis_Ababa:ETAD-0118"", ""Addis_Ababa:ETAD-0120"", ""Addis_Ababa:ETAD-0121"", ""Addis_Ababa:ETAD-0128"", ""Addis_Ababa:ETAD-0129"", ""Addis_Ababa:ETAD-0130"", ""Addis_Ababa:ETAD-0131"", ""Addis_Ababa:ETAD-0132"", ""Addis_Ababa:ETAD-0133"", ""Addis_Ababa:ETAD-0134"", ""Addis_Ababa:ETAD-0136"", ""Addis_Ababa:ETAD-0137"", ""Addis_Ababa:ETAD-0138"", ""Addis_Ababa:ETAD-0139"", ""Addis_Ababa:ETAD-0140"", ""Addis_Ababa:ETAD-0141"", ""Addis_Ababa:ETAD-0142"", ""Addis_Ababa:ETAD-0144"", ""Addis_Ababa:ETAD-0145"", ""Addis_Ababa:ETAD-0146"", ""Addis_Ababa:ETAD-0147"", ""Addis_Ababa:ETAD-0148"", ""Addis_Ababa:ETAD-0149"", ""Addis_Ababa:ETAD-0150"", ""Addis_Ababa:ETAD-0152"", ""Addis_Ababa:ETAD-0153"", ""Addis_Ababa:ETAD-0154"", ""Addis_Ababa:ETAD-0155"", ""Addis_Ababa:ETAD-0156"", ""Addis_Ababa:ETAD-0157"", ""Addis_Ababa:ETAD-0158"", ""Addis_Ababa:ETAD-0160"", ""Addis_Ababa:ETAD-0161"", ""Addis_Ababa:ETAD-0162"", ""Addis_Ababa:ETAD-0163"", ""Addis_Ababa:ETAD-0164"", ""Addis_Ababa:ETAD-0165"", ""Addis_Ababa:ETAD-0166"", ""Addis_Ababa:ETAD-0168"", ""Addis_Ababa:ETAD-0169"", ""Addis_Ababa:ETAD-0170"", ""Addis_Ababa:ETAD-0171"", ""Addis_Ababa:ETAD-0172"", ""Addis_Ababa:ETAD-0173"", ""Addis_Ababa:ETAD-0174"", ""Addis_Ababa:ETAD-0176"", ""Addis_Ababa:ETAD-0177"", ""Addis_Ababa:ETAD-0178"", ""Addis_Ababa:ETAD-0179"", ""Addis_Ababa:ETAD-0180"", ""Addis_Ababa:ETAD-0181"", ""Addis_Ababa:ETAD-0182"", ""Addis_Ababa:ETAD-0184"", ""Addis_Ababa:ETAD-0185"", ""Addis_Ababa:ETAD-0186"", ""Addis_Ababa:ETAD-0187"", ""Addis_Ababa:ETAD-0188"", ""Addis_Ababa:ETAD-0189"", ""Addis_Ababa:ETAD-0190"", ""Addis_Ababa:ETAD-0192""]","[""Addis_Ababa:ETAD-0193"", ""Addis_Ababa:ETAD-0194"", ""Addis_Ababa:ETAD-0195"", ""Addis_Ababa:ETAD-0196"", ""Addis_Ababa:ETAD-0197"", ""Addis_Ababa:ETAD-0198"", ""Addis_Ababa:ETAD-0200"", ""Addis_Ababa:ETAD-0201"", ""Addis_Ababa:ETAD-0202"", ""Addis_Ababa:ETAD-0203"", ""Addis_Ababa:ETAD-0204"", ""Addis_Ababa:ETAD-0205"", ""Addis_Ababa:ETAD-0206"", ""Addis_Ababa:ETAD-0208"", ""Addis_Ababa:ETAD-0217"", ""Addis_Ababa:ETAD-0218"", ""Addis_Ababa:ETAD-0219"", ""Addis_Ababa:ETAD-0220"", ""Addis_Ababa:ETAD-0221"", ""Addis_Ababa:ETAD-0222"", ""Addis_Ababa:ETAD-0224"", ""Addis_Ababa:ETAD-0225"", ""Addis_Ababa:ETAD-0226""]",141,113,2.23594182575397,10.5333537907337,2.93608135081302,11.7351130556244,2023-03-29,2024-03-31,2024-04-03,2024-06-29,a3fb8e9a77146a5d098d94bb925a4439c9acad8c73339a691e81787a09931564,True,4.339439473318151,26.06243656388241,46.38199304,8.72165820958135,51dfc8d2c6c60cece89c6ecd9a58139b6f7bfbe1eba60049da1aec099d751bd3,1.0,-8.769290776521743,10.712976599130437,12.914652108557885,0,1.0859569718091457,8.472852045812408,11.365323570621914,0,-1.1081471743803837,4.30213759253801,5.413739006838793,0,4.170714453274398,49.224445685154116
Addis_Ababa,mdl_5x,later_period,2024Q3,all_earlier,evaluated,evaluated,164,19,"[""Addis_Ababa:ETAD-0001"", ""Addis_Ababa:ETAD-0002"", ""Addis_Ababa:ETAD-0004"", ""Addis_Ababa:ETAD-0005"", ""Addis_Ababa:ETAD-0006"", ""Addis_Ababa:ETAD-0017"", ""Addis_Ababa:ETAD-0018"", ""Addis_Ababa:ETAD-0019"", ""Addis_Ababa:ETAD-0020"", ""Addis_Ababa:ETAD-0021"", ""Addis_Ababa:ETAD-0022"", ""Addis_Ababa:ETAD-0024"", ""Addis_Ababa:ETAD-0035"", ""Addis_Ababa:ETAD-0036"", ""Addis_Ababa:ETAD-0040"", ""Addis_Ababa:ETAD-0041"", ""Addis_Ababa:ETAD-0042"", ""Addis_Ababa:ETAD-0043"", ""Addis_Ababa:ETAD-0044"", ""Addis_Ababa:ETAD-0045"", ""Addis_Ababa:ETAD-0046"", ""Addis_Ababa:ETAD-0049"", ""Addis_Ababa:ETAD-0050"", ""Addis_Ababa:ETAD-0051"", ""Addis_Ababa:ETAD-0052"", ""Addis_Ababa:ETAD-0053"", ""Addis_Ababa:ETAD-0054"", ""Addis_Ababa:ETAD-0056"", ""Addis_Ababa:ETAD-0057"", ""Addis_Ababa:ETAD-0058"", ""Addis_Ababa:ETAD-0059"", ""Addis_Ababa:ETAD-0060"", ""Addis_Ababa:ETAD-0061"", ""Addis_Ababa:ETAD-0062"", ""Addis_Ababa:ETAD-0065"", ""Addis_Ababa:ETAD-0066"", ""Addis_Ababa:ETAD-0067"", ""Addis_Ababa:ETAD-0068"", ""Addis_Ababa:ETAD-0069"", ""Addis_Ababa:ETAD-0070"", ""Addis_Ababa:ETAD-0072"", ""Addis_Ababa:ETAD-0073"", ""Addis_Ababa:ETAD-0074"", ""Addis_Ababa:ETAD-0075"", ""Addis_Ababa:ETAD-0076"", ""Addis_Ababa:ETAD-0077"", ""Addis_Ababa:ETAD-0078"", ""Addis_Ababa:ETAD-0080"", ""Addis_Ababa:ETAD-0081"", ""Addis_Ababa:ETAD-0082"", ""Addis_Ababa:ETAD-0083"", ""Addis_Ababa:ETAD-0084"", ""Addis_Ababa:ETAD-0085"", ""Addis_Ababa:ETAD-0086"", ""Addis_Ababa:ETAD-0088"", ""Addis_Ababa:ETAD-0089"", ""Addis_Ababa:ETAD-0090"", ""Addis_Ababa:ETAD-0091"", ""Addis_Ababa:ETAD-0092"", ""Addis_Ababa:ETAD-0093"", ""Addis_Ababa:ETAD-0094"", ""Addis_Ababa:ETAD-0096"", ""Addis_Ababa:ETAD-0097"", ""Addis_Ababa:ETAD-0098"", ""Addis_Ababa:ETAD-0099"", ""Addis_Ababa:ETAD-0100"", ""Addis_Ababa:ETAD-0101"", ""Addis_Ababa:ETAD-0102"", ""Addis_Ababa:ETAD-0104"", ""Addis_Ababa:ETAD-0105"", ""Addis_Ababa:ETAD-0106"", ""Addis_Ababa:ETAD-0107"", ""Addis_Ababa:ETAD-0108"", ""Addis_Ababa:ETAD-0109"", ""Addis_Ababa:ETAD-0110"", ""Addis_Ababa:ETAD-0112"", ""Addis_Ababa:ETAD-0113"", ""Addis_Ababa:ETAD-0114"", ""Addis_Ababa:ETAD-0115"", ""Addis_Ababa:ETAD-0116"", ""Addis_Ababa:ETAD-0117"", ""Addis_Ababa:ETAD-0118"", ""Addis_Ababa:ETAD-0120"", ""Addis_Ababa:ETAD-0121"", ""Addis_Ababa:ETAD-0128"", ""Addis_Ababa:ETAD-0129"", ""Addis_Ababa:ETAD-0130"", ""Addis_Ababa:ETAD-0131"", ""Addis_Ababa:ETAD-0132"", ""Addis_Ababa:ETAD-0133"", ""Addis_Ababa:ETAD-0134"", ""Addis_Ababa:ETAD-0136"", ""Addis_Ababa:ETAD-0137"", ""Addis_Ababa:ETAD-0138"", ""Addis_Ababa:ETAD-0139"", ""Addis_Ababa:ETAD-0140"", ""Addis_Ababa:ETAD-0141"", ""Addis_Ababa:ETAD-0142"", ""Addis_Ababa:ETAD-0144"", ""Addis_Ababa:ETAD-0145"", ""Addis_Ababa:ETAD-0146"", ""Addis_Ababa:ETAD-0147"", ""Addis_Ababa:ETAD-0148"", ""Addis_Ababa:ETAD-0149"", ""Addis_Ababa:ETAD-0150"", ""Addis_Ababa:ETAD-0152"", ""Addis_Ababa:ETAD-0153"", ""Addis_Ababa:ETAD-0154"", ""Addis_Ababa:ETAD-0155"", ""Addis_Ababa:ETAD-0156"", ""Addis_Ababa:ETAD-0157"", ""Addis_Ababa:ETAD-0158"", ""Addis_Ababa:ETAD-0160"", ""Addis_Ababa:ETAD-0161"", ""Addis_Ababa:ETAD-0162"", ""Addis_Ababa:ETAD-0163"", ""Addis_Ababa:ETAD-0164"", ""Addis_Ababa:ETAD-0165"", ""Addis_Ababa:ETAD-0166"", ""Addis_Ababa:ETAD-0168"", ""Addis_Ababa:ETAD-0169"", ""Addis_Ababa:ETAD-0170"", ""Addis_Ababa:ETAD-0171"", ""Addis_Ababa:ETAD-0172"", ""Addis_Ababa:ETAD-0173"", ""Addis_Ababa:ETAD-0174"", ""Addis_Ababa:ETAD-0176"", ""Addis_Ababa:ETAD-0177"", ""Addis_Ababa:ETAD-0178"", ""Addis_Ababa:ETAD-0179"", ""Addis_Ababa:ETAD-0180"", ""Addis_Ababa:ETAD-0181"", ""Addis_Ababa:ETAD-0182"", ""Addis_Ababa:ETAD-0184"", ""Addis_Ababa:ETAD-0185"", ""Addis_Ababa:ETAD-0186"", ""Addis_Ababa:ETAD-0187"", ""Addis_Ababa:ETAD-0188"", ""Addis_Ababa:ETAD-0189"", ""Addis_Ababa:ETAD-0190"", ""Addis_Ababa:ETAD-0192"", ""Addis_Ababa:ETAD-0193"", ""Addis_Ababa:ETAD-0194"", ""Addis_Ababa:ETAD-0195"", ""Addis_Ababa:ETAD-0196"", ""Addis_Ababa:ETAD-0197"", ""Addis_Ababa:ETAD-0198"", ""Addis_Ababa:ETAD-0200"", ""Addis_Ababa:ETAD-0201"", ""Addis_Ababa:ETAD-0202"", ""Addis_Ababa:ETAD-0203"", ""Addis_Ababa:ETAD-0204"", ""Addis_Ababa:ETAD-0205"", ""Addis_Ababa:ETAD-0206"", ""Addis_Ababa:ETAD-0208"", ""Addis_Ababa:ETAD-0217"", ""Addis_Ababa:ETAD-0218"", ""Addis_Ababa:ETAD-0219"", ""Addis_Ababa:ETAD-0220"", ""Addis_Ababa:ETAD-0221"", ""Addis_Ababa:ETAD-0222"", ""Addis_Ababa:ETAD-0224"", ""Addis_Ababa:ETAD-0225"", ""Addis_Ababa:ETAD-0226""]","[""Addis_Ababa:ETAD-0227"", ""Addis_Ababa:ETAD-0228"", ""Addis_Ababa:ETAD-0229"", ""Addis_Ababa:ETAD-0230"", ""Addis_Ababa:ETAD-0232"", ""Addis_Ababa:ETAD-0233"", ""Addis_Ababa:ETAD-0234"", ""Addis_Ababa:ETAD-0235"", ""Addis_Ababa:ETAD-0236"", ""Addis_Ababa:ETAD-0237"", ""Addis_Ababa:ETAD-0238"", ""Addis_Ababa:ETAD-0240"", ""Addis_Ababa:ETAD-0241"", ""Addis_Ababa:ETAD-0242"", ""Addis_Ababa:ETAD-0243"", ""Addis_Ababa:ETAD-0244"", ""Addis_Ababa:ETAD-0245"", ""Addis_Ababa:ETAD-0246"", ""Addis_Ababa:ETAD-0248""]",164,136,2.23594182575397,11.7351130556244,3.43072578969257,11.136414801705,2022-12-07,2024-06-29,2024-07-02,2024-09-21,5c26aa2afda3dbb5ee13191f2a4fefcb3939143d880c1ade060d0746df480303,True,4.077951507803601,28.249804128340593,46.81170306,8.88031173910466,5c26aa2afda3dbb5ee13191f2a4fefcb3939143d880c1ade060d0746df480303,0.0,-9.959031398421052,11.833631153157894,15.507485819824256,0,9.3471071146562,13.002112348159157,15.426879695776634,0,1.8412190692867303,5.657134552477362,7.853334716595631,0,7.344977795681795,56.49065012672114
Addis_Ababa,mdl_5x,later_period,2024Q3,id11_earlier,evaluated,evaluated,136,19,"[""Addis_Ababa:ETAD-0057"", ""Addis_Ababa:ETAD-0058"", ""Addis_Ababa:ETAD-0059"", ""Addis_Ababa:ETAD-0060"", ""Addis_Ababa:ETAD-0061"", ""Addis_Ababa:ETAD-0062"", ""Addis_Ababa:ETAD-0065"", ""Addis_Ababa:ETAD-0066"", ""Addis_Ababa:ETAD-0067"", ""Addis_Ababa:ETAD-0068"", ""Addis_Ababa:ETAD-0069"", ""Addis_Ababa:ETAD-0070"", ""Addis_Ababa:ETAD-0072"", ""Addis_Ababa:ETAD-0073"", ""Addis_Ababa:ETAD-0074"", ""Addis_Ababa:ETAD-0075"", ""Addis_Ababa:ETAD-0076"", ""Addis_Ababa:ETAD-0077"", ""Addis_Ababa:ETAD-0078"", ""Addis_Ababa:ETAD-0080"", ""Addis_Ababa:ETAD-0081"", ""Addis_Ababa:ETAD-0082"", ""Addis_Ababa:ETAD-0083"", ""Addis_Ababa:ETAD-0084"", ""Addis_Ababa:ETAD-0085"", ""Addis_Ababa:ETAD-0086"", ""Addis_Ababa:ETAD-0088"", ""Addis_Ababa:ETAD-0089"", ""Addis_Ababa:ETAD-0090"", ""Addis_Ababa:ETAD-0091"", ""Addis_Ababa:ETAD-0092"", ""Addis_Ababa:ETAD-0093"", ""Addis_Ababa:ETAD-0094"", ""Addis_Ababa:ETAD-0096"", ""Addis_Ababa:ETAD-0097"", ""Addis_Ababa:ETAD-0098"", ""Addis_Ababa:ETAD-0099"", ""Addis_Ababa:ETAD-0100"", ""Addis_Ababa:ETAD-0101"", ""Addis_Ababa:ETAD-0102"", ""Addis_Ababa:ETAD-0104"", ""Addis_Ababa:ETAD-0105"", ""Addis_Ababa:ETAD-0106"", ""Addis_Ababa:ETAD-0107"", ""Addis_Ababa:ETAD-0108"", ""Addis_Ababa:ETAD-0109"", ""Addis_Ababa:ETAD-0110"", ""Addis_Ababa:ETAD-0112"", ""Addis_Ababa:ETAD-0113"", ""Addis_Ababa:ETAD-0114"", ""Addis_Ababa:ETAD-0115"", ""Addis_Ababa:ETAD-0116"", ""Addis_Ababa:ETAD-0117"", ""Addis_Ababa:ETAD-0118"", ""Addis_Ababa:ETAD-0120"", ""Addis_Ababa:ETAD-0121"", ""Addis_Ababa:ETAD-0128"", ""Addis_Ababa:ETAD-0129"", ""Addis_Ababa:ETAD-0130"", ""Addis_Ababa:ETAD-0131"", ""Addis_Ababa:ETAD-0132"", ""Addis_Ababa:ETAD-0133"", ""Addis_Ababa:ETAD-0134"", ""Addis_Ababa:ETAD-0136"", ""Addis_Ababa:ETAD-0137"", ""Addis_Ababa:ETAD-0138"", ""Addis_Ababa:ETAD-0139"", ""Addis_Ababa:ETAD-0140"", ""Addis_Ababa:ETAD-0141"", ""Addis_Ababa:ETAD-0142"", ""Addis_Ababa:ETAD-0144"", ""Addis_Ababa:ETAD-0145"", ""Addis_Ababa:ETAD-0146"", ""Addis_Ababa:ETAD-0147"", ""Addis_Ababa:ETAD-0148"", ""Addis_Ababa:ETAD-0149"", ""Addis_Ababa:ETAD-0150"", ""Addis_Ababa:ETAD-0152"", ""Addis_Ababa:ETAD-0153"", ""Addis_Ababa:ETAD-0154"", ""Addis_Ababa:ETAD-0155"", ""Addis_Ababa:ETAD-0156"", ""Addis_Ababa:ETAD-0157"", ""Addis_Ababa:ETAD-0158"", ""Addis_Ababa:ETAD-0160"", ""Addis_Ababa:ETAD-0161"", ""Addis_Ababa:ETAD-0162"", ""Addis_Ababa:ETAD-0163"", ""Addis_Ababa:ETAD-0164"", ""Addis_Ababa:ETAD-0165"", ""Addis_Ababa:ETAD-0166"", ""Addis_Ababa:ETAD-0168"", ""Addis_Ababa:ETAD-0169"", ""Addis_Ababa:ETAD-0170"", ""Addis_Ababa:ETAD-0171"", ""Addis_Ababa:ETAD-0172"", ""Addis_Ababa:ETAD-0173"", ""Addis_Ababa:ETAD-0174"", ""Addis_Ababa:ETAD-0176"", ""Addis_Ababa:ETAD-0177"", ""Addis_Ababa:ETAD-0178"", ""Addis_Ababa:ETAD-0179"", ""Addis_Ababa:ETAD-0180"", ""Addis_Ababa:ETAD-0181"", ""Addis_Ababa:ETAD-0182"", ""Addis_Ababa:ETAD-0184"", ""Addis_Ababa:ETAD-0185"", ""Addis_Ababa:ETAD-0186"", ""Addis_Ababa:ETAD-0187"", ""Addis_Ababa:ETAD-0188"", ""Addis_Ababa:ETAD-0189"", ""Addis_Ababa:ETAD-0190"", ""Addis_Ababa:ETAD-0192"", ""Addis_Ababa:ETAD-0193"", ""Addis_Ababa:ETAD-0194"", ""Addis_Ababa:ETAD-0195"", ""Addis_Ababa:ETAD-0196"", ""Addis_Ababa:ETAD-0197"", ""Addis_Ababa:ETAD-0198"", ""Addis_Ababa:ETAD-0200"", ""Addis_Ababa:ETAD-0201"", ""Addis_Ababa:ETAD-0202"", ""Addis_Ababa:ETAD-0203"", ""Addis_Ababa:ETAD-0204"", ""Addis_Ababa:ETAD-0205"", ""Addis_Ababa:ETAD-0206"", ""Addis_Ababa:ETAD-0208"", ""Addis_Ababa:ETAD-0217"", ""Addis_Ababa:ETAD-0218"", ""Addis_Ababa:ETAD-0219"", ""Addis_Ababa:ETAD-0220"", ""Addis_Ababa:ETAD-0221"", ""Addis_Ababa:ETAD-0222"", ""Addis_Ababa:ETAD-0224"", ""Addis_Ababa:ETAD-0225"", ""Addis_Ababa:ETAD-0226""]","[""Addis_Ababa:ETAD-0227"", ""Addis_Ababa:ETAD-0228"", ""Addis_Ababa:ETAD-0229"", ""Addis_Ababa:ETAD-0230"", ""Addis_Ababa:ETAD-0232"", ""Addis_Ababa:ETAD-0233"", ""Addis_Ababa:ETAD-0234"", ""Addis_Ababa:ETAD-0235"", ""Addis_Ababa:ETAD-0236"", ""Addis_Ababa:ETAD-0237"", ""Addis_Ababa:ETAD-0238"", ""Addis_Ababa:ETAD-0240"", ""Addis_Ababa:ETAD-0241"", ""Addis_Ababa:ETAD-0242"", ""Addis_Ababa:ETAD-0243"", ""Addis_Ababa:ETAD-0244"", ""Addis_Ababa:ETAD-0245"", ""Addis_Ababa:ETAD-0246"", ""Addis_Ababa:ETAD-0248""]",164,136,2.23594182575397,11.7351130556244,3.43072578969257,11.136414801705,2023-03-29,2024-06-29,2024-07-02,2024-09-21,5c26aa2afda3dbb5ee13191f2a4fefcb3939143d880c1ade060d0746df480303,True,4.309617682164535,26.407999573627936,47.155366795,8.578817990104367,69ce68c24e4a97ce1e6ff9439697d6904a0e3bc429fb0ff7b1ece1f0cfacad67,0.0,-9.615367663421054,11.598492808157896,15.289051813637009,0,7.102353043254163,11.465344751100176,13.755653441685368,0,1.7242714637718366,5.5209969638730625,7.809750576435057,0,5.944347787227113,51.84621933550419
