site_code,base_filter_id,source_parameter_codes,source_analysis_descriptions,source_method_codes,source_conditions,competing_values,source_row_links,source_definition_recovered,authoritative_value_selected,selected_ec_ugm3,value_adjudication
CHTS,CHTS-0562,[28203],"[""FTIR""]",[217],"[""Ambient local""]",[2.78],"[{""export_file"":""\/Users\/ahmadjalil\/github\/aethmodular\/research\/filter_combine\/FilterBased_ChemSpecPM25_CHTS.csv"",""export_sha256"":""ec9a6c24308cb050a58472350a75689bc865751b1ac784a2f02e7bd56cedae61"",""export_source_row"":4632,""source_row"":4606}]",True,False,,single_export_value_definition_recovered_not_independent_reference
CHTS,CHTS-0563,[28203],"[""FTIR""]",[217],"[""Ambient local""]",[2.19],"[{""export_file"":""\/Users\/ahmadjalil\/github\/aethmodular\/research\/filter_combine\/FilterBased_ChemSpecPM25_CHTS.csv"",""export_sha256"":""ec9a6c24308cb050a58472350a75689bc865751b1ac784a2f02e7bd56cedae61"",""export_source_row"":4674,""source_row"":4648}]",True,False,,single_export_value_definition_recovered_not_independent_reference
CHTS,CHTS-0565,[28203],"[""FTIR""]",[217],"[""Ambient local""]",[1.52],"[{""export_file"":""\/Users\/ahmadjalil\/github\/aethmodular\/research\/filter_combine\/FilterBased_ChemSpecPM25_CHTS.csv"",""export_sha256"":""ec9a6c24308cb050a58472350a75689bc865751b1ac784a2f02e7bd56cedae61"",""export_source_row"":4715,""source_row"":4689}]",True,False,,single_export_value_definition_recovered_not_independent_reference
CHTS,CHTS-0566,[28203],"[""FTIR""]",[217],"[""Ambient local""]",[2.36],"[{""export_file"":""\/Users\/ahmadjalil\/github\/aethmodular\/research\/filter_combine\/FilterBased_ChemSpecPM25_CHTS.csv"",""export_sha256"":""ec9a6c24308cb050a58472350a75689bc865751b1ac784a2f02e7bd56cedae61"",""export_source_row"":4756,""source_row"":4731}]",True,False,,single_export_value_definition_recovered_not_independent_reference
CHTS,CHTS-0567,[28203],"[""FTIR""]",[217],"[""Ambient local""]",[2.4],"[{""export_file"":""\/Users\/ahmadjalil\/github\/aethmodular\/research\/filter_combine\/FilterBased_ChemSpecPM25_CHTS.csv"",""export_sha256"":""ec9a6c24308cb050a58472350a75689bc865751b1ac784a2f02e7bd56cedae61"",""export_source_row"":4797,""source_row"":4772}]",True,False,,single_export_value_definition_recovered_not_independent_reference
CHTS,CHTS-0570,[28203],"[""FTIR""]",[217],"[""Ambient local""]",[2.52],"[{""export_file"":""\/Users\/ahmadjalil\/github\/aethmodular\/research\/filter_combine\/FilterBased_ChemSpecPM25_CHTS.csv"",""export_sha256"":""ec9a6c24308cb050a58472350a75689bc865751b1ac784a2f02e7bd56cedae61"",""export_source_row"":4838,""source_row"":4813}]",True,False,,single_export_value_definition_recovered_not_independent_reference
CHTS,CHTS-0571,[28203],"[""FTIR""]",[217],"[""Ambient local""]",[1.77],"[{""export_file"":""\/Users\/ahmadjalil\/github\/aethmodular\/research\/filter_combine\/FilterBased_ChemSpecPM25_CHTS.csv"",""export_sha256"":""ec9a6c24308cb050a58472350a75689bc865751b1ac784a2f02e7bd56cedae61"",""export_source_row"":4879,""source_row"":4854}]",True,False,,single_export_value_definition_recovered_not_independent_reference
CHTS,CHTS-0572,[28203],"[""FTIR""]",[217],"[""Ambient local""]",[2.29],"[{""export_file"":""\/Users\/ahmadjalil\/github\/aethmodular\/research\/filter_combine\/FilterBased_ChemSpecPM25_CHTS.csv"",""export_sha256"":""ec9a6c24308cb050a58472350a75689bc865751b1ac784a2f02e7bd56cedae61"",""export_source_row"":4920,""source_row"":4895}]",True,False,,single_export_value_definition_recovered_not_independent_reference
CHTS,CHTS-0573,[28203],"[""FTIR""]",[217],"[""Ambient local""]",[1.5],"[{""export_file"":""\/Users\/ahmadjalil\/github\/aethmodular\/research\/filter_combine\/FilterBased_ChemSpecPM25_CHTS.csv"",""export_sha256"":""ec9a6c24308cb050a58472350a75689bc865751b1ac784a2f02e7bd56cedae61"",""export_source_row"":4961,""source_row"":4936}]",True,False,,single_export_value_definition_recovered_not_independent_reference
CHTS,CHTS-0574,[28203],"[""FTIR""]",[217],"[""Ambient local""]",[1.31],"[{""export_file"":""\/Users\/ahmadjalil\/github\/aethmodular\/research\/filter_combine\/FilterBased_ChemSpecPM25_CHTS.csv"",""export_sha256"":""ec9a6c24308cb050a58472350a75689bc865751b1ac784a2f02e7bd56cedae61"",""export_source_row"":5003,""source_row"":4977}]",True,False,,single_export_value_definition_recovered_not_independent_reference
CHTS,CHTS-0575,[28203],"[""FTIR""]",[217],"[""Ambient local""]",[2.42],"[{""export_file"":""\/Users\/ahmadjalil\/github\/aethmodular\/research\/filter_combine\/FilterBased_ChemSpecPM25_CHTS.csv"",""export_sha256"":""ec9a6c24308cb050a58472350a75689bc865751b1ac784a2f02e7bd56cedae61"",""export_source_row"":5044,""source_row"":5019}]",True,False,,single_export_value_definition_recovered_not_independent_reference
CHTS,CHTS-0594,[28203],"[""FTIR""]",[217],"[""Ambient local""]",[3.71],"[{""export_file"":""\/Users\/ahmadjalil\/github\/aethmodular\/research\/filter_combine\/FilterBased_ChemSpecPM25_CHTS.csv"",""export_sha256"":""ec9a6c24308cb050a58472350a75689bc865751b1ac784a2f02e7bd56cedae61"",""export_source_row"":5082,""source_row"":5059}]",True,False,,single_export_value_definition_recovered_not_independent_reference
CHTS,CHTS-0595,[28203],"[""FTIR""]",[217],"[""Ambient local""]",[1.73],"[{""export_file"":""\/Users\/ahmadjalil\/github\/aethmodular\/research\/filter_combine\/FilterBased_ChemSpecPM25_CHTS.csv"",""export_sha256"":""ec9a6c24308cb050a58472350a75689bc865751b1ac784a2f02e7bd56cedae61"",""export_source_row"":5120,""source_row"":5097}]",True,False,,single_export_value_definition_recovered_not_independent_reference
CHTS,CHTS-0596,[28203],"[""FTIR""]",[217],"[""Ambient local""]",[1.63],"[{""export_file"":""\/Users\/ahmadjalil\/github\/aethmodular\/research\/filter_combine\/FilterBased_ChemSpecPM25_CHTS.csv"",""export_sha256"":""ec9a6c24308cb050a58472350a75689bc865751b1ac784a2f02e7bd56cedae61"",""export_source_row"":5158,""source_row"":5135}]",True,False,,single_export_value_definition_recovered_not_independent_reference
CHTS,CHTS-0597,[28203],"[""FTIR""]",[217],"[""Ambient local""]",[0.98],"[{""export_file"":""\/Users\/ahmadjalil\/github\/aethmodular\/research\/filter_combine\/FilterBased_ChemSpecPM25_CHTS.csv"",""export_sha256"":""ec9a6c24308cb050a58472350a75689bc865751b1ac784a2f02e7bd56cedae61"",""export_source_row"":5196,""source_row"":5173}]",True,False,,single_export_value_definition_recovered_not_independent_reference
CHTS,CHTS-0598,[28203],"[""FTIR""]",[217],"[""Ambient local""]",[4.38],"[{""export_file"":""\/Users\/ahmadjalil\/github\/aethmodular\/research\/filter_combine\/FilterBased_ChemSpecPM25_CHTS.csv"",""export_sha256"":""ec9a6c24308cb050a58472350a75689bc865751b1ac784a2f02e7bd56cedae61"",""export_source_row"":5234,""source_row"":5211}]",True,False,,single_export_value_definition_recovered_not_independent_reference
CHTS,CHTS-0599,[28203],"[""FTIR""]",[217],"[""Ambient local""]",[1.5],"[{""export_file"":""\/Users\/ahmadjalil\/github\/aethmodular\/research\/filter_combine\/FilterBased_ChemSpecPM25_CHTS.csv"",""export_sha256"":""ec9a6c24308cb050a58472350a75689bc865751b1ac784a2f02e7bd56cedae61"",""export_source_row"":5272,""source_row"":5249}]",True,False,,single_export_value_definition_recovered_not_independent_reference
CHTS,CHTS-0610,[28203],"[""FTIR""]",[217],"[""Ambient local""]",[3.15],"[{""export_file"":""\/Users\/ahmadjalil\/github\/aethmodular\/research\/filter_combine\/FilterBased_ChemSpecPM25_CHTS.csv"",""export_sha256"":""ec9a6c24308cb050a58472350a75689bc865751b1ac784a2f02e7bd56cedae61"",""export_source_row"":5310,""source_row"":5287}]",True,False,,single_export_value_definition_recovered_not_independent_reference
CHTS,CHTS-0611,[28203],"[""FTIR""]",[217],"[""Ambient local""]",[1.52],"[{""export_file"":""\/Users\/ahmadjalil\/github\/aethmodular\/research\/filter_combine\/FilterBased_ChemSpecPM25_CHTS.csv"",""export_sha256"":""ec9a6c24308cb050a58472350a75689bc865751b1ac784a2f02e7bd56cedae61"",""export_source_row"":5348,""source_row"":5325}]",True,False,,single_export_value_definition_recovered_not_independent_reference
CHTS,CHTS-0612,[28203],"[""FTIR""]",[217],"[""Ambient local""]",[1.06],"[{""export_file"":""\/Users\/ahmadjalil\/github\/aethmodular\/research\/filter_combine\/FilterBased_ChemSpecPM25_CHTS.csv"",""export_sha256"":""ec9a6c24308cb050a58472350a75689bc865751b1ac784a2f02e7bd56cedae61"",""export_source_row"":5387,""source_row"":5363}]",True,False,,single_export_value_definition_recovered_not_independent_reference
CHTS,CHTS-0613,[28203],"[""FTIR""]",[217],"[""Ambient local""]",[1.8],"[{""export_file"":""\/Users\/ahmadjalil\/github\/aethmodular\/research\/filter_combine\/FilterBased_ChemSpecPM25_CHTS.csv"",""export_sha256"":""ec9a6c24308cb050a58472350a75689bc865751b1ac784a2f02e7bd56cedae61"",""export_source_row"":5425,""source_row"":5402}]",True,False,,single_export_value_definition_recovered_not_independent_reference
CHTS,CHTS-0614,[28203],"[""FTIR""]",[217],"[""Ambient local""]",[1.82],"[{""export_file"":""\/Users\/ahmadjalil\/github\/aethmodular\/research\/filter_combine\/FilterBased_ChemSpecPM25_CHTS.csv"",""export_sha256"":""ec9a6c24308cb050a58472350a75689bc865751b1ac784a2f02e7bd56cedae61"",""export_source_row"":5463,""source_row"":5440}]",True,False,,single_export_value_definition_recovered_not_independent_reference
CHTS,CHTS-0615,[28203],"[""FTIR""]",[217],"[""Ambient local""]",[5.86],"[{""export_file"":""\/Users\/ahmadjalil\/github\/aethmodular\/research\/filter_combine\/FilterBased_ChemSpecPM25_CHTS.csv"",""export_sha256"":""ec9a6c24308cb050a58472350a75689bc865751b1ac784a2f02e7bd56cedae61"",""export_source_row"":5501,""source_row"":5478}]",True,False,,single_export_value_definition_recovered_not_independent_reference
CHTS,CHTS-0650,[28203],"[""FTIR""]",[217],"[""Ambient local""]",[1.35],"[{""export_file"":""\/Users\/ahmadjalil\/github\/aethmodular\/research\/filter_combine\/FilterBased_ChemSpecPM25_CHTS.csv"",""export_sha256"":""ec9a6c24308cb050a58472350a75689bc865751b1ac784a2f02e7bd56cedae61"",""export_source_row"":5650,""source_row"":5627}]",True,False,,single_export_value_definition_recovered_not_independent_reference
CHTS,CHTS-0651,[28203],"[""FTIR""]",[217],"[""Ambient local""]",[1.82],"[{""export_file"":""\/Users\/ahmadjalil\/github\/aethmodular\/research\/filter_combine\/FilterBased_ChemSpecPM25_CHTS.csv"",""export_sha256"":""ec9a6c24308cb050a58472350a75689bc865751b1ac784a2f02e7bd56cedae61"",""export_source_row"":5688,""source_row"":5665}]",True,False,,single_export_value_definition_recovered_not_independent_reference
CHTS,CHTS-0652,[28203],"[""FTIR""]",[217],"[""Ambient local""]",[1.49],"[{""export_file"":""\/Users\/ahmadjalil\/github\/aethmodular\/research\/filter_combine\/FilterBased_ChemSpecPM25_CHTS.csv"",""export_sha256"":""ec9a6c24308cb050a58472350a75689bc865751b1ac784a2f02e7bd56cedae61"",""export_source_row"":5727,""source_row"":5703}]",True,False,,single_export_value_definition_recovered_not_independent_reference
CHTS,CHTS-0653,[28203],"[""FTIR""]",[217],"[""Ambient local""]",[1.6],"[{""export_file"":""\/Users\/ahmadjalil\/github\/aethmodular\/research\/filter_combine\/FilterBased_ChemSpecPM25_CHTS.csv"",""export_sha256"":""ec9a6c24308cb050a58472350a75689bc865751b1ac784a2f02e7bd56cedae61"",""export_source_row"":5766,""source_row"":5742}]",True,False,,single_export_value_definition_recovered_not_independent_reference
CHTS,CHTS-0654,[28203],"[""FTIR""]",[217],"[""Ambient local""]",[1.15],"[{""export_file"":""\/Users\/ahmadjalil\/github\/aethmodular\/research\/filter_combine\/FilterBased_ChemSpecPM25_CHTS.csv"",""export_sha256"":""ec9a6c24308cb050a58472350a75689bc865751b1ac784a2f02e7bd56cedae61"",""export_source_row"":5805,""source_row"":5781}]",True,False,,single_export_value_definition_recovered_not_independent_reference
CHTS,CHTS-0655,[28203],"[""FTIR""]",[217],"[""Ambient local""]",[1.25],"[{""export_file"":""\/Users\/ahmadjalil\/github\/aethmodular\/research\/filter_combine\/FilterBased_ChemSpecPM25_CHTS.csv"",""export_sha256"":""ec9a6c24308cb050a58472350a75689bc865751b1ac784a2f02e7bd56cedae61"",""export_source_row"":5844,""source_row"":5820}]",True,False,,single_export_value_definition_recovered_not_independent_reference
CHTS,CHTS-0658,[28203],"[""FTIR""]",[217],"[""Ambient local""]","[0.06, 0.93]","[{""export_file"":""\/Users\/ahmadjalil\/github\/aethmodular\/research\/filter_combine\/FilterBased_ChemSpecPM25_CHTS.csv"",""export_sha256"":""ec9a6c24308cb050a58472350a75689bc865751b1ac784a2f02e7bd56cedae61"",""export_source_row"":5883,""source_row"":5859},{""export_file"":""\/Users\/ahmadjalil\/github\/aethmodular\/research\/filter_combine\/FilterBased_ChemSpecPM25_CHTS.csv"",""export_sha256"":""ec9a6c24308cb050a58472350a75689bc865751b1ac784a2f02e7bd56cedae61"",""export_source_row"":5884,""source_row"":5860}]",True,False,,unresolved_upstream_competing_values
CHTS,CHTS-0659,[28203],"[""FTIR""]",[217],"[""Ambient local""]","[0.06, 1.26]","[{""export_file"":""\/Users\/ahmadjalil\/github\/aethmodular\/research\/filter_combine\/FilterBased_ChemSpecPM25_CHTS.csv"",""export_sha256"":""ec9a6c24308cb050a58472350a75689bc865751b1ac784a2f02e7bd56cedae61"",""export_source_row"":5924,""source_row"":5917},{""export_file"":""\/Users\/ahmadjalil\/github\/aethmodular\/research\/filter_combine\/FilterBased_ChemSpecPM25_CHTS.csv"",""export_sha256"":""ec9a6c24308cb050a58472350a75689bc865751b1ac784a2f02e7bd56cedae61"",""export_source_row"":5925,""source_row"":5918}]",True,False,,unresolved_upstream_competing_values
CHTS,CHTS-0660,[28203],"[""FTIR""]",[217],"[""Ambient local""]","[0.06, 1.59]","[{""export_file"":""\/Users\/ahmadjalil\/github\/aethmodular\/research\/filter_combine\/FilterBased_ChemSpecPM25_CHTS.csv"",""export_sha256"":""ec9a6c24308cb050a58472350a75689bc865751b1ac784a2f02e7bd56cedae61"",""export_source_row"":5965,""source_row"":5975},{""export_file"":""\/Users\/ahmadjalil\/github\/aethmodular\/research\/filter_combine\/FilterBased_ChemSpecPM25_CHTS.csv"",""export_sha256"":""ec9a6c24308cb050a58472350a75689bc865751b1ac784a2f02e7bd56cedae61"",""export_source_row"":5966,""source_row"":5976}]",True,False,,unresolved_upstream_competing_values
CHTS,CHTS-0661,[28203],"[""FTIR""]",[217],"[""Ambient local""]","[0.06, 1.51]","[{""export_file"":""\/Users\/ahmadjalil\/github\/aethmodular\/research\/filter_combine\/FilterBased_ChemSpecPM25_CHTS.csv"",""export_sha256"":""ec9a6c24308cb050a58472350a75689bc865751b1ac784a2f02e7bd56cedae61"",""export_source_row"":6006,""source_row"":6033},{""export_file"":""\/Users\/ahmadjalil\/github\/aethmodular\/research\/filter_combine\/FilterBased_ChemSpecPM25_CHTS.csv"",""export_sha256"":""ec9a6c24308cb050a58472350a75689bc865751b1ac784a2f02e7bd56cedae61"",""export_source_row"":6007,""source_row"":6034}]",True,False,,unresolved_upstream_competing_values
CHTS,CHTS-0662,[28203],"[""FTIR""]",[217],"[""Ambient local""]","[0.06, 1.18]","[{""export_file"":""\/Users\/ahmadjalil\/github\/aethmodular\/research\/filter_combine\/FilterBased_ChemSpecPM25_CHTS.csv"",""export_sha256"":""ec9a6c24308cb050a58472350a75689bc865751b1ac784a2f02e7bd56cedae61"",""export_source_row"":6048,""source_row"":6092},{""export_file"":""\/Users\/ahmadjalil\/github\/aethmodular\/research\/filter_combine\/FilterBased_ChemSpecPM25_CHTS.csv"",""export_sha256"":""ec9a6c24308cb050a58472350a75689bc865751b1ac784a2f02e7bd56cedae61"",""export_source_row"":6049,""source_row"":6093}]",True,False,,unresolved_upstream_competing_values
CHTS,CHTS-0663,[28203],"[""FTIR""]",[217],"[""Ambient local""]","[0.06, 0.94]","[{""export_file"":""\/Users\/ahmadjalil\/github\/aethmodular\/research\/filter_combine\/FilterBased_ChemSpecPM25_CHTS.csv"",""export_sha256"":""ec9a6c24308cb050a58472350a75689bc865751b1ac784a2f02e7bd56cedae61"",""export_source_row"":6090,""source_row"":6151},{""export_file"":""\/Users\/ahmadjalil\/github\/aethmodular\/research\/filter_combine\/FilterBased_ChemSpecPM25_CHTS.csv"",""export_sha256"":""ec9a6c24308cb050a58472350a75689bc865751b1ac784a2f02e7bd56cedae61"",""export_source_row"":6091,""source_row"":6152}]",True,False,,unresolved_upstream_competing_values
CHTS,CHTS-0666,[28203],"[""FTIR""]",[218],"[""Ambient local""]","[0.07, 0.91]","[{""export_file"":""\/Users\/ahmadjalil\/github\/aethmodular\/research\/filter_combine\/FilterBased_ChemSpecPM25_CHTS.csv"",""export_sha256"":""ec9a6c24308cb050a58472350a75689bc865751b1ac784a2f02e7bd56cedae61"",""export_source_row"":6130,""source_row"":6223},{""export_file"":""\/Users\/ahmadjalil\/github\/aethmodular\/research\/filter_combine\/FilterBased_ChemSpecPM25_CHTS.csv"",""export_sha256"":""ec9a6c24308cb050a58472350a75689bc865751b1ac784a2f02e7bd56cedae61"",""export_source_row"":6131,""source_row"":6224}]",True,False,,unresolved_upstream_competing_values
CHTS,CHTS-0667,[28203],"[""FTIR""]",[218],"[""Ambient local""]","[0.07, 1.57]","[{""export_file"":""\/Users\/ahmadjalil\/github\/aethmodular\/research\/filter_combine\/FilterBased_ChemSpecPM25_CHTS.csv"",""export_sha256"":""ec9a6c24308cb050a58472350a75689bc865751b1ac784a2f02e7bd56cedae61"",""export_source_row"":6171,""source_row"":6272},{""export_file"":""\/Users\/ahmadjalil\/github\/aethmodular\/research\/filter_combine\/FilterBased_ChemSpecPM25_CHTS.csv"",""export_sha256"":""ec9a6c24308cb050a58472350a75689bc865751b1ac784a2f02e7bd56cedae61"",""export_source_row"":6172,""source_row"":6273}]",True,False,,unresolved_upstream_competing_values
CHTS,CHTS-0668,[28203],"[""FTIR""]",[218],"[""Ambient local""]","[0.07, 0.78]","[{""export_file"":""\/Users\/ahmadjalil\/github\/aethmodular\/research\/filter_combine\/FilterBased_ChemSpecPM25_CHTS.csv"",""export_sha256"":""ec9a6c24308cb050a58472350a75689bc865751b1ac784a2f02e7bd56cedae61"",""export_source_row"":6212,""source_row"":6321},{""export_file"":""\/Users\/ahmadjalil\/github\/aethmodular\/research\/filter_combine\/FilterBased_ChemSpecPM25_CHTS.csv"",""export_sha256"":""ec9a6c24308cb050a58472350a75689bc865751b1ac784a2f02e7bd56cedae61"",""export_source_row"":6213,""source_row"":6322}]",True,False,,unresolved_upstream_competing_values
CHTS,CHTS-0669,[28203],"[""FTIR""]",[218],"[""Ambient local""]","[0.07, 1.85]","[{""export_file"":""\/Users\/ahmadjalil\/github\/aethmodular\/research\/filter_combine\/FilterBased_ChemSpecPM25_CHTS.csv"",""export_sha256"":""ec9a6c24308cb050a58472350a75689bc865751b1ac784a2f02e7bd56cedae61"",""export_source_row"":6253,""source_row"":6370},{""export_file"":""\/Users\/ahmadjalil\/github\/aethmodular\/research\/filter_combine\/FilterBased_ChemSpecPM25_CHTS.csv"",""export_sha256"":""ec9a6c24308cb050a58472350a75689bc865751b1ac784a2f02e7bd56cedae61"",""export_source_row"":6254,""source_row"":6371}]",True,False,,unresolved_upstream_competing_values
CHTS,CHTS-0670,[28203],"[""FTIR""]",[218],"[""Ambient local""]","[0.07, 1.45]","[{""export_file"":""\/Users\/ahmadjalil\/github\/aethmodular\/research\/filter_combine\/FilterBased_ChemSpecPM25_CHTS.csv"",""export_sha256"":""ec9a6c24308cb050a58472350a75689bc865751b1ac784a2f02e7bd56cedae61"",""export_source_row"":6294,""source_row"":6419},{""export_file"":""\/Users\/ahmadjalil\/github\/aethmodular\/research\/filter_combine\/FilterBased_ChemSpecPM25_CHTS.csv"",""export_sha256"":""ec9a6c24308cb050a58472350a75689bc865751b1ac784a2f02e7bd56cedae61"",""export_source_row"":6295,""source_row"":6420}]",True,False,,unresolved_upstream_competing_values
CHTS,CHTS-0671,[28203],"[""FTIR""]",[218],"[""Ambient local""]","[0.07, 1.1]","[{""export_file"":""\/Users\/ahmadjalil\/github\/aethmodular\/research\/filter_combine\/FilterBased_ChemSpecPM25_CHTS.csv"",""export_sha256"":""ec9a6c24308cb050a58472350a75689bc865751b1ac784a2f02e7bd56cedae61"",""export_source_row"":6335,""source_row"":6468},{""export_file"":""\/Users\/ahmadjalil\/github\/aethmodular\/research\/filter_combine\/FilterBased_ChemSpecPM25_CHTS.csv"",""export_sha256"":""ec9a6c24308cb050a58472350a75689bc865751b1ac784a2f02e7bd56cedae61"",""export_source_row"":6336,""source_row"":6469}]",True,False,,unresolved_upstream_competing_values
CHTS,CHTS-0674,[28203],"[""FTIR""]",[218],"[""Ambient local""]","[0.06, 0.21]","[{""export_file"":""\/Users\/ahmadjalil\/github\/aethmodular\/research\/filter_combine\/FilterBased_ChemSpecPM25_CHTS.csv"",""export_sha256"":""ec9a6c24308cb050a58472350a75689bc865751b1ac784a2f02e7bd56cedae61"",""export_source_row"":6411,""source_row"":6560},{""export_file"":""\/Users\/ahmadjalil\/github\/aethmodular\/research\/filter_combine\/FilterBased_ChemSpecPM25_CHTS.csv"",""export_sha256"":""ec9a6c24308cb050a58472350a75689bc865751b1ac784a2f02e7bd56cedae61"",""export_source_row"":6412,""source_row"":6561}]",True,False,,unresolved_upstream_competing_values
CHTS,CHTS-0675,[28203],"[""FTIR""]",[218],"[""Ambient local""]","[0.06, 2.91]","[{""export_file"":""\/Users\/ahmadjalil\/github\/aethmodular\/research\/filter_combine\/FilterBased_ChemSpecPM25_CHTS.csv"",""export_sha256"":""ec9a6c24308cb050a58472350a75689bc865751b1ac784a2f02e7bd56cedae61"",""export_source_row"":6452,""source_row"":6607},{""export_file"":""\/Users\/ahmadjalil\/github\/aethmodular\/research\/filter_combine\/FilterBased_ChemSpecPM25_CHTS.csv"",""export_sha256"":""ec9a6c24308cb050a58472350a75689bc865751b1ac784a2f02e7bd56cedae61"",""export_source_row"":6453,""source_row"":6608}]",True,False,,unresolved_upstream_competing_values
CHTS,CHTS-0676,[28203],"[""FTIR""]",[218],"[""Ambient local""]","[0.06, 4.6]","[{""export_file"":""\/Users\/ahmadjalil\/github\/aethmodular\/research\/filter_combine\/FilterBased_ChemSpecPM25_CHTS.csv"",""export_sha256"":""ec9a6c24308cb050a58472350a75689bc865751b1ac784a2f02e7bd56cedae61"",""export_source_row"":6492,""source_row"":6655},{""export_file"":""\/Users\/ahmadjalil\/github\/aethmodular\/research\/filter_combine\/FilterBased_ChemSpecPM25_CHTS.csv"",""export_sha256"":""ec9a6c24308cb050a58472350a75689bc865751b1ac784a2f02e7bd56cedae61"",""export_source_row"":6493,""source_row"":6656}]",True,False,,unresolved_upstream_competing_values
CHTS,CHTS-0677,[28203],"[""FTIR""]",[218],"[""Ambient local""]","[0.06, 2.25]","[{""export_file"":""\/Users\/ahmadjalil\/github\/aethmodular\/research\/filter_combine\/FilterBased_ChemSpecPM25_CHTS.csv"",""export_sha256"":""ec9a6c24308cb050a58472350a75689bc865751b1ac784a2f02e7bd56cedae61"",""export_source_row"":6532,""source_row"":6702},{""export_file"":""\/Users\/ahmadjalil\/github\/aethmodular\/research\/filter_combine\/FilterBased_ChemSpecPM25_CHTS.csv"",""export_sha256"":""ec9a6c24308cb050a58472350a75689bc865751b1ac784a2f02e7bd56cedae61"",""export_source_row"":6533,""source_row"":6703}]",True,False,,unresolved_upstream_competing_values
CHTS,CHTS-0678,[28203],"[""FTIR""]",[218],"[""Ambient local""]","[0.06, 0.34]","[{""export_file"":""\/Users\/ahmadjalil\/github\/aethmodular\/research\/filter_combine\/FilterBased_ChemSpecPM25_CHTS.csv"",""export_sha256"":""ec9a6c24308cb050a58472350a75689bc865751b1ac784a2f02e7bd56cedae61"",""export_source_row"":6572,""source_row"":6749},{""export_file"":""\/Users\/ahmadjalil\/github\/aethmodular\/research\/filter_combine\/FilterBased_ChemSpecPM25_CHTS.csv"",""export_sha256"":""ec9a6c24308cb050a58472350a75689bc865751b1ac784a2f02e7bd56cedae61"",""export_source_row"":6573,""source_row"":6750}]",True,False,,unresolved_upstream_competing_values
CHTS,CHTS-0679,[28203],"[""FTIR""]",[218],"[""Ambient local""]","[0.06, 1.9]","[{""export_file"":""\/Users\/ahmadjalil\/github\/aethmodular\/research\/filter_combine\/FilterBased_ChemSpecPM25_CHTS.csv"",""export_sha256"":""ec9a6c24308cb050a58472350a75689bc865751b1ac784a2f02e7bd56cedae61"",""export_source_row"":6612,""source_row"":6796},{""export_file"":""\/Users\/ahmadjalil\/github\/aethmodular\/research\/filter_combine\/FilterBased_ChemSpecPM25_CHTS.csv"",""export_sha256"":""ec9a6c24308cb050a58472350a75689bc865751b1ac784a2f02e7bd56cedae61"",""export_source_row"":6613,""source_row"":6797}]",True,False,,unresolved_upstream_competing_values
CHTS,CHTS-0682,[28203],"[""FTIR""]",[218],"[""Ambient local""]","[0.06, 3.59]","[{""export_file"":""\/Users\/ahmadjalil\/github\/aethmodular\/research\/filter_combine\/FilterBased_ChemSpecPM25_CHTS.csv"",""export_sha256"":""ec9a6c24308cb050a58472350a75689bc865751b1ac784a2f02e7bd56cedae61"",""export_source_row"":6688,""source_row"":6886},{""export_file"":""\/Users\/ahmadjalil\/github\/aethmodular\/research\/filter_combine\/FilterBased_ChemSpecPM25_CHTS.csv"",""export_sha256"":""ec9a6c24308cb050a58472350a75689bc865751b1ac784a2f02e7bd56cedae61"",""export_source_row"":6689,""source_row"":6887}]",True,False,,unresolved_upstream_competing_values
CHTS,CHTS-0683,[28203],"[""FTIR""]",[218],"[""Ambient local""]","[0.06, 0.25]","[{""export_file"":""\/Users\/ahmadjalil\/github\/aethmodular\/research\/filter_combine\/FilterBased_ChemSpecPM25_CHTS.csv"",""export_sha256"":""ec9a6c24308cb050a58472350a75689bc865751b1ac784a2f02e7bd56cedae61"",""export_source_row"":6728,""source_row"":6934},{""export_file"":""\/Users\/ahmadjalil\/github\/aethmodular\/research\/filter_combine\/FilterBased_ChemSpecPM25_CHTS.csv"",""export_sha256"":""ec9a6c24308cb050a58472350a75689bc865751b1ac784a2f02e7bd56cedae61"",""export_source_row"":6729,""source_row"":6935}]",True,False,,unresolved_upstream_competing_values
CHTS,CHTS-0684,[28203],"[""FTIR""]",[218],"[""Ambient local""]","[0.06, 1.12]","[{""export_file"":""\/Users\/ahmadjalil\/github\/aethmodular\/research\/filter_combine\/FilterBased_ChemSpecPM25_CHTS.csv"",""export_sha256"":""ec9a6c24308cb050a58472350a75689bc865751b1ac784a2f02e7bd56cedae61"",""export_source_row"":6768,""source_row"":6982},{""export_file"":""\/Users\/ahmadjalil\/github\/aethmodular\/research\/filter_combine\/FilterBased_ChemSpecPM25_CHTS.csv"",""export_sha256"":""ec9a6c24308cb050a58472350a75689bc865751b1ac784a2f02e7bd56cedae61"",""export_source_row"":6769,""source_row"":6983}]",True,False,,unresolved_upstream_competing_values
CHTS,CHTS-0685,[28203],"[""FTIR""]",[218],"[""Ambient local""]","[0.06, 0.5]","[{""export_file"":""\/Users\/ahmadjalil\/github\/aethmodular\/research\/filter_combine\/FilterBased_ChemSpecPM25_CHTS.csv"",""export_sha256"":""ec9a6c24308cb050a58472350a75689bc865751b1ac784a2f02e7bd56cedae61"",""export_source_row"":6809,""source_row"":7030},{""export_file"":""\/Users\/ahmadjalil\/github\/aethmodular\/research\/filter_combine\/FilterBased_ChemSpecPM25_CHTS.csv"",""export_sha256"":""ec9a6c24308cb050a58472350a75689bc865751b1ac784a2f02e7bd56cedae61"",""export_source_row"":6810,""source_row"":7031}]",True,False,,unresolved_upstream_competing_values
CHTS,CHTS-0687,[28203],"[""FTIR""]",[218],"[""Ambient local""]","[0.06, 1.63]","[{""export_file"":""\/Users\/ahmadjalil\/github\/aethmodular\/research\/filter_combine\/FilterBased_ChemSpecPM25_CHTS.csv"",""export_sha256"":""ec9a6c24308cb050a58472350a75689bc865751b1ac784a2f02e7bd56cedae61"",""export_source_row"":6850,""source_row"":7086},{""export_file"":""\/Users\/ahmadjalil\/github\/aethmodular\/research\/filter_combine\/FilterBased_ChemSpecPM25_CHTS.csv"",""export_sha256"":""ec9a6c24308cb050a58472350a75689bc865751b1ac784a2f02e7bd56cedae61"",""export_source_row"":6851,""source_row"":7087}]",True,False,,unresolved_upstream_competing_values
CHTS,CHTS-0690,[28203],"[""FTIR""]",[218],"[""Ambient local""]","[0.06, 2.86]","[{""export_file"":""\/Users\/ahmadjalil\/github\/aethmodular\/research\/filter_combine\/FilterBased_ChemSpecPM25_CHTS.csv"",""export_sha256"":""ec9a6c24308cb050a58472350a75689bc865751b1ac784a2f02e7bd56cedae61"",""export_source_row"":6926,""source_row"":7177},{""export_file"":""\/Users\/ahmadjalil\/github\/aethmodular\/research\/filter_combine\/FilterBased_ChemSpecPM25_CHTS.csv"",""export_sha256"":""ec9a6c24308cb050a58472350a75689bc865751b1ac784a2f02e7bd56cedae61"",""export_source_row"":6927,""source_row"":7178}]",True,False,,unresolved_upstream_competing_values
CHTS,CHTS-0691,[28203],"[""FTIR""]",[218],"[""Ambient local""]","[0.06, 1.35]","[{""export_file"":""\/Users\/ahmadjalil\/github\/aethmodular\/research\/filter_combine\/FilterBased_ChemSpecPM25_CHTS.csv"",""export_sha256"":""ec9a6c24308cb050a58472350a75689bc865751b1ac784a2f02e7bd56cedae61"",""export_source_row"":6966,""source_row"":7226},{""export_file"":""\/Users\/ahmadjalil\/github\/aethmodular\/research\/filter_combine\/FilterBased_ChemSpecPM25_CHTS.csv"",""export_sha256"":""ec9a6c24308cb050a58472350a75689bc865751b1ac784a2f02e7bd56cedae61"",""export_source_row"":6967,""source_row"":7227}]",True,False,,unresolved_upstream_competing_values
CHTS,CHTS-0692,[28203],"[""FTIR""]",[218],"[""Ambient local""]","[0.06, 2.87]","[{""export_file"":""\/Users\/ahmadjalil\/github\/aethmodular\/research\/filter_combine\/FilterBased_ChemSpecPM25_CHTS.csv"",""export_sha256"":""ec9a6c24308cb050a58472350a75689bc865751b1ac784a2f02e7bd56cedae61"",""export_source_row"":7006,""source_row"":7274},{""export_file"":""\/Users\/ahmadjalil\/github\/aethmodular\/research\/filter_combine\/FilterBased_ChemSpecPM25_CHTS.csv"",""export_sha256"":""ec9a6c24308cb050a58472350a75689bc865751b1ac784a2f02e7bd56cedae61"",""export_source_row"":7007,""source_row"":7275}]",True,False,,unresolved_upstream_competing_values
CHTS,CHTS-0693,[28203],"[""FTIR""]",[218],"[""Ambient local""]","[0.06, 2.5]","[{""export_file"":""\/Users\/ahmadjalil\/github\/aethmodular\/research\/filter_combine\/FilterBased_ChemSpecPM25_CHTS.csv"",""export_sha256"":""ec9a6c24308cb050a58472350a75689bc865751b1ac784a2f02e7bd56cedae61"",""export_source_row"":7047,""source_row"":7322},{""export_file"":""\/Users\/ahmadjalil\/github\/aethmodular\/research\/filter_combine\/FilterBased_ChemSpecPM25_CHTS.csv"",""export_sha256"":""ec9a6c24308cb050a58472350a75689bc865751b1ac784a2f02e7bd56cedae61"",""export_source_row"":7048,""source_row"":7323}]",True,False,,unresolved_upstream_competing_values
CHTS,CHTS-0694,[28203],"[""FTIR""]",[218],"[""Ambient local""]","[0.06, 6.63]","[{""export_file"":""\/Users\/ahmadjalil\/github\/aethmodular\/research\/filter_combine\/FilterBased_ChemSpecPM25_CHTS.csv"",""export_sha256"":""ec9a6c24308cb050a58472350a75689bc865751b1ac784a2f02e7bd56cedae61"",""export_source_row"":7088,""source_row"":7371},{""export_file"":""\/Users\/ahmadjalil\/github\/aethmodular\/research\/filter_combine\/FilterBased_ChemSpecPM25_CHTS.csv"",""export_sha256"":""ec9a6c24308cb050a58472350a75689bc865751b1ac784a2f02e7bd56cedae61"",""export_source_row"":7089,""source_row"":7372}]",True,False,,unresolved_upstream_competing_values
CHTS,CHTS-0695,[28203],"[""FTIR""]",[218],"[""Ambient local""]","[0.06, 4.39]","[{""export_file"":""\/Users\/ahmadjalil\/github\/aethmodular\/research\/filter_combine\/FilterBased_ChemSpecPM25_CHTS.csv"",""export_sha256"":""ec9a6c24308cb050a58472350a75689bc865751b1ac784a2f02e7bd56cedae61"",""export_source_row"":7128,""source_row"":7420},{""export_file"":""\/Users\/ahmadjalil\/github\/aethmodular\/research\/filter_combine\/FilterBased_ChemSpecPM25_CHTS.csv"",""export_sha256"":""ec9a6c24308cb050a58472350a75689bc865751b1ac784a2f02e7bd56cedae61"",""export_source_row"":7129,""source_row"":7421}]",True,False,,unresolved_upstream_competing_values
CHTS,CHTS-0698,[28203],"[""FTIR""]",[218],"[""Ambient local""]","[0.06, 0.34]","[{""export_file"":""\/Users\/ahmadjalil\/github\/aethmodular\/research\/filter_combine\/FilterBased_ChemSpecPM25_CHTS.csv"",""export_sha256"":""ec9a6c24308cb050a58472350a75689bc865751b1ac784a2f02e7bd56cedae61"",""export_source_row"":7205,""source_row"":7511},{""export_file"":""\/Users\/ahmadjalil\/github\/aethmodular\/research\/filter_combine\/FilterBased_ChemSpecPM25_CHTS.csv"",""export_sha256"":""ec9a6c24308cb050a58472350a75689bc865751b1ac784a2f02e7bd56cedae61"",""export_source_row"":7206,""source_row"":7512}]",True,False,,unresolved_upstream_competing_values
CHTS,CHTS-0699,[28203],"[""FTIR""]",[218],"[""Ambient local""]","[0.06, 0.61]","[{""export_file"":""\/Users\/ahmadjalil\/github\/aethmodular\/research\/filter_combine\/FilterBased_ChemSpecPM25_CHTS.csv"",""export_sha256"":""ec9a6c24308cb050a58472350a75689bc865751b1ac784a2f02e7bd56cedae61"",""export_source_row"":7246,""source_row"":7560},{""export_file"":""\/Users\/ahmadjalil\/github\/aethmodular\/research\/filter_combine\/FilterBased_ChemSpecPM25_CHTS.csv"",""export_sha256"":""ec9a6c24308cb050a58472350a75689bc865751b1ac784a2f02e7bd56cedae61"",""export_source_row"":7247,""source_row"":7561}]",True,False,,unresolved_upstream_competing_values
CHTS,CHTS-0700,[28203],"[""FTIR""]",[218],"[""Ambient local""]","[0.06, 0.44]","[{""export_file"":""\/Users\/ahmadjalil\/github\/aethmodular\/research\/filter_combine\/FilterBased_ChemSpecPM25_CHTS.csv"",""export_sha256"":""ec9a6c24308cb050a58472350a75689bc865751b1ac784a2f02e7bd56cedae61"",""export_source_row"":7287,""source_row"":7609},{""export_file"":""\/Users\/ahmadjalil\/github\/aethmodular\/research\/filter_combine\/FilterBased_ChemSpecPM25_CHTS.csv"",""export_sha256"":""ec9a6c24308cb050a58472350a75689bc865751b1ac784a2f02e7bd56cedae61"",""export_source_row"":7288,""source_row"":7610}]",True,False,,unresolved_upstream_competing_values
CHTS,CHTS-0701,[28203],"[""FTIR""]",[218],"[""Ambient local""]","[0.06, 0.87]","[{""export_file"":""\/Users\/ahmadjalil\/github\/aethmodular\/research\/filter_combine\/FilterBased_ChemSpecPM25_CHTS.csv"",""export_sha256"":""ec9a6c24308cb050a58472350a75689bc865751b1ac784a2f02e7bd56cedae61"",""export_source_row"":7328,""source_row"":7658},{""export_file"":""\/Users\/ahmadjalil\/github\/aethmodular\/research\/filter_combine\/FilterBased_ChemSpecPM25_CHTS.csv"",""export_sha256"":""ec9a6c24308cb050a58472350a75689bc865751b1ac784a2f02e7bd56cedae61"",""export_source_row"":7329,""source_row"":7659}]",True,False,,unresolved_upstream_competing_values
CHTS,CHTS-0702,[28203],"[""FTIR""]",[218],"[""Ambient local""]","[0.06, 0.54]","[{""export_file"":""\/Users\/ahmadjalil\/github\/aethmodular\/research\/filter_combine\/FilterBased_ChemSpecPM25_CHTS.csv"",""export_sha256"":""ec9a6c24308cb050a58472350a75689bc865751b1ac784a2f02e7bd56cedae61"",""export_source_row"":7369,""source_row"":7707},{""export_file"":""\/Users\/ahmadjalil\/github\/aethmodular\/research\/filter_combine\/FilterBased_ChemSpecPM25_CHTS.csv"",""export_sha256"":""ec9a6c24308cb050a58472350a75689bc865751b1ac784a2f02e7bd56cedae61"",""export_source_row"":7370,""source_row"":7708}]",True,False,,unresolved_upstream_competing_values
CHTS,CHTS-0703,[28203],"[""FTIR""]",[218],"[""Ambient local""]","[0.06, 0.21]","[{""export_file"":""\/Users\/ahmadjalil\/github\/aethmodular\/research\/filter_combine\/FilterBased_ChemSpecPM25_CHTS.csv"",""export_sha256"":""ec9a6c24308cb050a58472350a75689bc865751b1ac784a2f02e7bd56cedae61"",""export_source_row"":7409,""source_row"":7756},{""export_file"":""\/Users\/ahmadjalil\/github\/aethmodular\/research\/filter_combine\/FilterBased_ChemSpecPM25_CHTS.csv"",""export_sha256"":""ec9a6c24308cb050a58472350a75689bc865751b1ac784a2f02e7bd56cedae61"",""export_source_row"":7410,""source_row"":7757}]",True,False,,unresolved_upstream_competing_values
CHTS,CHTS-0730,[28203],"[""FTIR""]",[218],"[""Ambient local""]","[0.05, 0.07]","[{""export_file"":""\/Users\/ahmadjalil\/github\/aethmodular\/research\/filter_combine\/FilterBased_ChemSpecPM25_CHTS.csv"",""export_sha256"":""ec9a6c24308cb050a58472350a75689bc865751b1ac784a2f02e7bd56cedae61"",""export_source_row"":8243,""source_row"":9004},{""export_file"":""\/Users\/ahmadjalil\/github\/aethmodular\/research\/filter_combine\/FilterBased_ChemSpecPM25_CHTS.csv"",""export_sha256"":""ec9a6c24308cb050a58472350a75689bc865751b1ac784a2f02e7bd56cedae61"",""export_source_row"":8244,""source_row"":9005}]",True,False,,unresolved_upstream_competing_values
CHTS,CHTS-0731,[28203],"[""FTIR""]",[218],"[""Ambient local""]","[0.07, 0.67]","[{""export_file"":""\/Users\/ahmadjalil\/github\/aethmodular\/research\/filter_combine\/FilterBased_ChemSpecPM25_CHTS.csv"",""export_sha256"":""ec9a6c24308cb050a58472350a75689bc865751b1ac784a2f02e7bd56cedae61"",""export_source_row"":8283,""source_row"":9061},{""export_file"":""\/Users\/ahmadjalil\/github\/aethmodular\/research\/filter_combine\/FilterBased_ChemSpecPM25_CHTS.csv"",""export_sha256"":""ec9a6c24308cb050a58472350a75689bc865751b1ac784a2f02e7bd56cedae61"",""export_source_row"":8284,""source_row"":9062}]",True,False,,unresolved_upstream_competing_values
CHTS,CHTS-0732,[28203],"[""FTIR""]",[218],"[""Ambient local""]","[0.07, 2.51]","[{""export_file"":""\/Users\/ahmadjalil\/github\/aethmodular\/research\/filter_combine\/FilterBased_ChemSpecPM25_CHTS.csv"",""export_sha256"":""ec9a6c24308cb050a58472350a75689bc865751b1ac784a2f02e7bd56cedae61"",""export_source_row"":8324,""source_row"":9118},{""export_file"":""\/Users\/ahmadjalil\/github\/aethmodular\/research\/filter_combine\/FilterBased_ChemSpecPM25_CHTS.csv"",""export_sha256"":""ec9a6c24308cb050a58472350a75689bc865751b1ac784a2f02e7bd56cedae61"",""export_source_row"":8325,""source_row"":9119}]",True,False,,unresolved_upstream_competing_values
CHTS,CHTS-0733,[28203],"[""FTIR""]",[218],"[""Ambient local""]","[0.07, 1.89]","[{""export_file"":""\/Users\/ahmadjalil\/github\/aethmodular\/research\/filter_combine\/FilterBased_ChemSpecPM25_CHTS.csv"",""export_sha256"":""ec9a6c24308cb050a58472350a75689bc865751b1ac784a2f02e7bd56cedae61"",""export_source_row"":8365,""source_row"":9176},{""export_file"":""\/Users\/ahmadjalil\/github\/aethmodular\/research\/filter_combine\/FilterBased_ChemSpecPM25_CHTS.csv"",""export_sha256"":""ec9a6c24308cb050a58472350a75689bc865751b1ac784a2f02e7bd56cedae61"",""export_source_row"":8366,""source_row"":9177}]",True,False,,unresolved_upstream_competing_values
CHTS,CHTS-0734,[28203],"[""FTIR""]",[218],"[""Ambient local""]","[0.07, 1.53]","[{""export_file"":""\/Users\/ahmadjalil\/github\/aethmodular\/research\/filter_combine\/FilterBased_ChemSpecPM25_CHTS.csv"",""export_sha256"":""ec9a6c24308cb050a58472350a75689bc865751b1ac784a2f02e7bd56cedae61"",""export_source_row"":8406,""source_row"":9234},{""export_file"":""\/Users\/ahmadjalil\/github\/aethmodular\/research\/filter_combine\/FilterBased_ChemSpecPM25_CHTS.csv"",""export_sha256"":""ec9a6c24308cb050a58472350a75689bc865751b1ac784a2f02e7bd56cedae61"",""export_source_row"":8407,""source_row"":9235}]",True,False,,unresolved_upstream_competing_values
CHTS,CHTS-0735,[28203],"[""FTIR""]",[218],"[""Ambient local""]","[0.07, 0.38]","[{""export_file"":""\/Users\/ahmadjalil\/github\/aethmodular\/research\/filter_combine\/FilterBased_ChemSpecPM25_CHTS.csv"",""export_sha256"":""ec9a6c24308cb050a58472350a75689bc865751b1ac784a2f02e7bd56cedae61"",""export_source_row"":8446,""source_row"":9292},{""export_file"":""\/Users\/ahmadjalil\/github\/aethmodular\/research\/filter_combine\/FilterBased_ChemSpecPM25_CHTS.csv"",""export_sha256"":""ec9a6c24308cb050a58472350a75689bc865751b1ac784a2f02e7bd56cedae61"",""export_source_row"":8447,""source_row"":9293}]",True,False,,unresolved_upstream_competing_values
CHTS,CHTS-0737,[28203],"[""FTIR""]",[218],"[""Ambient local""]","[0.07, 2.56]","[{""export_file"":""\/Users\/ahmadjalil\/github\/aethmodular\/research\/filter_combine\/FilterBased_ChemSpecPM25_CHTS.csv"",""export_sha256"":""ec9a6c24308cb050a58472350a75689bc865751b1ac784a2f02e7bd56cedae61"",""export_source_row"":8487,""source_row"":9363},{""export_file"":""\/Users\/ahmadjalil\/github\/aethmodular\/research\/filter_combine\/FilterBased_ChemSpecPM25_CHTS.csv"",""export_sha256"":""ec9a6c24308cb050a58472350a75689bc865751b1ac784a2f02e7bd56cedae61"",""export_source_row"":8488,""source_row"":9364}]",True,False,,unresolved_upstream_competing_values
CHTS,CHTS-0738,[28203],"[""FTIR""]",[218],"[""Ambient local""]","[0.06, 1.51]","[{""export_file"":""\/Users\/ahmadjalil\/github\/aethmodular\/research\/filter_combine\/FilterBased_ChemSpecPM25_CHTS.csv"",""export_sha256"":""ec9a6c24308cb050a58472350a75689bc865751b1ac784a2f02e7bd56cedae61"",""export_source_row"":8528,""source_row"":9421},{""export_file"":""\/Users\/ahmadjalil\/github\/aethmodular\/research\/filter_combine\/FilterBased_ChemSpecPM25_CHTS.csv"",""export_sha256"":""ec9a6c24308cb050a58472350a75689bc865751b1ac784a2f02e7bd56cedae61"",""export_source_row"":8529,""source_row"":9422}]",True,False,,unresolved_upstream_competing_values
CHTS,CHTS-0739,[28203],"[""FTIR""]",[218],"[""Ambient local""]","[0.06, 0.87]","[{""export_file"":""\/Users\/ahmadjalil\/github\/aethmodular\/research\/filter_combine\/FilterBased_ChemSpecPM25_CHTS.csv"",""export_sha256"":""ec9a6c24308cb050a58472350a75689bc865751b1ac784a2f02e7bd56cedae61"",""export_source_row"":8569,""source_row"":9479},{""export_file"":""\/Users\/ahmadjalil\/github\/aethmodular\/research\/filter_combine\/FilterBased_ChemSpecPM25_CHTS.csv"",""export_sha256"":""ec9a6c24308cb050a58472350a75689bc865751b1ac784a2f02e7bd56cedae61"",""export_source_row"":8570,""source_row"":9480}]",True,False,,unresolved_upstream_competing_values
CHTS,CHTS-0740,[28203],"[""FTIR""]",[218],"[""Ambient local""]","[0.06, 1.23]","[{""export_file"":""\/Users\/ahmadjalil\/github\/aethmodular\/research\/filter_combine\/FilterBased_ChemSpecPM25_CHTS.csv"",""export_sha256"":""ec9a6c24308cb050a58472350a75689bc865751b1ac784a2f02e7bd56cedae61"",""export_source_row"":8610,""source_row"":9537},{""export_file"":""\/Users\/ahmadjalil\/github\/aethmodular\/research\/filter_combine\/FilterBased_ChemSpecPM25_CHTS.csv"",""export_sha256"":""ec9a6c24308cb050a58472350a75689bc865751b1ac784a2f02e7bd56cedae61"",""export_source_row"":8611,""source_row"":9538}]",True,False,,unresolved_upstream_competing_values
CHTS,CHTS-0741,[28203],"[""FTIR""]",[218],"[""Ambient local""]","[0.06, 1.21]","[{""export_file"":""\/Users\/ahmadjalil\/github\/aethmodular\/research\/filter_combine\/FilterBased_ChemSpecPM25_CHTS.csv"",""export_sha256"":""ec9a6c24308cb050a58472350a75689bc865751b1ac784a2f02e7bd56cedae61"",""export_source_row"":8651,""source_row"":9595},{""export_file"":""\/Users\/ahmadjalil\/github\/aethmodular\/research\/filter_combine\/FilterBased_ChemSpecPM25_CHTS.csv"",""export_sha256"":""ec9a6c24308cb050a58472350a75689bc865751b1ac784a2f02e7bd56cedae61"",""export_source_row"":8652,""source_row"":9596}]",True,False,,unresolved_upstream_competing_values
CHTS,CHTS-0742,[28203],"[""FTIR""]",[218],"[""Ambient local""]","[0.06, 0.45]","[{""export_file"":""\/Users\/ahmadjalil\/github\/aethmodular\/research\/filter_combine\/FilterBased_ChemSpecPM25_CHTS.csv"",""export_sha256"":""ec9a6c24308cb050a58472350a75689bc865751b1ac784a2f02e7bd56cedae61"",""export_source_row"":8692,""source_row"":9653},{""export_file"":""\/Users\/ahmadjalil\/github\/aethmodular\/research\/filter_combine\/FilterBased_ChemSpecPM25_CHTS.csv"",""export_sha256"":""ec9a6c24308cb050a58472350a75689bc865751b1ac784a2f02e7bd56cedae61"",""export_source_row"":8693,""source_row"":9654}]",True,False,,unresolved_upstream_competing_values
CHTS,CHTS-0743,[28203],"[""FTIR""]",[218],"[""Ambient local""]","[0.06, 0.59]","[{""export_file"":""\/Users\/ahmadjalil\/github\/aethmodular\/research\/filter_combine\/FilterBased_ChemSpecPM25_CHTS.csv"",""export_sha256"":""ec9a6c24308cb050a58472350a75689bc865751b1ac784a2f02e7bd56cedae61"",""export_source_row"":8732,""source_row"":9711},{""export_file"":""\/Users\/ahmadjalil\/github\/aethmodular\/research\/filter_combine\/FilterBased_ChemSpecPM25_CHTS.csv"",""export_sha256"":""ec9a6c24308cb050a58472350a75689bc865751b1ac784a2f02e7bd56cedae61"",""export_source_row"":8733,""source_row"":9712}]",True,False,,unresolved_upstream_competing_values
CHTS,CHTS-0745,[28203],"[""FTIR""]",[218],"[""Ambient local""]","[0.06, 2.03]","[{""export_file"":""\/Users\/ahmadjalil\/github\/aethmodular\/research\/filter_combine\/FilterBased_ChemSpecPM25_CHTS.csv"",""export_sha256"":""ec9a6c24308cb050a58472350a75689bc865751b1ac784a2f02e7bd56cedae61"",""export_source_row"":8773,""source_row"":9782},{""export_file"":""\/Users\/ahmadjalil\/github\/aethmodular\/research\/filter_combine\/FilterBased_ChemSpecPM25_CHTS.csv"",""export_sha256"":""ec9a6c24308cb050a58472350a75689bc865751b1ac784a2f02e7bd56cedae61"",""export_source_row"":8774,""source_row"":9783}]",True,False,,unresolved_upstream_competing_values
CHTS,CHTS-0746,[28203],"[""FTIR""]",[218],"[""Ambient local""]","[0.06, 1.22]","[{""export_file"":""\/Users\/ahmadjalil\/github\/aethmodular\/research\/filter_combine\/FilterBased_ChemSpecPM25_CHTS.csv"",""export_sha256"":""ec9a6c24308cb050a58472350a75689bc865751b1ac784a2f02e7bd56cedae61"",""export_source_row"":8814,""source_row"":9840},{""export_file"":""\/Users\/ahmadjalil\/github\/aethmodular\/research\/filter_combine\/FilterBased_ChemSpecPM25_CHTS.csv"",""export_sha256"":""ec9a6c24308cb050a58472350a75689bc865751b1ac784a2f02e7bd56cedae61"",""export_source_row"":8815,""source_row"":9841}]",True,False,,unresolved_upstream_competing_values
CHTS,CHTS-0747,[28203],"[""FTIR""]",[218],"[""Ambient local""]","[0.06, 2.1]","[{""export_file"":""\/Users\/ahmadjalil\/github\/aethmodular\/research\/filter_combine\/FilterBased_ChemSpecPM25_CHTS.csv"",""export_sha256"":""ec9a6c24308cb050a58472350a75689bc865751b1ac784a2f02e7bd56cedae61"",""export_source_row"":8855,""source_row"":9898},{""export_file"":""\/Users\/ahmadjalil\/github\/aethmodular\/research\/filter_combine\/FilterBased_ChemSpecPM25_CHTS.csv"",""export_sha256"":""ec9a6c24308cb050a58472350a75689bc865751b1ac784a2f02e7bd56cedae61"",""export_source_row"":8856,""source_row"":9899}]",True,False,,unresolved_upstream_competing_values
CHTS,CHTS-0748,[28203],"[""FTIR""]",[218],"[""Ambient local""]","[0.06, 2.34]","[{""export_file"":""\/Users\/ahmadjalil\/github\/aethmodular\/research\/filter_combine\/FilterBased_ChemSpecPM25_CHTS.csv"",""export_sha256"":""ec9a6c24308cb050a58472350a75689bc865751b1ac784a2f02e7bd56cedae61"",""export_source_row"":8895,""source_row"":9956},{""export_file"":""\/Users\/ahmadjalil\/github\/aethmodular\/research\/filter_combine\/FilterBased_ChemSpecPM25_CHTS.csv"",""export_sha256"":""ec9a6c24308cb050a58472350a75689bc865751b1ac784a2f02e7bd56cedae61"",""export_source_row"":8896,""source_row"":9957}]",True,False,,unresolved_upstream_competing_values
CHTS,CHTS-0749,[28203],"[""FTIR""]",[218],"[""Ambient local""]","[0.06, 1.06]","[{""export_file"":""\/Users\/ahmadjalil\/github\/aethmodular\/research\/filter_combine\/FilterBased_ChemSpecPM25_CHTS.csv"",""export_sha256"":""ec9a6c24308cb050a58472350a75689bc865751b1ac784a2f02e7bd56cedae61"",""export_source_row"":8936,""source_row"":10013},{""export_file"":""\/Users\/ahmadjalil\/github\/aethmodular\/research\/filter_combine\/FilterBased_ChemSpecPM25_CHTS.csv"",""export_sha256"":""ec9a6c24308cb050a58472350a75689bc865751b1ac784a2f02e7bd56cedae61"",""export_source_row"":8937,""source_row"":10014}]",True,False,,unresolved_upstream_competing_values
CHTS,CHTS-0750,[28203],"[""FTIR""]",[218],"[""Ambient local""]","[-0.01, 0.06]","[{""export_file"":""\/Users\/ahmadjalil\/github\/aethmodular\/research\/filter_combine\/FilterBased_ChemSpecPM25_CHTS.csv"",""export_sha256"":""ec9a6c24308cb050a58472350a75689bc865751b1ac784a2f02e7bd56cedae61"",""export_source_row"":8977,""source_row"":10071},{""export_file"":""\/Users\/ahmadjalil\/github\/aethmodular\/research\/filter_combine\/FilterBased_ChemSpecPM25_CHTS.csv"",""export_sha256"":""ec9a6c24308cb050a58472350a75689bc865751b1ac784a2f02e7bd56cedae61"",""export_source_row"":8978,""source_row"":10072}]",True,False,,unresolved_upstream_competing_values
CHTS,CHTS-0751,[28203],"[""FTIR""]",[218],"[""Ambient local""]","[0.06, 0.81]","[{""export_file"":""\/Users\/ahmadjalil\/github\/aethmodular\/research\/filter_combine\/FilterBased_ChemSpecPM25_CHTS.csv"",""export_sha256"":""ec9a6c24308cb050a58472350a75689bc865751b1ac784a2f02e7bd56cedae61"",""export_source_row"":9018,""source_row"":10129},{""export_file"":""\/Users\/ahmadjalil\/github\/aethmodular\/research\/filter_combine\/FilterBased_ChemSpecPM25_CHTS.csv"",""export_sha256"":""ec9a6c24308cb050a58472350a75689bc865751b1ac784a2f02e7bd56cedae61"",""export_source_row"":9019,""source_row"":10130}]",True,False,,unresolved_upstream_competing_values
CHTS,CHTS-0753,[28203],"[""FTIR""]",[218],"[""Ambient local""]","[0.06, 2.2]","[{""export_file"":""\/Users\/ahmadjalil\/github\/aethmodular\/research\/filter_combine\/FilterBased_ChemSpecPM25_CHTS.csv"",""export_sha256"":""ec9a6c24308cb050a58472350a75689bc865751b1ac784a2f02e7bd56cedae61"",""export_source_row"":9058,""source_row"":10201},{""export_file"":""\/Users\/ahmadjalil\/github\/aethmodular\/research\/filter_combine\/FilterBased_ChemSpecPM25_CHTS.csv"",""export_sha256"":""ec9a6c24308cb050a58472350a75689bc865751b1ac784a2f02e7bd56cedae61"",""export_source_row"":9059,""source_row"":10202}]",True,False,,unresolved_upstream_competing_values
CHTS,CHTS-0754,[28203],"[""FTIR""]",[218],"[""Ambient local""]","[0.06, 2.0]","[{""export_file"":""\/Users\/ahmadjalil\/github\/aethmodular\/research\/filter_combine\/FilterBased_ChemSpecPM25_CHTS.csv"",""export_sha256"":""ec9a6c24308cb050a58472350a75689bc865751b1ac784a2f02e7bd56cedae61"",""export_source_row"":9098,""source_row"":10258},{""export_file"":""\/Users\/ahmadjalil\/github\/aethmodular\/research\/filter_combine\/FilterBased_ChemSpecPM25_CHTS.csv"",""export_sha256"":""ec9a6c24308cb050a58472350a75689bc865751b1ac784a2f02e7bd56cedae61"",""export_source_row"":9099,""source_row"":10259}]",True,False,,unresolved_upstream_competing_values
CHTS,CHTS-0755,[28203],"[""FTIR""]",[218],"[""Ambient local""]","[0.06, 0.64]","[{""export_file"":""\/Users\/ahmadjalil\/github\/aethmodular\/research\/filter_combine\/FilterBased_ChemSpecPM25_CHTS.csv"",""export_sha256"":""ec9a6c24308cb050a58472350a75689bc865751b1ac784a2f02e7bd56cedae61"",""export_source_row"":9139,""source_row"":10315},{""export_file"":""\/Users\/ahmadjalil\/github\/aethmodular\/research\/filter_combine\/FilterBased_ChemSpecPM25_CHTS.csv"",""export_sha256"":""ec9a6c24308cb050a58472350a75689bc865751b1ac784a2f02e7bd56cedae61"",""export_source_row"":9140,""source_row"":10316}]",True,False,,unresolved_upstream_competing_values
CHTS,CHTS-0756,[28203],"[""FTIR""]",[218],"[""Ambient local""]","[0.06, 0.61]","[{""export_file"":""\/Users\/ahmadjalil\/github\/aethmodular\/research\/filter_combine\/FilterBased_ChemSpecPM25_CHTS.csv"",""export_sha256"":""ec9a6c24308cb050a58472350a75689bc865751b1ac784a2f02e7bd56cedae61"",""export_source_row"":9180,""source_row"":10373},{""export_file"":""\/Users\/ahmadjalil\/github\/aethmodular\/research\/filter_combine\/FilterBased_ChemSpecPM25_CHTS.csv"",""export_sha256"":""ec9a6c24308cb050a58472350a75689bc865751b1ac784a2f02e7bd56cedae61"",""export_source_row"":9181,""source_row"":10374}]",True,False,,unresolved_upstream_competing_values
CHTS,CHTS-0757,[28203],"[""FTIR""]",[218],"[""Ambient local""]","[0.06, 0.51]","[{""export_file"":""\/Users\/ahmadjalil\/github\/aethmodular\/research\/filter_combine\/FilterBased_ChemSpecPM25_CHTS.csv"",""export_sha256"":""ec9a6c24308cb050a58472350a75689bc865751b1ac784a2f02e7bd56cedae61"",""export_source_row"":9220,""source_row"":10431},{""export_file"":""\/Users\/ahmadjalil\/github\/aethmodular\/research\/filter_combine\/FilterBased_ChemSpecPM25_CHTS.csv"",""export_sha256"":""ec9a6c24308cb050a58472350a75689bc865751b1ac784a2f02e7bd56cedae61"",""export_source_row"":9221,""source_row"":10432}]",True,False,,unresolved_upstream_competing_values
CHTS,CHTS-0758,[28203],"[""FTIR""]",[218],"[""Ambient local""]","[0.06, 0.67]","[{""export_file"":""\/Users\/ahmadjalil\/github\/aethmodular\/research\/filter_combine\/FilterBased_ChemSpecPM25_CHTS.csv"",""export_sha256"":""ec9a6c24308cb050a58472350a75689bc865751b1ac784a2f02e7bd56cedae61"",""export_source_row"":9260,""source_row"":10488},{""export_file"":""\/Users\/ahmadjalil\/github\/aethmodular\/research\/filter_combine\/FilterBased_ChemSpecPM25_CHTS.csv"",""export_sha256"":""ec9a6c24308cb050a58472350a75689bc865751b1ac784a2f02e7bd56cedae61"",""export_source_row"":9261,""source_row"":10489}]",True,False,,unresolved_upstream_competing_values
CHTS,CHTS-0759,[28203],"[""FTIR""]",[218],"[""Ambient local""]","[0.06, 1.24]","[{""export_file"":""\/Users\/ahmadjalil\/github\/aethmodular\/research\/filter_combine\/FilterBased_ChemSpecPM25_CHTS.csv"",""export_sha256"":""ec9a6c24308cb050a58472350a75689bc865751b1ac784a2f02e7bd56cedae61"",""export_source_row"":9300,""source_row"":10545},{""export_file"":""\/Users\/ahmadjalil\/github\/aethmodular\/research\/filter_combine\/FilterBased_ChemSpecPM25_CHTS.csv"",""export_sha256"":""ec9a6c24308cb050a58472350a75689bc865751b1ac784a2f02e7bd56cedae61"",""export_source_row"":9301,""source_row"":10546}]",True,False,,unresolved_upstream_competing_values
CHTS,CHTS-0761,[28203],"[""FTIR""]",[218],"[""Ambient local""]","[0.06, 1.96]","[{""export_file"":""\/Users\/ahmadjalil\/github\/aethmodular\/research\/filter_combine\/FilterBased_ChemSpecPM25_CHTS.csv"",""export_sha256"":""ec9a6c24308cb050a58472350a75689bc865751b1ac784a2f02e7bd56cedae61"",""export_source_row"":9340,""source_row"":10616},{""export_file"":""\/Users\/ahmadjalil\/github\/aethmodular\/research\/filter_combine\/FilterBased_ChemSpecPM25_CHTS.csv"",""export_sha256"":""ec9a6c24308cb050a58472350a75689bc865751b1ac784a2f02e7bd56cedae61"",""export_source_row"":9341,""source_row"":10617}]",True,False,,unresolved_upstream_competing_values
CHTS,CHTS-0762,[28203],"[""FTIR""]",[218],"[""Ambient local""]","[0.06, 0.99]","[{""export_file"":""\/Users\/ahmadjalil\/github\/aethmodular\/research\/filter_combine\/FilterBased_ChemSpecPM25_CHTS.csv"",""export_sha256"":""ec9a6c24308cb050a58472350a75689bc865751b1ac784a2f02e7bd56cedae61"",""export_source_row"":9381,""source_row"":10673},{""export_file"":""\/Users\/ahmadjalil\/github\/aethmodular\/research\/filter_combine\/FilterBased_ChemSpecPM25_CHTS.csv"",""export_sha256"":""ec9a6c24308cb050a58472350a75689bc865751b1ac784a2f02e7bd56cedae61"",""export_source_row"":9382,""source_row"":10674}]",True,False,,unresolved_upstream_competing_values
CHTS,CHTS-0763,[28203],"[""FTIR""]",[218],"[""Ambient local""]","[0.06, 1.95]","[{""export_file"":""\/Users\/ahmadjalil\/github\/aethmodular\/research\/filter_combine\/FilterBased_ChemSpecPM25_CHTS.csv"",""export_sha256"":""ec9a6c24308cb050a58472350a75689bc865751b1ac784a2f02e7bd56cedae61"",""export_source_row"":9422,""source_row"":10731},{""export_file"":""\/Users\/ahmadjalil\/github\/aethmodular\/research\/filter_combine\/FilterBased_ChemSpecPM25_CHTS.csv"",""export_sha256"":""ec9a6c24308cb050a58472350a75689bc865751b1ac784a2f02e7bd56cedae61"",""export_source_row"":9423,""source_row"":10732}]",True,False,,unresolved_upstream_competing_values
CHTS,CHTS-0764,[28203],"[""FTIR""]",[218],"[""Ambient local""]","[0.06, 1.33]","[{""export_file"":""\/Users\/ahmadjalil\/github\/aethmodular\/research\/filter_combine\/FilterBased_ChemSpecPM25_CHTS.csv"",""export_sha256"":""ec9a6c24308cb050a58472350a75689bc865751b1ac784a2f02e7bd56cedae61"",""export_source_row"":9463,""source_row"":10789},{""export_file"":""\/Users\/ahmadjalil\/github\/aethmodular\/research\/filter_combine\/FilterBased_ChemSpecPM25_CHTS.csv"",""export_sha256"":""ec9a6c24308cb050a58472350a75689bc865751b1ac784a2f02e7bd56cedae61"",""export_source_row"":9464,""source_row"":10790}]",True,False,,unresolved_upstream_competing_values
CHTS,CHTS-0765,[28203],"[""FTIR""]",[218],"[""Ambient local""]","[0.06, 1.69]","[{""export_file"":""\/Users\/ahmadjalil\/github\/aethmodular\/research\/filter_combine\/FilterBased_ChemSpecPM25_CHTS.csv"",""export_sha256"":""ec9a6c24308cb050a58472350a75689bc865751b1ac784a2f02e7bd56cedae61"",""export_source_row"":9504,""source_row"":10847},{""export_file"":""\/Users\/ahmadjalil\/github\/aethmodular\/research\/filter_combine\/FilterBased_ChemSpecPM25_CHTS.csv"",""export_sha256"":""ec9a6c24308cb050a58472350a75689bc865751b1ac784a2f02e7bd56cedae61"",""export_source_row"":9505,""source_row"":10848}]",True,False,,unresolved_upstream_competing_values
CHTS,CHTS-0766,[28203],"[""FTIR""]",[218],"[""Ambient local""]","[0.06, 1.64]","[{""export_file"":""\/Users\/ahmadjalil\/github\/aethmodular\/research\/filter_combine\/FilterBased_ChemSpecPM25_CHTS.csv"",""export_sha256"":""ec9a6c24308cb050a58472350a75689bc865751b1ac784a2f02e7bd56cedae61"",""export_source_row"":9545,""source_row"":10905},{""export_file"":""\/Users\/ahmadjalil\/github\/aethmodular\/research\/filter_combine\/FilterBased_ChemSpecPM25_CHTS.csv"",""export_sha256"":""ec9a6c24308cb050a58472350a75689bc865751b1ac784a2f02e7bd56cedae61"",""export_source_row"":9546,""source_row"":10906}]",True,False,,unresolved_upstream_competing_values
CHTS,CHTS-0767,[28203],"[""FTIR""]",[218],"[""Ambient local""]","[0.06, 0.74]","[{""export_file"":""\/Users\/ahmadjalil\/github\/aethmodular\/research\/filter_combine\/FilterBased_ChemSpecPM25_CHTS.csv"",""export_sha256"":""ec9a6c24308cb050a58472350a75689bc865751b1ac784a2f02e7bd56cedae61"",""export_source_row"":9586,""source_row"":10963},{""export_file"":""\/Users\/ahmadjalil\/github\/aethmodular\/research\/filter_combine\/FilterBased_ChemSpecPM25_CHTS.csv"",""export_sha256"":""ec9a6c24308cb050a58472350a75689bc865751b1ac784a2f02e7bd56cedae61"",""export_source_row"":9587,""source_row"":10964}]",True,False,,unresolved_upstream_competing_values
CHTS,CHTS-0769,[28203],"[""FTIR""]",[218],"[""Ambient local""]","[0.06, 0.56]","[{""export_file"":""\/Users\/ahmadjalil\/github\/aethmodular\/research\/filter_combine\/FilterBased_ChemSpecPM25_CHTS.csv"",""export_sha256"":""ec9a6c24308cb050a58472350a75689bc865751b1ac784a2f02e7bd56cedae61"",""export_source_row"":9627,""source_row"":11035},{""export_file"":""\/Users\/ahmadjalil\/github\/aethmodular\/research\/filter_combine\/FilterBased_ChemSpecPM25_CHTS.csv"",""export_sha256"":""ec9a6c24308cb050a58472350a75689bc865751b1ac784a2f02e7bd56cedae61"",""export_source_row"":9628,""source_row"":11036}]",True,False,,unresolved_upstream_competing_values
CHTS,CHTS-0770,[28203],"[""FTIR""]",[218],"[""Ambient local""]","[0.06, 1.04]","[{""export_file"":""\/Users\/ahmadjalil\/github\/aethmodular\/research\/filter_combine\/FilterBased_ChemSpecPM25_CHTS.csv"",""export_sha256"":""ec9a6c24308cb050a58472350a75689bc865751b1ac784a2f02e7bd56cedae61"",""export_source_row"":9668,""source_row"":11093},{""export_file"":""\/Users\/ahmadjalil\/github\/aethmodular\/research\/filter_combine\/FilterBased_ChemSpecPM25_CHTS.csv"",""export_sha256"":""ec9a6c24308cb050a58472350a75689bc865751b1ac784a2f02e7bd56cedae61"",""export_source_row"":9669,""source_row"":11094}]",True,False,,unresolved_upstream_competing_values
CHTS,CHTS-0771,[28203],"[""FTIR""]",[218],"[""Ambient local""]","[0.06, 0.36]","[{""export_file"":""\/Users\/ahmadjalil\/github\/aethmodular\/research\/filter_combine\/FilterBased_ChemSpecPM25_CHTS.csv"",""export_sha256"":""ec9a6c24308cb050a58472350a75689bc865751b1ac784a2f02e7bd56cedae61"",""export_source_row"":9709,""source_row"":11151},{""export_file"":""\/Users\/ahmadjalil\/github\/aethmodular\/research\/filter_combine\/FilterBased_ChemSpecPM25_CHTS.csv"",""export_sha256"":""ec9a6c24308cb050a58472350a75689bc865751b1ac784a2f02e7bd56cedae61"",""export_source_row"":9710,""source_row"":11152}]",True,False,,unresolved_upstream_competing_values
CHTS,CHTS-0772,[28203],"[""FTIR""]",[218],"[""Ambient local""]","[0.06, 1.85]","[{""export_file"":""\/Users\/ahmadjalil\/github\/aethmodular\/research\/filter_combine\/FilterBased_ChemSpecPM25_CHTS.csv"",""export_sha256"":""ec9a6c24308cb050a58472350a75689bc865751b1ac784a2f02e7bd56cedae61"",""export_source_row"":9749,""source_row"":11209},{""export_file"":""\/Users\/ahmadjalil\/github\/aethmodular\/research\/filter_combine\/FilterBased_ChemSpecPM25_CHTS.csv"",""export_sha256"":""ec9a6c24308cb050a58472350a75689bc865751b1ac784a2f02e7bd56cedae61"",""export_source_row"":9750,""source_row"":11210}]",True,False,,unresolved_upstream_competing_values
CHTS,CHTS-0773,[28203],"[""FTIR""]",[218],"[""Ambient local""]","[0.06, 1.29]","[{""export_file"":""\/Users\/ahmadjalil\/github\/aethmodular\/research\/filter_combine\/FilterBased_ChemSpecPM25_CHTS.csv"",""export_sha256"":""ec9a6c24308cb050a58472350a75689bc865751b1ac784a2f02e7bd56cedae61"",""export_source_row"":9789,""source_row"":11266},{""export_file"":""\/Users\/ahmadjalil\/github\/aethmodular\/research\/filter_combine\/FilterBased_ChemSpecPM25_CHTS.csv"",""export_sha256"":""ec9a6c24308cb050a58472350a75689bc865751b1ac784a2f02e7bd56cedae61"",""export_source_row"":9790,""source_row"":11267}]",True,False,,unresolved_upstream_competing_values
CHTS,CHTS-0774,[28203],"[""FTIR""]",[218],"[""Ambient local""]","[0.06, 1.05]","[{""export_file"":""\/Users\/ahmadjalil\/github\/aethmodular\/research\/filter_combine\/FilterBased_ChemSpecPM25_CHTS.csv"",""export_sha256"":""ec9a6c24308cb050a58472350a75689bc865751b1ac784a2f02e7bd56cedae61"",""export_source_row"":9829,""source_row"":11323},{""export_file"":""\/Users\/ahmadjalil\/github\/aethmodular\/research\/filter_combine\/FilterBased_ChemSpecPM25_CHTS.csv"",""export_sha256"":""ec9a6c24308cb050a58472350a75689bc865751b1ac784a2f02e7bd56cedae61"",""export_source_row"":9830,""source_row"":11324}]",True,False,,unresolved_upstream_competing_values
CHTS,CHTS-0775,[28203],"[""FTIR""]",[218],"[""Ambient local""]","[0.06, 1.28]","[{""export_file"":""\/Users\/ahmadjalil\/github\/aethmodular\/research\/filter_combine\/FilterBased_ChemSpecPM25_CHTS.csv"",""export_sha256"":""ec9a6c24308cb050a58472350a75689bc865751b1ac784a2f02e7bd56cedae61"",""export_source_row"":9870,""source_row"":11380},{""export_file"":""\/Users\/ahmadjalil\/github\/aethmodular\/research\/filter_combine\/FilterBased_ChemSpecPM25_CHTS.csv"",""export_sha256"":""ec9a6c24308cb050a58472350a75689bc865751b1ac784a2f02e7bd56cedae61"",""export_source_row"":9871,""source_row"":11381}]",True,False,,unresolved_upstream_competing_values
CHTS,CHTS-0777,[28203],"[""FTIR""]",[218],"[""Ambient local""]","[0.06, 0.83]","[{""export_file"":""\/Users\/ahmadjalil\/github\/aethmodular\/research\/filter_combine\/FilterBased_ChemSpecPM25_CHTS.csv"",""export_sha256"":""ec9a6c24308cb050a58472350a75689bc865751b1ac784a2f02e7bd56cedae61"",""export_source_row"":9911,""source_row"":11452},{""export_file"":""\/Users\/ahmadjalil\/github\/aethmodular\/research\/filter_combine\/FilterBased_ChemSpecPM25_CHTS.csv"",""export_sha256"":""ec9a6c24308cb050a58472350a75689bc865751b1ac784a2f02e7bd56cedae61"",""export_source_row"":9912,""source_row"":11453}]",True,False,,unresolved_upstream_competing_values
CHTS,CHTS-0778,[28203],"[""FTIR""]",[218],"[""Ambient local""]","[0.06, 2.51]","[{""export_file"":""\/Users\/ahmadjalil\/github\/aethmodular\/research\/filter_combine\/FilterBased_ChemSpecPM25_CHTS.csv"",""export_sha256"":""ec9a6c24308cb050a58472350a75689bc865751b1ac784a2f02e7bd56cedae61"",""export_source_row"":9952,""source_row"":11510},{""export_file"":""\/Users\/ahmadjalil\/github\/aethmodular\/research\/filter_combine\/FilterBased_ChemSpecPM25_CHTS.csv"",""export_sha256"":""ec9a6c24308cb050a58472350a75689bc865751b1ac784a2f02e7bd56cedae61"",""export_source_row"":9953,""source_row"":11511}]",True,False,,unresolved_upstream_competing_values
CHTS,CHTS-0779,[28203],"[""FTIR""]",[218],"[""Ambient local""]","[0.06, 1.0]","[{""export_file"":""\/Users\/ahmadjalil\/github\/aethmodular\/research\/filter_combine\/FilterBased_ChemSpecPM25_CHTS.csv"",""export_sha256"":""ec9a6c24308cb050a58472350a75689bc865751b1ac784a2f02e7bd56cedae61"",""export_source_row"":9994,""source_row"":11568},{""export_file"":""\/Users\/ahmadjalil\/github\/aethmodular\/research\/filter_combine\/FilterBased_ChemSpecPM25_CHTS.csv"",""export_sha256"":""ec9a6c24308cb050a58472350a75689bc865751b1ac784a2f02e7bd56cedae61"",""export_source_row"":9995,""source_row"":11569}]",True,False,,unresolved_upstream_competing_values
CHTS,CHTS-0780,[28203],"[""FTIR""]",[218],"[""Ambient local""]","[0.06, 0.96]","[{""export_file"":""\/Users\/ahmadjalil\/github\/aethmodular\/research\/filter_combine\/FilterBased_ChemSpecPM25_CHTS.csv"",""export_sha256"":""ec9a6c24308cb050a58472350a75689bc865751b1ac784a2f02e7bd56cedae61"",""export_source_row"":10036,""source_row"":11627},{""export_file"":""\/Users\/ahmadjalil\/github\/aethmodular\/research\/filter_combine\/FilterBased_ChemSpecPM25_CHTS.csv"",""export_sha256"":""ec9a6c24308cb050a58472350a75689bc865751b1ac784a2f02e7bd56cedae61"",""export_source_row"":10037,""source_row"":11628}]",True,False,,unresolved_upstream_competing_values
CHTS,CHTS-0781,[28203],"[""FTIR""]",[218],"[""Ambient local""]","[0.06, 1.16]","[{""export_file"":""\/Users\/ahmadjalil\/github\/aethmodular\/research\/filter_combine\/FilterBased_ChemSpecPM25_CHTS.csv"",""export_sha256"":""ec9a6c24308cb050a58472350a75689bc865751b1ac784a2f02e7bd56cedae61"",""export_source_row"":10078,""source_row"":11686},{""export_file"":""\/Users\/ahmadjalil\/github\/aethmodular\/research\/filter_combine\/FilterBased_ChemSpecPM25_CHTS.csv"",""export_sha256"":""ec9a6c24308cb050a58472350a75689bc865751b1ac784a2f02e7bd56cedae61"",""export_source_row"":10079,""source_row"":11687}]",True,False,,unresolved_upstream_competing_values
CHTS,CHTS-0783,[28203],"[""FTIR""]",[218],"[""Ambient local""]","[0.06, 1.24]","[{""export_file"":""\/Users\/ahmadjalil\/github\/aethmodular\/research\/filter_combine\/FilterBased_ChemSpecPM25_CHTS.csv"",""export_sha256"":""ec9a6c24308cb050a58472350a75689bc865751b1ac784a2f02e7bd56cedae61"",""export_source_row"":10120,""source_row"":11762},{""export_file"":""\/Users\/ahmadjalil\/github\/aethmodular\/research\/filter_combine\/FilterBased_ChemSpecPM25_CHTS.csv"",""export_sha256"":""ec9a6c24308cb050a58472350a75689bc865751b1ac784a2f02e7bd56cedae61"",""export_source_row"":10121,""source_row"":11763}]",True,False,,unresolved_upstream_competing_values
CHTS,CHTS-0785,[28203],"[""FTIR""]",[218],"[""Ambient local""]","[0.06, 0.89]","[{""export_file"":""\/Users\/ahmadjalil\/github\/aethmodular\/research\/filter_combine\/FilterBased_ChemSpecPM25_CHTS.csv"",""export_sha256"":""ec9a6c24308cb050a58472350a75689bc865751b1ac784a2f02e7bd56cedae61"",""export_source_row"":10162,""source_row"":11835},{""export_file"":""\/Users\/ahmadjalil\/github\/aethmodular\/research\/filter_combine\/FilterBased_ChemSpecPM25_CHTS.csv"",""export_sha256"":""ec9a6c24308cb050a58472350a75689bc865751b1ac784a2f02e7bd56cedae61"",""export_source_row"":10163,""source_row"":11836}]",True,False,,unresolved_upstream_competing_values
CHTS,CHTS-0786,[28203],"[""FTIR""]",[218],"[""Ambient local""]","[0.06, 1.47]","[{""export_file"":""\/Users\/ahmadjalil\/github\/aethmodular\/research\/filter_combine\/FilterBased_ChemSpecPM25_CHTS.csv"",""export_sha256"":""ec9a6c24308cb050a58472350a75689bc865751b1ac784a2f02e7bd56cedae61"",""export_source_row"":10204,""source_row"":11894},{""export_file"":""\/Users\/ahmadjalil\/github\/aethmodular\/research\/filter_combine\/FilterBased_ChemSpecPM25_CHTS.csv"",""export_sha256"":""ec9a6c24308cb050a58472350a75689bc865751b1ac784a2f02e7bd56cedae61"",""export_source_row"":10205,""source_row"":11895}]",True,False,,unresolved_upstream_competing_values
CHTS,CHTS-0787,[28203],"[""FTIR""]",[218],"[""Ambient local""]","[0.06, 3.76]","[{""export_file"":""\/Users\/ahmadjalil\/github\/aethmodular\/research\/filter_combine\/FilterBased_ChemSpecPM25_CHTS.csv"",""export_sha256"":""ec9a6c24308cb050a58472350a75689bc865751b1ac784a2f02e7bd56cedae61"",""export_source_row"":10244,""source_row"":11953},{""export_file"":""\/Users\/ahmadjalil\/github\/aethmodular\/research\/filter_combine\/FilterBased_ChemSpecPM25_CHTS.csv"",""export_sha256"":""ec9a6c24308cb050a58472350a75689bc865751b1ac784a2f02e7bd56cedae61"",""export_source_row"":10245,""source_row"":11954}]",True,False,,unresolved_upstream_competing_values
CHTS,CHTS-0788,[28203],"[""FTIR""]",[218],"[""Ambient local""]","[0.06, 1.17]","[{""export_file"":""\/Users\/ahmadjalil\/github\/aethmodular\/research\/filter_combine\/FilterBased_ChemSpecPM25_CHTS.csv"",""export_sha256"":""ec9a6c24308cb050a58472350a75689bc865751b1ac784a2f02e7bd56cedae61"",""export_source_row"":10286,""source_row"":12010},{""export_file"":""\/Users\/ahmadjalil\/github\/aethmodular\/research\/filter_combine\/FilterBased_ChemSpecPM25_CHTS.csv"",""export_sha256"":""ec9a6c24308cb050a58472350a75689bc865751b1ac784a2f02e7bd56cedae61"",""export_source_row"":10287,""source_row"":12011}]",True,False,,unresolved_upstream_competing_values
CHTS,CHTS-0789,[28203],"[""FTIR""]",[218],"[""Ambient local""]","[0.06, 0.93]","[{""export_file"":""\/Users\/ahmadjalil\/github\/aethmodular\/research\/filter_combine\/FilterBased_ChemSpecPM25_CHTS.csv"",""export_sha256"":""ec9a6c24308cb050a58472350a75689bc865751b1ac784a2f02e7bd56cedae61"",""export_source_row"":10327,""source_row"":12069},{""export_file"":""\/Users\/ahmadjalil\/github\/aethmodular\/research\/filter_combine\/FilterBased_ChemSpecPM25_CHTS.csv"",""export_sha256"":""ec9a6c24308cb050a58472350a75689bc865751b1ac784a2f02e7bd56cedae61"",""export_source_row"":10328,""source_row"":12070}]",True,False,,unresolved_upstream_competing_values
CHTS,CHTS-0790,[28203],"[""FTIR""]",[218],"[""Ambient local""]","[0.06, 1.68]","[{""export_file"":""\/Users\/ahmadjalil\/github\/aethmodular\/research\/filter_combine\/FilterBased_ChemSpecPM25_CHTS.csv"",""export_sha256"":""ec9a6c24308cb050a58472350a75689bc865751b1ac784a2f02e7bd56cedae61"",""export_source_row"":10368,""source_row"":12127},{""export_file"":""\/Users\/ahmadjalil\/github\/aethmodular\/research\/filter_combine\/FilterBased_ChemSpecPM25_CHTS.csv"",""export_sha256"":""ec9a6c24308cb050a58472350a75689bc865751b1ac784a2f02e7bd56cedae61"",""export_source_row"":10369,""source_row"":12128}]",True,False,,unresolved_upstream_competing_values
CHTS,CHTS-0791,[28203],"[""FTIR""]",[218],"[""Ambient local""]","[0.06, 1.39]","[{""export_file"":""\/Users\/ahmadjalil\/github\/aethmodular\/research\/filter_combine\/FilterBased_ChemSpecPM25_CHTS.csv"",""export_sha256"":""ec9a6c24308cb050a58472350a75689bc865751b1ac784a2f02e7bd56cedae61"",""export_source_row"":10410,""source_row"":12185},{""export_file"":""\/Users\/ahmadjalil\/github\/aethmodular\/research\/filter_combine\/FilterBased_ChemSpecPM25_CHTS.csv"",""export_sha256"":""ec9a6c24308cb050a58472350a75689bc865751b1ac784a2f02e7bd56cedae61"",""export_source_row"":10411,""source_row"":12186}]",True,False,,unresolved_upstream_competing_values
CHTS,CHTS-0793,[28203],"[""FTIR""]",[218],"[""Ambient local""]","[0.06, 0.64]","[{""export_file"":""\/Users\/ahmadjalil\/github\/aethmodular\/research\/filter_combine\/FilterBased_ChemSpecPM25_CHTS.csv"",""export_sha256"":""ec9a6c24308cb050a58472350a75689bc865751b1ac784a2f02e7bd56cedae61"",""export_source_row"":10452,""source_row"":12258},{""export_file"":""\/Users\/ahmadjalil\/github\/aethmodular\/research\/filter_combine\/FilterBased_ChemSpecPM25_CHTS.csv"",""export_sha256"":""ec9a6c24308cb050a58472350a75689bc865751b1ac784a2f02e7bd56cedae61"",""export_source_row"":10453,""source_row"":12259}]",True,False,,unresolved_upstream_competing_values
CHTS,CHTS-0795,[28203],"[""FTIR""]",[218],"[""Ambient local""]","[0.06, 0.5]","[{""export_file"":""\/Users\/ahmadjalil\/github\/aethmodular\/research\/filter_combine\/FilterBased_ChemSpecPM25_CHTS.csv"",""export_sha256"":""ec9a6c24308cb050a58472350a75689bc865751b1ac784a2f02e7bd56cedae61"",""export_source_row"":10492,""source_row"":12317},{""export_file"":""\/Users\/ahmadjalil\/github\/aethmodular\/research\/filter_combine\/FilterBased_ChemSpecPM25_CHTS.csv"",""export_sha256"":""ec9a6c24308cb050a58472350a75689bc865751b1ac784a2f02e7bd56cedae61"",""export_source_row"":10493,""source_row"":12318}]",True,False,,unresolved_upstream_competing_values
CHTS,CHTS-0796,[28203],"[""FTIR""]",[218],"[""Ambient local""]","[0.06, 1.92]","[{""export_file"":""\/Users\/ahmadjalil\/github\/aethmodular\/research\/filter_combine\/FilterBased_ChemSpecPM25_CHTS.csv"",""export_sha256"":""ec9a6c24308cb050a58472350a75689bc865751b1ac784a2f02e7bd56cedae61"",""export_source_row"":10533,""source_row"":12374},{""export_file"":""\/Users\/ahmadjalil\/github\/aethmodular\/research\/filter_combine\/FilterBased_ChemSpecPM25_CHTS.csv"",""export_sha256"":""ec9a6c24308cb050a58472350a75689bc865751b1ac784a2f02e7bd56cedae61"",""export_source_row"":10534,""source_row"":12375}]",True,False,,unresolved_upstream_competing_values
CHTS,CHTS-0797,[28203],"[""FTIR""]",[218],"[""Ambient local""]","[0.06, 0.71]","[{""export_file"":""\/Users\/ahmadjalil\/github\/aethmodular\/research\/filter_combine\/FilterBased_ChemSpecPM25_CHTS.csv"",""export_sha256"":""ec9a6c24308cb050a58472350a75689bc865751b1ac784a2f02e7bd56cedae61"",""export_source_row"":10574,""source_row"":12432},{""export_file"":""\/Users\/ahmadjalil\/github\/aethmodular\/research\/filter_combine\/FilterBased_ChemSpecPM25_CHTS.csv"",""export_sha256"":""ec9a6c24308cb050a58472350a75689bc865751b1ac784a2f02e7bd56cedae61"",""export_source_row"":10575,""source_row"":12433}]",True,False,,unresolved_upstream_competing_values
CHTS,CHTS-0798,[28203],"[""FTIR""]",[218],"[""Ambient local""]","[0.06, 0.64]","[{""export_file"":""\/Users\/ahmadjalil\/github\/aethmodular\/research\/filter_combine\/FilterBased_ChemSpecPM25_CHTS.csv"",""export_sha256"":""ec9a6c24308cb050a58472350a75689bc865751b1ac784a2f02e7bd56cedae61"",""export_source_row"":10615,""source_row"":12490},{""export_file"":""\/Users\/ahmadjalil\/github\/aethmodular\/research\/filter_combine\/FilterBased_ChemSpecPM25_CHTS.csv"",""export_sha256"":""ec9a6c24308cb050a58472350a75689bc865751b1ac784a2f02e7bd56cedae61"",""export_source_row"":10616,""source_row"":12491}]",True,False,,unresolved_upstream_competing_values
CHTS,CHTS-0799,[28203],"[""FTIR""]",[218],"[""Ambient local""]","[0.06, 2.52]","[{""export_file"":""\/Users\/ahmadjalil\/github\/aethmodular\/research\/filter_combine\/FilterBased_ChemSpecPM25_CHTS.csv"",""export_sha256"":""ec9a6c24308cb050a58472350a75689bc865751b1ac784a2f02e7bd56cedae61"",""export_source_row"":10656,""source_row"":12548},{""export_file"":""\/Users\/ahmadjalil\/github\/aethmodular\/research\/filter_combine\/FilterBased_ChemSpecPM25_CHTS.csv"",""export_sha256"":""ec9a6c24308cb050a58472350a75689bc865751b1ac784a2f02e7bd56cedae61"",""export_source_row"":10657,""source_row"":12549}]",True,False,,unresolved_upstream_competing_values
CHTS,CHTS-0801,[28203],"[""FTIR""]",[218],"[""Ambient local""]","[0.06, 0.84]","[{""export_file"":""\/Users\/ahmadjalil\/github\/aethmodular\/research\/filter_combine\/FilterBased_ChemSpecPM25_CHTS.csv"",""export_sha256"":""ec9a6c24308cb050a58472350a75689bc865751b1ac784a2f02e7bd56cedae61"",""export_source_row"":10697,""source_row"":12620},{""export_file"":""\/Users\/ahmadjalil\/github\/aethmodular\/research\/filter_combine\/FilterBased_ChemSpecPM25_CHTS.csv"",""export_sha256"":""ec9a6c24308cb050a58472350a75689bc865751b1ac784a2f02e7bd56cedae61"",""export_source_row"":10698,""source_row"":12621}]",True,False,,unresolved_upstream_competing_values
CHTS,CHTS-0802,[28203],"[""FTIR""]",[218],"[""Ambient local""]","[0.06, 0.51]","[{""export_file"":""\/Users\/ahmadjalil\/github\/aethmodular\/research\/filter_combine\/FilterBased_ChemSpecPM25_CHTS.csv"",""export_sha256"":""ec9a6c24308cb050a58472350a75689bc865751b1ac784a2f02e7bd56cedae61"",""export_source_row"":10738,""source_row"":12678},{""export_file"":""\/Users\/ahmadjalil\/github\/aethmodular\/research\/filter_combine\/FilterBased_ChemSpecPM25_CHTS.csv"",""export_sha256"":""ec9a6c24308cb050a58472350a75689bc865751b1ac784a2f02e7bd56cedae61"",""export_source_row"":10739,""source_row"":12679}]",True,False,,unresolved_upstream_competing_values
CHTS,CHTS-0803,[28203],"[""FTIR""]",[218],"[""Ambient local""]","[0.06, 0.91]","[{""export_file"":""\/Users\/ahmadjalil\/github\/aethmodular\/research\/filter_combine\/FilterBased_ChemSpecPM25_CHTS.csv"",""export_sha256"":""ec9a6c24308cb050a58472350a75689bc865751b1ac784a2f02e7bd56cedae61"",""export_source_row"":10780,""source_row"":12736},{""export_file"":""\/Users\/ahmadjalil\/github\/aethmodular\/research\/filter_combine\/FilterBased_ChemSpecPM25_CHTS.csv"",""export_sha256"":""ec9a6c24308cb050a58472350a75689bc865751b1ac784a2f02e7bd56cedae61"",""export_source_row"":10781,""source_row"":12737}]",True,False,,unresolved_upstream_competing_values
CHTS,CHTS-0805,[28203],"[""FTIR""]",[218],"[""Ambient local""]","[0.06, 2.27]","[{""export_file"":""\/Users\/ahmadjalil\/github\/aethmodular\/research\/filter_combine\/FilterBased_ChemSpecPM25_CHTS.csv"",""export_sha256"":""ec9a6c24308cb050a58472350a75689bc865751b1ac784a2f02e7bd56cedae61"",""export_source_row"":10821,""source_row"":12795},{""export_file"":""\/Users\/ahmadjalil\/github\/aethmodular\/research\/filter_combine\/FilterBased_ChemSpecPM25_CHTS.csv"",""export_sha256"":""ec9a6c24308cb050a58472350a75689bc865751b1ac784a2f02e7bd56cedae61"",""export_source_row"":10822,""source_row"":12796}]",True,False,,unresolved_upstream_competing_values
CHTS,CHTS-0806,[28203],"[""FTIR""]",[218],"[""Ambient local""]","[0.06, 3.17]","[{""export_file"":""\/Users\/ahmadjalil\/github\/aethmodular\/research\/filter_combine\/FilterBased_ChemSpecPM25_CHTS.csv"",""export_sha256"":""ec9a6c24308cb050a58472350a75689bc865751b1ac784a2f02e7bd56cedae61"",""export_source_row"":10863,""source_row"":12853},{""export_file"":""\/Users\/ahmadjalil\/github\/aethmodular\/research\/filter_combine\/FilterBased_ChemSpecPM25_CHTS.csv"",""export_sha256"":""ec9a6c24308cb050a58472350a75689bc865751b1ac784a2f02e7bd56cedae61"",""export_source_row"":10864,""source_row"":12854}]",True,False,,unresolved_upstream_competing_values
CHTS,CHTS-0807,[28203],"[""FTIR""]",[218],"[""Ambient local""]","[0.06, 0.8]","[{""export_file"":""\/Users\/ahmadjalil\/github\/aethmodular\/research\/filter_combine\/FilterBased_ChemSpecPM25_CHTS.csv"",""export_sha256"":""ec9a6c24308cb050a58472350a75689bc865751b1ac784a2f02e7bd56cedae61"",""export_source_row"":10905,""source_row"":12912},{""export_file"":""\/Users\/ahmadjalil\/github\/aethmodular\/research\/filter_combine\/FilterBased_ChemSpecPM25_CHTS.csv"",""export_sha256"":""ec9a6c24308cb050a58472350a75689bc865751b1ac784a2f02e7bd56cedae61"",""export_source_row"":10906,""source_row"":12913}]",True,False,,unresolved_upstream_competing_values
CHTS,CHTS-0809,[28203],"[""FTIR""]",[218],"[""Ambient local""]","[0.06, 0.48]","[{""export_file"":""\/Users\/ahmadjalil\/github\/aethmodular\/research\/filter_combine\/FilterBased_ChemSpecPM25_CHTS.csv"",""export_sha256"":""ec9a6c24308cb050a58472350a75689bc865751b1ac784a2f02e7bd56cedae61"",""export_source_row"":10946,""source_row"":12985},{""export_file"":""\/Users\/ahmadjalil\/github\/aethmodular\/research\/filter_combine\/FilterBased_ChemSpecPM25_CHTS.csv"",""export_sha256"":""ec9a6c24308cb050a58472350a75689bc865751b1ac784a2f02e7bd56cedae61"",""export_source_row"":10947,""source_row"":12986}]",True,False,,unresolved_upstream_competing_values
CHTS,CHTS-0810,[28203],"[""FTIR""]",[218],"[""Ambient local""]","[0.06, 0.31]","[{""export_file"":""\/Users\/ahmadjalil\/github\/aethmodular\/research\/filter_combine\/FilterBased_ChemSpecPM25_CHTS.csv"",""export_sha256"":""ec9a6c24308cb050a58472350a75689bc865751b1ac784a2f02e7bd56cedae61"",""export_source_row"":10986,""source_row"":13043},{""export_file"":""\/Users\/ahmadjalil\/github\/aethmodular\/research\/filter_combine\/FilterBased_ChemSpecPM25_CHTS.csv"",""export_sha256"":""ec9a6c24308cb050a58472350a75689bc865751b1ac784a2f02e7bd56cedae61"",""export_source_row"":10987,""source_row"":13044}]",True,False,,unresolved_upstream_competing_values
CHTS,CHTS-0811,[28203],"[""FTIR""]",[218],"[""Ambient local""]","[0.06, 0.48]","[{""export_file"":""\/Users\/ahmadjalil\/github\/aethmodular\/research\/filter_combine\/FilterBased_ChemSpecPM25_CHTS.csv"",""export_sha256"":""ec9a6c24308cb050a58472350a75689bc865751b1ac784a2f02e7bd56cedae61"",""export_source_row"":11027,""source_row"":13100},{""export_file"":""\/Users\/ahmadjalil\/github\/aethmodular\/research\/filter_combine\/FilterBased_ChemSpecPM25_CHTS.csv"",""export_sha256"":""ec9a6c24308cb050a58472350a75689bc865751b1ac784a2f02e7bd56cedae61"",""export_source_row"":11028,""source_row"":13101}]",True,False,,unresolved_upstream_competing_values
CHTS,CHTS-0812,[28203],"[""FTIR""]",[218],"[""Ambient local""]","[0.06, 1.11]","[{""export_file"":""\/Users\/ahmadjalil\/github\/aethmodular\/research\/filter_combine\/FilterBased_ChemSpecPM25_CHTS.csv"",""export_sha256"":""ec9a6c24308cb050a58472350a75689bc865751b1ac784a2f02e7bd56cedae61"",""export_source_row"":11068,""source_row"":13158},{""export_file"":""\/Users\/ahmadjalil\/github\/aethmodular\/research\/filter_combine\/FilterBased_ChemSpecPM25_CHTS.csv"",""export_sha256"":""ec9a6c24308cb050a58472350a75689bc865751b1ac784a2f02e7bd56cedae61"",""export_source_row"":11069,""source_row"":13159}]",True,False,,unresolved_upstream_competing_values
CHTS,CHTS-0813,[28203],"[""FTIR""]",[218],"[""Ambient local""]","[0.06, 1.6]","[{""export_file"":""\/Users\/ahmadjalil\/github\/aethmodular\/research\/filter_combine\/FilterBased_ChemSpecPM25_CHTS.csv"",""export_sha256"":""ec9a6c24308cb050a58472350a75689bc865751b1ac784a2f02e7bd56cedae61"",""export_source_row"":11109,""source_row"":13216},{""export_file"":""\/Users\/ahmadjalil\/github\/aethmodular\/research\/filter_combine\/FilterBased_ChemSpecPM25_CHTS.csv"",""export_sha256"":""ec9a6c24308cb050a58472350a75689bc865751b1ac784a2f02e7bd56cedae61"",""export_source_row"":11110,""source_row"":13217}]",True,False,,unresolved_upstream_competing_values
CHTS,CHTS-0815,[28203],"[""FTIR""]",[218],"[""Ambient local""]","[0.06, 1.11]","[{""export_file"":""\/Users\/ahmadjalil\/github\/aethmodular\/research\/filter_combine\/FilterBased_ChemSpecPM25_CHTS.csv"",""export_sha256"":""ec9a6c24308cb050a58472350a75689bc865751b1ac784a2f02e7bd56cedae61"",""export_source_row"":11150,""source_row"":13274},{""export_file"":""\/Users\/ahmadjalil\/github\/aethmodular\/research\/filter_combine\/FilterBased_ChemSpecPM25_CHTS.csv"",""export_sha256"":""ec9a6c24308cb050a58472350a75689bc865751b1ac784a2f02e7bd56cedae61"",""export_source_row"":11151,""source_row"":13275}]",True,False,,unresolved_upstream_competing_values
CHTS,CHTS-0817,[28203],"[""FTIR""]",[218],"[""Ambient local""]","[0.06, 0.46]","[{""export_file"":""\/Users\/ahmadjalil\/github\/aethmodular\/research\/filter_combine\/FilterBased_ChemSpecPM25_CHTS.csv"",""export_sha256"":""ec9a6c24308cb050a58472350a75689bc865751b1ac784a2f02e7bd56cedae61"",""export_source_row"":11191,""source_row"":13346},{""export_file"":""\/Users\/ahmadjalil\/github\/aethmodular\/research\/filter_combine\/FilterBased_ChemSpecPM25_CHTS.csv"",""export_sha256"":""ec9a6c24308cb050a58472350a75689bc865751b1ac784a2f02e7bd56cedae61"",""export_source_row"":11192,""source_row"":13347}]",True,False,,unresolved_upstream_competing_values
CHTS,CHTS-0825,[28203],"[""FTIR""]",[218],"[""Ambient local""]","[0.06, 1.39]","[{""export_file"":""\/Users\/ahmadjalil\/github\/aethmodular\/research\/filter_combine\/FilterBased_ChemSpecPM25_CHTS.csv"",""export_sha256"":""ec9a6c24308cb050a58472350a75689bc865751b1ac784a2f02e7bd56cedae61"",""export_source_row"":11231,""source_row"":13520},{""export_file"":""\/Users\/ahmadjalil\/github\/aethmodular\/research\/filter_combine\/FilterBased_ChemSpecPM25_CHTS.csv"",""export_sha256"":""ec9a6c24308cb050a58472350a75689bc865751b1ac784a2f02e7bd56cedae61"",""export_source_row"":11232,""source_row"":13521}]",True,False,,unresolved_upstream_competing_values
CHTS,CHTS-0826,[28203],"[""FTIR""]",[218],"[""Ambient local""]","[0.06, 1.22]","[{""export_file"":""\/Users\/ahmadjalil\/github\/aethmodular\/research\/filter_combine\/FilterBased_ChemSpecPM25_CHTS.csv"",""export_sha256"":""ec9a6c24308cb050a58472350a75689bc865751b1ac784a2f02e7bd56cedae61"",""export_source_row"":11922,""source_row"":13580},{""export_file"":""\/Users\/ahmadjalil\/github\/aethmodular\/research\/filter_combine\/FilterBased_ChemSpecPM25_CHTS.csv"",""export_sha256"":""ec9a6c24308cb050a58472350a75689bc865751b1ac784a2f02e7bd56cedae61"",""export_source_row"":11923,""source_row"":13581}]",True,False,,unresolved_upstream_competing_values
CHTS,CHTS-0827,[28203],"[""FTIR""]",[218],"[""Ambient local""]","[0.06, 2.26]","[{""export_file"":""\/Users\/ahmadjalil\/github\/aethmodular\/research\/filter_combine\/FilterBased_ChemSpecPM25_CHTS.csv"",""export_sha256"":""ec9a6c24308cb050a58472350a75689bc865751b1ac784a2f02e7bd56cedae61"",""export_source_row"":11970,""source_row"":13644},{""export_file"":""\/Users\/ahmadjalil\/github\/aethmodular\/research\/filter_combine\/FilterBased_ChemSpecPM25_CHTS.csv"",""export_sha256"":""ec9a6c24308cb050a58472350a75689bc865751b1ac784a2f02e7bd56cedae61"",""export_source_row"":11971,""source_row"":13645}]",True,False,,unresolved_upstream_competing_values
CHTS,CHTS-0828,[28203],"[""FTIR""]",[218],"[""Ambient local""]","[0.06, 1.03]","[{""export_file"":""\/Users\/ahmadjalil\/github\/aethmodular\/research\/filter_combine\/FilterBased_ChemSpecPM25_CHTS.csv"",""export_sha256"":""ec9a6c24308cb050a58472350a75689bc865751b1ac784a2f02e7bd56cedae61"",""export_source_row"":12019,""source_row"":13709},{""export_file"":""\/Users\/ahmadjalil\/github\/aethmodular\/research\/filter_combine\/FilterBased_ChemSpecPM25_CHTS.csv"",""export_sha256"":""ec9a6c24308cb050a58472350a75689bc865751b1ac784a2f02e7bd56cedae61"",""export_source_row"":12020,""source_row"":13710}]",True,False,,unresolved_upstream_competing_values
CHTS,CHTS-0829,[28203],"[""FTIR""]",[218],"[""Ambient local""]","[0.06, 1.38]","[{""export_file"":""\/Users\/ahmadjalil\/github\/aethmodular\/research\/filter_combine\/FilterBased_ChemSpecPM25_CHTS.csv"",""export_sha256"":""ec9a6c24308cb050a58472350a75689bc865751b1ac784a2f02e7bd56cedae61"",""export_source_row"":12067,""source_row"":13775},{""export_file"":""\/Users\/ahmadjalil\/github\/aethmodular\/research\/filter_combine\/FilterBased_ChemSpecPM25_CHTS.csv"",""export_sha256"":""ec9a6c24308cb050a58472350a75689bc865751b1ac784a2f02e7bd56cedae61"",""export_source_row"":12068,""source_row"":13776}]",True,False,,unresolved_upstream_competing_values
CHTS,CHTS-0830,[28203],"[""FTIR""]",[218],"[""Ambient local""]","[0.06, 0.52]","[{""export_file"":""\/Users\/ahmadjalil\/github\/aethmodular\/research\/filter_combine\/FilterBased_ChemSpecPM25_CHTS.csv"",""export_sha256"":""ec9a6c24308cb050a58472350a75689bc865751b1ac784a2f02e7bd56cedae61"",""export_source_row"":12116,""source_row"":13842},{""export_file"":""\/Users\/ahmadjalil\/github\/aethmodular\/research\/filter_combine\/FilterBased_ChemSpecPM25_CHTS.csv"",""export_sha256"":""ec9a6c24308cb050a58472350a75689bc865751b1ac784a2f02e7bd56cedae61"",""export_source_row"":12117,""source_row"":13843}]",True,False,,unresolved_upstream_competing_values
CHTS,CHTS-0831,[28203],"[""FTIR""]",[218],"[""Ambient local""]","[0.06, 4.06]","[{""export_file"":""\/Users\/ahmadjalil\/github\/aethmodular\/research\/filter_combine\/FilterBased_ChemSpecPM25_CHTS.csv"",""export_sha256"":""ec9a6c24308cb050a58472350a75689bc865751b1ac784a2f02e7bd56cedae61"",""export_source_row"":12163,""source_row"":13906},{""export_file"":""\/Users\/ahmadjalil\/github\/aethmodular\/research\/filter_combine\/FilterBased_ChemSpecPM25_CHTS.csv"",""export_sha256"":""ec9a6c24308cb050a58472350a75689bc865751b1ac784a2f02e7bd56cedae61"",""export_source_row"":12164,""source_row"":13907}]",True,False,,unresolved_upstream_competing_values
CHTS,CHTS-0833,[28203],"[""FTIR""]",[218],"[""Ambient local""]","[0.06, 0.94]","[{""export_file"":""\/Users\/ahmadjalil\/github\/aethmodular\/research\/filter_combine\/FilterBased_ChemSpecPM25_CHTS.csv"",""export_sha256"":""ec9a6c24308cb050a58472350a75689bc865751b1ac784a2f02e7bd56cedae61"",""export_source_row"":12210,""source_row"":13983},{""export_file"":""\/Users\/ahmadjalil\/github\/aethmodular\/research\/filter_combine\/FilterBased_ChemSpecPM25_CHTS.csv"",""export_sha256"":""ec9a6c24308cb050a58472350a75689bc865751b1ac784a2f02e7bd56cedae61"",""export_source_row"":12211,""source_row"":13984}]",True,False,,unresolved_upstream_competing_values
CHTS,CHTS-0834,[28203],"[""FTIR""]",[218],"[""Ambient local""]","[0.06, 0.76]","[{""export_file"":""\/Users\/ahmadjalil\/github\/aethmodular\/research\/filter_combine\/FilterBased_ChemSpecPM25_CHTS.csv"",""export_sha256"":""ec9a6c24308cb050a58472350a75689bc865751b1ac784a2f02e7bd56cedae61"",""export_source_row"":11272,""source_row"":14047},{""export_file"":""\/Users\/ahmadjalil\/github\/aethmodular\/research\/filter_combine\/FilterBased_ChemSpecPM25_CHTS.csv"",""export_sha256"":""ec9a6c24308cb050a58472350a75689bc865751b1ac784a2f02e7bd56cedae61"",""export_source_row"":11273,""source_row"":14048}]",True,False,,unresolved_upstream_competing_values
CHTS,CHTS-0835,[28203],"[""FTIR""]",[218],"[""Ambient local""]","[0.06, 4.12]","[{""export_file"":""\/Users\/ahmadjalil\/github\/aethmodular\/research\/filter_combine\/FilterBased_ChemSpecPM25_CHTS.csv"",""export_sha256"":""ec9a6c24308cb050a58472350a75689bc865751b1ac784a2f02e7bd56cedae61"",""export_source_row"":11319,""source_row"":14111},{""export_file"":""\/Users\/ahmadjalil\/github\/aethmodular\/research\/filter_combine\/FilterBased_ChemSpecPM25_CHTS.csv"",""export_sha256"":""ec9a6c24308cb050a58472350a75689bc865751b1ac784a2f02e7bd56cedae61"",""export_source_row"":11320,""source_row"":14112}]",True,False,,unresolved_upstream_competing_values
CHTS,CHTS-0836,[28203],"[""FTIR""]",[218],"[""Ambient local""]","[0.06, 1.38]","[{""export_file"":""\/Users\/ahmadjalil\/github\/aethmodular\/research\/filter_combine\/FilterBased_ChemSpecPM25_CHTS.csv"",""export_sha256"":""ec9a6c24308cb050a58472350a75689bc865751b1ac784a2f02e7bd56cedae61"",""export_source_row"":11364,""source_row"":14173},{""export_file"":""\/Users\/ahmadjalil\/github\/aethmodular\/research\/filter_combine\/FilterBased_ChemSpecPM25_CHTS.csv"",""export_sha256"":""ec9a6c24308cb050a58472350a75689bc865751b1ac784a2f02e7bd56cedae61"",""export_source_row"":11365,""source_row"":14174}]",True,False,,unresolved_upstream_competing_values
CHTS,CHTS-0837,[28203],"[""FTIR""]",[218],"[""Ambient local""]","[0.06, 3.31]","[{""export_file"":""\/Users\/ahmadjalil\/github\/aethmodular\/research\/filter_combine\/FilterBased_ChemSpecPM25_CHTS.csv"",""export_sha256"":""ec9a6c24308cb050a58472350a75689bc865751b1ac784a2f02e7bd56cedae61"",""export_source_row"":11411,""source_row"":14237},{""export_file"":""\/Users\/ahmadjalil\/github\/aethmodular\/research\/filter_combine\/FilterBased_ChemSpecPM25_CHTS.csv"",""export_sha256"":""ec9a6c24308cb050a58472350a75689bc865751b1ac784a2f02e7bd56cedae61"",""export_source_row"":11412,""source_row"":14238}]",True,False,,unresolved_upstream_competing_values
CHTS,CHTS-0838,[28203],"[""FTIR""]",[218],"[""Ambient local""]","[0.06, 0.49]","[{""export_file"":""\/Users\/ahmadjalil\/github\/aethmodular\/research\/filter_combine\/FilterBased_ChemSpecPM25_CHTS.csv"",""export_sha256"":""ec9a6c24308cb050a58472350a75689bc865751b1ac784a2f02e7bd56cedae61"",""export_source_row"":11458,""source_row"":14301},{""export_file"":""\/Users\/ahmadjalil\/github\/aethmodular\/research\/filter_combine\/FilterBased_ChemSpecPM25_CHTS.csv"",""export_sha256"":""ec9a6c24308cb050a58472350a75689bc865751b1ac784a2f02e7bd56cedae61"",""export_source_row"":11459,""source_row"":14302}]",True,False,,unresolved_upstream_competing_values
CHTS,CHTS-0839,[28203],"[""FTIR""]",[218],"[""Ambient local""]","[0.06, 0.79]","[{""export_file"":""\/Users\/ahmadjalil\/github\/aethmodular\/research\/filter_combine\/FilterBased_ChemSpecPM25_CHTS.csv"",""export_sha256"":""ec9a6c24308cb050a58472350a75689bc865751b1ac784a2f02e7bd56cedae61"",""export_source_row"":11506,""source_row"":14366},{""export_file"":""\/Users\/ahmadjalil\/github\/aethmodular\/research\/filter_combine\/FilterBased_ChemSpecPM25_CHTS.csv"",""export_sha256"":""ec9a6c24308cb050a58472350a75689bc865751b1ac784a2f02e7bd56cedae61"",""export_source_row"":11507,""source_row"":14367}]",True,False,,unresolved_upstream_competing_values
CHTS,CHTS-0841,[28203],"[""FTIR""]",[218],"[""Ambient local""]","[0.06, 0.99]","[{""export_file"":""\/Users\/ahmadjalil\/github\/aethmodular\/research\/filter_combine\/FilterBased_ChemSpecPM25_CHTS.csv"",""export_sha256"":""ec9a6c24308cb050a58472350a75689bc865751b1ac784a2f02e7bd56cedae61"",""export_source_row"":11553,""source_row"":14444},{""export_file"":""\/Users\/ahmadjalil\/github\/aethmodular\/research\/filter_combine\/FilterBased_ChemSpecPM25_CHTS.csv"",""export_sha256"":""ec9a6c24308cb050a58472350a75689bc865751b1ac784a2f02e7bd56cedae61"",""export_source_row"":11554,""source_row"":14445}]",True,False,,unresolved_upstream_competing_values
CHTS,CHTS-0842,[28203],"[""FTIR""]",[218],"[""Ambient local""]","[0.06, 3.91]","[{""export_file"":""\/Users\/ahmadjalil\/github\/aethmodular\/research\/filter_combine\/FilterBased_ChemSpecPM25_CHTS.csv"",""export_sha256"":""ec9a6c24308cb050a58472350a75689bc865751b1ac784a2f02e7bd56cedae61"",""export_source_row"":11599,""source_row"":14508},{""export_file"":""\/Users\/ahmadjalil\/github\/aethmodular\/research\/filter_combine\/FilterBased_ChemSpecPM25_CHTS.csv"",""export_sha256"":""ec9a6c24308cb050a58472350a75689bc865751b1ac784a2f02e7bd56cedae61"",""export_source_row"":11600,""source_row"":14509}]",True,False,,unresolved_upstream_competing_values
CHTS,CHTS-0843,[28203],"[""FTIR""]",[218],"[""Ambient local""]","[0.06, 1.12]","[{""export_file"":""\/Users\/ahmadjalil\/github\/aethmodular\/research\/filter_combine\/FilterBased_ChemSpecPM25_CHTS.csv"",""export_sha256"":""ec9a6c24308cb050a58472350a75689bc865751b1ac784a2f02e7bd56cedae61"",""export_source_row"":11646,""source_row"":14571},{""export_file"":""\/Users\/ahmadjalil\/github\/aethmodular\/research\/filter_combine\/FilterBased_ChemSpecPM25_CHTS.csv"",""export_sha256"":""ec9a6c24308cb050a58472350a75689bc865751b1ac784a2f02e7bd56cedae61"",""export_source_row"":11647,""source_row"":14572}]",True,False,,unresolved_upstream_competing_values
CHTS,CHTS-0844,[28203],"[""FTIR""]",[218],"[""Ambient local""]","[0.06, 3.51]","[{""export_file"":""\/Users\/ahmadjalil\/github\/aethmodular\/research\/filter_combine\/FilterBased_ChemSpecPM25_CHTS.csv"",""export_sha256"":""ec9a6c24308cb050a58472350a75689bc865751b1ac784a2f02e7bd56cedae61"",""export_source_row"":11693,""source_row"":14635},{""export_file"":""\/Users\/ahmadjalil\/github\/aethmodular\/research\/filter_combine\/FilterBased_ChemSpecPM25_CHTS.csv"",""export_sha256"":""ec9a6c24308cb050a58472350a75689bc865751b1ac784a2f02e7bd56cedae61"",""export_source_row"":11694,""source_row"":14636}]",True,False,,unresolved_upstream_competing_values
CHTS,CHTS-0845,[28203],"[""FTIR""]",[218],"[""Ambient local""]","[0.06, 0.65]","[{""export_file"":""\/Users\/ahmadjalil\/github\/aethmodular\/research\/filter_combine\/FilterBased_ChemSpecPM25_CHTS.csv"",""export_sha256"":""ec9a6c24308cb050a58472350a75689bc865751b1ac784a2f02e7bd56cedae61"",""export_source_row"":11739,""source_row"":14698},{""export_file"":""\/Users\/ahmadjalil\/github\/aethmodular\/research\/filter_combine\/FilterBased_ChemSpecPM25_CHTS.csv"",""export_sha256"":""ec9a6c24308cb050a58472350a75689bc865751b1ac784a2f02e7bd56cedae61"",""export_source_row"":11740,""source_row"":14699}]",True,False,,unresolved_upstream_competing_values
CHTS,CHTS-0846,[28203],"[""FTIR""]",[218],"[""Ambient local""]","[0.06, 0.17]","[{""export_file"":""\/Users\/ahmadjalil\/github\/aethmodular\/research\/filter_combine\/FilterBased_ChemSpecPM25_CHTS.csv"",""export_sha256"":""ec9a6c24308cb050a58472350a75689bc865751b1ac784a2f02e7bd56cedae61"",""export_source_row"":11785,""source_row"":14762},{""export_file"":""\/Users\/ahmadjalil\/github\/aethmodular\/research\/filter_combine\/FilterBased_ChemSpecPM25_CHTS.csv"",""export_sha256"":""ec9a6c24308cb050a58472350a75689bc865751b1ac784a2f02e7bd56cedae61"",""export_source_row"":11786,""source_row"":14763}]",True,False,,unresolved_upstream_competing_values
CHTS,CHTS-0847,[28203],"[""FTIR""]",[218],"[""Ambient local""]","[0.06, 1.93]","[{""export_file"":""\/Users\/ahmadjalil\/github\/aethmodular\/research\/filter_combine\/FilterBased_ChemSpecPM25_CHTS.csv"",""export_sha256"":""ec9a6c24308cb050a58472350a75689bc865751b1ac784a2f02e7bd56cedae61"",""export_source_row"":11831,""source_row"":14825},{""export_file"":""\/Users\/ahmadjalil\/github\/aethmodular\/research\/filter_combine\/FilterBased_ChemSpecPM25_CHTS.csv"",""export_sha256"":""ec9a6c24308cb050a58472350a75689bc865751b1ac784a2f02e7bd56cedae61"",""export_source_row"":11832,""source_row"":14826}]",True,False,,unresolved_upstream_competing_values
CHTS,CHTS-0849,[28203],"[""FTIR""]",[218],"[""Ambient local""]","[0.06, 2.37]","[{""export_file"":""\/Users\/ahmadjalil\/github\/aethmodular\/research\/filter_combine\/FilterBased_ChemSpecPM25_CHTS.csv"",""export_sha256"":""ec9a6c24308cb050a58472350a75689bc865751b1ac784a2f02e7bd56cedae61"",""export_source_row"":11877,""source_row"":14901},{""export_file"":""\/Users\/ahmadjalil\/github\/aethmodular\/research\/filter_combine\/FilterBased_ChemSpecPM25_CHTS.csv"",""export_sha256"":""ec9a6c24308cb050a58472350a75689bc865751b1ac784a2f02e7bd56cedae61"",""export_source_row"":11878,""source_row"":14902}]",True,False,,unresolved_upstream_competing_values
CHTS,CHTS-0850,[28203],"[""FTIR""]",[218],"[""Ambient local""]","[0.06, 2.19]","[{""export_file"":""\/Users\/ahmadjalil\/github\/aethmodular\/research\/filter_combine\/FilterBased_ChemSpecPM25_CHTS.csv"",""export_sha256"":""ec9a6c24308cb050a58472350a75689bc865751b1ac784a2f02e7bd56cedae61"",""export_source_row"":12256,""source_row"":14963},{""export_file"":""\/Users\/ahmadjalil\/github\/aethmodular\/research\/filter_combine\/FilterBased_ChemSpecPM25_CHTS.csv"",""export_sha256"":""ec9a6c24308cb050a58472350a75689bc865751b1ac784a2f02e7bd56cedae61"",""export_source_row"":12257,""source_row"":14964}]",True,False,,unresolved_upstream_competing_values
CHTS,CHTS-0851,[28203],"[""FTIR""]",[218],"[""Ambient local""]","[0.06, 1.16]","[{""export_file"":""\/Users\/ahmadjalil\/github\/aethmodular\/research\/filter_combine\/FilterBased_ChemSpecPM25_CHTS.csv"",""export_sha256"":""ec9a6c24308cb050a58472350a75689bc865751b1ac784a2f02e7bd56cedae61"",""export_source_row"":12304,""source_row"":15027},{""export_file"":""\/Users\/ahmadjalil\/github\/aethmodular\/research\/filter_combine\/FilterBased_ChemSpecPM25_CHTS.csv"",""export_sha256"":""ec9a6c24308cb050a58472350a75689bc865751b1ac784a2f02e7bd56cedae61"",""export_source_row"":12305,""source_row"":15028}]",True,False,,unresolved_upstream_competing_values
CHTS,CHTS-0852,[28203],"[""FTIR""]",[218],"[""Ambient local""]","[0.06, 1.36]","[{""export_file"":""\/Users\/ahmadjalil\/github\/aethmodular\/research\/filter_combine\/FilterBased_ChemSpecPM25_CHTS.csv"",""export_sha256"":""ec9a6c24308cb050a58472350a75689bc865751b1ac784a2f02e7bd56cedae61"",""export_source_row"":12351,""source_row"":15091},{""export_file"":""\/Users\/ahmadjalil\/github\/aethmodular\/research\/filter_combine\/FilterBased_ChemSpecPM25_CHTS.csv"",""export_sha256"":""ec9a6c24308cb050a58472350a75689bc865751b1ac784a2f02e7bd56cedae61"",""export_source_row"":12352,""source_row"":15092}]",True,False,,unresolved_upstream_competing_values
CHTS,CHTS-0853,[28203],"[""FTIR""]",[218],"[""Ambient local""]","[0.06, 1.8]","[{""export_file"":""\/Users\/ahmadjalil\/github\/aethmodular\/research\/filter_combine\/FilterBased_ChemSpecPM25_CHTS.csv"",""export_sha256"":""ec9a6c24308cb050a58472350a75689bc865751b1ac784a2f02e7bd56cedae61"",""export_source_row"":12398,""source_row"":15155},{""export_file"":""\/Users\/ahmadjalil\/github\/aethmodular\/research\/filter_combine\/FilterBased_ChemSpecPM25_CHTS.csv"",""export_sha256"":""ec9a6c24308cb050a58472350a75689bc865751b1ac784a2f02e7bd56cedae61"",""export_source_row"":12399,""source_row"":15156}]",True,False,,unresolved_upstream_competing_values
CHTS,CHTS-0854,[28203],"[""FTIR""]",[218],"[""Ambient local""]","[0.06, 1.36]","[{""export_file"":""\/Users\/ahmadjalil\/github\/aethmodular\/research\/filter_combine\/FilterBased_ChemSpecPM25_CHTS.csv"",""export_sha256"":""ec9a6c24308cb050a58472350a75689bc865751b1ac784a2f02e7bd56cedae61"",""export_source_row"":12444,""source_row"":15219},{""export_file"":""\/Users\/ahmadjalil\/github\/aethmodular\/research\/filter_combine\/FilterBased_ChemSpecPM25_CHTS.csv"",""export_sha256"":""ec9a6c24308cb050a58472350a75689bc865751b1ac784a2f02e7bd56cedae61"",""export_source_row"":12445,""source_row"":15220}]",True,False,,unresolved_upstream_competing_values
CHTS,CHTS-0855,[28203],"[""FTIR""]",[218],"[""Ambient local""]","[0.06, 3.39]","[{""export_file"":""\/Users\/ahmadjalil\/github\/aethmodular\/research\/filter_combine\/FilterBased_ChemSpecPM25_CHTS.csv"",""export_sha256"":""ec9a6c24308cb050a58472350a75689bc865751b1ac784a2f02e7bd56cedae61"",""export_source_row"":12490,""source_row"":15282},{""export_file"":""\/Users\/ahmadjalil\/github\/aethmodular\/research\/filter_combine\/FilterBased_ChemSpecPM25_CHTS.csv"",""export_sha256"":""ec9a6c24308cb050a58472350a75689bc865751b1ac784a2f02e7bd56cedae61"",""export_source_row"":12491,""source_row"":15283}]",True,False,,unresolved_upstream_competing_values
CHTS,CHTS-0857,[28203],"[""FTIR""]",[218],"[""Ambient local""]","[0.06, 0.75]","[{""export_file"":""\/Users\/ahmadjalil\/github\/aethmodular\/research\/filter_combine\/FilterBased_ChemSpecPM25_CHTS.csv"",""export_sha256"":""ec9a6c24308cb050a58472350a75689bc865751b1ac784a2f02e7bd56cedae61"",""export_source_row"":12537,""source_row"":15360},{""export_file"":""\/Users\/ahmadjalil\/github\/aethmodular\/research\/filter_combine\/FilterBased_ChemSpecPM25_CHTS.csv"",""export_sha256"":""ec9a6c24308cb050a58472350a75689bc865751b1ac784a2f02e7bd56cedae61"",""export_source_row"":12538,""source_row"":15361}]",True,False,,unresolved_upstream_competing_values
CHTS,CHTS-0858,[28203],"[""FTIR""]",[218],"[""Ambient local""]","[0.06, 1.8]","[{""export_file"":""\/Users\/ahmadjalil\/github\/aethmodular\/research\/filter_combine\/FilterBased_ChemSpecPM25_CHTS.csv"",""export_sha256"":""ec9a6c24308cb050a58472350a75689bc865751b1ac784a2f02e7bd56cedae61"",""export_source_row"":12583,""source_row"":15423},{""export_file"":""\/Users\/ahmadjalil\/github\/aethmodular\/research\/filter_combine\/FilterBased_ChemSpecPM25_CHTS.csv"",""export_sha256"":""ec9a6c24308cb050a58472350a75689bc865751b1ac784a2f02e7bd56cedae61"",""export_source_row"":12584,""source_row"":15424}]",True,False,,unresolved_upstream_competing_values
CHTS,CHTS-0859,[28203],"[""FTIR""]",[218],"[""Ambient local""]","[0.06, 0.63]","[{""export_file"":""\/Users\/ahmadjalil\/github\/aethmodular\/research\/filter_combine\/FilterBased_ChemSpecPM25_CHTS.csv"",""export_sha256"":""ec9a6c24308cb050a58472350a75689bc865751b1ac784a2f02e7bd56cedae61"",""export_source_row"":12629,""source_row"":15485},{""export_file"":""\/Users\/ahmadjalil\/github\/aethmodular\/research\/filter_combine\/FilterBased_ChemSpecPM25_CHTS.csv"",""export_sha256"":""ec9a6c24308cb050a58472350a75689bc865751b1ac784a2f02e7bd56cedae61"",""export_source_row"":12630,""source_row"":15486}]",True,False,,unresolved_upstream_competing_values
CHTS,CHTS-0860,[28203],"[""FTIR""]",[218],"[""Ambient local""]","[0.07, 1.48]","[{""export_file"":""\/Users\/ahmadjalil\/github\/aethmodular\/research\/filter_combine\/FilterBased_ChemSpecPM25_CHTS.csv"",""export_sha256"":""ec9a6c24308cb050a58472350a75689bc865751b1ac784a2f02e7bd56cedae61"",""export_source_row"":12675,""source_row"":15549},{""export_file"":""\/Users\/ahmadjalil\/github\/aethmodular\/research\/filter_combine\/FilterBased_ChemSpecPM25_CHTS.csv"",""export_sha256"":""ec9a6c24308cb050a58472350a75689bc865751b1ac784a2f02e7bd56cedae61"",""export_source_row"":12676,""source_row"":15550}]",True,False,,unresolved_upstream_competing_values
CHTS,CHTS-0861,[28203],"[""FTIR""]",[218],"[""Ambient local""]","[0.07, 3.35]","[{""export_file"":""\/Users\/ahmadjalil\/github\/aethmodular\/research\/filter_combine\/FilterBased_ChemSpecPM25_CHTS.csv"",""export_sha256"":""ec9a6c24308cb050a58472350a75689bc865751b1ac784a2f02e7bd56cedae61"",""export_source_row"":12720,""source_row"":15611},{""export_file"":""\/Users\/ahmadjalil\/github\/aethmodular\/research\/filter_combine\/FilterBased_ChemSpecPM25_CHTS.csv"",""export_sha256"":""ec9a6c24308cb050a58472350a75689bc865751b1ac784a2f02e7bd56cedae61"",""export_source_row"":12721,""source_row"":15612}]",True,False,,unresolved_upstream_competing_values
CHTS,CHTS-0862,[28203],"[""FTIR""]",[218],"[""Ambient local""]","[0.06, 1.32]","[{""export_file"":""\/Users\/ahmadjalil\/github\/aethmodular\/research\/filter_combine\/FilterBased_ChemSpecPM25_CHTS.csv"",""export_sha256"":""ec9a6c24308cb050a58472350a75689bc865751b1ac784a2f02e7bd56cedae61"",""export_source_row"":12765,""source_row"":15672},{""export_file"":""\/Users\/ahmadjalil\/github\/aethmodular\/research\/filter_combine\/FilterBased_ChemSpecPM25_CHTS.csv"",""export_sha256"":""ec9a6c24308cb050a58472350a75689bc865751b1ac784a2f02e7bd56cedae61"",""export_source_row"":12766,""source_row"":15673}]",True,False,,unresolved_upstream_competing_values
CHTS,CHTS-0863,[28203],"[""FTIR""]",[218],"[""Ambient local""]","[0.06, 1.27]","[{""export_file"":""\/Users\/ahmadjalil\/github\/aethmodular\/research\/filter_combine\/FilterBased_ChemSpecPM25_CHTS.csv"",""export_sha256"":""ec9a6c24308cb050a58472350a75689bc865751b1ac784a2f02e7bd56cedae61"",""export_source_row"":12808,""source_row"":15732},{""export_file"":""\/Users\/ahmadjalil\/github\/aethmodular\/research\/filter_combine\/FilterBased_ChemSpecPM25_CHTS.csv"",""export_sha256"":""ec9a6c24308cb050a58472350a75689bc865751b1ac784a2f02e7bd56cedae61"",""export_source_row"":12809,""source_row"":15733}]",True,False,,unresolved_upstream_competing_values
CHTS,CHTS-0865,[28203],"[""FTIR""]",[218],"[""Ambient local""]","[0.07, 1.15]","[{""export_file"":""\/Users\/ahmadjalil\/github\/aethmodular\/research\/filter_combine\/FilterBased_ChemSpecPM25_CHTS.csv"",""export_sha256"":""ec9a6c24308cb050a58472350a75689bc865751b1ac784a2f02e7bd56cedae61"",""export_source_row"":12852,""source_row"":15807},{""export_file"":""\/Users\/ahmadjalil\/github\/aethmodular\/research\/filter_combine\/FilterBased_ChemSpecPM25_CHTS.csv"",""export_sha256"":""ec9a6c24308cb050a58472350a75689bc865751b1ac784a2f02e7bd56cedae61"",""export_source_row"":12853,""source_row"":15808}]",True,False,,unresolved_upstream_competing_values
CHTS,CHTS-0866,[28203],"[""FTIR""]",[218],"[""Ambient local""]","[0.07, 1.93]","[{""export_file"":""\/Users\/ahmadjalil\/github\/aethmodular\/research\/filter_combine\/FilterBased_ChemSpecPM25_CHTS.csv"",""export_sha256"":""ec9a6c24308cb050a58472350a75689bc865751b1ac784a2f02e7bd56cedae61"",""export_source_row"":12897,""source_row"":15870},{""export_file"":""\/Users\/ahmadjalil\/github\/aethmodular\/research\/filter_combine\/FilterBased_ChemSpecPM25_CHTS.csv"",""export_sha256"":""ec9a6c24308cb050a58472350a75689bc865751b1ac784a2f02e7bd56cedae61"",""export_source_row"":12898,""source_row"":15871}]",True,False,,unresolved_upstream_competing_values
CHTS,CHTS-0867,[28203],"[""FTIR""]",[218],"[""Ambient local""]","[0.07, 2.75]","[{""export_file"":""\/Users\/ahmadjalil\/github\/aethmodular\/research\/filter_combine\/FilterBased_ChemSpecPM25_CHTS.csv"",""export_sha256"":""ec9a6c24308cb050a58472350a75689bc865751b1ac784a2f02e7bd56cedae61"",""export_source_row"":12944,""source_row"":15934},{""export_file"":""\/Users\/ahmadjalil\/github\/aethmodular\/research\/filter_combine\/FilterBased_ChemSpecPM25_CHTS.csv"",""export_sha256"":""ec9a6c24308cb050a58472350a75689bc865751b1ac784a2f02e7bd56cedae61"",""export_source_row"":12945,""source_row"":15935}]",True,False,,unresolved_upstream_competing_values
CHTS,CHTS-0868,[28203],"[""FTIR""]",[218],"[""Ambient local""]","[0.07, 1.52]","[{""export_file"":""\/Users\/ahmadjalil\/github\/aethmodular\/research\/filter_combine\/FilterBased_ChemSpecPM25_CHTS.csv"",""export_sha256"":""ec9a6c24308cb050a58472350a75689bc865751b1ac784a2f02e7bd56cedae61"",""export_source_row"":12991,""source_row"":15998},{""export_file"":""\/Users\/ahmadjalil\/github\/aethmodular\/research\/filter_combine\/FilterBased_ChemSpecPM25_CHTS.csv"",""export_sha256"":""ec9a6c24308cb050a58472350a75689bc865751b1ac784a2f02e7bd56cedae61"",""export_source_row"":12992,""source_row"":15999}]",True,False,,unresolved_upstream_competing_values
CHTS,CHTS-0869,[28203],"[""FTIR""]",[218],"[""Ambient local""]","[0.07, 1.26]","[{""export_file"":""\/Users\/ahmadjalil\/github\/aethmodular\/research\/filter_combine\/FilterBased_ChemSpecPM25_CHTS.csv"",""export_sha256"":""ec9a6c24308cb050a58472350a75689bc865751b1ac784a2f02e7bd56cedae61"",""export_source_row"":13038,""source_row"":16062},{""export_file"":""\/Users\/ahmadjalil\/github\/aethmodular\/research\/filter_combine\/FilterBased_ChemSpecPM25_CHTS.csv"",""export_sha256"":""ec9a6c24308cb050a58472350a75689bc865751b1ac784a2f02e7bd56cedae61"",""export_source_row"":13039,""source_row"":16063}]",True,False,,unresolved_upstream_competing_values
CHTS,CHTS-0870,[28203],"[""FTIR""]",[218],"[""Ambient local""]","[0.07, 1.5]","[{""export_file"":""\/Users\/ahmadjalil\/github\/aethmodular\/research\/filter_combine\/FilterBased_ChemSpecPM25_CHTS.csv"",""export_sha256"":""ec9a6c24308cb050a58472350a75689bc865751b1ac784a2f02e7bd56cedae61"",""export_source_row"":13085,""source_row"":16126},{""export_file"":""\/Users\/ahmadjalil\/github\/aethmodular\/research\/filter_combine\/FilterBased_ChemSpecPM25_CHTS.csv"",""export_sha256"":""ec9a6c24308cb050a58472350a75689bc865751b1ac784a2f02e7bd56cedae61"",""export_source_row"":13086,""source_row"":16127}]",True,False,,unresolved_upstream_competing_values
CHTS,CHTS-0871,[28203],"[""FTIR""]",[218],"[""Ambient local""]","[0.07, 0.97]","[{""export_file"":""\/Users\/ahmadjalil\/github\/aethmodular\/research\/filter_combine\/FilterBased_ChemSpecPM25_CHTS.csv"",""export_sha256"":""ec9a6c24308cb050a58472350a75689bc865751b1ac784a2f02e7bd56cedae61"",""export_source_row"":13131,""source_row"":16189},{""export_file"":""\/Users\/ahmadjalil\/github\/aethmodular\/research\/filter_combine\/FilterBased_ChemSpecPM25_CHTS.csv"",""export_sha256"":""ec9a6c24308cb050a58472350a75689bc865751b1ac784a2f02e7bd56cedae61"",""export_source_row"":13132,""source_row"":16190}]",True,False,,unresolved_upstream_competing_values
CHTS,CHTS-0874,[28203],"[""FTIR""]",[218],"[""Ambient local""]","[0.07, 1.45]","[{""export_file"":""\/Users\/ahmadjalil\/github\/aethmodular\/research\/filter_combine\/FilterBased_ChemSpecPM25_CHTS.csv"",""export_sha256"":""ec9a6c24308cb050a58472350a75689bc865751b1ac784a2f02e7bd56cedae61"",""export_source_row"":13179,""source_row"":16284},{""export_file"":""\/Users\/ahmadjalil\/github\/aethmodular\/research\/filter_combine\/FilterBased_ChemSpecPM25_CHTS.csv"",""export_sha256"":""ec9a6c24308cb050a58472350a75689bc865751b1ac784a2f02e7bd56cedae61"",""export_source_row"":13180,""source_row"":16285}]",True,False,,unresolved_upstream_competing_values
CHTS,CHTS-0875,[28203],"[""FTIR""]",[218],"[""Ambient local""]","[0.07, 1.44]","[{""export_file"":""\/Users\/ahmadjalil\/github\/aethmodular\/research\/filter_combine\/FilterBased_ChemSpecPM25_CHTS.csv"",""export_sha256"":""ec9a6c24308cb050a58472350a75689bc865751b1ac784a2f02e7bd56cedae61"",""export_source_row"":13226,""source_row"":16348},{""export_file"":""\/Users\/ahmadjalil\/github\/aethmodular\/research\/filter_combine\/FilterBased_ChemSpecPM25_CHTS.csv"",""export_sha256"":""ec9a6c24308cb050a58472350a75689bc865751b1ac784a2f02e7bd56cedae61"",""export_source_row"":13227,""source_row"":16349}]",True,False,,unresolved_upstream_competing_values
CHTS,CHTS-0876,[28203],"[""FTIR""]",[218],"[""Ambient local""]","[0.07, 1.18]","[{""export_file"":""\/Users\/ahmadjalil\/github\/aethmodular\/research\/filter_combine\/FilterBased_ChemSpecPM25_CHTS.csv"",""export_sha256"":""ec9a6c24308cb050a58472350a75689bc865751b1ac784a2f02e7bd56cedae61"",""export_source_row"":13274,""source_row"":16413},{""export_file"":""\/Users\/ahmadjalil\/github\/aethmodular\/research\/filter_combine\/FilterBased_ChemSpecPM25_CHTS.csv"",""export_sha256"":""ec9a6c24308cb050a58472350a75689bc865751b1ac784a2f02e7bd56cedae61"",""export_source_row"":13275,""source_row"":16414}]",True,False,,unresolved_upstream_competing_values
CHTS,CHTS-0877,[28203],"[""FTIR""]",[218],"[""Ambient local""]","[0.08, 1.83]","[{""export_file"":""\/Users\/ahmadjalil\/github\/aethmodular\/research\/filter_combine\/FilterBased_ChemSpecPM25_CHTS.csv"",""export_sha256"":""ec9a6c24308cb050a58472350a75689bc865751b1ac784a2f02e7bd56cedae61"",""export_source_row"":13321,""source_row"":16477},{""export_file"":""\/Users\/ahmadjalil\/github\/aethmodular\/research\/filter_combine\/FilterBased_ChemSpecPM25_CHTS.csv"",""export_sha256"":""ec9a6c24308cb050a58472350a75689bc865751b1ac784a2f02e7bd56cedae61"",""export_source_row"":13322,""source_row"":16478}]",True,False,,unresolved_upstream_competing_values
CHTS,CHTS-0878,[28203],"[""FTIR""]",[218],"[""Ambient local""]","[0.08, 2.16]","[{""export_file"":""\/Users\/ahmadjalil\/github\/aethmodular\/research\/filter_combine\/FilterBased_ChemSpecPM25_CHTS.csv"",""export_sha256"":""ec9a6c24308cb050a58472350a75689bc865751b1ac784a2f02e7bd56cedae61"",""export_source_row"":13369,""source_row"":16542},{""export_file"":""\/Users\/ahmadjalil\/github\/aethmodular\/research\/filter_combine\/FilterBased_ChemSpecPM25_CHTS.csv"",""export_sha256"":""ec9a6c24308cb050a58472350a75689bc865751b1ac784a2f02e7bd56cedae61"",""export_source_row"":13370,""source_row"":16543}]",True,False,,unresolved_upstream_competing_values
CHTS,CHTS-0879,[28203],"[""FTIR""]",[218],"[""Ambient local""]","[0.08, 3.05]","[{""export_file"":""\/Users\/ahmadjalil\/github\/aethmodular\/research\/filter_combine\/FilterBased_ChemSpecPM25_CHTS.csv"",""export_sha256"":""ec9a6c24308cb050a58472350a75689bc865751b1ac784a2f02e7bd56cedae61"",""export_source_row"":13416,""source_row"":16606},{""export_file"":""\/Users\/ahmadjalil\/github\/aethmodular\/research\/filter_combine\/FilterBased_ChemSpecPM25_CHTS.csv"",""export_sha256"":""ec9a6c24308cb050a58472350a75689bc865751b1ac784a2f02e7bd56cedae61"",""export_source_row"":13417,""source_row"":16607}]",True,False,,unresolved_upstream_competing_values
ETAD,ETAD-0017,[28203],"[""FTIR""]",[218],"[""Ambient local""]","[0.07, 2.55]","[{""export_file"":""\/Users\/ahmadjalil\/github\/aethmodular\/research\/filter_combine\/FilterBased_ChemSpecPM25_ETAD.csv"",""export_sha256"":""a9f87a16ca07030aaeaf3b0d67c1c5fe3f0d209c34a3a51b365e6a8724f33020"",""export_source_row"":36,""source_row"":17200},{""export_file"":""\/Users\/ahmadjalil\/github\/aethmodular\/research\/filter_combine\/FilterBased_ChemSpecPM25_ETAD.csv"",""export_sha256"":""a9f87a16ca07030aaeaf3b0d67c1c5fe3f0d209c34a3a51b365e6a8724f33020"",""export_source_row"":37,""source_row"":17201}]",True,False,,unresolved_upstream_competing_values
ETAD,ETAD-0018,[28203],"[""FTIR""]",[218],"[""Ambient local""]","[0.07, 2.78]","[{""export_file"":""\/Users\/ahmadjalil\/github\/aethmodular\/research\/filter_combine\/FilterBased_ChemSpecPM25_ETAD.csv"",""export_sha256"":""a9f87a16ca07030aaeaf3b0d67c1c5fe3f0d209c34a3a51b365e6a8724f33020"",""export_source_row"":76,""source_row"":17258},{""export_file"":""\/Users\/ahmadjalil\/github\/aethmodular\/research\/filter_combine\/FilterBased_ChemSpecPM25_ETAD.csv"",""export_sha256"":""a9f87a16ca07030aaeaf3b0d67c1c5fe3f0d209c34a3a51b365e6a8724f33020"",""export_source_row"":77,""source_row"":17259}]",True,False,,unresolved_upstream_competing_values
ETAD,ETAD-0019,[28203],"[""FTIR""]",[218],"[""Ambient local""]","[0.07, 3.05]","[{""export_file"":""\/Users\/ahmadjalil\/github\/aethmodular\/research\/filter_combine\/FilterBased_ChemSpecPM25_ETAD.csv"",""export_sha256"":""a9f87a16ca07030aaeaf3b0d67c1c5fe3f0d209c34a3a51b365e6a8724f33020"",""export_source_row"":117,""source_row"":17315},{""export_file"":""\/Users\/ahmadjalil\/github\/aethmodular\/research\/filter_combine\/FilterBased_ChemSpecPM25_ETAD.csv"",""export_sha256"":""a9f87a16ca07030aaeaf3b0d67c1c5fe3f0d209c34a3a51b365e6a8724f33020"",""export_source_row"":118,""source_row"":17316}]",True,False,,unresolved_upstream_competing_values
ETAD,ETAD-0020,[28203],"[""FTIR""]",[218],"[""Ambient local""]","[0.07, 3.04]","[{""export_file"":""\/Users\/ahmadjalil\/github\/aethmodular\/research\/filter_combine\/FilterBased_ChemSpecPM25_ETAD.csv"",""export_sha256"":""a9f87a16ca07030aaeaf3b0d67c1c5fe3f0d209c34a3a51b365e6a8724f33020"",""export_source_row"":158,""source_row"":17373},{""export_file"":""\/Users\/ahmadjalil\/github\/aethmodular\/research\/filter_combine\/FilterBased_ChemSpecPM25_ETAD.csv"",""export_sha256"":""a9f87a16ca07030aaeaf3b0d67c1c5fe3f0d209c34a3a51b365e6a8724f33020"",""export_source_row"":159,""source_row"":17374}]",True,False,,unresolved_upstream_competing_values
ETAD,ETAD-0021,[28203],"[""FTIR""]",[218],"[""Ambient local""]","[0.07, 4.44]","[{""export_file"":""\/Users\/ahmadjalil\/github\/aethmodular\/research\/filter_combine\/FilterBased_ChemSpecPM25_ETAD.csv"",""export_sha256"":""a9f87a16ca07030aaeaf3b0d67c1c5fe3f0d209c34a3a51b365e6a8724f33020"",""export_source_row"":199,""source_row"":17431},{""export_file"":""\/Users\/ahmadjalil\/github\/aethmodular\/research\/filter_combine\/FilterBased_ChemSpecPM25_ETAD.csv"",""export_sha256"":""a9f87a16ca07030aaeaf3b0d67c1c5fe3f0d209c34a3a51b365e6a8724f33020"",""export_source_row"":200,""source_row"":17432}]",True,False,,unresolved_upstream_competing_values
ETAD,ETAD-0022,[28203],"[""FTIR""]",[218],"[""Ambient local""]","[0.07, 4.15]","[{""export_file"":""\/Users\/ahmadjalil\/github\/aethmodular\/research\/filter_combine\/FilterBased_ChemSpecPM25_ETAD.csv"",""export_sha256"":""a9f87a16ca07030aaeaf3b0d67c1c5fe3f0d209c34a3a51b365e6a8724f33020"",""export_source_row"":240,""source_row"":17489},{""export_file"":""\/Users\/ahmadjalil\/github\/aethmodular\/research\/filter_combine\/FilterBased_ChemSpecPM25_ETAD.csv"",""export_sha256"":""a9f87a16ca07030aaeaf3b0d67c1c5fe3f0d209c34a3a51b365e6a8724f33020"",""export_source_row"":241,""source_row"":17490}]",True,False,,unresolved_upstream_competing_values
ETAD,ETAD-0024,[28203],"[""FTIR""]",[218],"[""Ambient local""]","[0.07, 2.76]","[{""export_file"":""\/Users\/ahmadjalil\/github\/aethmodular\/research\/filter_combine\/FilterBased_ChemSpecPM25_ETAD.csv"",""export_sha256"":""a9f87a16ca07030aaeaf3b0d67c1c5fe3f0d209c34a3a51b365e6a8724f33020"",""export_source_row"":281,""source_row"":17561},{""export_file"":""\/Users\/ahmadjalil\/github\/aethmodular\/research\/filter_combine\/FilterBased_ChemSpecPM25_ETAD.csv"",""export_sha256"":""a9f87a16ca07030aaeaf3b0d67c1c5fe3f0d209c34a3a51b365e6a8724f33020"",""export_source_row"":282,""source_row"":17562}]",True,False,,unresolved_upstream_competing_values
ETAD,ETAD-0037,[28203],"[""FTIR""]",[218],"[""Ambient local""]","[0.07, 0.69]","[{""export_file"":""\/Users\/ahmadjalil\/github\/aethmodular\/research\/filter_combine\/FilterBased_ChemSpecPM25_ETAD.csv"",""export_sha256"":""a9f87a16ca07030aaeaf3b0d67c1c5fe3f0d209c34a3a51b365e6a8724f33020"",""export_source_row"":471,""source_row"":17835},{""export_file"":""\/Users\/ahmadjalil\/github\/aethmodular\/research\/filter_combine\/FilterBased_ChemSpecPM25_ETAD.csv"",""export_sha256"":""a9f87a16ca07030aaeaf3b0d67c1c5fe3f0d209c34a3a51b365e6a8724f33020"",""export_source_row"":472,""source_row"":17836}]",True,False,,unresolved_upstream_competing_values
ETAD,ETAD-0041,[28203],"[""FTIR""]",[218],"[""Ambient local""]","[0.06, 3.26]","[{""export_file"":""\/Users\/ahmadjalil\/github\/aethmodular\/research\/filter_combine\/FilterBased_ChemSpecPM25_ETAD.csv"",""export_sha256"":""a9f87a16ca07030aaeaf3b0d67c1c5fe3f0d209c34a3a51b365e6a8724f33020"",""export_source_row"":837,""source_row"":18016},{""export_file"":""\/Users\/ahmadjalil\/github\/aethmodular\/research\/filter_combine\/FilterBased_ChemSpecPM25_ETAD.csv"",""export_sha256"":""a9f87a16ca07030aaeaf3b0d67c1c5fe3f0d209c34a3a51b365e6a8724f33020"",""export_source_row"":838,""source_row"":18017}]",True,False,,unresolved_upstream_competing_values
ETAD,ETAD-0042,[28203],"[""FTIR""]",[218],"[""Ambient local""]","[0.06, 2.32]","[{""export_file"":""\/Users\/ahmadjalil\/github\/aethmodular\/research\/filter_combine\/FilterBased_ChemSpecPM25_ETAD.csv"",""export_sha256"":""a9f87a16ca07030aaeaf3b0d67c1c5fe3f0d209c34a3a51b365e6a8724f33020"",""export_source_row"":878,""source_row"":18074},{""export_file"":""\/Users\/ahmadjalil\/github\/aethmodular\/research\/filter_combine\/FilterBased_ChemSpecPM25_ETAD.csv"",""export_sha256"":""a9f87a16ca07030aaeaf3b0d67c1c5fe3f0d209c34a3a51b365e6a8724f33020"",""export_source_row"":879,""source_row"":18075}]",True,False,,unresolved_upstream_competing_values
ETAD,ETAD-0043,[28203],"[""FTIR""]",[218],"[""Ambient local""]","[0.07, 3.71]","[{""export_file"":""\/Users\/ahmadjalil\/github\/aethmodular\/research\/filter_combine\/FilterBased_ChemSpecPM25_ETAD.csv"",""export_sha256"":""a9f87a16ca07030aaeaf3b0d67c1c5fe3f0d209c34a3a51b365e6a8724f33020"",""export_source_row"":919,""source_row"":18132},{""export_file"":""\/Users\/ahmadjalil\/github\/aethmodular\/research\/filter_combine\/FilterBased_ChemSpecPM25_ETAD.csv"",""export_sha256"":""a9f87a16ca07030aaeaf3b0d67c1c5fe3f0d209c34a3a51b365e6a8724f33020"",""export_source_row"":920,""source_row"":18133}]",True,False,,unresolved_upstream_competing_values
ETAD,ETAD-0044,[28203],"[""FTIR""]",[218],"[""Ambient local""]","[0.06, 3.93]","[{""export_file"":""\/Users\/ahmadjalil\/github\/aethmodular\/research\/filter_combine\/FilterBased_ChemSpecPM25_ETAD.csv"",""export_sha256"":""a9f87a16ca07030aaeaf3b0d67c1c5fe3f0d209c34a3a51b365e6a8724f33020"",""export_source_row"":960,""source_row"":18190},{""export_file"":""\/Users\/ahmadjalil\/github\/aethmodular\/research\/filter_combine\/FilterBased_ChemSpecPM25_ETAD.csv"",""export_sha256"":""a9f87a16ca07030aaeaf3b0d67c1c5fe3f0d209c34a3a51b365e6a8724f33020"",""export_source_row"":961,""source_row"":18191}]",True,False,,unresolved_upstream_competing_values
ETAD,ETAD-0045,[28203],"[""FTIR""]",[218],"[""Ambient local""]","[0.06, 3.29]","[{""export_file"":""\/Users\/ahmadjalil\/github\/aethmodular\/research\/filter_combine\/FilterBased_ChemSpecPM25_ETAD.csv"",""export_sha256"":""a9f87a16ca07030aaeaf3b0d67c1c5fe3f0d209c34a3a51b365e6a8724f33020"",""export_source_row"":1001,""source_row"":18248},{""export_file"":""\/Users\/ahmadjalil\/github\/aethmodular\/research\/filter_combine\/FilterBased_ChemSpecPM25_ETAD.csv"",""export_sha256"":""a9f87a16ca07030aaeaf3b0d67c1c5fe3f0d209c34a3a51b365e6a8724f33020"",""export_source_row"":1002,""source_row"":18249}]",True,False,,unresolved_upstream_competing_values
ETAD,ETAD-0046,[28203],"[""FTIR""]",[218],"[""Ambient local""]","[0.06, 2.7]","[{""export_file"":""\/Users\/ahmadjalil\/github\/aethmodular\/research\/filter_combine\/FilterBased_ChemSpecPM25_ETAD.csv"",""export_sha256"":""a9f87a16ca07030aaeaf3b0d67c1c5fe3f0d209c34a3a51b365e6a8724f33020"",""export_source_row"":1042,""source_row"":18306},{""export_file"":""\/Users\/ahmadjalil\/github\/aethmodular\/research\/filter_combine\/FilterBased_ChemSpecPM25_ETAD.csv"",""export_sha256"":""a9f87a16ca07030aaeaf3b0d67c1c5fe3f0d209c34a3a51b365e6a8724f33020"",""export_source_row"":1043,""source_row"":18307}]",True,False,,unresolved_upstream_competing_values
ETAD,ETAD-0049,[28203],"[""FTIR""]",[218],"[""Ambient local""]","[0.07, 2.76]","[{""export_file"":""\/Users\/ahmadjalil\/github\/aethmodular\/research\/filter_combine\/FilterBased_ChemSpecPM25_ETAD.csv"",""export_sha256"":""a9f87a16ca07030aaeaf3b0d67c1c5fe3f0d209c34a3a51b365e6a8724f33020"",""export_source_row"":1083,""source_row"":18392},{""export_file"":""\/Users\/ahmadjalil\/github\/aethmodular\/research\/filter_combine\/FilterBased_ChemSpecPM25_ETAD.csv"",""export_sha256"":""a9f87a16ca07030aaeaf3b0d67c1c5fe3f0d209c34a3a51b365e6a8724f33020"",""export_source_row"":1084,""source_row"":18393}]",True,False,,unresolved_upstream_competing_values
ETAD,ETAD-0050,[28203],"[""FTIR""]",[218],"[""Ambient local""]","[0.07, 3.55]","[{""export_file"":""\/Users\/ahmadjalil\/github\/aethmodular\/research\/filter_combine\/FilterBased_ChemSpecPM25_ETAD.csv"",""export_sha256"":""a9f87a16ca07030aaeaf3b0d67c1c5fe3f0d209c34a3a51b365e6a8724f33020"",""export_source_row"":1124,""source_row"":18450},{""export_file"":""\/Users\/ahmadjalil\/github\/aethmodular\/research\/filter_combine\/FilterBased_ChemSpecPM25_ETAD.csv"",""export_sha256"":""a9f87a16ca07030aaeaf3b0d67c1c5fe3f0d209c34a3a51b365e6a8724f33020"",""export_source_row"":1125,""source_row"":18451}]",True,False,,unresolved_upstream_competing_values
ETAD,ETAD-0051,[28203],"[""FTIR""]",[218],"[""Ambient local""]","[0.07, 5.18]","[{""export_file"":""\/Users\/ahmadjalil\/github\/aethmodular\/research\/filter_combine\/FilterBased_ChemSpecPM25_ETAD.csv"",""export_sha256"":""a9f87a16ca07030aaeaf3b0d67c1c5fe3f0d209c34a3a51b365e6a8724f33020"",""export_source_row"":1165,""source_row"":18508},{""export_file"":""\/Users\/ahmadjalil\/github\/aethmodular\/research\/filter_combine\/FilterBased_ChemSpecPM25_ETAD.csv"",""export_sha256"":""a9f87a16ca07030aaeaf3b0d67c1c5fe3f0d209c34a3a51b365e6a8724f33020"",""export_source_row"":1166,""source_row"":18509}]",True,False,,unresolved_upstream_competing_values
ETAD,ETAD-0052,[28203],"[""FTIR""]",[218],"[""Ambient local""]","[0.07, 4.97]","[{""export_file"":""\/Users\/ahmadjalil\/github\/aethmodular\/research\/filter_combine\/FilterBased_ChemSpecPM25_ETAD.csv"",""export_sha256"":""a9f87a16ca07030aaeaf3b0d67c1c5fe3f0d209c34a3a51b365e6a8724f33020"",""export_source_row"":1206,""source_row"":18566},{""export_file"":""\/Users\/ahmadjalil\/github\/aethmodular\/research\/filter_combine\/FilterBased_ChemSpecPM25_ETAD.csv"",""export_sha256"":""a9f87a16ca07030aaeaf3b0d67c1c5fe3f0d209c34a3a51b365e6a8724f33020"",""export_source_row"":1207,""source_row"":18567}]",True,False,,unresolved_upstream_competing_values
ETAD,ETAD-0053,[28203],"[""FTIR""]",[218],"[""Ambient local""]","[0.06, 4.06]","[{""export_file"":""\/Users\/ahmadjalil\/github\/aethmodular\/research\/filter_combine\/FilterBased_ChemSpecPM25_ETAD.csv"",""export_sha256"":""a9f87a16ca07030aaeaf3b0d67c1c5fe3f0d209c34a3a51b365e6a8724f33020"",""export_source_row"":1247,""source_row"":18624},{""export_file"":""\/Users\/ahmadjalil\/github\/aethmodular\/research\/filter_combine\/FilterBased_ChemSpecPM25_ETAD.csv"",""export_sha256"":""a9f87a16ca07030aaeaf3b0d67c1c5fe3f0d209c34a3a51b365e6a8724f33020"",""export_source_row"":1248,""source_row"":18625}]",True,False,,unresolved_upstream_competing_values
ETAD,ETAD-0054,[28203],"[""FTIR""]",[218],"[""Ambient local""]","[0.06, 4.64]","[{""export_file"":""\/Users\/ahmadjalil\/github\/aethmodular\/research\/filter_combine\/FilterBased_ChemSpecPM25_ETAD.csv"",""export_sha256"":""a9f87a16ca07030aaeaf3b0d67c1c5fe3f0d209c34a3a51b365e6a8724f33020"",""export_source_row"":1288,""source_row"":18682},{""export_file"":""\/Users\/ahmadjalil\/github\/aethmodular\/research\/filter_combine\/FilterBased_ChemSpecPM25_ETAD.csv"",""export_sha256"":""a9f87a16ca07030aaeaf3b0d67c1c5fe3f0d209c34a3a51b365e6a8724f33020"",""export_source_row"":1289,""source_row"":18683}]",True,False,,unresolved_upstream_competing_values
ETAD,ETAD-0056,[28203],"[""FTIR""]",[218],"[""Ambient local""]","[0.07, 3.55]","[{""export_file"":""\/Users\/ahmadjalil\/github\/aethmodular\/research\/filter_combine\/FilterBased_ChemSpecPM25_ETAD.csv"",""export_sha256"":""a9f87a16ca07030aaeaf3b0d67c1c5fe3f0d209c34a3a51b365e6a8724f33020"",""export_source_row"":1329,""source_row"":18754},{""export_file"":""\/Users\/ahmadjalil\/github\/aethmodular\/research\/filter_combine\/FilterBased_ChemSpecPM25_ETAD.csv"",""export_sha256"":""a9f87a16ca07030aaeaf3b0d67c1c5fe3f0d209c34a3a51b365e6a8724f33020"",""export_source_row"":1330,""source_row"":18755}]",True,False,,unresolved_upstream_competing_values
ETAD,ETAD-0057,[28203],"[""FTIR""]",[218],"[""Ambient local""]","[0.06, 6.63]","[{""export_file"":""\/Users\/ahmadjalil\/github\/aethmodular\/research\/filter_combine\/FilterBased_ChemSpecPM25_ETAD.csv"",""export_sha256"":""a9f87a16ca07030aaeaf3b0d67c1c5fe3f0d209c34a3a51b365e6a8724f33020"",""export_source_row"":1370,""source_row"":18812},{""export_file"":""\/Users\/ahmadjalil\/github\/aethmodular\/research\/filter_combine\/FilterBased_ChemSpecPM25_ETAD.csv"",""export_sha256"":""a9f87a16ca07030aaeaf3b0d67c1c5fe3f0d209c34a3a51b365e6a8724f33020"",""export_source_row"":1371,""source_row"":18813}]",True,False,,unresolved_upstream_competing_values
ETAD,ETAD-0058,[28203],"[""FTIR""]",[218],"[""Ambient local""]","[0.06, 3.6]","[{""export_file"":""\/Users\/ahmadjalil\/github\/aethmodular\/research\/filter_combine\/FilterBased_ChemSpecPM25_ETAD.csv"",""export_sha256"":""a9f87a16ca07030aaeaf3b0d67c1c5fe3f0d209c34a3a51b365e6a8724f33020"",""export_source_row"":1411,""source_row"":18870},{""export_file"":""\/Users\/ahmadjalil\/github\/aethmodular\/research\/filter_combine\/FilterBased_ChemSpecPM25_ETAD.csv"",""export_sha256"":""a9f87a16ca07030aaeaf3b0d67c1c5fe3f0d209c34a3a51b365e6a8724f33020"",""export_source_row"":1412,""source_row"":18871}]",True,False,,unresolved_upstream_competing_values
ETAD,ETAD-0059,[28203],"[""FTIR""]",[218],"[""Ambient local""]","[0.06, 3.31]","[{""export_file"":""\/Users\/ahmadjalil\/github\/aethmodular\/research\/filter_combine\/FilterBased_ChemSpecPM25_ETAD.csv"",""export_sha256"":""a9f87a16ca07030aaeaf3b0d67c1c5fe3f0d209c34a3a51b365e6a8724f33020"",""export_source_row"":1452,""source_row"":18928},{""export_file"":""\/Users\/ahmadjalil\/github\/aethmodular\/research\/filter_combine\/FilterBased_ChemSpecPM25_ETAD.csv"",""export_sha256"":""a9f87a16ca07030aaeaf3b0d67c1c5fe3f0d209c34a3a51b365e6a8724f33020"",""export_source_row"":1453,""source_row"":18929}]",True,False,,unresolved_upstream_competing_values
ETAD,ETAD-0060,[28203],"[""FTIR""]",[218],"[""Ambient local""]","[0.06, 2.97]","[{""export_file"":""\/Users\/ahmadjalil\/github\/aethmodular\/research\/filter_combine\/FilterBased_ChemSpecPM25_ETAD.csv"",""export_sha256"":""a9f87a16ca07030aaeaf3b0d67c1c5fe3f0d209c34a3a51b365e6a8724f33020"",""export_source_row"":1493,""source_row"":18986},{""export_file"":""\/Users\/ahmadjalil\/github\/aethmodular\/research\/filter_combine\/FilterBased_ChemSpecPM25_ETAD.csv"",""export_sha256"":""a9f87a16ca07030aaeaf3b0d67c1c5fe3f0d209c34a3a51b365e6a8724f33020"",""export_source_row"":1494,""source_row"":18987}]",True,False,,unresolved_upstream_competing_values
ETAD,ETAD-0061,[28203],"[""FTIR""]",[218],"[""Ambient local""]","[0.06, 2.73]","[{""export_file"":""\/Users\/ahmadjalil\/github\/aethmodular\/research\/filter_combine\/FilterBased_ChemSpecPM25_ETAD.csv"",""export_sha256"":""a9f87a16ca07030aaeaf3b0d67c1c5fe3f0d209c34a3a51b365e6a8724f33020"",""export_source_row"":1534,""source_row"":19044},{""export_file"":""\/Users\/ahmadjalil\/github\/aethmodular\/research\/filter_combine\/FilterBased_ChemSpecPM25_ETAD.csv"",""export_sha256"":""a9f87a16ca07030aaeaf3b0d67c1c5fe3f0d209c34a3a51b365e6a8724f33020"",""export_source_row"":1535,""source_row"":19045}]",True,False,,unresolved_upstream_competing_values
ETAD,ETAD-0062,[28203],"[""FTIR""]",[218],"[""Ambient local""]","[0.06, 3.76]","[{""export_file"":""\/Users\/ahmadjalil\/github\/aethmodular\/research\/filter_combine\/FilterBased_ChemSpecPM25_ETAD.csv"",""export_sha256"":""a9f87a16ca07030aaeaf3b0d67c1c5fe3f0d209c34a3a51b365e6a8724f33020"",""export_source_row"":1574,""source_row"":19102},{""export_file"":""\/Users\/ahmadjalil\/github\/aethmodular\/research\/filter_combine\/FilterBased_ChemSpecPM25_ETAD.csv"",""export_sha256"":""a9f87a16ca07030aaeaf3b0d67c1c5fe3f0d209c34a3a51b365e6a8724f33020"",""export_source_row"":1575,""source_row"":19103}]",True,False,,unresolved_upstream_competing_values
ETAD,ETAD-0064,[28203],"[""FTIR""]",[218],"[""Ambient local""]","[0.06, 1.9]","[{""export_file"":""\/Users\/ahmadjalil\/github\/aethmodular\/research\/filter_combine\/FilterBased_ChemSpecPM25_ETAD.csv"",""export_sha256"":""a9f87a16ca07030aaeaf3b0d67c1c5fe3f0d209c34a3a51b365e6a8724f33020"",""export_source_row"":1614,""source_row"":19173},{""export_file"":""\/Users\/ahmadjalil\/github\/aethmodular\/research\/filter_combine\/FilterBased_ChemSpecPM25_ETAD.csv"",""export_sha256"":""a9f87a16ca07030aaeaf3b0d67c1c5fe3f0d209c34a3a51b365e6a8724f33020"",""export_source_row"":1615,""source_row"":19174}]",True,False,,unresolved_upstream_competing_values
ETAD,ETAD-0065,[28203],"[""FTIR""]",[218],"[""Ambient local""]","[0.06, 4.34]","[{""export_file"":""\/Users\/ahmadjalil\/github\/aethmodular\/research\/filter_combine\/FilterBased_ChemSpecPM25_ETAD.csv"",""export_sha256"":""a9f87a16ca07030aaeaf3b0d67c1c5fe3f0d209c34a3a51b365e6a8724f33020"",""export_source_row"":1655,""source_row"":19230},{""export_file"":""\/Users\/ahmadjalil\/github\/aethmodular\/research\/filter_combine\/FilterBased_ChemSpecPM25_ETAD.csv"",""export_sha256"":""a9f87a16ca07030aaeaf3b0d67c1c5fe3f0d209c34a3a51b365e6a8724f33020"",""export_source_row"":1656,""source_row"":19231}]",True,False,,unresolved_upstream_competing_values
ETAD,ETAD-0066,[28203],"[""FTIR""]",[218],"[""Ambient local""]","[0.06, 4.14]","[{""export_file"":""\/Users\/ahmadjalil\/github\/aethmodular\/research\/filter_combine\/FilterBased_ChemSpecPM25_ETAD.csv"",""export_sha256"":""a9f87a16ca07030aaeaf3b0d67c1c5fe3f0d209c34a3a51b365e6a8724f33020"",""export_source_row"":1696,""source_row"":19288},{""export_file"":""\/Users\/ahmadjalil\/github\/aethmodular\/research\/filter_combine\/FilterBased_ChemSpecPM25_ETAD.csv"",""export_sha256"":""a9f87a16ca07030aaeaf3b0d67c1c5fe3f0d209c34a3a51b365e6a8724f33020"",""export_source_row"":1697,""source_row"":19289}]",True,False,,unresolved_upstream_competing_values
ETAD,ETAD-0067,[28203],"[""FTIR""]",[218],"[""Ambient local""]","[0.06, 9.56]","[{""export_file"":""\/Users\/ahmadjalil\/github\/aethmodular\/research\/filter_combine\/FilterBased_ChemSpecPM25_ETAD.csv"",""export_sha256"":""a9f87a16ca07030aaeaf3b0d67c1c5fe3f0d209c34a3a51b365e6a8724f33020"",""export_source_row"":1737,""source_row"":19346},{""export_file"":""\/Users\/ahmadjalil\/github\/aethmodular\/research\/filter_combine\/FilterBased_ChemSpecPM25_ETAD.csv"",""export_sha256"":""a9f87a16ca07030aaeaf3b0d67c1c5fe3f0d209c34a3a51b365e6a8724f33020"",""export_source_row"":1738,""source_row"":19347}]",True,False,,unresolved_upstream_competing_values
ETAD,ETAD-0068,[28203],"[""FTIR""]",[218],"[""Ambient local""]","[0.06, 6.34]","[{""export_file"":""\/Users\/ahmadjalil\/github\/aethmodular\/research\/filter_combine\/FilterBased_ChemSpecPM25_ETAD.csv"",""export_sha256"":""a9f87a16ca07030aaeaf3b0d67c1c5fe3f0d209c34a3a51b365e6a8724f33020"",""export_source_row"":1778,""source_row"":19404},{""export_file"":""\/Users\/ahmadjalil\/github\/aethmodular\/research\/filter_combine\/FilterBased_ChemSpecPM25_ETAD.csv"",""export_sha256"":""a9f87a16ca07030aaeaf3b0d67c1c5fe3f0d209c34a3a51b365e6a8724f33020"",""export_source_row"":1779,""source_row"":19405}]",True,False,,unresolved_upstream_competing_values
ETAD,ETAD-0069,[28203],"[""FTIR""]",[218],"[""Ambient local""]","[0.06, 5.98]","[{""export_file"":""\/Users\/ahmadjalil\/github\/aethmodular\/research\/filter_combine\/FilterBased_ChemSpecPM25_ETAD.csv"",""export_sha256"":""a9f87a16ca07030aaeaf3b0d67c1c5fe3f0d209c34a3a51b365e6a8724f33020"",""export_source_row"":1819,""source_row"":19462},{""export_file"":""\/Users\/ahmadjalil\/github\/aethmodular\/research\/filter_combine\/FilterBased_ChemSpecPM25_ETAD.csv"",""export_sha256"":""a9f87a16ca07030aaeaf3b0d67c1c5fe3f0d209c34a3a51b365e6a8724f33020"",""export_source_row"":1820,""source_row"":19463}]",True,False,,unresolved_upstream_competing_values
ETAD,ETAD-0070,[28203],"[""FTIR""]",[218],"[""Ambient local""]","[0.06, 9.6]","[{""export_file"":""\/Users\/ahmadjalil\/github\/aethmodular\/research\/filter_combine\/FilterBased_ChemSpecPM25_ETAD.csv"",""export_sha256"":""a9f87a16ca07030aaeaf3b0d67c1c5fe3f0d209c34a3a51b365e6a8724f33020"",""export_source_row"":1860,""source_row"":19520},{""export_file"":""\/Users\/ahmadjalil\/github\/aethmodular\/research\/filter_combine\/FilterBased_ChemSpecPM25_ETAD.csv"",""export_sha256"":""a9f87a16ca07030aaeaf3b0d67c1c5fe3f0d209c34a3a51b365e6a8724f33020"",""export_source_row"":1861,""source_row"":19521}]",True,False,,unresolved_upstream_competing_values
ETAD,ETAD-0072,[28203],"[""FTIR""]",[218],"[""Ambient local""]","[0.06, 8.19]","[{""export_file"":""\/Users\/ahmadjalil\/github\/aethmodular\/research\/filter_combine\/FilterBased_ChemSpecPM25_ETAD.csv"",""export_sha256"":""a9f87a16ca07030aaeaf3b0d67c1c5fe3f0d209c34a3a51b365e6a8724f33020"",""export_source_row"":1901,""source_row"":19592},{""export_file"":""\/Users\/ahmadjalil\/github\/aethmodular\/research\/filter_combine\/FilterBased_ChemSpecPM25_ETAD.csv"",""export_sha256"":""a9f87a16ca07030aaeaf3b0d67c1c5fe3f0d209c34a3a51b365e6a8724f33020"",""export_source_row"":1902,""source_row"":19593}]",True,False,,unresolved_upstream_competing_values
ETAD,ETAD-0073,[28203],"[""FTIR""]",[218],"[""Ambient local""]","[0.06, 9.22]","[{""export_file"":""\/Users\/ahmadjalil\/github\/aethmodular\/research\/filter_combine\/FilterBased_ChemSpecPM25_ETAD.csv"",""export_sha256"":""a9f87a16ca07030aaeaf3b0d67c1c5fe3f0d209c34a3a51b365e6a8724f33020"",""export_source_row"":1941,""source_row"":19650},{""export_file"":""\/Users\/ahmadjalil\/github\/aethmodular\/research\/filter_combine\/FilterBased_ChemSpecPM25_ETAD.csv"",""export_sha256"":""a9f87a16ca07030aaeaf3b0d67c1c5fe3f0d209c34a3a51b365e6a8724f33020"",""export_source_row"":1942,""source_row"":19651}]",True,False,,unresolved_upstream_competing_values
ETAD,ETAD-0074,[28203],"[""FTIR""]",[218],"[""Ambient local""]","[0.06, 6.19]","[{""export_file"":""\/Users\/ahmadjalil\/github\/aethmodular\/research\/filter_combine\/FilterBased_ChemSpecPM25_ETAD.csv"",""export_sha256"":""a9f87a16ca07030aaeaf3b0d67c1c5fe3f0d209c34a3a51b365e6a8724f33020"",""export_source_row"":1982,""source_row"":19707},{""export_file"":""\/Users\/ahmadjalil\/github\/aethmodular\/research\/filter_combine\/FilterBased_ChemSpecPM25_ETAD.csv"",""export_sha256"":""a9f87a16ca07030aaeaf3b0d67c1c5fe3f0d209c34a3a51b365e6a8724f33020"",""export_source_row"":1983,""source_row"":19708}]",True,False,,unresolved_upstream_competing_values
ETAD,ETAD-0075,[28203],"[""FTIR""]",[218],"[""Ambient local""]","[0.06, 4.79]","[{""export_file"":""\/Users\/ahmadjalil\/github\/aethmodular\/research\/filter_combine\/FilterBased_ChemSpecPM25_ETAD.csv"",""export_sha256"":""a9f87a16ca07030aaeaf3b0d67c1c5fe3f0d209c34a3a51b365e6a8724f33020"",""export_source_row"":2023,""source_row"":19765},{""export_file"":""\/Users\/ahmadjalil\/github\/aethmodular\/research\/filter_combine\/FilterBased_ChemSpecPM25_ETAD.csv"",""export_sha256"":""a9f87a16ca07030aaeaf3b0d67c1c5fe3f0d209c34a3a51b365e6a8724f33020"",""export_source_row"":2024,""source_row"":19766}]",True,False,,unresolved_upstream_competing_values
ETAD,ETAD-0076,[28203],"[""FTIR""]",[218],"[""Ambient local""]","[0.06, 3.94]","[{""export_file"":""\/Users\/ahmadjalil\/github\/aethmodular\/research\/filter_combine\/FilterBased_ChemSpecPM25_ETAD.csv"",""export_sha256"":""a9f87a16ca07030aaeaf3b0d67c1c5fe3f0d209c34a3a51b365e6a8724f33020"",""export_source_row"":2064,""source_row"":19823},{""export_file"":""\/Users\/ahmadjalil\/github\/aethmodular\/research\/filter_combine\/FilterBased_ChemSpecPM25_ETAD.csv"",""export_sha256"":""a9f87a16ca07030aaeaf3b0d67c1c5fe3f0d209c34a3a51b365e6a8724f33020"",""export_source_row"":2065,""source_row"":19824}]",True,False,,unresolved_upstream_competing_values
ETAD,ETAD-0077,[28203],"[""FTIR""]",[218],"[""Ambient local""]","[0.06, 4.94]","[{""export_file"":""\/Users\/ahmadjalil\/github\/aethmodular\/research\/filter_combine\/FilterBased_ChemSpecPM25_ETAD.csv"",""export_sha256"":""a9f87a16ca07030aaeaf3b0d67c1c5fe3f0d209c34a3a51b365e6a8724f33020"",""export_source_row"":2105,""source_row"":19881},{""export_file"":""\/Users\/ahmadjalil\/github\/aethmodular\/research\/filter_combine\/FilterBased_ChemSpecPM25_ETAD.csv"",""export_sha256"":""a9f87a16ca07030aaeaf3b0d67c1c5fe3f0d209c34a3a51b365e6a8724f33020"",""export_source_row"":2106,""source_row"":19882}]",True,False,,unresolved_upstream_competing_values
ETAD,ETAD-0078,[28203],"[""FTIR""]",[218],"[""Ambient local""]","[0.06, 3.79]","[{""export_file"":""\/Users\/ahmadjalil\/github\/aethmodular\/research\/filter_combine\/FilterBased_ChemSpecPM25_ETAD.csv"",""export_sha256"":""a9f87a16ca07030aaeaf3b0d67c1c5fe3f0d209c34a3a51b365e6a8724f33020"",""export_source_row"":2146,""source_row"":19939},{""export_file"":""\/Users\/ahmadjalil\/github\/aethmodular\/research\/filter_combine\/FilterBased_ChemSpecPM25_ETAD.csv"",""export_sha256"":""a9f87a16ca07030aaeaf3b0d67c1c5fe3f0d209c34a3a51b365e6a8724f33020"",""export_source_row"":2147,""source_row"":19940}]",True,False,,unresolved_upstream_competing_values
ETAD,ETAD-0080,[28203],"[""FTIR""]",[218],"[""Ambient local""]","[0.06, 3.35]","[{""export_file"":""\/Users\/ahmadjalil\/github\/aethmodular\/research\/filter_combine\/FilterBased_ChemSpecPM25_ETAD.csv"",""export_sha256"":""a9f87a16ca07030aaeaf3b0d67c1c5fe3f0d209c34a3a51b365e6a8724f33020"",""export_source_row"":2187,""source_row"":20011},{""export_file"":""\/Users\/ahmadjalil\/github\/aethmodular\/research\/filter_combine\/FilterBased_ChemSpecPM25_ETAD.csv"",""export_sha256"":""a9f87a16ca07030aaeaf3b0d67c1c5fe3f0d209c34a3a51b365e6a8724f33020"",""export_source_row"":2188,""source_row"":20012}]",True,False,,unresolved_upstream_competing_values
ETAD,ETAD-0081,[28203],"[""FTIR""]",[218],"[""Ambient local""]","[0.06, 9.84]","[{""export_file"":""\/Users\/ahmadjalil\/github\/aethmodular\/research\/filter_combine\/FilterBased_ChemSpecPM25_ETAD.csv"",""export_sha256"":""a9f87a16ca07030aaeaf3b0d67c1c5fe3f0d209c34a3a51b365e6a8724f33020"",""export_source_row"":2228,""source_row"":20069},{""export_file"":""\/Users\/ahmadjalil\/github\/aethmodular\/research\/filter_combine\/FilterBased_ChemSpecPM25_ETAD.csv"",""export_sha256"":""a9f87a16ca07030aaeaf3b0d67c1c5fe3f0d209c34a3a51b365e6a8724f33020"",""export_source_row"":2229,""source_row"":20070}]",True,False,,unresolved_upstream_competing_values
ETAD,ETAD-0082,[28203],"[""FTIR""]",[218],"[""Ambient local""]","[0.06, 7.07]","[{""export_file"":""\/Users\/ahmadjalil\/github\/aethmodular\/research\/filter_combine\/FilterBased_ChemSpecPM25_ETAD.csv"",""export_sha256"":""a9f87a16ca07030aaeaf3b0d67c1c5fe3f0d209c34a3a51b365e6a8724f33020"",""export_source_row"":2269,""source_row"":20127},{""export_file"":""\/Users\/ahmadjalil\/github\/aethmodular\/research\/filter_combine\/FilterBased_ChemSpecPM25_ETAD.csv"",""export_sha256"":""a9f87a16ca07030aaeaf3b0d67c1c5fe3f0d209c34a3a51b365e6a8724f33020"",""export_source_row"":2270,""source_row"":20128}]",True,False,,unresolved_upstream_competing_values
ETAD,ETAD-0083,[28203],"[""FTIR""]",[218],"[""Ambient local""]","[0.06, 6.73]","[{""export_file"":""\/Users\/ahmadjalil\/github\/aethmodular\/research\/filter_combine\/FilterBased_ChemSpecPM25_ETAD.csv"",""export_sha256"":""a9f87a16ca07030aaeaf3b0d67c1c5fe3f0d209c34a3a51b365e6a8724f33020"",""export_source_row"":2309,""source_row"":20185},{""export_file"":""\/Users\/ahmadjalil\/github\/aethmodular\/research\/filter_combine\/FilterBased_ChemSpecPM25_ETAD.csv"",""export_sha256"":""a9f87a16ca07030aaeaf3b0d67c1c5fe3f0d209c34a3a51b365e6a8724f33020"",""export_source_row"":2310,""source_row"":20186}]",True,False,,unresolved_upstream_competing_values
ETAD,ETAD-0084,[28203],"[""FTIR""]",[218],"[""Ambient local""]","[0.06, 6.55]","[{""export_file"":""\/Users\/ahmadjalil\/github\/aethmodular\/research\/filter_combine\/FilterBased_ChemSpecPM25_ETAD.csv"",""export_sha256"":""a9f87a16ca07030aaeaf3b0d67c1c5fe3f0d209c34a3a51b365e6a8724f33020"",""export_source_row"":2350,""source_row"":20242},{""export_file"":""\/Users\/ahmadjalil\/github\/aethmodular\/research\/filter_combine\/FilterBased_ChemSpecPM25_ETAD.csv"",""export_sha256"":""a9f87a16ca07030aaeaf3b0d67c1c5fe3f0d209c34a3a51b365e6a8724f33020"",""export_source_row"":2351,""source_row"":20243}]",True,False,,unresolved_upstream_competing_values
ETAD,ETAD-0085,[28203],"[""FTIR""]",[218],"[""Ambient local""]","[0.06, 9.71]","[{""export_file"":""\/Users\/ahmadjalil\/github\/aethmodular\/research\/filter_combine\/FilterBased_ChemSpecPM25_ETAD.csv"",""export_sha256"":""a9f87a16ca07030aaeaf3b0d67c1c5fe3f0d209c34a3a51b365e6a8724f33020"",""export_source_row"":2391,""source_row"":20300},{""export_file"":""\/Users\/ahmadjalil\/github\/aethmodular\/research\/filter_combine\/FilterBased_ChemSpecPM25_ETAD.csv"",""export_sha256"":""a9f87a16ca07030aaeaf3b0d67c1c5fe3f0d209c34a3a51b365e6a8724f33020"",""export_source_row"":2392,""source_row"":20301}]",True,False,,unresolved_upstream_competing_values
ETAD,ETAD-0086,[28203],"[""FTIR""]",[218],"[""Ambient local""]","[0.06, 7.72]","[{""export_file"":""\/Users\/ahmadjalil\/github\/aethmodular\/research\/filter_combine\/FilterBased_ChemSpecPM25_ETAD.csv"",""export_sha256"":""a9f87a16ca07030aaeaf3b0d67c1c5fe3f0d209c34a3a51b365e6a8724f33020"",""export_source_row"":2432,""source_row"":20358},{""export_file"":""\/Users\/ahmadjalil\/github\/aethmodular\/research\/filter_combine\/FilterBased_ChemSpecPM25_ETAD.csv"",""export_sha256"":""a9f87a16ca07030aaeaf3b0d67c1c5fe3f0d209c34a3a51b365e6a8724f33020"",""export_source_row"":2433,""source_row"":20359}]",True,False,,unresolved_upstream_competing_values
ETAD,ETAD-0088,[28203],"[""FTIR""]",[218],"[""Ambient local""]","[0.06, 7.53]","[{""export_file"":""\/Users\/ahmadjalil\/github\/aethmodular\/research\/filter_combine\/FilterBased_ChemSpecPM25_ETAD.csv"",""export_sha256"":""a9f87a16ca07030aaeaf3b0d67c1c5fe3f0d209c34a3a51b365e6a8724f33020"",""export_source_row"":2472,""source_row"":20430},{""export_file"":""\/Users\/ahmadjalil\/github\/aethmodular\/research\/filter_combine\/FilterBased_ChemSpecPM25_ETAD.csv"",""export_sha256"":""a9f87a16ca07030aaeaf3b0d67c1c5fe3f0d209c34a3a51b365e6a8724f33020"",""export_source_row"":2473,""source_row"":20431}]",True,False,,unresolved_upstream_competing_values
ETAD,ETAD-0089,[28203],"[""FTIR""]",[218],"[""Ambient local""]","[0.06, 5.12]","[{""export_file"":""\/Users\/ahmadjalil\/github\/aethmodular\/research\/filter_combine\/FilterBased_ChemSpecPM25_ETAD.csv"",""export_sha256"":""a9f87a16ca07030aaeaf3b0d67c1c5fe3f0d209c34a3a51b365e6a8724f33020"",""export_source_row"":2513,""source_row"":20487},{""export_file"":""\/Users\/ahmadjalil\/github\/aethmodular\/research\/filter_combine\/FilterBased_ChemSpecPM25_ETAD.csv"",""export_sha256"":""a9f87a16ca07030aaeaf3b0d67c1c5fe3f0d209c34a3a51b365e6a8724f33020"",""export_source_row"":2514,""source_row"":20488}]",True,False,,unresolved_upstream_competing_values
ETAD,ETAD-0090,[28203],"[""FTIR""]",[218],"[""Ambient local""]","[0.06, 9.6]","[{""export_file"":""\/Users\/ahmadjalil\/github\/aethmodular\/research\/filter_combine\/FilterBased_ChemSpecPM25_ETAD.csv"",""export_sha256"":""a9f87a16ca07030aaeaf3b0d67c1c5fe3f0d209c34a3a51b365e6a8724f33020"",""export_source_row"":2554,""source_row"":20545},{""export_file"":""\/Users\/ahmadjalil\/github\/aethmodular\/research\/filter_combine\/FilterBased_ChemSpecPM25_ETAD.csv"",""export_sha256"":""a9f87a16ca07030aaeaf3b0d67c1c5fe3f0d209c34a3a51b365e6a8724f33020"",""export_source_row"":2555,""source_row"":20546}]",True,False,,unresolved_upstream_competing_values
ETAD,ETAD-0091,[28203],"[""FTIR""]",[218],"[""Ambient local""]","[0.06, 3.97]","[{""export_file"":""\/Users\/ahmadjalil\/github\/aethmodular\/research\/filter_combine\/FilterBased_ChemSpecPM25_ETAD.csv"",""export_sha256"":""a9f87a16ca07030aaeaf3b0d67c1c5fe3f0d209c34a3a51b365e6a8724f33020"",""export_source_row"":2592,""source_row"":20603},{""export_file"":""\/Users\/ahmadjalil\/github\/aethmodular\/research\/filter_combine\/FilterBased_ChemSpecPM25_ETAD.csv"",""export_sha256"":""a9f87a16ca07030aaeaf3b0d67c1c5fe3f0d209c34a3a51b365e6a8724f33020"",""export_source_row"":2593,""source_row"":20604}]",True,False,,unresolved_upstream_competing_values
ETAD,ETAD-0092,[28203],"[""FTIR""]",[218],"[""Ambient local""]","[0.06, 7.25]","[{""export_file"":""\/Users\/ahmadjalil\/github\/aethmodular\/research\/filter_combine\/FilterBased_ChemSpecPM25_ETAD.csv"",""export_sha256"":""a9f87a16ca07030aaeaf3b0d67c1c5fe3f0d209c34a3a51b365e6a8724f33020"",""export_source_row"":2633,""source_row"":20658},{""export_file"":""\/Users\/ahmadjalil\/github\/aethmodular\/research\/filter_combine\/FilterBased_ChemSpecPM25_ETAD.csv"",""export_sha256"":""a9f87a16ca07030aaeaf3b0d67c1c5fe3f0d209c34a3a51b365e6a8724f33020"",""export_source_row"":2634,""source_row"":20659}]",True,False,,unresolved_upstream_competing_values
ETAD,ETAD-0093,[28203],"[""FTIR""]",[218],"[""Ambient local""]","[0.06, 9.0]","[{""export_file"":""\/Users\/ahmadjalil\/github\/aethmodular\/research\/filter_combine\/FilterBased_ChemSpecPM25_ETAD.csv"",""export_sha256"":""a9f87a16ca07030aaeaf3b0d67c1c5fe3f0d209c34a3a51b365e6a8724f33020"",""export_source_row"":2674,""source_row"":20716},{""export_file"":""\/Users\/ahmadjalil\/github\/aethmodular\/research\/filter_combine\/FilterBased_ChemSpecPM25_ETAD.csv"",""export_sha256"":""a9f87a16ca07030aaeaf3b0d67c1c5fe3f0d209c34a3a51b365e6a8724f33020"",""export_source_row"":2675,""source_row"":20717}]",True,False,,unresolved_upstream_competing_values
ETAD,ETAD-0094,[28203],"[""FTIR""]",[218],"[""Ambient local""]","[0.06, 8.59]","[{""export_file"":""\/Users\/ahmadjalil\/github\/aethmodular\/research\/filter_combine\/FilterBased_ChemSpecPM25_ETAD.csv"",""export_sha256"":""a9f87a16ca07030aaeaf3b0d67c1c5fe3f0d209c34a3a51b365e6a8724f33020"",""export_source_row"":2715,""source_row"":20774},{""export_file"":""\/Users\/ahmadjalil\/github\/aethmodular\/research\/filter_combine\/FilterBased_ChemSpecPM25_ETAD.csv"",""export_sha256"":""a9f87a16ca07030aaeaf3b0d67c1c5fe3f0d209c34a3a51b365e6a8724f33020"",""export_source_row"":2716,""source_row"":20775}]",True,False,,unresolved_upstream_competing_values
ETAD,ETAD-0096,[28203],"[""FTIR""]",[218],"[""Ambient local""]","[0.06, 5.95]","[{""export_file"":""\/Users\/ahmadjalil\/github\/aethmodular\/research\/filter_combine\/FilterBased_ChemSpecPM25_ETAD.csv"",""export_sha256"":""a9f87a16ca07030aaeaf3b0d67c1c5fe3f0d209c34a3a51b365e6a8724f33020"",""export_source_row"":2756,""source_row"":20846},{""export_file"":""\/Users\/ahmadjalil\/github\/aethmodular\/research\/filter_combine\/FilterBased_ChemSpecPM25_ETAD.csv"",""export_sha256"":""a9f87a16ca07030aaeaf3b0d67c1c5fe3f0d209c34a3a51b365e6a8724f33020"",""export_source_row"":2757,""source_row"":20847}]",True,False,,unresolved_upstream_competing_values
ETAD,ETAD-0097,[28203],"[""FTIR""]",[218],"[""Ambient local""]","[0.06, 5.25]","[{""export_file"":""\/Users\/ahmadjalil\/github\/aethmodular\/research\/filter_combine\/FilterBased_ChemSpecPM25_ETAD.csv"",""export_sha256"":""a9f87a16ca07030aaeaf3b0d67c1c5fe3f0d209c34a3a51b365e6a8724f33020"",""export_source_row"":2796,""source_row"":20904},{""export_file"":""\/Users\/ahmadjalil\/github\/aethmodular\/research\/filter_combine\/FilterBased_ChemSpecPM25_ETAD.csv"",""export_sha256"":""a9f87a16ca07030aaeaf3b0d67c1c5fe3f0d209c34a3a51b365e6a8724f33020"",""export_source_row"":2797,""source_row"":20905}]",True,False,,unresolved_upstream_competing_values
ETAD,ETAD-0098,[28203],"[""FTIR""]",[218],"[""Ambient local""]","[0.06, 9.53]","[{""export_file"":""\/Users\/ahmadjalil\/github\/aethmodular\/research\/filter_combine\/FilterBased_ChemSpecPM25_ETAD.csv"",""export_sha256"":""a9f87a16ca07030aaeaf3b0d67c1c5fe3f0d209c34a3a51b365e6a8724f33020"",""export_source_row"":2837,""source_row"":20961},{""export_file"":""\/Users\/ahmadjalil\/github\/aethmodular\/research\/filter_combine\/FilterBased_ChemSpecPM25_ETAD.csv"",""export_sha256"":""a9f87a16ca07030aaeaf3b0d67c1c5fe3f0d209c34a3a51b365e6a8724f33020"",""export_source_row"":2838,""source_row"":20962}]",True,False,,unresolved_upstream_competing_values
ETAD,ETAD-0099,[28203],"[""FTIR""]",[218],"[""Ambient local""]","[0.06, 6.93]","[{""export_file"":""\/Users\/ahmadjalil\/github\/aethmodular\/research\/filter_combine\/FilterBased_ChemSpecPM25_ETAD.csv"",""export_sha256"":""a9f87a16ca07030aaeaf3b0d67c1c5fe3f0d209c34a3a51b365e6a8724f33020"",""export_source_row"":2878,""source_row"":21019},{""export_file"":""\/Users\/ahmadjalil\/github\/aethmodular\/research\/filter_combine\/FilterBased_ChemSpecPM25_ETAD.csv"",""export_sha256"":""a9f87a16ca07030aaeaf3b0d67c1c5fe3f0d209c34a3a51b365e6a8724f33020"",""export_source_row"":2879,""source_row"":21020}]",True,False,,unresolved_upstream_competing_values
ETAD,ETAD-0100,[28203],"[""FTIR""]",[218],"[""Ambient local""]","[0.06, 6.95]","[{""export_file"":""\/Users\/ahmadjalil\/github\/aethmodular\/research\/filter_combine\/FilterBased_ChemSpecPM25_ETAD.csv"",""export_sha256"":""a9f87a16ca07030aaeaf3b0d67c1c5fe3f0d209c34a3a51b365e6a8724f33020"",""export_source_row"":2916,""source_row"":21077},{""export_file"":""\/Users\/ahmadjalil\/github\/aethmodular\/research\/filter_combine\/FilterBased_ChemSpecPM25_ETAD.csv"",""export_sha256"":""a9f87a16ca07030aaeaf3b0d67c1c5fe3f0d209c34a3a51b365e6a8724f33020"",""export_source_row"":2917,""source_row"":21078}]",True,False,,unresolved_upstream_competing_values
ETAD,ETAD-0101,[28203],"[""FTIR""]",[218],"[""Ambient local""]","[0.06, 6.76]","[{""export_file"":""\/Users\/ahmadjalil\/github\/aethmodular\/research\/filter_combine\/FilterBased_ChemSpecPM25_ETAD.csv"",""export_sha256"":""a9f87a16ca07030aaeaf3b0d67c1c5fe3f0d209c34a3a51b365e6a8724f33020"",""export_source_row"":2957,""source_row"":21132},{""export_file"":""\/Users\/ahmadjalil\/github\/aethmodular\/research\/filter_combine\/FilterBased_ChemSpecPM25_ETAD.csv"",""export_sha256"":""a9f87a16ca07030aaeaf3b0d67c1c5fe3f0d209c34a3a51b365e6a8724f33020"",""export_source_row"":2958,""source_row"":21133}]",True,False,,unresolved_upstream_competing_values
ETAD,ETAD-0102,[28203],"[""FTIR""]",[218],"[""Ambient local""]","[0.06, 4.94]","[{""export_file"":""\/Users\/ahmadjalil\/github\/aethmodular\/research\/filter_combine\/FilterBased_ChemSpecPM25_ETAD.csv"",""export_sha256"":""a9f87a16ca07030aaeaf3b0d67c1c5fe3f0d209c34a3a51b365e6a8724f33020"",""export_source_row"":2998,""source_row"":21190},{""export_file"":""\/Users\/ahmadjalil\/github\/aethmodular\/research\/filter_combine\/FilterBased_ChemSpecPM25_ETAD.csv"",""export_sha256"":""a9f87a16ca07030aaeaf3b0d67c1c5fe3f0d209c34a3a51b365e6a8724f33020"",""export_source_row"":2999,""source_row"":21191}]",True,False,,unresolved_upstream_competing_values
ETAD,ETAD-0104,[28203],"[""FTIR""]",[218],"[""Ambient local""]","[0.06, 8.14]","[{""export_file"":""\/Users\/ahmadjalil\/github\/aethmodular\/research\/filter_combine\/FilterBased_ChemSpecPM25_ETAD.csv"",""export_sha256"":""a9f87a16ca07030aaeaf3b0d67c1c5fe3f0d209c34a3a51b365e6a8724f33020"",""export_source_row"":3039,""source_row"":21262},{""export_file"":""\/Users\/ahmadjalil\/github\/aethmodular\/research\/filter_combine\/FilterBased_ChemSpecPM25_ETAD.csv"",""export_sha256"":""a9f87a16ca07030aaeaf3b0d67c1c5fe3f0d209c34a3a51b365e6a8724f33020"",""export_source_row"":3040,""source_row"":21263}]",True,False,,unresolved_upstream_competing_values
ETAD,ETAD-0105,[28203],"[""FTIR""]",[218],"[""Ambient local""]","[0.06, 7.43]","[{""export_file"":""\/Users\/ahmadjalil\/github\/aethmodular\/research\/filter_combine\/FilterBased_ChemSpecPM25_ETAD.csv"",""export_sha256"":""a9f87a16ca07030aaeaf3b0d67c1c5fe3f0d209c34a3a51b365e6a8724f33020"",""export_source_row"":3081,""source_row"":21320},{""export_file"":""\/Users\/ahmadjalil\/github\/aethmodular\/research\/filter_combine\/FilterBased_ChemSpecPM25_ETAD.csv"",""export_sha256"":""a9f87a16ca07030aaeaf3b0d67c1c5fe3f0d209c34a3a51b365e6a8724f33020"",""export_source_row"":3082,""source_row"":21321}]",True,False,,unresolved_upstream_competing_values
ETAD,ETAD-0106,[28203],"[""FTIR""]",[218],"[""Ambient local""]","[0.06, 7.57]","[{""export_file"":""\/Users\/ahmadjalil\/github\/aethmodular\/research\/filter_combine\/FilterBased_ChemSpecPM25_ETAD.csv"",""export_sha256"":""a9f87a16ca07030aaeaf3b0d67c1c5fe3f0d209c34a3a51b365e6a8724f33020"",""export_source_row"":3123,""source_row"":21379},{""export_file"":""\/Users\/ahmadjalil\/github\/aethmodular\/research\/filter_combine\/FilterBased_ChemSpecPM25_ETAD.csv"",""export_sha256"":""a9f87a16ca07030aaeaf3b0d67c1c5fe3f0d209c34a3a51b365e6a8724f33020"",""export_source_row"":3124,""source_row"":21380}]",True,False,,unresolved_upstream_competing_values
ETAD,ETAD-0107,[28203],"[""FTIR""]",[218],"[""Ambient local""]","[0.06, 8.55]","[{""export_file"":""\/Users\/ahmadjalil\/github\/aethmodular\/research\/filter_combine\/FilterBased_ChemSpecPM25_ETAD.csv"",""export_sha256"":""a9f87a16ca07030aaeaf3b0d67c1c5fe3f0d209c34a3a51b365e6a8724f33020"",""export_source_row"":3165,""source_row"":21438},{""export_file"":""\/Users\/ahmadjalil\/github\/aethmodular\/research\/filter_combine\/FilterBased_ChemSpecPM25_ETAD.csv"",""export_sha256"":""a9f87a16ca07030aaeaf3b0d67c1c5fe3f0d209c34a3a51b365e6a8724f33020"",""export_source_row"":3166,""source_row"":21439}]",True,False,,unresolved_upstream_competing_values
ETAD,ETAD-0108,[28203],"[""FTIR""]",[218],"[""Ambient local""]","[0.06, 6.49]","[{""export_file"":""\/Users\/ahmadjalil\/github\/aethmodular\/research\/filter_combine\/FilterBased_ChemSpecPM25_ETAD.csv"",""export_sha256"":""a9f87a16ca07030aaeaf3b0d67c1c5fe3f0d209c34a3a51b365e6a8724f33020"",""export_source_row"":3207,""source_row"":21497},{""export_file"":""\/Users\/ahmadjalil\/github\/aethmodular\/research\/filter_combine\/FilterBased_ChemSpecPM25_ETAD.csv"",""export_sha256"":""a9f87a16ca07030aaeaf3b0d67c1c5fe3f0d209c34a3a51b365e6a8724f33020"",""export_source_row"":3208,""source_row"":21498}]",True,False,,unresolved_upstream_competing_values
ETAD,ETAD-0109,[28203],"[""FTIR""]",[218],"[""Ambient local""]","[0.06, 6.64]","[{""export_file"":""\/Users\/ahmadjalil\/github\/aethmodular\/research\/filter_combine\/FilterBased_ChemSpecPM25_ETAD.csv"",""export_sha256"":""a9f87a16ca07030aaeaf3b0d67c1c5fe3f0d209c34a3a51b365e6a8724f33020"",""export_source_row"":3249,""source_row"":21556},{""export_file"":""\/Users\/ahmadjalil\/github\/aethmodular\/research\/filter_combine\/FilterBased_ChemSpecPM25_ETAD.csv"",""export_sha256"":""a9f87a16ca07030aaeaf3b0d67c1c5fe3f0d209c34a3a51b365e6a8724f33020"",""export_source_row"":3250,""source_row"":21557}]",True,False,,unresolved_upstream_competing_values
ETAD,ETAD-0110,[28203],"[""FTIR""]",[218],"[""Ambient local""]","[0.06, 6.77]","[{""export_file"":""\/Users\/ahmadjalil\/github\/aethmodular\/research\/filter_combine\/FilterBased_ChemSpecPM25_ETAD.csv"",""export_sha256"":""a9f87a16ca07030aaeaf3b0d67c1c5fe3f0d209c34a3a51b365e6a8724f33020"",""export_source_row"":3291,""source_row"":21615},{""export_file"":""\/Users\/ahmadjalil\/github\/aethmodular\/research\/filter_combine\/FilterBased_ChemSpecPM25_ETAD.csv"",""export_sha256"":""a9f87a16ca07030aaeaf3b0d67c1c5fe3f0d209c34a3a51b365e6a8724f33020"",""export_source_row"":3292,""source_row"":21616}]",True,False,,unresolved_upstream_competing_values
ETAD,ETAD-0112,[28203],"[""FTIR""]",[218],"[""Ambient local""]","[0.06, 3.5]","[{""export_file"":""\/Users\/ahmadjalil\/github\/aethmodular\/research\/filter_combine\/FilterBased_ChemSpecPM25_ETAD.csv"",""export_sha256"":""a9f87a16ca07030aaeaf3b0d67c1c5fe3f0d209c34a3a51b365e6a8724f33020"",""export_source_row"":3333,""source_row"":21688},{""export_file"":""\/Users\/ahmadjalil\/github\/aethmodular\/research\/filter_combine\/FilterBased_ChemSpecPM25_ETAD.csv"",""export_sha256"":""a9f87a16ca07030aaeaf3b0d67c1c5fe3f0d209c34a3a51b365e6a8724f33020"",""export_source_row"":3334,""source_row"":21689}]",True,False,,unresolved_upstream_competing_values
ETAD,ETAD-0113,[28203],"[""FTIR""]",[218],"[""Ambient local""]","[0.06, 7.17]","[{""export_file"":""\/Users\/ahmadjalil\/github\/aethmodular\/research\/filter_combine\/FilterBased_ChemSpecPM25_ETAD.csv"",""export_sha256"":""a9f87a16ca07030aaeaf3b0d67c1c5fe3f0d209c34a3a51b365e6a8724f33020"",""export_source_row"":3375,""source_row"":21747},{""export_file"":""\/Users\/ahmadjalil\/github\/aethmodular\/research\/filter_combine\/FilterBased_ChemSpecPM25_ETAD.csv"",""export_sha256"":""a9f87a16ca07030aaeaf3b0d67c1c5fe3f0d209c34a3a51b365e6a8724f33020"",""export_source_row"":3376,""source_row"":21748}]",True,False,,unresolved_upstream_competing_values
ETAD,ETAD-0114,[28203],"[""FTIR""]",[218],"[""Ambient local""]","[0.06, 10.53]","[{""export_file"":""\/Users\/ahmadjalil\/github\/aethmodular\/research\/filter_combine\/FilterBased_ChemSpecPM25_ETAD.csv"",""export_sha256"":""a9f87a16ca07030aaeaf3b0d67c1c5fe3f0d209c34a3a51b365e6a8724f33020"",""export_source_row"":3417,""source_row"":21806},{""export_file"":""\/Users\/ahmadjalil\/github\/aethmodular\/research\/filter_combine\/FilterBased_ChemSpecPM25_ETAD.csv"",""export_sha256"":""a9f87a16ca07030aaeaf3b0d67c1c5fe3f0d209c34a3a51b365e6a8724f33020"",""export_source_row"":3418,""source_row"":21807}]",True,False,,unresolved_upstream_competing_values
ETAD,ETAD-0115,[28203],"[""FTIR""]",[218],"[""Ambient local""]","[0.06, 3.44]","[{""export_file"":""\/Users\/ahmadjalil\/github\/aethmodular\/research\/filter_combine\/FilterBased_ChemSpecPM25_ETAD.csv"",""export_sha256"":""a9f87a16ca07030aaeaf3b0d67c1c5fe3f0d209c34a3a51b365e6a8724f33020"",""export_source_row"":3459,""source_row"":21865},{""export_file"":""\/Users\/ahmadjalil\/github\/aethmodular\/research\/filter_combine\/FilterBased_ChemSpecPM25_ETAD.csv"",""export_sha256"":""a9f87a16ca07030aaeaf3b0d67c1c5fe3f0d209c34a3a51b365e6a8724f33020"",""export_source_row"":3460,""source_row"":21866}]",True,False,,unresolved_upstream_competing_values
ETAD,ETAD-0116,[28203],"[""FTIR""]",[218],"[""Ambient local""]","[0.06, 6.79]","[{""export_file"":""\/Users\/ahmadjalil\/github\/aethmodular\/research\/filter_combine\/FilterBased_ChemSpecPM25_ETAD.csv"",""export_sha256"":""a9f87a16ca07030aaeaf3b0d67c1c5fe3f0d209c34a3a51b365e6a8724f33020"",""export_source_row"":3501,""source_row"":21924},{""export_file"":""\/Users\/ahmadjalil\/github\/aethmodular\/research\/filter_combine\/FilterBased_ChemSpecPM25_ETAD.csv"",""export_sha256"":""a9f87a16ca07030aaeaf3b0d67c1c5fe3f0d209c34a3a51b365e6a8724f33020"",""export_source_row"":3502,""source_row"":21925}]",True,False,,unresolved_upstream_competing_values
ETAD,ETAD-0117,[28203],"[""FTIR""]",[218],"[""Ambient local""]","[0.06, 4.72]","[{""export_file"":""\/Users\/ahmadjalil\/github\/aethmodular\/research\/filter_combine\/FilterBased_ChemSpecPM25_ETAD.csv"",""export_sha256"":""a9f87a16ca07030aaeaf3b0d67c1c5fe3f0d209c34a3a51b365e6a8724f33020"",""export_source_row"":3543,""source_row"":21983},{""export_file"":""\/Users\/ahmadjalil\/github\/aethmodular\/research\/filter_combine\/FilterBased_ChemSpecPM25_ETAD.csv"",""export_sha256"":""a9f87a16ca07030aaeaf3b0d67c1c5fe3f0d209c34a3a51b365e6a8724f33020"",""export_source_row"":3544,""source_row"":21984}]",True,False,,unresolved_upstream_competing_values
ETAD,ETAD-0118,[28203],"[""FTIR""]",[218],"[""Ambient local""]","[0.06, 5.98]","[{""export_file"":""\/Users\/ahmadjalil\/github\/aethmodular\/research\/filter_combine\/FilterBased_ChemSpecPM25_ETAD.csv"",""export_sha256"":""a9f87a16ca07030aaeaf3b0d67c1c5fe3f0d209c34a3a51b365e6a8724f33020"",""export_source_row"":3585,""source_row"":22042},{""export_file"":""\/Users\/ahmadjalil\/github\/aethmodular\/research\/filter_combine\/FilterBased_ChemSpecPM25_ETAD.csv"",""export_sha256"":""a9f87a16ca07030aaeaf3b0d67c1c5fe3f0d209c34a3a51b365e6a8724f33020"",""export_source_row"":3586,""source_row"":22043}]",True,False,,unresolved_upstream_competing_values
ETAD,ETAD-0120,[28203],"[""FTIR""]",[218],"[""Ambient local""]","[0.06, 4.69]","[{""export_file"":""\/Users\/ahmadjalil\/github\/aethmodular\/research\/filter_combine\/FilterBased_ChemSpecPM25_ETAD.csv"",""export_sha256"":""a9f87a16ca07030aaeaf3b0d67c1c5fe3f0d209c34a3a51b365e6a8724f33020"",""export_source_row"":3627,""source_row"":22115},{""export_file"":""\/Users\/ahmadjalil\/github\/aethmodular\/research\/filter_combine\/FilterBased_ChemSpecPM25_ETAD.csv"",""export_sha256"":""a9f87a16ca07030aaeaf3b0d67c1c5fe3f0d209c34a3a51b365e6a8724f33020"",""export_source_row"":3628,""source_row"":22116}]",True,False,,unresolved_upstream_competing_values
ETAD,ETAD-0121,[28203],"[""FTIR""]",[218],"[""Ambient local""]","[0.06, 6.8]","[{""export_file"":""\/Users\/ahmadjalil\/github\/aethmodular\/research\/filter_combine\/FilterBased_ChemSpecPM25_ETAD.csv"",""export_sha256"":""a9f87a16ca07030aaeaf3b0d67c1c5fe3f0d209c34a3a51b365e6a8724f33020"",""export_source_row"":3669,""source_row"":22174},{""export_file"":""\/Users\/ahmadjalil\/github\/aethmodular\/research\/filter_combine\/FilterBased_ChemSpecPM25_ETAD.csv"",""export_sha256"":""a9f87a16ca07030aaeaf3b0d67c1c5fe3f0d209c34a3a51b365e6a8724f33020"",""export_source_row"":3670,""source_row"":22175}]",True,False,,unresolved_upstream_competing_values
ETAD,ETAD-0128,[28203],"[""FTIR""]",[218],"[""Ambient local""]","[0.06, 2.24]","[{""export_file"":""\/Users\/ahmadjalil\/github\/aethmodular\/research\/filter_combine\/FilterBased_ChemSpecPM25_ETAD.csv"",""export_sha256"":""a9f87a16ca07030aaeaf3b0d67c1c5fe3f0d209c34a3a51b365e6a8724f33020"",""export_source_row"":3711,""source_row"":22317},{""export_file"":""\/Users\/ahmadjalil\/github\/aethmodular\/research\/filter_combine\/FilterBased_ChemSpecPM25_ETAD.csv"",""export_sha256"":""a9f87a16ca07030aaeaf3b0d67c1c5fe3f0d209c34a3a51b365e6a8724f33020"",""export_source_row"":3712,""source_row"":22318}]",True,False,,unresolved_upstream_competing_values
ETAD,ETAD-0129,[28203],"[""FTIR""]",[218],"[""Ambient local""]","[0.06, 3.72]","[{""export_file"":""\/Users\/ahmadjalil\/github\/aethmodular\/research\/filter_combine\/FilterBased_ChemSpecPM25_ETAD.csv"",""export_sha256"":""a9f87a16ca07030aaeaf3b0d67c1c5fe3f0d209c34a3a51b365e6a8724f33020"",""export_source_row"":3752,""source_row"":22376},{""export_file"":""\/Users\/ahmadjalil\/github\/aethmodular\/research\/filter_combine\/FilterBased_ChemSpecPM25_ETAD.csv"",""export_sha256"":""a9f87a16ca07030aaeaf3b0d67c1c5fe3f0d209c34a3a51b365e6a8724f33020"",""export_source_row"":3753,""source_row"":22377}]",True,False,,unresolved_upstream_competing_values
ETAD,ETAD-0130,[28203],"[""FTIR""]",[218],"[""Ambient local""]","[0.06, 3.15]","[{""export_file"":""\/Users\/ahmadjalil\/github\/aethmodular\/research\/filter_combine\/FilterBased_ChemSpecPM25_ETAD.csv"",""export_sha256"":""a9f87a16ca07030aaeaf3b0d67c1c5fe3f0d209c34a3a51b365e6a8724f33020"",""export_source_row"":3793,""source_row"":22434},{""export_file"":""\/Users\/ahmadjalil\/github\/aethmodular\/research\/filter_combine\/FilterBased_ChemSpecPM25_ETAD.csv"",""export_sha256"":""a9f87a16ca07030aaeaf3b0d67c1c5fe3f0d209c34a3a51b365e6a8724f33020"",""export_source_row"":3794,""source_row"":22435}]",True,False,,unresolved_upstream_competing_values
ETAD,ETAD-0131,[28203],"[""FTIR""]",[218],"[""Ambient local""]","[0.06, 4.15]","[{""export_file"":""\/Users\/ahmadjalil\/github\/aethmodular\/research\/filter_combine\/FilterBased_ChemSpecPM25_ETAD.csv"",""export_sha256"":""a9f87a16ca07030aaeaf3b0d67c1c5fe3f0d209c34a3a51b365e6a8724f33020"",""export_source_row"":3832,""source_row"":22492},{""export_file"":""\/Users\/ahmadjalil\/github\/aethmodular\/research\/filter_combine\/FilterBased_ChemSpecPM25_ETAD.csv"",""export_sha256"":""a9f87a16ca07030aaeaf3b0d67c1c5fe3f0d209c34a3a51b365e6a8724f33020"",""export_source_row"":3833,""source_row"":22493}]",True,False,,unresolved_upstream_competing_values
ETAD,ETAD-0132,[28203],"[""FTIR""]",[218],"[""Ambient local""]","[0.06, 2.3]","[{""export_file"":""\/Users\/ahmadjalil\/github\/aethmodular\/research\/filter_combine\/FilterBased_ChemSpecPM25_ETAD.csv"",""export_sha256"":""a9f87a16ca07030aaeaf3b0d67c1c5fe3f0d209c34a3a51b365e6a8724f33020"",""export_source_row"":3873,""source_row"":22548},{""export_file"":""\/Users\/ahmadjalil\/github\/aethmodular\/research\/filter_combine\/FilterBased_ChemSpecPM25_ETAD.csv"",""export_sha256"":""a9f87a16ca07030aaeaf3b0d67c1c5fe3f0d209c34a3a51b365e6a8724f33020"",""export_source_row"":3874,""source_row"":22549}]",True,False,,unresolved_upstream_competing_values
ETAD,ETAD-0133,[28203],"[""FTIR""]",[218],"[""Ambient local""]","[0.06, 4.11]","[{""export_file"":""\/Users\/ahmadjalil\/github\/aethmodular\/research\/filter_combine\/FilterBased_ChemSpecPM25_ETAD.csv"",""export_sha256"":""a9f87a16ca07030aaeaf3b0d67c1c5fe3f0d209c34a3a51b365e6a8724f33020"",""export_source_row"":3913,""source_row"":22606},{""export_file"":""\/Users\/ahmadjalil\/github\/aethmodular\/research\/filter_combine\/FilterBased_ChemSpecPM25_ETAD.csv"",""export_sha256"":""a9f87a16ca07030aaeaf3b0d67c1c5fe3f0d209c34a3a51b365e6a8724f33020"",""export_source_row"":3914,""source_row"":22607}]",True,False,,unresolved_upstream_competing_values
ETAD,ETAD-0134,[28203],"[""FTIR""]",[218],"[""Ambient local""]","[0.06, 3.42]","[{""export_file"":""\/Users\/ahmadjalil\/github\/aethmodular\/research\/filter_combine\/FilterBased_ChemSpecPM25_ETAD.csv"",""export_sha256"":""a9f87a16ca07030aaeaf3b0d67c1c5fe3f0d209c34a3a51b365e6a8724f33020"",""export_source_row"":3953,""source_row"":22663},{""export_file"":""\/Users\/ahmadjalil\/github\/aethmodular\/research\/filter_combine\/FilterBased_ChemSpecPM25_ETAD.csv"",""export_sha256"":""a9f87a16ca07030aaeaf3b0d67c1c5fe3f0d209c34a3a51b365e6a8724f33020"",""export_source_row"":3954,""source_row"":22664}]",True,False,,unresolved_upstream_competing_values
ETAD,ETAD-0136,[28203],"[""FTIR""]",[218],"[""Ambient local""]","[0.06, 3.42]","[{""export_file"":""\/Users\/ahmadjalil\/github\/aethmodular\/research\/filter_combine\/FilterBased_ChemSpecPM25_ETAD.csv"",""export_sha256"":""a9f87a16ca07030aaeaf3b0d67c1c5fe3f0d209c34a3a51b365e6a8724f33020"",""export_source_row"":3993,""source_row"":22734},{""export_file"":""\/Users\/ahmadjalil\/github\/aethmodular\/research\/filter_combine\/FilterBased_ChemSpecPM25_ETAD.csv"",""export_sha256"":""a9f87a16ca07030aaeaf3b0d67c1c5fe3f0d209c34a3a51b365e6a8724f33020"",""export_source_row"":3994,""source_row"":22735}]",True,False,,unresolved_upstream_competing_values
ETAD,ETAD-0137,[28203],"[""FTIR""]",[218],"[""Ambient local""]","[0.06, 2.51]","[{""export_file"":""\/Users\/ahmadjalil\/github\/aethmodular\/research\/filter_combine\/FilterBased_ChemSpecPM25_ETAD.csv"",""export_sha256"":""a9f87a16ca07030aaeaf3b0d67c1c5fe3f0d209c34a3a51b365e6a8724f33020"",""export_source_row"":4033,""source_row"":22790},{""export_file"":""\/Users\/ahmadjalil\/github\/aethmodular\/research\/filter_combine\/FilterBased_ChemSpecPM25_ETAD.csv"",""export_sha256"":""a9f87a16ca07030aaeaf3b0d67c1c5fe3f0d209c34a3a51b365e6a8724f33020"",""export_source_row"":4034,""source_row"":22791}]",True,False,,unresolved_upstream_competing_values
ETAD,ETAD-0138,[28203],"[""FTIR""]",[218],"[""Ambient local""]","[0.06, 2.58]","[{""export_file"":""\/Users\/ahmadjalil\/github\/aethmodular\/research\/filter_combine\/FilterBased_ChemSpecPM25_ETAD.csv"",""export_sha256"":""a9f87a16ca07030aaeaf3b0d67c1c5fe3f0d209c34a3a51b365e6a8724f33020"",""export_source_row"":4073,""source_row"":22847},{""export_file"":""\/Users\/ahmadjalil\/github\/aethmodular\/research\/filter_combine\/FilterBased_ChemSpecPM25_ETAD.csv"",""export_sha256"":""a9f87a16ca07030aaeaf3b0d67c1c5fe3f0d209c34a3a51b365e6a8724f33020"",""export_source_row"":4074,""source_row"":22848}]",True,False,,unresolved_upstream_competing_values
ETAD,ETAD-0139,[28203],"[""FTIR""]",[218],"[""Ambient local""]","[0.06, 3.98]","[{""export_file"":""\/Users\/ahmadjalil\/github\/aethmodular\/research\/filter_combine\/FilterBased_ChemSpecPM25_ETAD.csv"",""export_sha256"":""a9f87a16ca07030aaeaf3b0d67c1c5fe3f0d209c34a3a51b365e6a8724f33020"",""export_source_row"":4113,""source_row"":22904},{""export_file"":""\/Users\/ahmadjalil\/github\/aethmodular\/research\/filter_combine\/FilterBased_ChemSpecPM25_ETAD.csv"",""export_sha256"":""a9f87a16ca07030aaeaf3b0d67c1c5fe3f0d209c34a3a51b365e6a8724f33020"",""export_source_row"":4114,""source_row"":22905}]",True,False,,unresolved_upstream_competing_values
ETAD,ETAD-0140,[28203],"[""FTIR""]",[218],"[""Ambient local""]","[0.06, 3.8]","[{""export_file"":""\/Users\/ahmadjalil\/github\/aethmodular\/research\/filter_combine\/FilterBased_ChemSpecPM25_ETAD.csv"",""export_sha256"":""a9f87a16ca07030aaeaf3b0d67c1c5fe3f0d209c34a3a51b365e6a8724f33020"",""export_source_row"":4153,""source_row"":22961},{""export_file"":""\/Users\/ahmadjalil\/github\/aethmodular\/research\/filter_combine\/FilterBased_ChemSpecPM25_ETAD.csv"",""export_sha256"":""a9f87a16ca07030aaeaf3b0d67c1c5fe3f0d209c34a3a51b365e6a8724f33020"",""export_source_row"":4154,""source_row"":22962}]",True,False,,unresolved_upstream_competing_values
ETAD,ETAD-0141,[28203],"[""FTIR""]",[218],"[""Ambient local""]","[0.06, 3.98]","[{""export_file"":""\/Users\/ahmadjalil\/github\/aethmodular\/research\/filter_combine\/FilterBased_ChemSpecPM25_ETAD.csv"",""export_sha256"":""a9f87a16ca07030aaeaf3b0d67c1c5fe3f0d209c34a3a51b365e6a8724f33020"",""export_source_row"":4192,""source_row"":23018},{""export_file"":""\/Users\/ahmadjalil\/github\/aethmodular\/research\/filter_combine\/FilterBased_ChemSpecPM25_ETAD.csv"",""export_sha256"":""a9f87a16ca07030aaeaf3b0d67c1c5fe3f0d209c34a3a51b365e6a8724f33020"",""export_source_row"":4193,""source_row"":23019}]",True,False,,unresolved_upstream_competing_values
ETAD,ETAD-0142,[28203],"[""FTIR""]",[218],"[""Ambient local""]","[0.06, 2.89]","[{""export_file"":""\/Users\/ahmadjalil\/github\/aethmodular\/research\/filter_combine\/FilterBased_ChemSpecPM25_ETAD.csv"",""export_sha256"":""a9f87a16ca07030aaeaf3b0d67c1c5fe3f0d209c34a3a51b365e6a8724f33020"",""export_source_row"":4232,""source_row"":23074},{""export_file"":""\/Users\/ahmadjalil\/github\/aethmodular\/research\/filter_combine\/FilterBased_ChemSpecPM25_ETAD.csv"",""export_sha256"":""a9f87a16ca07030aaeaf3b0d67c1c5fe3f0d209c34a3a51b365e6a8724f33020"",""export_source_row"":4233,""source_row"":23075}]",True,False,,unresolved_upstream_competing_values
ETAD,ETAD-0144,[28203],"[""FTIR""]",[218],"[""Ambient local""]","[0.06, 2.96]","[{""export_file"":""\/Users\/ahmadjalil\/github\/aethmodular\/research\/filter_combine\/FilterBased_ChemSpecPM25_ETAD.csv"",""export_sha256"":""a9f87a16ca07030aaeaf3b0d67c1c5fe3f0d209c34a3a51b365e6a8724f33020"",""export_source_row"":4271,""source_row"":23145},{""export_file"":""\/Users\/ahmadjalil\/github\/aethmodular\/research\/filter_combine\/FilterBased_ChemSpecPM25_ETAD.csv"",""export_sha256"":""a9f87a16ca07030aaeaf3b0d67c1c5fe3f0d209c34a3a51b365e6a8724f33020"",""export_source_row"":4272,""source_row"":23146}]",True,False,,unresolved_upstream_competing_values
ETAD,ETAD-0145,[28203],"[""FTIR""]",[218],"[""Ambient local""]","[0.06, 3.35]","[{""export_file"":""\/Users\/ahmadjalil\/github\/aethmodular\/research\/filter_combine\/FilterBased_ChemSpecPM25_ETAD.csv"",""export_sha256"":""a9f87a16ca07030aaeaf3b0d67c1c5fe3f0d209c34a3a51b365e6a8724f33020"",""export_source_row"":4311,""source_row"":23201},{""export_file"":""\/Users\/ahmadjalil\/github\/aethmodular\/research\/filter_combine\/FilterBased_ChemSpecPM25_ETAD.csv"",""export_sha256"":""a9f87a16ca07030aaeaf3b0d67c1c5fe3f0d209c34a3a51b365e6a8724f33020"",""export_source_row"":4312,""source_row"":23202}]",True,False,,unresolved_upstream_competing_values
ETAD,ETAD-0146,[28203],"[""FTIR""]",[218],"[""Ambient local""]","[0.06, 2.48]","[{""export_file"":""\/Users\/ahmadjalil\/github\/aethmodular\/research\/filter_combine\/FilterBased_ChemSpecPM25_ETAD.csv"",""export_sha256"":""a9f87a16ca07030aaeaf3b0d67c1c5fe3f0d209c34a3a51b365e6a8724f33020"",""export_source_row"":4351,""source_row"":23258},{""export_file"":""\/Users\/ahmadjalil\/github\/aethmodular\/research\/filter_combine\/FilterBased_ChemSpecPM25_ETAD.csv"",""export_sha256"":""a9f87a16ca07030aaeaf3b0d67c1c5fe3f0d209c34a3a51b365e6a8724f33020"",""export_source_row"":4352,""source_row"":23259}]",True,False,,unresolved_upstream_competing_values
ETAD,ETAD-0147,[28203],"[""FTIR""]",[218],"[""Ambient local""]","[0.06, 3.76]","[{""export_file"":""\/Users\/ahmadjalil\/github\/aethmodular\/research\/filter_combine\/FilterBased_ChemSpecPM25_ETAD.csv"",""export_sha256"":""a9f87a16ca07030aaeaf3b0d67c1c5fe3f0d209c34a3a51b365e6a8724f33020"",""export_source_row"":4391,""source_row"":23315},{""export_file"":""\/Users\/ahmadjalil\/github\/aethmodular\/research\/filter_combine\/FilterBased_ChemSpecPM25_ETAD.csv"",""export_sha256"":""a9f87a16ca07030aaeaf3b0d67c1c5fe3f0d209c34a3a51b365e6a8724f33020"",""export_source_row"":4392,""source_row"":23316}]",True,False,,unresolved_upstream_competing_values
ETAD,ETAD-0148,[28203],"[""FTIR""]",[218],"[""Ambient local""]","[0.06, 3.94]","[{""export_file"":""\/Users\/ahmadjalil\/github\/aethmodular\/research\/filter_combine\/FilterBased_ChemSpecPM25_ETAD.csv"",""export_sha256"":""a9f87a16ca07030aaeaf3b0d67c1c5fe3f0d209c34a3a51b365e6a8724f33020"",""export_source_row"":4431,""source_row"":23372},{""export_file"":""\/Users\/ahmadjalil\/github\/aethmodular\/research\/filter_combine\/FilterBased_ChemSpecPM25_ETAD.csv"",""export_sha256"":""a9f87a16ca07030aaeaf3b0d67c1c5fe3f0d209c34a3a51b365e6a8724f33020"",""export_source_row"":4432,""source_row"":23373}]",True,False,,unresolved_upstream_competing_values
ETAD,ETAD-0149,[28203],"[""FTIR""]",[218],"[""Ambient local""]","[0.06, 2.9]","[{""export_file"":""\/Users\/ahmadjalil\/github\/aethmodular\/research\/filter_combine\/FilterBased_ChemSpecPM25_ETAD.csv"",""export_sha256"":""a9f87a16ca07030aaeaf3b0d67c1c5fe3f0d209c34a3a51b365e6a8724f33020"",""export_source_row"":4471,""source_row"":23429},{""export_file"":""\/Users\/ahmadjalil\/github\/aethmodular\/research\/filter_combine\/FilterBased_ChemSpecPM25_ETAD.csv"",""export_sha256"":""a9f87a16ca07030aaeaf3b0d67c1c5fe3f0d209c34a3a51b365e6a8724f33020"",""export_source_row"":4472,""source_row"":23430}]",True,False,,unresolved_upstream_competing_values
ETAD,ETAD-0150,[28203],"[""FTIR""]",[218],"[""Ambient local""]","[0.06, 3.61]","[{""export_file"":""\/Users\/ahmadjalil\/github\/aethmodular\/research\/filter_combine\/FilterBased_ChemSpecPM25_ETAD.csv"",""export_sha256"":""a9f87a16ca07030aaeaf3b0d67c1c5fe3f0d209c34a3a51b365e6a8724f33020"",""export_source_row"":4511,""source_row"":23486},{""export_file"":""\/Users\/ahmadjalil\/github\/aethmodular\/research\/filter_combine\/FilterBased_ChemSpecPM25_ETAD.csv"",""export_sha256"":""a9f87a16ca07030aaeaf3b0d67c1c5fe3f0d209c34a3a51b365e6a8724f33020"",""export_source_row"":4512,""source_row"":23487}]",True,False,,unresolved_upstream_competing_values
ETAD,ETAD-0152,[28203],"[""FTIR""]",[218],"[""Ambient local""]","[0.06, 3.63]","[{""export_file"":""\/Users\/ahmadjalil\/github\/aethmodular\/research\/filter_combine\/FilterBased_ChemSpecPM25_ETAD.csv"",""export_sha256"":""a9f87a16ca07030aaeaf3b0d67c1c5fe3f0d209c34a3a51b365e6a8724f33020"",""export_source_row"":4551,""source_row"":23557},{""export_file"":""\/Users\/ahmadjalil\/github\/aethmodular\/research\/filter_combine\/FilterBased_ChemSpecPM25_ETAD.csv"",""export_sha256"":""a9f87a16ca07030aaeaf3b0d67c1c5fe3f0d209c34a3a51b365e6a8724f33020"",""export_source_row"":4552,""source_row"":23558}]",True,False,,unresolved_upstream_competing_values
ETAD,ETAD-0153,[28203],"[""FTIR""]",[218],"[""Ambient local""]","[0.06, 3.33]","[{""export_file"":""\/Users\/ahmadjalil\/github\/aethmodular\/research\/filter_combine\/FilterBased_ChemSpecPM25_ETAD.csv"",""export_sha256"":""a9f87a16ca07030aaeaf3b0d67c1c5fe3f0d209c34a3a51b365e6a8724f33020"",""export_source_row"":4591,""source_row"":23615},{""export_file"":""\/Users\/ahmadjalil\/github\/aethmodular\/research\/filter_combine\/FilterBased_ChemSpecPM25_ETAD.csv"",""export_sha256"":""a9f87a16ca07030aaeaf3b0d67c1c5fe3f0d209c34a3a51b365e6a8724f33020"",""export_source_row"":4592,""source_row"":23616}]",True,False,,unresolved_upstream_competing_values
ETAD,ETAD-0154,[28203],"[""FTIR""]",[218],"[""Ambient local""]","[0.06, 3.48]","[{""export_file"":""\/Users\/ahmadjalil\/github\/aethmodular\/research\/filter_combine\/FilterBased_ChemSpecPM25_ETAD.csv"",""export_sha256"":""a9f87a16ca07030aaeaf3b0d67c1c5fe3f0d209c34a3a51b365e6a8724f33020"",""export_source_row"":4631,""source_row"":23672},{""export_file"":""\/Users\/ahmadjalil\/github\/aethmodular\/research\/filter_combine\/FilterBased_ChemSpecPM25_ETAD.csv"",""export_sha256"":""a9f87a16ca07030aaeaf3b0d67c1c5fe3f0d209c34a3a51b365e6a8724f33020"",""export_source_row"":4632,""source_row"":23673}]",True,False,,unresolved_upstream_competing_values
ETAD,ETAD-0155,[28203],"[""FTIR""]",[218],"[""Ambient local""]","[0.06, 3.67]","[{""export_file"":""\/Users\/ahmadjalil\/github\/aethmodular\/research\/filter_combine\/FilterBased_ChemSpecPM25_ETAD.csv"",""export_sha256"":""a9f87a16ca07030aaeaf3b0d67c1c5fe3f0d209c34a3a51b365e6a8724f33020"",""export_source_row"":4671,""source_row"":23729},{""export_file"":""\/Users\/ahmadjalil\/github\/aethmodular\/research\/filter_combine\/FilterBased_ChemSpecPM25_ETAD.csv"",""export_sha256"":""a9f87a16ca07030aaeaf3b0d67c1c5fe3f0d209c34a3a51b365e6a8724f33020"",""export_source_row"":4672,""source_row"":23730}]",True,False,,unresolved_upstream_competing_values
ETAD,ETAD-0156,[28203],"[""FTIR""]",[218],"[""Ambient local""]","[0.06, 2.9]","[{""export_file"":""\/Users\/ahmadjalil\/github\/aethmodular\/research\/filter_combine\/FilterBased_ChemSpecPM25_ETAD.csv"",""export_sha256"":""a9f87a16ca07030aaeaf3b0d67c1c5fe3f0d209c34a3a51b365e6a8724f33020"",""export_source_row"":4712,""source_row"":23786},{""export_file"":""\/Users\/ahmadjalil\/github\/aethmodular\/research\/filter_combine\/FilterBased_ChemSpecPM25_ETAD.csv"",""export_sha256"":""a9f87a16ca07030aaeaf3b0d67c1c5fe3f0d209c34a3a51b365e6a8724f33020"",""export_source_row"":4713,""source_row"":23787}]",True,False,,unresolved_upstream_competing_values
ETAD,ETAD-0157,[28203],"[""FTIR""]",[218],"[""Ambient local""]","[0.06, 4.61]","[{""export_file"":""\/Users\/ahmadjalil\/github\/aethmodular\/research\/filter_combine\/FilterBased_ChemSpecPM25_ETAD.csv"",""export_sha256"":""a9f87a16ca07030aaeaf3b0d67c1c5fe3f0d209c34a3a51b365e6a8724f33020"",""export_source_row"":4753,""source_row"":23844},{""export_file"":""\/Users\/ahmadjalil\/github\/aethmodular\/research\/filter_combine\/FilterBased_ChemSpecPM25_ETAD.csv"",""export_sha256"":""a9f87a16ca07030aaeaf3b0d67c1c5fe3f0d209c34a3a51b365e6a8724f33020"",""export_source_row"":4754,""source_row"":23845}]",True,False,,unresolved_upstream_competing_values
ETAD,ETAD-0158,[28203],"[""FTIR""]",[218],"[""Ambient local""]","[0.06, 5.71]","[{""export_file"":""\/Users\/ahmadjalil\/github\/aethmodular\/research\/filter_combine\/FilterBased_ChemSpecPM25_ETAD.csv"",""export_sha256"":""a9f87a16ca07030aaeaf3b0d67c1c5fe3f0d209c34a3a51b365e6a8724f33020"",""export_source_row"":4793,""source_row"":23902},{""export_file"":""\/Users\/ahmadjalil\/github\/aethmodular\/research\/filter_combine\/FilterBased_ChemSpecPM25_ETAD.csv"",""export_sha256"":""a9f87a16ca07030aaeaf3b0d67c1c5fe3f0d209c34a3a51b365e6a8724f33020"",""export_source_row"":4794,""source_row"":23903}]",True,False,,unresolved_upstream_competing_values
ETAD,ETAD-0160,[28203],"[""FTIR""]",[218],"[""Ambient local""]","[0.06, 3.28]","[{""export_file"":""\/Users\/ahmadjalil\/github\/aethmodular\/research\/filter_combine\/FilterBased_ChemSpecPM25_ETAD.csv"",""export_sha256"":""a9f87a16ca07030aaeaf3b0d67c1c5fe3f0d209c34a3a51b365e6a8724f33020"",""export_source_row"":4834,""source_row"":23973},{""export_file"":""\/Users\/ahmadjalil\/github\/aethmodular\/research\/filter_combine\/FilterBased_ChemSpecPM25_ETAD.csv"",""export_sha256"":""a9f87a16ca07030aaeaf3b0d67c1c5fe3f0d209c34a3a51b365e6a8724f33020"",""export_source_row"":4835,""source_row"":23974}]",True,False,,unresolved_upstream_competing_values
ETAD,ETAD-0161,[28203],"[""FTIR""]",[218],"[""Ambient local""]","[0.06, 6.96]","[{""export_file"":""\/Users\/ahmadjalil\/github\/aethmodular\/research\/filter_combine\/FilterBased_ChemSpecPM25_ETAD.csv"",""export_sha256"":""a9f87a16ca07030aaeaf3b0d67c1c5fe3f0d209c34a3a51b365e6a8724f33020"",""export_source_row"":4873,""source_row"":24031},{""export_file"":""\/Users\/ahmadjalil\/github\/aethmodular\/research\/filter_combine\/FilterBased_ChemSpecPM25_ETAD.csv"",""export_sha256"":""a9f87a16ca07030aaeaf3b0d67c1c5fe3f0d209c34a3a51b365e6a8724f33020"",""export_source_row"":4874,""source_row"":24032}]",True,False,,unresolved_upstream_competing_values
ETAD,ETAD-0162,[28203],"[""FTIR""]",[218],"[""Ambient local""]","[0.06, 4.94]","[{""export_file"":""\/Users\/ahmadjalil\/github\/aethmodular\/research\/filter_combine\/FilterBased_ChemSpecPM25_ETAD.csv"",""export_sha256"":""a9f87a16ca07030aaeaf3b0d67c1c5fe3f0d209c34a3a51b365e6a8724f33020"",""export_source_row"":4912,""source_row"":24087},{""export_file"":""\/Users\/ahmadjalil\/github\/aethmodular\/research\/filter_combine\/FilterBased_ChemSpecPM25_ETAD.csv"",""export_sha256"":""a9f87a16ca07030aaeaf3b0d67c1c5fe3f0d209c34a3a51b365e6a8724f33020"",""export_source_row"":4913,""source_row"":24088}]",True,False,,unresolved_upstream_competing_values
ETAD,ETAD-0163,[28203],"[""FTIR""]",[218],"[""Ambient local""]","[0.06, 4.62]","[{""export_file"":""\/Users\/ahmadjalil\/github\/aethmodular\/research\/filter_combine\/FilterBased_ChemSpecPM25_ETAD.csv"",""export_sha256"":""a9f87a16ca07030aaeaf3b0d67c1c5fe3f0d209c34a3a51b365e6a8724f33020"",""export_source_row"":4953,""source_row"":24143},{""export_file"":""\/Users\/ahmadjalil\/github\/aethmodular\/research\/filter_combine\/FilterBased_ChemSpecPM25_ETAD.csv"",""export_sha256"":""a9f87a16ca07030aaeaf3b0d67c1c5fe3f0d209c34a3a51b365e6a8724f33020"",""export_source_row"":4954,""source_row"":24144}]",True,False,,unresolved_upstream_competing_values
ETAD,ETAD-0164,[28203],"[""FTIR""]",[218],"[""Ambient local""]","[0.06, 2.49]","[{""export_file"":""\/Users\/ahmadjalil\/github\/aethmodular\/research\/filter_combine\/FilterBased_ChemSpecPM25_ETAD.csv"",""export_sha256"":""a9f87a16ca07030aaeaf3b0d67c1c5fe3f0d209c34a3a51b365e6a8724f33020"",""export_source_row"":4992,""source_row"":24201},{""export_file"":""\/Users\/ahmadjalil\/github\/aethmodular\/research\/filter_combine\/FilterBased_ChemSpecPM25_ETAD.csv"",""export_sha256"":""a9f87a16ca07030aaeaf3b0d67c1c5fe3f0d209c34a3a51b365e6a8724f33020"",""export_source_row"":4993,""source_row"":24202}]",True,False,,unresolved_upstream_competing_values
ETAD,ETAD-0165,[28203],"[""FTIR""]",[218],"[""Ambient local""]","[0.06, 4.98]","[{""export_file"":""\/Users\/ahmadjalil\/github\/aethmodular\/research\/filter_combine\/FilterBased_ChemSpecPM25_ETAD.csv"",""export_sha256"":""a9f87a16ca07030aaeaf3b0d67c1c5fe3f0d209c34a3a51b365e6a8724f33020"",""export_source_row"":5030,""source_row"":24257},{""export_file"":""\/Users\/ahmadjalil\/github\/aethmodular\/research\/filter_combine\/FilterBased_ChemSpecPM25_ETAD.csv"",""export_sha256"":""a9f87a16ca07030aaeaf3b0d67c1c5fe3f0d209c34a3a51b365e6a8724f33020"",""export_source_row"":5031,""source_row"":24258}]",True,False,,unresolved_upstream_competing_values
ETAD,ETAD-0166,[28203],"[""FTIR""]",[218],"[""Ambient local""]","[0.06, 6.36]","[{""export_file"":""\/Users\/ahmadjalil\/github\/aethmodular\/research\/filter_combine\/FilterBased_ChemSpecPM25_ETAD.csv"",""export_sha256"":""a9f87a16ca07030aaeaf3b0d67c1c5fe3f0d209c34a3a51b365e6a8724f33020"",""export_source_row"":5069,""source_row"":24312},{""export_file"":""\/Users\/ahmadjalil\/github\/aethmodular\/research\/filter_combine\/FilterBased_ChemSpecPM25_ETAD.csv"",""export_sha256"":""a9f87a16ca07030aaeaf3b0d67c1c5fe3f0d209c34a3a51b365e6a8724f33020"",""export_source_row"":5070,""source_row"":24313}]",True,False,,unresolved_upstream_competing_values
ETAD,ETAD-0168,[28203],"[""FTIR""]",[218],"[""Ambient local""]","[0.06, 2.79]","[{""export_file"":""\/Users\/ahmadjalil\/github\/aethmodular\/research\/filter_combine\/FilterBased_ChemSpecPM25_ETAD.csv"",""export_sha256"":""a9f87a16ca07030aaeaf3b0d67c1c5fe3f0d209c34a3a51b365e6a8724f33020"",""export_source_row"":5108,""source_row"":24382},{""export_file"":""\/Users\/ahmadjalil\/github\/aethmodular\/research\/filter_combine\/FilterBased_ChemSpecPM25_ETAD.csv"",""export_sha256"":""a9f87a16ca07030aaeaf3b0d67c1c5fe3f0d209c34a3a51b365e6a8724f33020"",""export_source_row"":5109,""source_row"":24383}]",True,False,,unresolved_upstream_competing_values
ETAD,ETAD-0169,[28203],"[""FTIR""]",[218],"[""Ambient local""]","[0.06, 3.27]","[{""export_file"":""\/Users\/ahmadjalil\/github\/aethmodular\/research\/filter_combine\/FilterBased_ChemSpecPM25_ETAD.csv"",""export_sha256"":""a9f87a16ca07030aaeaf3b0d67c1c5fe3f0d209c34a3a51b365e6a8724f33020"",""export_source_row"":5146,""source_row"":24438},{""export_file"":""\/Users\/ahmadjalil\/github\/aethmodular\/research\/filter_combine\/FilterBased_ChemSpecPM25_ETAD.csv"",""export_sha256"":""a9f87a16ca07030aaeaf3b0d67c1c5fe3f0d209c34a3a51b365e6a8724f33020"",""export_source_row"":5147,""source_row"":24439}]",True,False,,unresolved_upstream_competing_values
ETAD,ETAD-0170,[28203],"[""FTIR""]",[218],"[""Ambient local""]","[0.06, 3.03]","[{""export_file"":""\/Users\/ahmadjalil\/github\/aethmodular\/research\/filter_combine\/FilterBased_ChemSpecPM25_ETAD.csv"",""export_sha256"":""a9f87a16ca07030aaeaf3b0d67c1c5fe3f0d209c34a3a51b365e6a8724f33020"",""export_source_row"":5186,""source_row"":24493},{""export_file"":""\/Users\/ahmadjalil\/github\/aethmodular\/research\/filter_combine\/FilterBased_ChemSpecPM25_ETAD.csv"",""export_sha256"":""a9f87a16ca07030aaeaf3b0d67c1c5fe3f0d209c34a3a51b365e6a8724f33020"",""export_source_row"":5187,""source_row"":24494}]",True,False,,unresolved_upstream_competing_values
ETAD,ETAD-0171,[28203],"[""FTIR""]",[218],"[""Ambient local""]","[0.06, 2.88]","[{""export_file"":""\/Users\/ahmadjalil\/github\/aethmodular\/research\/filter_combine\/FilterBased_ChemSpecPM25_ETAD.csv"",""export_sha256"":""a9f87a16ca07030aaeaf3b0d67c1c5fe3f0d209c34a3a51b365e6a8724f33020"",""export_source_row"":5224,""source_row"":24550},{""export_file"":""\/Users\/ahmadjalil\/github\/aethmodular\/research\/filter_combine\/FilterBased_ChemSpecPM25_ETAD.csv"",""export_sha256"":""a9f87a16ca07030aaeaf3b0d67c1c5fe3f0d209c34a3a51b365e6a8724f33020"",""export_source_row"":5225,""source_row"":24551}]",True,False,,unresolved_upstream_competing_values
ETAD,ETAD-0172,[28203],"[""FTIR""]",[218],"[""Ambient local""]","[0.06, 4.61]","[{""export_file"":""\/Users\/ahmadjalil\/github\/aethmodular\/research\/filter_combine\/FilterBased_ChemSpecPM25_ETAD.csv"",""export_sha256"":""a9f87a16ca07030aaeaf3b0d67c1c5fe3f0d209c34a3a51b365e6a8724f33020"",""export_source_row"":5263,""source_row"":24605},{""export_file"":""\/Users\/ahmadjalil\/github\/aethmodular\/research\/filter_combine\/FilterBased_ChemSpecPM25_ETAD.csv"",""export_sha256"":""a9f87a16ca07030aaeaf3b0d67c1c5fe3f0d209c34a3a51b365e6a8724f33020"",""export_source_row"":5264,""source_row"":24606}]",True,False,,unresolved_upstream_competing_values
ETAD,ETAD-0173,[28203],"[""FTIR""]",[218],"[""Ambient local""]","[0.06, 4.69]","[{""export_file"":""\/Users\/ahmadjalil\/github\/aethmodular\/research\/filter_combine\/FilterBased_ChemSpecPM25_ETAD.csv"",""export_sha256"":""a9f87a16ca07030aaeaf3b0d67c1c5fe3f0d209c34a3a51b365e6a8724f33020"",""export_source_row"":5304,""source_row"":24661},{""export_file"":""\/Users\/ahmadjalil\/github\/aethmodular\/research\/filter_combine\/FilterBased_ChemSpecPM25_ETAD.csv"",""export_sha256"":""a9f87a16ca07030aaeaf3b0d67c1c5fe3f0d209c34a3a51b365e6a8724f33020"",""export_source_row"":5305,""source_row"":24662}]",True,False,,unresolved_upstream_competing_values
ETAD,ETAD-0174,[28203],"[""FTIR""]",[218],"[""Ambient local""]","[0.06, 5.38]","[{""export_file"":""\/Users\/ahmadjalil\/github\/aethmodular\/research\/filter_combine\/FilterBased_ChemSpecPM25_ETAD.csv"",""export_sha256"":""a9f87a16ca07030aaeaf3b0d67c1c5fe3f0d209c34a3a51b365e6a8724f33020"",""export_source_row"":5345,""source_row"":24719},{""export_file"":""\/Users\/ahmadjalil\/github\/aethmodular\/research\/filter_combine\/FilterBased_ChemSpecPM25_ETAD.csv"",""export_sha256"":""a9f87a16ca07030aaeaf3b0d67c1c5fe3f0d209c34a3a51b365e6a8724f33020"",""export_source_row"":5346,""source_row"":24720}]",True,False,,unresolved_upstream_competing_values
ETAD,ETAD-0176,[28203],"[""FTIR""]",[218],"[""Ambient local""]","[0.06, 5.07]","[{""export_file"":""\/Users\/ahmadjalil\/github\/aethmodular\/research\/filter_combine\/FilterBased_ChemSpecPM25_ETAD.csv"",""export_sha256"":""a9f87a16ca07030aaeaf3b0d67c1c5fe3f0d209c34a3a51b365e6a8724f33020"",""export_source_row"":5386,""source_row"":24791},{""export_file"":""\/Users\/ahmadjalil\/github\/aethmodular\/research\/filter_combine\/FilterBased_ChemSpecPM25_ETAD.csv"",""export_sha256"":""a9f87a16ca07030aaeaf3b0d67c1c5fe3f0d209c34a3a51b365e6a8724f33020"",""export_source_row"":5387,""source_row"":24792}]",True,False,,unresolved_upstream_competing_values
ETAD,ETAD-0177,[28203],"[""FTIR""]",[218],"[""Ambient local""]","[0.06, 2.73]","[{""export_file"":""\/Users\/ahmadjalil\/github\/aethmodular\/research\/filter_combine\/FilterBased_ChemSpecPM25_ETAD.csv"",""export_sha256"":""a9f87a16ca07030aaeaf3b0d67c1c5fe3f0d209c34a3a51b365e6a8724f33020"",""export_source_row"":5427,""source_row"":24849},{""export_file"":""\/Users\/ahmadjalil\/github\/aethmodular\/research\/filter_combine\/FilterBased_ChemSpecPM25_ETAD.csv"",""export_sha256"":""a9f87a16ca07030aaeaf3b0d67c1c5fe3f0d209c34a3a51b365e6a8724f33020"",""export_source_row"":5428,""source_row"":24850}]",True,False,,unresolved_upstream_competing_values
ETAD,ETAD-0178,[28203],"[""FTIR""]",[218],"[""Ambient local""]","[0.06, 3.32]","[{""export_file"":""\/Users\/ahmadjalil\/github\/aethmodular\/research\/filter_combine\/FilterBased_ChemSpecPM25_ETAD.csv"",""export_sha256"":""a9f87a16ca07030aaeaf3b0d67c1c5fe3f0d209c34a3a51b365e6a8724f33020"",""export_source_row"":5468,""source_row"":24907},{""export_file"":""\/Users\/ahmadjalil\/github\/aethmodular\/research\/filter_combine\/FilterBased_ChemSpecPM25_ETAD.csv"",""export_sha256"":""a9f87a16ca07030aaeaf3b0d67c1c5fe3f0d209c34a3a51b365e6a8724f33020"",""export_source_row"":5469,""source_row"":24908}]",True,False,,unresolved_upstream_competing_values
ETAD,ETAD-0179,[28203],"[""FTIR""]",[218],"[""Ambient local""]","[0.06, 2.95]","[{""export_file"":""\/Users\/ahmadjalil\/github\/aethmodular\/research\/filter_combine\/FilterBased_ChemSpecPM25_ETAD.csv"",""export_sha256"":""a9f87a16ca07030aaeaf3b0d67c1c5fe3f0d209c34a3a51b365e6a8724f33020"",""export_source_row"":5509,""source_row"":24965},{""export_file"":""\/Users\/ahmadjalil\/github\/aethmodular\/research\/filter_combine\/FilterBased_ChemSpecPM25_ETAD.csv"",""export_sha256"":""a9f87a16ca07030aaeaf3b0d67c1c5fe3f0d209c34a3a51b365e6a8724f33020"",""export_source_row"":5510,""source_row"":24966}]",True,False,,unresolved_upstream_competing_values
ETAD,ETAD-0180,[28203],"[""FTIR""]",[218],"[""Ambient local""]","[0.06, 3.76]","[{""export_file"":""\/Users\/ahmadjalil\/github\/aethmodular\/research\/filter_combine\/FilterBased_ChemSpecPM25_ETAD.csv"",""export_sha256"":""a9f87a16ca07030aaeaf3b0d67c1c5fe3f0d209c34a3a51b365e6a8724f33020"",""export_source_row"":5550,""source_row"":25023},{""export_file"":""\/Users\/ahmadjalil\/github\/aethmodular\/research\/filter_combine\/FilterBased_ChemSpecPM25_ETAD.csv"",""export_sha256"":""a9f87a16ca07030aaeaf3b0d67c1c5fe3f0d209c34a3a51b365e6a8724f33020"",""export_source_row"":5551,""source_row"":25024}]",True,False,,unresolved_upstream_competing_values
ETAD,ETAD-0181,[28203],"[""FTIR""]",[218],"[""Ambient local""]","[0.06, 5.23]","[{""export_file"":""\/Users\/ahmadjalil\/github\/aethmodular\/research\/filter_combine\/FilterBased_ChemSpecPM25_ETAD.csv"",""export_sha256"":""a9f87a16ca07030aaeaf3b0d67c1c5fe3f0d209c34a3a51b365e6a8724f33020"",""export_source_row"":5591,""source_row"":25081},{""export_file"":""\/Users\/ahmadjalil\/github\/aethmodular\/research\/filter_combine\/FilterBased_ChemSpecPM25_ETAD.csv"",""export_sha256"":""a9f87a16ca07030aaeaf3b0d67c1c5fe3f0d209c34a3a51b365e6a8724f33020"",""export_source_row"":5592,""source_row"":25082}]",True,False,,unresolved_upstream_competing_values
ETAD,ETAD-0182,[28203],"[""FTIR""]",[218],"[""Ambient local""]","[0.06, 4.76]","[{""export_file"":""\/Users\/ahmadjalil\/github\/aethmodular\/research\/filter_combine\/FilterBased_ChemSpecPM25_ETAD.csv"",""export_sha256"":""a9f87a16ca07030aaeaf3b0d67c1c5fe3f0d209c34a3a51b365e6a8724f33020"",""export_source_row"":5632,""source_row"":25139},{""export_file"":""\/Users\/ahmadjalil\/github\/aethmodular\/research\/filter_combine\/FilterBased_ChemSpecPM25_ETAD.csv"",""export_sha256"":""a9f87a16ca07030aaeaf3b0d67c1c5fe3f0d209c34a3a51b365e6a8724f33020"",""export_source_row"":5633,""source_row"":25140}]",True,False,,unresolved_upstream_competing_values
ETAD,ETAD-0184,[28203],"[""FTIR""]",[218],"[""Ambient local""]","[0.06, 3.56]","[{""export_file"":""\/Users\/ahmadjalil\/github\/aethmodular\/research\/filter_combine\/FilterBased_ChemSpecPM25_ETAD.csv"",""export_sha256"":""a9f87a16ca07030aaeaf3b0d67c1c5fe3f0d209c34a3a51b365e6a8724f33020"",""export_source_row"":5673,""source_row"":25211},{""export_file"":""\/Users\/ahmadjalil\/github\/aethmodular\/research\/filter_combine\/FilterBased_ChemSpecPM25_ETAD.csv"",""export_sha256"":""a9f87a16ca07030aaeaf3b0d67c1c5fe3f0d209c34a3a51b365e6a8724f33020"",""export_source_row"":5674,""source_row"":25212}]",True,False,,unresolved_upstream_competing_values
ETAD,ETAD-0185,[28203],"[""FTIR""]",[218],"[""Ambient local""]","[0.06, 3.21]","[{""export_file"":""\/Users\/ahmadjalil\/github\/aethmodular\/research\/filter_combine\/FilterBased_ChemSpecPM25_ETAD.csv"",""export_sha256"":""a9f87a16ca07030aaeaf3b0d67c1c5fe3f0d209c34a3a51b365e6a8724f33020"",""export_source_row"":5714,""source_row"":25269},{""export_file"":""\/Users\/ahmadjalil\/github\/aethmodular\/research\/filter_combine\/FilterBased_ChemSpecPM25_ETAD.csv"",""export_sha256"":""a9f87a16ca07030aaeaf3b0d67c1c5fe3f0d209c34a3a51b365e6a8724f33020"",""export_source_row"":5715,""source_row"":25270}]",True,False,,unresolved_upstream_competing_values
ETAD,ETAD-0186,[28203],"[""FTIR""]",[218],"[""Ambient local""]","[0.06, 2.67]","[{""export_file"":""\/Users\/ahmadjalil\/github\/aethmodular\/research\/filter_combine\/FilterBased_ChemSpecPM25_ETAD.csv"",""export_sha256"":""a9f87a16ca07030aaeaf3b0d67c1c5fe3f0d209c34a3a51b365e6a8724f33020"",""export_source_row"":5754,""source_row"":25327},{""export_file"":""\/Users\/ahmadjalil\/github\/aethmodular\/research\/filter_combine\/FilterBased_ChemSpecPM25_ETAD.csv"",""export_sha256"":""a9f87a16ca07030aaeaf3b0d67c1c5fe3f0d209c34a3a51b365e6a8724f33020"",""export_source_row"":5755,""source_row"":25328}]",True,False,,unresolved_upstream_competing_values
ETAD,ETAD-0187,[28203],"[""FTIR""]",[218],"[""Ambient local""]","[0.06, 2.42]","[{""export_file"":""\/Users\/ahmadjalil\/github\/aethmodular\/research\/filter_combine\/FilterBased_ChemSpecPM25_ETAD.csv"",""export_sha256"":""a9f87a16ca07030aaeaf3b0d67c1c5fe3f0d209c34a3a51b365e6a8724f33020"",""export_source_row"":5795,""source_row"":25384},{""export_file"":""\/Users\/ahmadjalil\/github\/aethmodular\/research\/filter_combine\/FilterBased_ChemSpecPM25_ETAD.csv"",""export_sha256"":""a9f87a16ca07030aaeaf3b0d67c1c5fe3f0d209c34a3a51b365e6a8724f33020"",""export_source_row"":5796,""source_row"":25385}]",True,False,,unresolved_upstream_competing_values
ETAD,ETAD-0188,[28203],"[""FTIR""]",[218],"[""Ambient local""]","[0.06, 3.05]","[{""export_file"":""\/Users\/ahmadjalil\/github\/aethmodular\/research\/filter_combine\/FilterBased_ChemSpecPM25_ETAD.csv"",""export_sha256"":""a9f87a16ca07030aaeaf3b0d67c1c5fe3f0d209c34a3a51b365e6a8724f33020"",""export_source_row"":5836,""source_row"":25442},{""export_file"":""\/Users\/ahmadjalil\/github\/aethmodular\/research\/filter_combine\/FilterBased_ChemSpecPM25_ETAD.csv"",""export_sha256"":""a9f87a16ca07030aaeaf3b0d67c1c5fe3f0d209c34a3a51b365e6a8724f33020"",""export_source_row"":5837,""source_row"":25443}]",True,False,,unresolved_upstream_competing_values
ETAD,ETAD-0189,[28203],"[""FTIR""]",[218],"[""Ambient local""]","[0.06, 4.19]","[{""export_file"":""\/Users\/ahmadjalil\/github\/aethmodular\/research\/filter_combine\/FilterBased_ChemSpecPM25_ETAD.csv"",""export_sha256"":""a9f87a16ca07030aaeaf3b0d67c1c5fe3f0d209c34a3a51b365e6a8724f33020"",""export_source_row"":5877,""source_row"":25500},{""export_file"":""\/Users\/ahmadjalil\/github\/aethmodular\/research\/filter_combine\/FilterBased_ChemSpecPM25_ETAD.csv"",""export_sha256"":""a9f87a16ca07030aaeaf3b0d67c1c5fe3f0d209c34a3a51b365e6a8724f33020"",""export_source_row"":5878,""source_row"":25501}]",True,False,,unresolved_upstream_competing_values
ETAD,ETAD-0190,[28203],"[""FTIR""]",[218],"[""Ambient local""]","[0.06, 5.62]","[{""export_file"":""\/Users\/ahmadjalil\/github\/aethmodular\/research\/filter_combine\/FilterBased_ChemSpecPM25_ETAD.csv"",""export_sha256"":""a9f87a16ca07030aaeaf3b0d67c1c5fe3f0d209c34a3a51b365e6a8724f33020"",""export_source_row"":5917,""source_row"":25558},{""export_file"":""\/Users\/ahmadjalil\/github\/aethmodular\/research\/filter_combine\/FilterBased_ChemSpecPM25_ETAD.csv"",""export_sha256"":""a9f87a16ca07030aaeaf3b0d67c1c5fe3f0d209c34a3a51b365e6a8724f33020"",""export_source_row"":5918,""source_row"":25559}]",True,False,,unresolved_upstream_competing_values
ETAD,ETAD-0192,[28203],"[""FTIR""]",[218],"[""Ambient local""]","[0.06, 4.64]","[{""export_file"":""\/Users\/ahmadjalil\/github\/aethmodular\/research\/filter_combine\/FilterBased_ChemSpecPM25_ETAD.csv"",""export_sha256"":""a9f87a16ca07030aaeaf3b0d67c1c5fe3f0d209c34a3a51b365e6a8724f33020"",""export_source_row"":5958,""source_row"":25629},{""export_file"":""\/Users\/ahmadjalil\/github\/aethmodular\/research\/filter_combine\/FilterBased_ChemSpecPM25_ETAD.csv"",""export_sha256"":""a9f87a16ca07030aaeaf3b0d67c1c5fe3f0d209c34a3a51b365e6a8724f33020"",""export_source_row"":5959,""source_row"":25630}]",True,False,,unresolved_upstream_competing_values
ETAD,ETAD-0193,[28203],"[""FTIR""]",[218],"[""Ambient local""]","[0.06, 4.9]","[{""export_file"":""\/Users\/ahmadjalil\/github\/aethmodular\/research\/filter_combine\/FilterBased_ChemSpecPM25_ETAD.csv"",""export_sha256"":""a9f87a16ca07030aaeaf3b0d67c1c5fe3f0d209c34a3a51b365e6a8724f33020"",""export_source_row"":5999,""source_row"":25687},{""export_file"":""\/Users\/ahmadjalil\/github\/aethmodular\/research\/filter_combine\/FilterBased_ChemSpecPM25_ETAD.csv"",""export_sha256"":""a9f87a16ca07030aaeaf3b0d67c1c5fe3f0d209c34a3a51b365e6a8724f33020"",""export_source_row"":6000,""source_row"":25688}]",True,False,,unresolved_upstream_competing_values
ETAD,ETAD-0194,[28203],"[""FTIR""]",[218],"[""Ambient local""]","[0.06, 4.9]","[{""export_file"":""\/Users\/ahmadjalil\/github\/aethmodular\/research\/filter_combine\/FilterBased_ChemSpecPM25_ETAD.csv"",""export_sha256"":""a9f87a16ca07030aaeaf3b0d67c1c5fe3f0d209c34a3a51b365e6a8724f33020"",""export_source_row"":6040,""source_row"":25745},{""export_file"":""\/Users\/ahmadjalil\/github\/aethmodular\/research\/filter_combine\/FilterBased_ChemSpecPM25_ETAD.csv"",""export_sha256"":""a9f87a16ca07030aaeaf3b0d67c1c5fe3f0d209c34a3a51b365e6a8724f33020"",""export_source_row"":6041,""source_row"":25746}]",True,False,,unresolved_upstream_competing_values
ETAD,ETAD-0195,[28203],"[""FTIR""]",[218],"[""Ambient local""]","[0.06, 5.89]","[{""export_file"":""\/Users\/ahmadjalil\/github\/aethmodular\/research\/filter_combine\/FilterBased_ChemSpecPM25_ETAD.csv"",""export_sha256"":""a9f87a16ca07030aaeaf3b0d67c1c5fe3f0d209c34a3a51b365e6a8724f33020"",""export_source_row"":6081,""source_row"":25803},{""export_file"":""\/Users\/ahmadjalil\/github\/aethmodular\/research\/filter_combine\/FilterBased_ChemSpecPM25_ETAD.csv"",""export_sha256"":""a9f87a16ca07030aaeaf3b0d67c1c5fe3f0d209c34a3a51b365e6a8724f33020"",""export_source_row"":6082,""source_row"":25804}]",True,False,,unresolved_upstream_competing_values
ETAD,ETAD-0196,[28203],"[""FTIR""]",[218],"[""Ambient local""]","[0.06, 5.54]","[{""export_file"":""\/Users\/ahmadjalil\/github\/aethmodular\/research\/filter_combine\/FilterBased_ChemSpecPM25_ETAD.csv"",""export_sha256"":""a9f87a16ca07030aaeaf3b0d67c1c5fe3f0d209c34a3a51b365e6a8724f33020"",""export_source_row"":6122,""source_row"":25861},{""export_file"":""\/Users\/ahmadjalil\/github\/aethmodular\/research\/filter_combine\/FilterBased_ChemSpecPM25_ETAD.csv"",""export_sha256"":""a9f87a16ca07030aaeaf3b0d67c1c5fe3f0d209c34a3a51b365e6a8724f33020"",""export_source_row"":6123,""source_row"":25862}]",True,False,,unresolved_upstream_competing_values
ETAD,ETAD-0197,[28203],"[""FTIR""]",[218],"[""Ambient local""]","[0.06, 5.91]","[{""export_file"":""\/Users\/ahmadjalil\/github\/aethmodular\/research\/filter_combine\/FilterBased_ChemSpecPM25_ETAD.csv"",""export_sha256"":""a9f87a16ca07030aaeaf3b0d67c1c5fe3f0d209c34a3a51b365e6a8724f33020"",""export_source_row"":6163,""source_row"":25919},{""export_file"":""\/Users\/ahmadjalil\/github\/aethmodular\/research\/filter_combine\/FilterBased_ChemSpecPM25_ETAD.csv"",""export_sha256"":""a9f87a16ca07030aaeaf3b0d67c1c5fe3f0d209c34a3a51b365e6a8724f33020"",""export_source_row"":6164,""source_row"":25920}]",True,False,,unresolved_upstream_competing_values
ETAD,ETAD-0198,[28203],"[""FTIR""]",[218],"[""Ambient local""]","[0.06, 6.26]","[{""export_file"":""\/Users\/ahmadjalil\/github\/aethmodular\/research\/filter_combine\/FilterBased_ChemSpecPM25_ETAD.csv"",""export_sha256"":""a9f87a16ca07030aaeaf3b0d67c1c5fe3f0d209c34a3a51b365e6a8724f33020"",""export_source_row"":6204,""source_row"":25977},{""export_file"":""\/Users\/ahmadjalil\/github\/aethmodular\/research\/filter_combine\/FilterBased_ChemSpecPM25_ETAD.csv"",""export_sha256"":""a9f87a16ca07030aaeaf3b0d67c1c5fe3f0d209c34a3a51b365e6a8724f33020"",""export_source_row"":6205,""source_row"":25978}]",True,False,,unresolved_upstream_competing_values
ETAD,ETAD-0200,[28203],"[""FTIR""]",[218],"[""Ambient local""]","[0.06, 2.94]","[{""export_file"":""\/Users\/ahmadjalil\/github\/aethmodular\/research\/filter_combine\/FilterBased_ChemSpecPM25_ETAD.csv"",""export_sha256"":""a9f87a16ca07030aaeaf3b0d67c1c5fe3f0d209c34a3a51b365e6a8724f33020"",""export_source_row"":6245,""source_row"":26049},{""export_file"":""\/Users\/ahmadjalil\/github\/aethmodular\/research\/filter_combine\/FilterBased_ChemSpecPM25_ETAD.csv"",""export_sha256"":""a9f87a16ca07030aaeaf3b0d67c1c5fe3f0d209c34a3a51b365e6a8724f33020"",""export_source_row"":6246,""source_row"":26050}]",True,False,,unresolved_upstream_competing_values
ETAD,ETAD-0201,[28203],"[""FTIR""]",[218],"[""Ambient local""]","[0.06, 6.06]","[{""export_file"":""\/Users\/ahmadjalil\/github\/aethmodular\/research\/filter_combine\/FilterBased_ChemSpecPM25_ETAD.csv"",""export_sha256"":""a9f87a16ca07030aaeaf3b0d67c1c5fe3f0d209c34a3a51b365e6a8724f33020"",""export_source_row"":6286,""source_row"":26107},{""export_file"":""\/Users\/ahmadjalil\/github\/aethmodular\/research\/filter_combine\/FilterBased_ChemSpecPM25_ETAD.csv"",""export_sha256"":""a9f87a16ca07030aaeaf3b0d67c1c5fe3f0d209c34a3a51b365e6a8724f33020"",""export_source_row"":6287,""source_row"":26108}]",True,False,,unresolved_upstream_competing_values
ETAD,ETAD-0202,[28203],"[""FTIR""]",[218],"[""Ambient local""]","[0.06, 6.85]","[{""export_file"":""\/Users\/ahmadjalil\/github\/aethmodular\/research\/filter_combine\/FilterBased_ChemSpecPM25_ETAD.csv"",""export_sha256"":""a9f87a16ca07030aaeaf3b0d67c1c5fe3f0d209c34a3a51b365e6a8724f33020"",""export_source_row"":6327,""source_row"":26165},{""export_file"":""\/Users\/ahmadjalil\/github\/aethmodular\/research\/filter_combine\/FilterBased_ChemSpecPM25_ETAD.csv"",""export_sha256"":""a9f87a16ca07030aaeaf3b0d67c1c5fe3f0d209c34a3a51b365e6a8724f33020"",""export_source_row"":6328,""source_row"":26166}]",True,False,,unresolved_upstream_competing_values
ETAD,ETAD-0203,[28203],"[""FTIR""]",[218],"[""Ambient local""]","[0.06, 6.42]","[{""export_file"":""\/Users\/ahmadjalil\/github\/aethmodular\/research\/filter_combine\/FilterBased_ChemSpecPM25_ETAD.csv"",""export_sha256"":""a9f87a16ca07030aaeaf3b0d67c1c5fe3f0d209c34a3a51b365e6a8724f33020"",""export_source_row"":6368,""source_row"":26223},{""export_file"":""\/Users\/ahmadjalil\/github\/aethmodular\/research\/filter_combine\/FilterBased_ChemSpecPM25_ETAD.csv"",""export_sha256"":""a9f87a16ca07030aaeaf3b0d67c1c5fe3f0d209c34a3a51b365e6a8724f33020"",""export_source_row"":6369,""source_row"":26224}]",True,False,,unresolved_upstream_competing_values
ETAD,ETAD-0204,[28203],"[""FTIR""]",[218],"[""Ambient local""]","[0.06, 6.33]","[{""export_file"":""\/Users\/ahmadjalil\/github\/aethmodular\/research\/filter_combine\/FilterBased_ChemSpecPM25_ETAD.csv"",""export_sha256"":""a9f87a16ca07030aaeaf3b0d67c1c5fe3f0d209c34a3a51b365e6a8724f33020"",""export_source_row"":6409,""source_row"":26281},{""export_file"":""\/Users\/ahmadjalil\/github\/aethmodular\/research\/filter_combine\/FilterBased_ChemSpecPM25_ETAD.csv"",""export_sha256"":""a9f87a16ca07030aaeaf3b0d67c1c5fe3f0d209c34a3a51b365e6a8724f33020"",""export_source_row"":6410,""source_row"":26282}]",True,False,,unresolved_upstream_competing_values
ETAD,ETAD-0205,[28203],"[""FTIR""]",[218],"[""Ambient local""]","[0.06, 5.08]","[{""export_file"":""\/Users\/ahmadjalil\/github\/aethmodular\/research\/filter_combine\/FilterBased_ChemSpecPM25_ETAD.csv"",""export_sha256"":""a9f87a16ca07030aaeaf3b0d67c1c5fe3f0d209c34a3a51b365e6a8724f33020"",""export_source_row"":6450,""source_row"":26339},{""export_file"":""\/Users\/ahmadjalil\/github\/aethmodular\/research\/filter_combine\/FilterBased_ChemSpecPM25_ETAD.csv"",""export_sha256"":""a9f87a16ca07030aaeaf3b0d67c1c5fe3f0d209c34a3a51b365e6a8724f33020"",""export_source_row"":6451,""source_row"":26340}]",True,False,,unresolved_upstream_competing_values
ETAD,ETAD-0206,[28203],"[""FTIR""]",[218],"[""Ambient local""]","[0.06, 4.04]","[{""export_file"":""\/Users\/ahmadjalil\/github\/aethmodular\/research\/filter_combine\/FilterBased_ChemSpecPM25_ETAD.csv"",""export_sha256"":""a9f87a16ca07030aaeaf3b0d67c1c5fe3f0d209c34a3a51b365e6a8724f33020"",""export_source_row"":6491,""source_row"":26397},{""export_file"":""\/Users\/ahmadjalil\/github\/aethmodular\/research\/filter_combine\/FilterBased_ChemSpecPM25_ETAD.csv"",""export_sha256"":""a9f87a16ca07030aaeaf3b0d67c1c5fe3f0d209c34a3a51b365e6a8724f33020"",""export_source_row"":6492,""source_row"":26398}]",True,False,,unresolved_upstream_competing_values
ETAD,ETAD-0208,[28203],"[""FTIR""]",[218],"[""Ambient local""]","[0.06, 3.91]","[{""export_file"":""\/Users\/ahmadjalil\/github\/aethmodular\/research\/filter_combine\/FilterBased_ChemSpecPM25_ETAD.csv"",""export_sha256"":""a9f87a16ca07030aaeaf3b0d67c1c5fe3f0d209c34a3a51b365e6a8724f33020"",""export_source_row"":6532,""source_row"":26469},{""export_file"":""\/Users\/ahmadjalil\/github\/aethmodular\/research\/filter_combine\/FilterBased_ChemSpecPM25_ETAD.csv"",""export_sha256"":""a9f87a16ca07030aaeaf3b0d67c1c5fe3f0d209c34a3a51b365e6a8724f33020"",""export_source_row"":6533,""source_row"":26470}]",True,False,,unresolved_upstream_competing_values
ETAD,ETAD-0217,[28203],"[""FTIR""]",[218],"[""Ambient local""]","[0.06, 9.56]","[{""export_file"":""\/Users\/ahmadjalil\/github\/aethmodular\/research\/filter_combine\/FilterBased_ChemSpecPM25_ETAD.csv"",""export_sha256"":""a9f87a16ca07030aaeaf3b0d67c1c5fe3f0d209c34a3a51b365e6a8724f33020"",""export_source_row"":6573,""source_row"":26527},{""export_file"":""\/Users\/ahmadjalil\/github\/aethmodular\/research\/filter_combine\/FilterBased_ChemSpecPM25_ETAD.csv"",""export_sha256"":""a9f87a16ca07030aaeaf3b0d67c1c5fe3f0d209c34a3a51b365e6a8724f33020"",""export_source_row"":6574,""source_row"":26528}]",True,False,,unresolved_upstream_competing_values
ETAD,ETAD-0218,[28203],"[""FTIR""]",[218],"[""Ambient local""]","[0.06, 5.99]","[{""export_file"":""\/Users\/ahmadjalil\/github\/aethmodular\/research\/filter_combine\/FilterBased_ChemSpecPM25_ETAD.csv"",""export_sha256"":""a9f87a16ca07030aaeaf3b0d67c1c5fe3f0d209c34a3a51b365e6a8724f33020"",""export_source_row"":6613,""source_row"":26584},{""export_file"":""\/Users\/ahmadjalil\/github\/aethmodular\/research\/filter_combine\/FilterBased_ChemSpecPM25_ETAD.csv"",""export_sha256"":""a9f87a16ca07030aaeaf3b0d67c1c5fe3f0d209c34a3a51b365e6a8724f33020"",""export_source_row"":6614,""source_row"":26585}]",True,False,,unresolved_upstream_competing_values
ETAD,ETAD-0219,[28203],"[""FTIR""]",[218],"[""Ambient local""]","[0.06, 8.13]","[{""export_file"":""\/Users\/ahmadjalil\/github\/aethmodular\/research\/filter_combine\/FilterBased_ChemSpecPM25_ETAD.csv"",""export_sha256"":""a9f87a16ca07030aaeaf3b0d67c1c5fe3f0d209c34a3a51b365e6a8724f33020"",""export_source_row"":6653,""source_row"":26641},{""export_file"":""\/Users\/ahmadjalil\/github\/aethmodular\/research\/filter_combine\/FilterBased_ChemSpecPM25_ETAD.csv"",""export_sha256"":""a9f87a16ca07030aaeaf3b0d67c1c5fe3f0d209c34a3a51b365e6a8724f33020"",""export_source_row"":6654,""source_row"":26642}]",True,False,,unresolved_upstream_competing_values
ETAD,ETAD-0220,[28203],"[""FTIR""]",[218],"[""Ambient local""]","[0.06, 4.57]","[{""export_file"":""\/Users\/ahmadjalil\/github\/aethmodular\/research\/filter_combine\/FilterBased_ChemSpecPM25_ETAD.csv"",""export_sha256"":""a9f87a16ca07030aaeaf3b0d67c1c5fe3f0d209c34a3a51b365e6a8724f33020"",""export_source_row"":6693,""source_row"":26698},{""export_file"":""\/Users\/ahmadjalil\/github\/aethmodular\/research\/filter_combine\/FilterBased_ChemSpecPM25_ETAD.csv"",""export_sha256"":""a9f87a16ca07030aaeaf3b0d67c1c5fe3f0d209c34a3a51b365e6a8724f33020"",""export_source_row"":6694,""source_row"":26699}]",True,False,,unresolved_upstream_competing_values
ETAD,ETAD-0221,[28203],"[""FTIR""]",[218],"[""Ambient local""]","[0.06, 11.74]","[{""export_file"":""\/Users\/ahmadjalil\/github\/aethmodular\/research\/filter_combine\/FilterBased_ChemSpecPM25_ETAD.csv"",""export_sha256"":""a9f87a16ca07030aaeaf3b0d67c1c5fe3f0d209c34a3a51b365e6a8724f33020"",""export_source_row"":6733,""source_row"":26755},{""export_file"":""\/Users\/ahmadjalil\/github\/aethmodular\/research\/filter_combine\/FilterBased_ChemSpecPM25_ETAD.csv"",""export_sha256"":""a9f87a16ca07030aaeaf3b0d67c1c5fe3f0d209c34a3a51b365e6a8724f33020"",""export_source_row"":6734,""source_row"":26756}]",True,False,,unresolved_upstream_competing_values
ETAD,ETAD-0222,[28203],"[""FTIR""]",[218],"[""Ambient local""]","[0.06, 8.61]","[{""export_file"":""\/Users\/ahmadjalil\/github\/aethmodular\/research\/filter_combine\/FilterBased_ChemSpecPM25_ETAD.csv"",""export_sha256"":""a9f87a16ca07030aaeaf3b0d67c1c5fe3f0d209c34a3a51b365e6a8724f33020"",""export_source_row"":6773,""source_row"":26812},{""export_file"":""\/Users\/ahmadjalil\/github\/aethmodular\/research\/filter_combine\/FilterBased_ChemSpecPM25_ETAD.csv"",""export_sha256"":""a9f87a16ca07030aaeaf3b0d67c1c5fe3f0d209c34a3a51b365e6a8724f33020"",""export_source_row"":6774,""source_row"":26813}]",True,False,,unresolved_upstream_competing_values
ETAD,ETAD-0224,[28203],"[""FTIR""]",[218],"[""Ambient local""]","[0.06, 7.25]","[{""export_file"":""\/Users\/ahmadjalil\/github\/aethmodular\/research\/filter_combine\/FilterBased_ChemSpecPM25_ETAD.csv"",""export_sha256"":""a9f87a16ca07030aaeaf3b0d67c1c5fe3f0d209c34a3a51b365e6a8724f33020"",""export_source_row"":6813,""source_row"":26883},{""export_file"":""\/Users\/ahmadjalil\/github\/aethmodular\/research\/filter_combine\/FilterBased_ChemSpecPM25_ETAD.csv"",""export_sha256"":""a9f87a16ca07030aaeaf3b0d67c1c5fe3f0d209c34a3a51b365e6a8724f33020"",""export_source_row"":6814,""source_row"":26884}]",True,False,,unresolved_upstream_competing_values
ETAD,ETAD-0225,[28203],"[""FTIR""]",[218],"[""Ambient local""]","[0.06, 7.18]","[{""export_file"":""\/Users\/ahmadjalil\/github\/aethmodular\/research\/filter_combine\/FilterBased_ChemSpecPM25_ETAD.csv"",""export_sha256"":""a9f87a16ca07030aaeaf3b0d67c1c5fe3f0d209c34a3a51b365e6a8724f33020"",""export_source_row"":6853,""source_row"":26940},{""export_file"":""\/Users\/ahmadjalil\/github\/aethmodular\/research\/filter_combine\/FilterBased_ChemSpecPM25_ETAD.csv"",""export_sha256"":""a9f87a16ca07030aaeaf3b0d67c1c5fe3f0d209c34a3a51b365e6a8724f33020"",""export_source_row"":6854,""source_row"":26941}]",True,False,,unresolved_upstream_competing_values
ETAD,ETAD-0226,[28203],"[""FTIR""]",[218],"[""Ambient local""]","[0.06, 10.27]","[{""export_file"":""\/Users\/ahmadjalil\/github\/aethmodular\/research\/filter_combine\/FilterBased_ChemSpecPM25_ETAD.csv"",""export_sha256"":""a9f87a16ca07030aaeaf3b0d67c1c5fe3f0d209c34a3a51b365e6a8724f33020"",""export_source_row"":6893,""source_row"":26997},{""export_file"":""\/Users\/ahmadjalil\/github\/aethmodular\/research\/filter_combine\/FilterBased_ChemSpecPM25_ETAD.csv"",""export_sha256"":""a9f87a16ca07030aaeaf3b0d67c1c5fe3f0d209c34a3a51b365e6a8724f33020"",""export_source_row"":6894,""source_row"":26998}]",True,False,,unresolved_upstream_competing_values
ETAD,ETAD-0227,[28203],"[""FTIR""]",[218],"[""Ambient local""]","[0.06, 9.28]","[{""export_file"":""\/Users\/ahmadjalil\/github\/aethmodular\/research\/filter_combine\/FilterBased_ChemSpecPM25_ETAD.csv"",""export_sha256"":""a9f87a16ca07030aaeaf3b0d67c1c5fe3f0d209c34a3a51b365e6a8724f33020"",""export_source_row"":6933,""source_row"":27054},{""export_file"":""\/Users\/ahmadjalil\/github\/aethmodular\/research\/filter_combine\/FilterBased_ChemSpecPM25_ETAD.csv"",""export_sha256"":""a9f87a16ca07030aaeaf3b0d67c1c5fe3f0d209c34a3a51b365e6a8724f33020"",""export_source_row"":6934,""source_row"":27055}]",True,False,,unresolved_upstream_competing_values
ETAD,ETAD-0228,[28203],"[""FTIR""]",[218],"[""Ambient local""]","[0.06, 5.26]","[{""export_file"":""\/Users\/ahmadjalil\/github\/aethmodular\/research\/filter_combine\/FilterBased_ChemSpecPM25_ETAD.csv"",""export_sha256"":""a9f87a16ca07030aaeaf3b0d67c1c5fe3f0d209c34a3a51b365e6a8724f33020"",""export_source_row"":6973,""source_row"":27111},{""export_file"":""\/Users\/ahmadjalil\/github\/aethmodular\/research\/filter_combine\/FilterBased_ChemSpecPM25_ETAD.csv"",""export_sha256"":""a9f87a16ca07030aaeaf3b0d67c1c5fe3f0d209c34a3a51b365e6a8724f33020"",""export_source_row"":6974,""source_row"":27112}]",True,False,,unresolved_upstream_competing_values
ETAD,ETAD-0229,[28203],"[""FTIR""]",[218],"[""Ambient local""]","[0.06, 11.14]","[{""export_file"":""\/Users\/ahmadjalil\/github\/aethmodular\/research\/filter_combine\/FilterBased_ChemSpecPM25_ETAD.csv"",""export_sha256"":""a9f87a16ca07030aaeaf3b0d67c1c5fe3f0d209c34a3a51b365e6a8724f33020"",""export_source_row"":7013,""source_row"":27168},{""export_file"":""\/Users\/ahmadjalil\/github\/aethmodular\/research\/filter_combine\/FilterBased_ChemSpecPM25_ETAD.csv"",""export_sha256"":""a9f87a16ca07030aaeaf3b0d67c1c5fe3f0d209c34a3a51b365e6a8724f33020"",""export_source_row"":7014,""source_row"":27169}]",True,False,,unresolved_upstream_competing_values
ETAD,ETAD-0230,[28203],"[""FTIR""]",[218],"[""Ambient local""]","[0.06, 10.6]","[{""export_file"":""\/Users\/ahmadjalil\/github\/aethmodular\/research\/filter_combine\/FilterBased_ChemSpecPM25_ETAD.csv"",""export_sha256"":""a9f87a16ca07030aaeaf3b0d67c1c5fe3f0d209c34a3a51b365e6a8724f33020"",""export_source_row"":7053,""source_row"":27225},{""export_file"":""\/Users\/ahmadjalil\/github\/aethmodular\/research\/filter_combine\/FilterBased_ChemSpecPM25_ETAD.csv"",""export_sha256"":""a9f87a16ca07030aaeaf3b0d67c1c5fe3f0d209c34a3a51b365e6a8724f33020"",""export_source_row"":7054,""source_row"":27226}]",True,False,,unresolved_upstream_competing_values
ETAD,ETAD-0232,[28203],"[""FTIR""]",[218],"[""Ambient local""]","[0.06, 9.97]","[{""export_file"":""\/Users\/ahmadjalil\/github\/aethmodular\/research\/filter_combine\/FilterBased_ChemSpecPM25_ETAD.csv"",""export_sha256"":""a9f87a16ca07030aaeaf3b0d67c1c5fe3f0d209c34a3a51b365e6a8724f33020"",""export_source_row"":7093,""source_row"":27296},{""export_file"":""\/Users\/ahmadjalil\/github\/aethmodular\/research\/filter_combine\/FilterBased_ChemSpecPM25_ETAD.csv"",""export_sha256"":""a9f87a16ca07030aaeaf3b0d67c1c5fe3f0d209c34a3a51b365e6a8724f33020"",""export_source_row"":7094,""source_row"":27297}]",True,False,,unresolved_upstream_competing_values
ETAD,ETAD-0233,[28203],"[""FTIR""]",[218],"[""Ambient local""]","[0.06, 9.47]","[{""export_file"":""\/Users\/ahmadjalil\/github\/aethmodular\/research\/filter_combine\/FilterBased_ChemSpecPM25_ETAD.csv"",""export_sha256"":""a9f87a16ca07030aaeaf3b0d67c1c5fe3f0d209c34a3a51b365e6a8724f33020"",""export_source_row"":7133,""source_row"":27355},{""export_file"":""\/Users\/ahmadjalil\/github\/aethmodular\/research\/filter_combine\/FilterBased_ChemSpecPM25_ETAD.csv"",""export_sha256"":""a9f87a16ca07030aaeaf3b0d67c1c5fe3f0d209c34a3a51b365e6a8724f33020"",""export_source_row"":7134,""source_row"":27356}]",True,False,,unresolved_upstream_competing_values
ETAD,ETAD-0234,[28203],"[""FTIR""]",[218],"[""Ambient local""]","[0.06, 6.82]","[{""export_file"":""\/Users\/ahmadjalil\/github\/aethmodular\/research\/filter_combine\/FilterBased_ChemSpecPM25_ETAD.csv"",""export_sha256"":""a9f87a16ca07030aaeaf3b0d67c1c5fe3f0d209c34a3a51b365e6a8724f33020"",""export_source_row"":7181,""source_row"":27420},{""export_file"":""\/Users\/ahmadjalil\/github\/aethmodular\/research\/filter_combine\/FilterBased_ChemSpecPM25_ETAD.csv"",""export_sha256"":""a9f87a16ca07030aaeaf3b0d67c1c5fe3f0d209c34a3a51b365e6a8724f33020"",""export_source_row"":7182,""source_row"":27421}]",True,False,,unresolved_upstream_competing_values
ETAD,ETAD-0235,[28203],"[""FTIR""]",[218],"[""Ambient local""]","[0.06, 6.04]","[{""export_file"":""\/Users\/ahmadjalil\/github\/aethmodular\/research\/filter_combine\/FilterBased_ChemSpecPM25_ETAD.csv"",""export_sha256"":""a9f87a16ca07030aaeaf3b0d67c1c5fe3f0d209c34a3a51b365e6a8724f33020"",""export_source_row"":7229,""source_row"":27485},{""export_file"":""\/Users\/ahmadjalil\/github\/aethmodular\/research\/filter_combine\/FilterBased_ChemSpecPM25_ETAD.csv"",""export_sha256"":""a9f87a16ca07030aaeaf3b0d67c1c5fe3f0d209c34a3a51b365e6a8724f33020"",""export_source_row"":7230,""source_row"":27486}]",True,False,,unresolved_upstream_competing_values
ETAD,ETAD-0236,[28203],"[""FTIR""]",[218],"[""Ambient local""]","[0.06, 4.63]","[{""export_file"":""\/Users\/ahmadjalil\/github\/aethmodular\/research\/filter_combine\/FilterBased_ChemSpecPM25_ETAD.csv"",""export_sha256"":""a9f87a16ca07030aaeaf3b0d67c1c5fe3f0d209c34a3a51b365e6a8724f33020"",""export_source_row"":7277,""source_row"":27550},{""export_file"":""\/Users\/ahmadjalil\/github\/aethmodular\/research\/filter_combine\/FilterBased_ChemSpecPM25_ETAD.csv"",""export_sha256"":""a9f87a16ca07030aaeaf3b0d67c1c5fe3f0d209c34a3a51b365e6a8724f33020"",""export_source_row"":7278,""source_row"":27551}]",True,False,,unresolved_upstream_competing_values
ETAD,ETAD-0237,[28203],"[""FTIR""]",[218],"[""Ambient local""]","[0.06, 4.91]","[{""export_file"":""\/Users\/ahmadjalil\/github\/aethmodular\/research\/filter_combine\/FilterBased_ChemSpecPM25_ETAD.csv"",""export_sha256"":""a9f87a16ca07030aaeaf3b0d67c1c5fe3f0d209c34a3a51b365e6a8724f33020"",""export_source_row"":7325,""source_row"":27615},{""export_file"":""\/Users\/ahmadjalil\/github\/aethmodular\/research\/filter_combine\/FilterBased_ChemSpecPM25_ETAD.csv"",""export_sha256"":""a9f87a16ca07030aaeaf3b0d67c1c5fe3f0d209c34a3a51b365e6a8724f33020"",""export_source_row"":7326,""source_row"":27616}]",True,False,,unresolved_upstream_competing_values
ETAD,ETAD-0238,[28203],"[""FTIR""]",[218],"[""Ambient local""]","[0.06, 8.15]","[{""export_file"":""\/Users\/ahmadjalil\/github\/aethmodular\/research\/filter_combine\/FilterBased_ChemSpecPM25_ETAD.csv"",""export_sha256"":""a9f87a16ca07030aaeaf3b0d67c1c5fe3f0d209c34a3a51b365e6a8724f33020"",""export_source_row"":7374,""source_row"":27681},{""export_file"":""\/Users\/ahmadjalil\/github\/aethmodular\/research\/filter_combine\/FilterBased_ChemSpecPM25_ETAD.csv"",""export_sha256"":""a9f87a16ca07030aaeaf3b0d67c1c5fe3f0d209c34a3a51b365e6a8724f33020"",""export_source_row"":7375,""source_row"":27682}]",True,False,,unresolved_upstream_competing_values
ETAD,ETAD-0240,[28203],"[""FTIR""]",[218],"[""Ambient local""]","[0.06, 6.42]","[{""export_file"":""\/Users\/ahmadjalil\/github\/aethmodular\/research\/filter_combine\/FilterBased_ChemSpecPM25_ETAD.csv"",""export_sha256"":""a9f87a16ca07030aaeaf3b0d67c1c5fe3f0d209c34a3a51b365e6a8724f33020"",""export_source_row"":7422,""source_row"":27760},{""export_file"":""\/Users\/ahmadjalil\/github\/aethmodular\/research\/filter_combine\/FilterBased_ChemSpecPM25_ETAD.csv"",""export_sha256"":""a9f87a16ca07030aaeaf3b0d67c1c5fe3f0d209c34a3a51b365e6a8724f33020"",""export_source_row"":7423,""source_row"":27761}]",True,False,,unresolved_upstream_competing_values
ETAD,ETAD-0241,[28203],"[""FTIR""]",[218],"[""Ambient local""]","[0.06, 7.4]","[{""export_file"":""\/Users\/ahmadjalil\/github\/aethmodular\/research\/filter_combine\/FilterBased_ChemSpecPM25_ETAD.csv"",""export_sha256"":""a9f87a16ca07030aaeaf3b0d67c1c5fe3f0d209c34a3a51b365e6a8724f33020"",""export_source_row"":7469,""source_row"":27825},{""export_file"":""\/Users\/ahmadjalil\/github\/aethmodular\/research\/filter_combine\/FilterBased_ChemSpecPM25_ETAD.csv"",""export_sha256"":""a9f87a16ca07030aaeaf3b0d67c1c5fe3f0d209c34a3a51b365e6a8724f33020"",""export_source_row"":7470,""source_row"":27826}]",True,False,,unresolved_upstream_competing_values
ETAD,ETAD-0242,[28203],"[""FTIR""]",[218],"[""Ambient local""]","[0.06, 3.43]","[{""export_file"":""\/Users\/ahmadjalil\/github\/aethmodular\/research\/filter_combine\/FilterBased_ChemSpecPM25_ETAD.csv"",""export_sha256"":""a9f87a16ca07030aaeaf3b0d67c1c5fe3f0d209c34a3a51b365e6a8724f33020"",""export_source_row"":7516,""source_row"":27889},{""export_file"":""\/Users\/ahmadjalil\/github\/aethmodular\/research\/filter_combine\/FilterBased_ChemSpecPM25_ETAD.csv"",""export_sha256"":""a9f87a16ca07030aaeaf3b0d67c1c5fe3f0d209c34a3a51b365e6a8724f33020"",""export_source_row"":7517,""source_row"":27890}]",True,False,,unresolved_upstream_competing_values
ETAD,ETAD-0243,[28203],"[""FTIR""]",[218],"[""Ambient local""]","[0.06, 6.0]","[{""export_file"":""\/Users\/ahmadjalil\/github\/aethmodular\/research\/filter_combine\/FilterBased_ChemSpecPM25_ETAD.csv"",""export_sha256"":""a9f87a16ca07030aaeaf3b0d67c1c5fe3f0d209c34a3a51b365e6a8724f33020"",""export_source_row"":7563,""source_row"":27954},{""export_file"":""\/Users\/ahmadjalil\/github\/aethmodular\/research\/filter_combine\/FilterBased_ChemSpecPM25_ETAD.csv"",""export_sha256"":""a9f87a16ca07030aaeaf3b0d67c1c5fe3f0d209c34a3a51b365e6a8724f33020"",""export_source_row"":7564,""source_row"":27955}]",True,False,,unresolved_upstream_competing_values
ETAD,ETAD-0244,[28203],"[""FTIR""]",[218],"[""Ambient local""]","[0.06, 8.68]","[{""export_file"":""\/Users\/ahmadjalil\/github\/aethmodular\/research\/filter_combine\/FilterBased_ChemSpecPM25_ETAD.csv"",""export_sha256"":""a9f87a16ca07030aaeaf3b0d67c1c5fe3f0d209c34a3a51b365e6a8724f33020"",""export_source_row"":7610,""source_row"":28017},{""export_file"":""\/Users\/ahmadjalil\/github\/aethmodular\/research\/filter_combine\/FilterBased_ChemSpecPM25_ETAD.csv"",""export_sha256"":""a9f87a16ca07030aaeaf3b0d67c1c5fe3f0d209c34a3a51b365e6a8724f33020"",""export_source_row"":7611,""source_row"":28018}]",True,False,,unresolved_upstream_competing_values
ETAD,ETAD-0245,[28203],"[""FTIR""]",[218],"[""Ambient local""]","[0.06, 6.38]","[{""export_file"":""\/Users\/ahmadjalil\/github\/aethmodular\/research\/filter_combine\/FilterBased_ChemSpecPM25_ETAD.csv"",""export_sha256"":""a9f87a16ca07030aaeaf3b0d67c1c5fe3f0d209c34a3a51b365e6a8724f33020"",""export_source_row"":7656,""source_row"":28080},{""export_file"":""\/Users\/ahmadjalil\/github\/aethmodular\/research\/filter_combine\/FilterBased_ChemSpecPM25_ETAD.csv"",""export_sha256"":""a9f87a16ca07030aaeaf3b0d67c1c5fe3f0d209c34a3a51b365e6a8724f33020"",""export_source_row"":7657,""source_row"":28081}]",True,False,,unresolved_upstream_competing_values
INDH,INDH-0129,[28203],"[""FTIR""]",[218],"[""Ambient local""]","[0.24, 8.42]","[{""export_file"":""\/Users\/ahmadjalil\/github\/aethmodular\/research\/filter_combine\/FilterBased_ChemSpecPM25_INDH.csv"",""export_sha256"":""5ef1f5578504876d366f4685541a070016e046e0f1af50f88f1ff091b102dfd6"",""export_source_row"":318,""source_row"":29399},{""export_file"":""\/Users\/ahmadjalil\/github\/aethmodular\/research\/filter_combine\/FilterBased_ChemSpecPM25_INDH.csv"",""export_sha256"":""5ef1f5578504876d366f4685541a070016e046e0f1af50f88f1ff091b102dfd6"",""export_source_row"":319,""source_row"":29400}]",True,False,,unresolved_upstream_competing_values
INDH,INDH-0130,[28203],"[""FTIR""]",[218],"[""Ambient local""]","[-0.94, 0.24]","[{""export_file"":""\/Users\/ahmadjalil\/github\/aethmodular\/research\/filter_combine\/FilterBased_ChemSpecPM25_INDH.csv"",""export_sha256"":""5ef1f5578504876d366f4685541a070016e046e0f1af50f88f1ff091b102dfd6"",""export_source_row"":367,""source_row"":29464},{""export_file"":""\/Users\/ahmadjalil\/github\/aethmodular\/research\/filter_combine\/FilterBased_ChemSpecPM25_INDH.csv"",""export_sha256"":""5ef1f5578504876d366f4685541a070016e046e0f1af50f88f1ff091b102dfd6"",""export_source_row"":368,""source_row"":29465}]",True,False,,unresolved_upstream_competing_values
INDH,INDH-0131,[28203],"[""FTIR""]",[218],"[""Ambient local""]","[0.24, 5.54]","[{""export_file"":""\/Users\/ahmadjalil\/github\/aethmodular\/research\/filter_combine\/FilterBased_ChemSpecPM25_INDH.csv"",""export_sha256"":""5ef1f5578504876d366f4685541a070016e046e0f1af50f88f1ff091b102dfd6"",""export_source_row"":414,""source_row"":29529},{""export_file"":""\/Users\/ahmadjalil\/github\/aethmodular\/research\/filter_combine\/FilterBased_ChemSpecPM25_INDH.csv"",""export_sha256"":""5ef1f5578504876d366f4685541a070016e046e0f1af50f88f1ff091b102dfd6"",""export_source_row"":415,""source_row"":29530}]",True,False,,unresolved_upstream_competing_values
INDH,INDH-0132,[28203],"[""FTIR""]",[218],"[""Ambient local""]","[0.24, 5.05]","[{""export_file"":""\/Users\/ahmadjalil\/github\/aethmodular\/research\/filter_combine\/FilterBased_ChemSpecPM25_INDH.csv"",""export_sha256"":""5ef1f5578504876d366f4685541a070016e046e0f1af50f88f1ff091b102dfd6"",""export_source_row"":463,""source_row"":29594},{""export_file"":""\/Users\/ahmadjalil\/github\/aethmodular\/research\/filter_combine\/FilterBased_ChemSpecPM25_INDH.csv"",""export_sha256"":""5ef1f5578504876d366f4685541a070016e046e0f1af50f88f1ff091b102dfd6"",""export_source_row"":464,""source_row"":29595}]",True,False,,unresolved_upstream_competing_values
INDH,INDH-0133,[28203],"[""FTIR""]",[218],"[""Ambient local""]","[0.24, 8.58]","[{""export_file"":""\/Users\/ahmadjalil\/github\/aethmodular\/research\/filter_combine\/FilterBased_ChemSpecPM25_INDH.csv"",""export_sha256"":""5ef1f5578504876d366f4685541a070016e046e0f1af50f88f1ff091b102dfd6"",""export_source_row"":511,""source_row"":29659},{""export_file"":""\/Users\/ahmadjalil\/github\/aethmodular\/research\/filter_combine\/FilterBased_ChemSpecPM25_INDH.csv"",""export_sha256"":""5ef1f5578504876d366f4685541a070016e046e0f1af50f88f1ff091b102dfd6"",""export_source_row"":512,""source_row"":29660}]",True,False,,unresolved_upstream_competing_values
INDH,INDH-0134,[28203],"[""FTIR""]",[218],"[""Ambient local""]","[0.25, 5.26]","[{""export_file"":""\/Users\/ahmadjalil\/github\/aethmodular\/research\/filter_combine\/FilterBased_ChemSpecPM25_INDH.csv"",""export_sha256"":""5ef1f5578504876d366f4685541a070016e046e0f1af50f88f1ff091b102dfd6"",""export_source_row"":558,""source_row"":29724},{""export_file"":""\/Users\/ahmadjalil\/github\/aethmodular\/research\/filter_combine\/FilterBased_ChemSpecPM25_INDH.csv"",""export_sha256"":""5ef1f5578504876d366f4685541a070016e046e0f1af50f88f1ff091b102dfd6"",""export_source_row"":559,""source_row"":29725}]",True,False,,unresolved_upstream_competing_values
INDH,INDH-0136,[28203],"[""FTIR""]",[218],"[""Ambient local""]","[0.24, 3.2]","[{""export_file"":""\/Users\/ahmadjalil\/github\/aethmodular\/research\/filter_combine\/FilterBased_ChemSpecPM25_INDH.csv"",""export_sha256"":""5ef1f5578504876d366f4685541a070016e046e0f1af50f88f1ff091b102dfd6"",""export_source_row"":606,""source_row"":29804},{""export_file"":""\/Users\/ahmadjalil\/github\/aethmodular\/research\/filter_combine\/FilterBased_ChemSpecPM25_INDH.csv"",""export_sha256"":""5ef1f5578504876d366f4685541a070016e046e0f1af50f88f1ff091b102dfd6"",""export_source_row"":607,""source_row"":29805}]",True,False,,unresolved_upstream_competing_values
INDH,INDH-0137,[28203],"[""FTIR""]",[218],"[""Ambient local""]","[0.24, 6.08]","[{""export_file"":""\/Users\/ahmadjalil\/github\/aethmodular\/research\/filter_combine\/FilterBased_ChemSpecPM25_INDH.csv"",""export_sha256"":""5ef1f5578504876d366f4685541a070016e046e0f1af50f88f1ff091b102dfd6"",""export_source_row"":654,""source_row"":29867},{""export_file"":""\/Users\/ahmadjalil\/github\/aethmodular\/research\/filter_combine\/FilterBased_ChemSpecPM25_INDH.csv"",""export_sha256"":""5ef1f5578504876d366f4685541a070016e046e0f1af50f88f1ff091b102dfd6"",""export_source_row"":655,""source_row"":29868}]",True,False,,unresolved_upstream_competing_values
INDH,INDH-0138,[28203],"[""FTIR""]",[218],"[""Ambient local""]","[0.24, 7.37]","[{""export_file"":""\/Users\/ahmadjalil\/github\/aethmodular\/research\/filter_combine\/FilterBased_ChemSpecPM25_INDH.csv"",""export_sha256"":""5ef1f5578504876d366f4685541a070016e046e0f1af50f88f1ff091b102dfd6"",""export_source_row"":702,""source_row"":29932},{""export_file"":""\/Users\/ahmadjalil\/github\/aethmodular\/research\/filter_combine\/FilterBased_ChemSpecPM25_INDH.csv"",""export_sha256"":""5ef1f5578504876d366f4685541a070016e046e0f1af50f88f1ff091b102dfd6"",""export_source_row"":703,""source_row"":29933}]",True,False,,unresolved_upstream_competing_values
INDH,INDH-0139,[28203],"[""FTIR""]",[218],"[""Ambient local""]","[0.25, 2.19]","[{""export_file"":""\/Users\/ahmadjalil\/github\/aethmodular\/research\/filter_combine\/FilterBased_ChemSpecPM25_INDH.csv"",""export_sha256"":""5ef1f5578504876d366f4685541a070016e046e0f1af50f88f1ff091b102dfd6"",""export_source_row"":750,""source_row"":29997},{""export_file"":""\/Users\/ahmadjalil\/github\/aethmodular\/research\/filter_combine\/FilterBased_ChemSpecPM25_INDH.csv"",""export_sha256"":""5ef1f5578504876d366f4685541a070016e046e0f1af50f88f1ff091b102dfd6"",""export_source_row"":751,""source_row"":29998}]",True,False,,unresolved_upstream_competing_values
INDH,INDH-0140,[28203],"[""FTIR""]",[218],"[""Ambient local""]","[0.26, 12.33]","[{""export_file"":""\/Users\/ahmadjalil\/github\/aethmodular\/research\/filter_combine\/FilterBased_ChemSpecPM25_INDH.csv"",""export_sha256"":""5ef1f5578504876d366f4685541a070016e046e0f1af50f88f1ff091b102dfd6"",""export_source_row"":799,""source_row"":30063},{""export_file"":""\/Users\/ahmadjalil\/github\/aethmodular\/research\/filter_combine\/FilterBased_ChemSpecPM25_INDH.csv"",""export_sha256"":""5ef1f5578504876d366f4685541a070016e046e0f1af50f88f1ff091b102dfd6"",""export_source_row"":800,""source_row"":30064}]",True,False,,unresolved_upstream_competing_values
INDH,INDH-0141,[28203],"[""FTIR""]",[218],"[""Ambient local""]","[0.24, 10.42]","[{""export_file"":""\/Users\/ahmadjalil\/github\/aethmodular\/research\/filter_combine\/FilterBased_ChemSpecPM25_INDH.csv"",""export_sha256"":""5ef1f5578504876d366f4685541a070016e046e0f1af50f88f1ff091b102dfd6"",""export_source_row"":846,""source_row"":30127},{""export_file"":""\/Users\/ahmadjalil\/github\/aethmodular\/research\/filter_combine\/FilterBased_ChemSpecPM25_INDH.csv"",""export_sha256"":""5ef1f5578504876d366f4685541a070016e046e0f1af50f88f1ff091b102dfd6"",""export_source_row"":847,""source_row"":30128}]",True,False,,unresolved_upstream_competing_values
INDH,INDH-0142,[28203],"[""FTIR""]",[218],"[""Ambient local""]","[0.26, 5.35]","[{""export_file"":""\/Users\/ahmadjalil\/github\/aethmodular\/research\/filter_combine\/FilterBased_ChemSpecPM25_INDH.csv"",""export_sha256"":""5ef1f5578504876d366f4685541a070016e046e0f1af50f88f1ff091b102dfd6"",""export_source_row"":893,""source_row"":30192},{""export_file"":""\/Users\/ahmadjalil\/github\/aethmodular\/research\/filter_combine\/FilterBased_ChemSpecPM25_INDH.csv"",""export_sha256"":""5ef1f5578504876d366f4685541a070016e046e0f1af50f88f1ff091b102dfd6"",""export_source_row"":894,""source_row"":30193}]",True,False,,unresolved_upstream_competing_values
INDH,INDH-0144,[28203],"[""FTIR""]",[218],"[""Ambient local""]","[0.26, 9.71]","[{""export_file"":""\/Users\/ahmadjalil\/github\/aethmodular\/research\/filter_combine\/FilterBased_ChemSpecPM25_INDH.csv"",""export_sha256"":""5ef1f5578504876d366f4685541a070016e046e0f1af50f88f1ff091b102dfd6"",""export_source_row"":941,""source_row"":30271},{""export_file"":""\/Users\/ahmadjalil\/github\/aethmodular\/research\/filter_combine\/FilterBased_ChemSpecPM25_INDH.csv"",""export_sha256"":""5ef1f5578504876d366f4685541a070016e046e0f1af50f88f1ff091b102dfd6"",""export_source_row"":942,""source_row"":30272}]",True,False,,unresolved_upstream_competing_values
INDH,INDH-0145,[28203],"[""FTIR""]",[218],"[""Ambient local""]","[0.24, 9.41]","[{""export_file"":""\/Users\/ahmadjalil\/github\/aethmodular\/research\/filter_combine\/FilterBased_ChemSpecPM25_INDH.csv"",""export_sha256"":""5ef1f5578504876d366f4685541a070016e046e0f1af50f88f1ff091b102dfd6"",""export_source_row"":987,""source_row"":30334},{""export_file"":""\/Users\/ahmadjalil\/github\/aethmodular\/research\/filter_combine\/FilterBased_ChemSpecPM25_INDH.csv"",""export_sha256"":""5ef1f5578504876d366f4685541a070016e046e0f1af50f88f1ff091b102dfd6"",""export_source_row"":988,""source_row"":30335}]",True,False,,unresolved_upstream_competing_values
INDH,INDH-0146,[28203],"[""FTIR""]",[218],"[""Ambient local""]","[0.24, 5.68]","[{""export_file"":""\/Users\/ahmadjalil\/github\/aethmodular\/research\/filter_combine\/FilterBased_ChemSpecPM25_INDH.csv"",""export_sha256"":""5ef1f5578504876d366f4685541a070016e046e0f1af50f88f1ff091b102dfd6"",""export_source_row"":1026,""source_row"":30391},{""export_file"":""\/Users\/ahmadjalil\/github\/aethmodular\/research\/filter_combine\/FilterBased_ChemSpecPM25_INDH.csv"",""export_sha256"":""5ef1f5578504876d366f4685541a070016e046e0f1af50f88f1ff091b102dfd6"",""export_source_row"":1027,""source_row"":30392}]",True,False,,unresolved_upstream_competing_values
INDH,INDH-0147,[28203],"[""FTIR""]",[218],"[""Ambient local""]","[0.24, 4.38]","[{""export_file"":""\/Users\/ahmadjalil\/github\/aethmodular\/research\/filter_combine\/FilterBased_ChemSpecPM25_INDH.csv"",""export_sha256"":""5ef1f5578504876d366f4685541a070016e046e0f1af50f88f1ff091b102dfd6"",""export_source_row"":1064,""source_row"":30446},{""export_file"":""\/Users\/ahmadjalil\/github\/aethmodular\/research\/filter_combine\/FilterBased_ChemSpecPM25_INDH.csv"",""export_sha256"":""5ef1f5578504876d366f4685541a070016e046e0f1af50f88f1ff091b102dfd6"",""export_source_row"":1065,""source_row"":30447}]",True,False,,unresolved_upstream_competing_values
INDH,INDH-0148,[28203],"[""FTIR""]",[218],"[""Ambient local""]","[0.24, 5.99]","[{""export_file"":""\/Users\/ahmadjalil\/github\/aethmodular\/research\/filter_combine\/FilterBased_ChemSpecPM25_INDH.csv"",""export_sha256"":""5ef1f5578504876d366f4685541a070016e046e0f1af50f88f1ff091b102dfd6"",""export_source_row"":1104,""source_row"":30502},{""export_file"":""\/Users\/ahmadjalil\/github\/aethmodular\/research\/filter_combine\/FilterBased_ChemSpecPM25_INDH.csv"",""export_sha256"":""5ef1f5578504876d366f4685541a070016e046e0f1af50f88f1ff091b102dfd6"",""export_source_row"":1105,""source_row"":30503}]",True,False,,unresolved_upstream_competing_values
INDH,INDH-0149,[28203],"[""FTIR""]",[218],"[""Ambient local""]","[0.24, 2.58]","[{""export_file"":""\/Users\/ahmadjalil\/github\/aethmodular\/research\/filter_combine\/FilterBased_ChemSpecPM25_INDH.csv"",""export_sha256"":""5ef1f5578504876d366f4685541a070016e046e0f1af50f88f1ff091b102dfd6"",""export_source_row"":1145,""source_row"":30559},{""export_file"":""\/Users\/ahmadjalil\/github\/aethmodular\/research\/filter_combine\/FilterBased_ChemSpecPM25_INDH.csv"",""export_sha256"":""5ef1f5578504876d366f4685541a070016e046e0f1af50f88f1ff091b102dfd6"",""export_source_row"":1146,""source_row"":30560}]",True,False,,unresolved_upstream_competing_values
INDH,INDH-0150,[28203],"[""FTIR""]",[218],"[""Ambient local""]","[0.24, 1.92]","[{""export_file"":""\/Users\/ahmadjalil\/github\/aethmodular\/research\/filter_combine\/FilterBased_ChemSpecPM25_INDH.csv"",""export_sha256"":""5ef1f5578504876d366f4685541a070016e046e0f1af50f88f1ff091b102dfd6"",""export_source_row"":1185,""source_row"":30616},{""export_file"":""\/Users\/ahmadjalil\/github\/aethmodular\/research\/filter_combine\/FilterBased_ChemSpecPM25_INDH.csv"",""export_sha256"":""5ef1f5578504876d366f4685541a070016e046e0f1af50f88f1ff091b102dfd6"",""export_source_row"":1186,""source_row"":30617}]",True,False,,unresolved_upstream_competing_values
INDH,INDH-0152,[28203],"[""FTIR""]",[218],"[""Ambient local""]","[0.24, 2.92]","[{""export_file"":""\/Users\/ahmadjalil\/github\/aethmodular\/research\/filter_combine\/FilterBased_ChemSpecPM25_INDH.csv"",""export_sha256"":""5ef1f5578504876d366f4685541a070016e046e0f1af50f88f1ff091b102dfd6"",""export_source_row"":1225,""source_row"":30687},{""export_file"":""\/Users\/ahmadjalil\/github\/aethmodular\/research\/filter_combine\/FilterBased_ChemSpecPM25_INDH.csv"",""export_sha256"":""5ef1f5578504876d366f4685541a070016e046e0f1af50f88f1ff091b102dfd6"",""export_source_row"":1226,""source_row"":30688}]",True,False,,unresolved_upstream_competing_values
INDH,INDH-0162,[28203],"[""FTIR""]",[218],"[""Ambient local""]","[0.24, 4.52]","[{""export_file"":""\/Users\/ahmadjalil\/github\/aethmodular\/research\/filter_combine\/FilterBased_ChemSpecPM25_INDH.csv"",""export_sha256"":""5ef1f5578504876d366f4685541a070016e046e0f1af50f88f1ff091b102dfd6"",""export_source_row"":34,""source_row"":30760},{""export_file"":""\/Users\/ahmadjalil\/github\/aethmodular\/research\/filter_combine\/FilterBased_ChemSpecPM25_INDH.csv"",""export_sha256"":""5ef1f5578504876d366f4685541a070016e046e0f1af50f88f1ff091b102dfd6"",""export_source_row"":35,""source_row"":30761}]",True,False,,unresolved_upstream_competing_values
INDH,INDH-0163,[28203],"[""FTIR""]",[218],"[""Ambient local""]","[0.24, 6.26]","[{""export_file"":""\/Users\/ahmadjalil\/github\/aethmodular\/research\/filter_combine\/FilterBased_ChemSpecPM25_INDH.csv"",""export_sha256"":""5ef1f5578504876d366f4685541a070016e046e0f1af50f88f1ff091b102dfd6"",""export_source_row"":81,""source_row"":30824},{""export_file"":""\/Users\/ahmadjalil\/github\/aethmodular\/research\/filter_combine\/FilterBased_ChemSpecPM25_INDH.csv"",""export_sha256"":""5ef1f5578504876d366f4685541a070016e046e0f1af50f88f1ff091b102dfd6"",""export_source_row"":82,""source_row"":30825}]",True,False,,unresolved_upstream_competing_values
INDH,INDH-0164,[28203],"[""FTIR""]",[218],"[""Ambient local""]","[0.24, 9.37]","[{""export_file"":""\/Users\/ahmadjalil\/github\/aethmodular\/research\/filter_combine\/FilterBased_ChemSpecPM25_INDH.csv"",""export_sha256"":""5ef1f5578504876d366f4685541a070016e046e0f1af50f88f1ff091b102dfd6"",""export_source_row"":128,""source_row"":30887},{""export_file"":""\/Users\/ahmadjalil\/github\/aethmodular\/research\/filter_combine\/FilterBased_ChemSpecPM25_INDH.csv"",""export_sha256"":""5ef1f5578504876d366f4685541a070016e046e0f1af50f88f1ff091b102dfd6"",""export_source_row"":129,""source_row"":30888}]",True,False,,unresolved_upstream_competing_values
INDH,INDH-0165,[28203],"[""FTIR""]",[218],"[""Ambient local""]","[0.24, 5.16]","[{""export_file"":""\/Users\/ahmadjalil\/github\/aethmodular\/research\/filter_combine\/FilterBased_ChemSpecPM25_INDH.csv"",""export_sha256"":""5ef1f5578504876d366f4685541a070016e046e0f1af50f88f1ff091b102dfd6"",""export_source_row"":175,""source_row"":30952},{""export_file"":""\/Users\/ahmadjalil\/github\/aethmodular\/research\/filter_combine\/FilterBased_ChemSpecPM25_INDH.csv"",""export_sha256"":""5ef1f5578504876d366f4685541a070016e046e0f1af50f88f1ff091b102dfd6"",""export_source_row"":176,""source_row"":30953}]",True,False,,unresolved_upstream_competing_values
INDH,INDH-0166,[28203],"[""FTIR""]",[218],"[""Ambient local""]","[0.24, 12.27]","[{""export_file"":""\/Users\/ahmadjalil\/github\/aethmodular\/research\/filter_combine\/FilterBased_ChemSpecPM25_INDH.csv"",""export_sha256"":""5ef1f5578504876d366f4685541a070016e046e0f1af50f88f1ff091b102dfd6"",""export_source_row"":222,""source_row"":31016},{""export_file"":""\/Users\/ahmadjalil\/github\/aethmodular\/research\/filter_combine\/FilterBased_ChemSpecPM25_INDH.csv"",""export_sha256"":""5ef1f5578504876d366f4685541a070016e046e0f1af50f88f1ff091b102dfd6"",""export_source_row"":223,""source_row"":31017}]",True,False,,unresolved_upstream_competing_values
INDH,INDH-0168,[28203],"[""FTIR""]",[218],"[""Ambient local""]","[0.24, 7.65]","[{""export_file"":""\/Users\/ahmadjalil\/github\/aethmodular\/research\/filter_combine\/FilterBased_ChemSpecPM25_INDH.csv"",""export_sha256"":""5ef1f5578504876d366f4685541a070016e046e0f1af50f88f1ff091b102dfd6"",""export_source_row"":272,""source_row"":31096},{""export_file"":""\/Users\/ahmadjalil\/github\/aethmodular\/research\/filter_combine\/FilterBased_ChemSpecPM25_INDH.csv"",""export_sha256"":""5ef1f5578504876d366f4685541a070016e046e0f1af50f88f1ff091b102dfd6"",""export_source_row"":273,""source_row"":31097}]",True,False,,unresolved_upstream_competing_values
USPA,USPA-0113,[28203],"[""FTIR""]",[218],"[""Ambient local""]",[0.48],"[{""export_file"":""\/Users\/ahmadjalil\/github\/aethmodular\/research\/filter_combine\/FilterBased_ChemSpecPM25_USPA.csv"",""export_sha256"":""8d1e40d2a272970c02d9d5acef313f6579d1e36161fcf30316a4ae5653600418"",""export_source_row"":2370,""source_row"":33624}]",True,False,,single_export_value_definition_recovered_not_independent_reference
USPA,USPA-0114,[28203],"[""FTIR""]",[218],"[""Ambient local""]",[0.18],"[{""export_file"":""\/Users\/ahmadjalil\/github\/aethmodular\/research\/filter_combine\/FilterBased_ChemSpecPM25_USPA.csv"",""export_sha256"":""8d1e40d2a272970c02d9d5acef313f6579d1e36161fcf30316a4ae5653600418"",""export_source_row"":2409,""source_row"":33662}]",True,False,,single_export_value_definition_recovered_not_independent_reference
USPA,USPA-0115,[28203],"[""FTIR""]",[218],"[""Ambient local""]",[0.47],"[{""export_file"":""\/Users\/ahmadjalil\/github\/aethmodular\/research\/filter_combine\/FilterBased_ChemSpecPM25_USPA.csv"",""export_sha256"":""8d1e40d2a272970c02d9d5acef313f6579d1e36161fcf30316a4ae5653600418"",""export_source_row"":2448,""source_row"":33701}]",True,False,,single_export_value_definition_recovered_not_independent_reference
USPA,USPA-0116,[28203],"[""FTIR""]",[218],"[""Ambient local""]",[0.32],"[{""export_file"":""\/Users\/ahmadjalil\/github\/aethmodular\/research\/filter_combine\/FilterBased_ChemSpecPM25_USPA.csv"",""export_sha256"":""8d1e40d2a272970c02d9d5acef313f6579d1e36161fcf30316a4ae5653600418"",""export_source_row"":2487,""source_row"":33740}]",True,False,,single_export_value_definition_recovered_not_independent_reference
USPA,USPA-0117,[28203],"[""FTIR""]",[218],"[""Ambient local""]",[0.49],"[{""export_file"":""\/Users\/ahmadjalil\/github\/aethmodular\/research\/filter_combine\/FilterBased_ChemSpecPM25_USPA.csv"",""export_sha256"":""8d1e40d2a272970c02d9d5acef313f6579d1e36161fcf30316a4ae5653600418"",""export_source_row"":2526,""source_row"":33779}]",True,False,,single_export_value_definition_recovered_not_independent_reference
USPA,USPA-0118,[28203],"[""FTIR""]",[218],"[""Ambient local""]",[0.41],"[{""export_file"":""\/Users\/ahmadjalil\/github\/aethmodular\/research\/filter_combine\/FilterBased_ChemSpecPM25_USPA.csv"",""export_sha256"":""8d1e40d2a272970c02d9d5acef313f6579d1e36161fcf30316a4ae5653600418"",""export_source_row"":2565,""source_row"":33818}]",True,False,,single_export_value_definition_recovered_not_independent_reference
USPA,USPA-0120,[28203],"[""FTIR""]",[218],"[""Ambient local""]",[0.39],"[{""export_file"":""\/Users\/ahmadjalil\/github\/aethmodular\/research\/filter_combine\/FilterBased_ChemSpecPM25_USPA.csv"",""export_sha256"":""8d1e40d2a272970c02d9d5acef313f6579d1e36161fcf30316a4ae5653600418"",""export_source_row"":2603,""source_row"":33857}]",True,False,,single_export_value_definition_recovered_not_independent_reference
USPA,USPA-0121,[28203],"[""FTIR""]",[218],"[""Ambient local""]",[0.35],"[{""export_file"":""\/Users\/ahmadjalil\/github\/aethmodular\/research\/filter_combine\/FilterBased_ChemSpecPM25_USPA.csv"",""export_sha256"":""8d1e40d2a272970c02d9d5acef313f6579d1e36161fcf30316a4ae5653600418"",""export_source_row"":2641,""source_row"":33895}]",True,False,,single_export_value_definition_recovered_not_independent_reference
USPA,USPA-0122,[28203],"[""FTIR""]",[218],"[""Ambient local""]",[0.23],"[{""export_file"":""\/Users\/ahmadjalil\/github\/aethmodular\/research\/filter_combine\/FilterBased_ChemSpecPM25_USPA.csv"",""export_sha256"":""8d1e40d2a272970c02d9d5acef313f6579d1e36161fcf30316a4ae5653600418"",""export_source_row"":2680,""source_row"":33933}]",True,False,,single_export_value_definition_recovered_not_independent_reference
USPA,USPA-0123,[28203],"[""FTIR""]",[218],"[""Ambient local""]",[0.46],"[{""export_file"":""\/Users\/ahmadjalil\/github\/aethmodular\/research\/filter_combine\/FilterBased_ChemSpecPM25_USPA.csv"",""export_sha256"":""8d1e40d2a272970c02d9d5acef313f6579d1e36161fcf30316a4ae5653600418"",""export_source_row"":2718,""source_row"":33972}]",True,False,,single_export_value_definition_recovered_not_independent_reference
USPA,USPA-0124,[28203],"[""FTIR""]",[218],"[""Ambient local""]",[0.37],"[{""export_file"":""\/Users\/ahmadjalil\/github\/aethmodular\/research\/filter_combine\/FilterBased_ChemSpecPM25_USPA.csv"",""export_sha256"":""8d1e40d2a272970c02d9d5acef313f6579d1e36161fcf30316a4ae5653600418"",""export_source_row"":2757,""source_row"":34010}]",True,False,,single_export_value_definition_recovered_not_independent_reference
USPA,USPA-0125,[28203],"[""FTIR""]",[218],"[""Ambient local""]",[0.55],"[{""export_file"":""\/Users\/ahmadjalil\/github\/aethmodular\/research\/filter_combine\/FilterBased_ChemSpecPM25_USPA.csv"",""export_sha256"":""8d1e40d2a272970c02d9d5acef313f6579d1e36161fcf30316a4ae5653600418"",""export_source_row"":2795,""source_row"":34049}]",True,False,,single_export_value_definition_recovered_not_independent_reference
USPA,USPA-0126,[28203],"[""FTIR""]",[218],"[""Ambient local""]",[0.5],"[{""export_file"":""\/Users\/ahmadjalil\/github\/aethmodular\/research\/filter_combine\/FilterBased_ChemSpecPM25_USPA.csv"",""export_sha256"":""8d1e40d2a272970c02d9d5acef313f6579d1e36161fcf30316a4ae5653600418"",""export_source_row"":2833,""source_row"":34087}]",True,False,,single_export_value_definition_recovered_not_independent_reference
USPA,USPA-0128,[28203],"[""FTIR""]",[218],"[""Ambient local""]",[0.42],"[{""export_file"":""\/Users\/ahmadjalil\/github\/aethmodular\/research\/filter_combine\/FilterBased_ChemSpecPM25_USPA.csv"",""export_sha256"":""8d1e40d2a272970c02d9d5acef313f6579d1e36161fcf30316a4ae5653600418"",""export_source_row"":2871,""source_row"":34125}]",True,False,,single_export_value_definition_recovered_not_independent_reference
USPA,USPA-0129,[28203],"[""FTIR""]",[218],"[""Ambient local""]","[0.06, 0.63]","[{""export_file"":""\/Users\/ahmadjalil\/github\/aethmodular\/research\/filter_combine\/FilterBased_ChemSpecPM25_USPA.csv"",""export_sha256"":""8d1e40d2a272970c02d9d5acef313f6579d1e36161fcf30316a4ae5653600418"",""export_source_row"":2910,""source_row"":34163},{""export_file"":""\/Users\/ahmadjalil\/github\/aethmodular\/research\/filter_combine\/FilterBased_ChemSpecPM25_USPA.csv"",""export_sha256"":""8d1e40d2a272970c02d9d5acef313f6579d1e36161fcf30316a4ae5653600418"",""export_source_row"":2911,""source_row"":34164}]",True,False,,unresolved_upstream_competing_values
USPA,USPA-0130,[28203],"[""FTIR""]",[218],"[""Ambient local""]","[0.06, 0.53]","[{""export_file"":""\/Users\/ahmadjalil\/github\/aethmodular\/research\/filter_combine\/FilterBased_ChemSpecPM25_USPA.csv"",""export_sha256"":""8d1e40d2a272970c02d9d5acef313f6579d1e36161fcf30316a4ae5653600418"",""export_source_row"":2951,""source_row"":34221},{""export_file"":""\/Users\/ahmadjalil\/github\/aethmodular\/research\/filter_combine\/FilterBased_ChemSpecPM25_USPA.csv"",""export_sha256"":""8d1e40d2a272970c02d9d5acef313f6579d1e36161fcf30316a4ae5653600418"",""export_source_row"":2952,""source_row"":34222}]",True,False,,unresolved_upstream_competing_values
USPA,USPA-0131,[28203],"[""FTIR""]",[218],"[""Ambient local""]","[0.06, 0.64]","[{""export_file"":""\/Users\/ahmadjalil\/github\/aethmodular\/research\/filter_combine\/FilterBased_ChemSpecPM25_USPA.csv"",""export_sha256"":""8d1e40d2a272970c02d9d5acef313f6579d1e36161fcf30316a4ae5653600418"",""export_source_row"":2992,""source_row"":34279},{""export_file"":""\/Users\/ahmadjalil\/github\/aethmodular\/research\/filter_combine\/FilterBased_ChemSpecPM25_USPA.csv"",""export_sha256"":""8d1e40d2a272970c02d9d5acef313f6579d1e36161fcf30316a4ae5653600418"",""export_source_row"":2993,""source_row"":34280}]",True,False,,unresolved_upstream_competing_values
USPA,USPA-0132,[28203],"[""FTIR""]",[218],"[""Ambient local""]","[0.06, 0.66]","[{""export_file"":""\/Users\/ahmadjalil\/github\/aethmodular\/research\/filter_combine\/FilterBased_ChemSpecPM25_USPA.csv"",""export_sha256"":""8d1e40d2a272970c02d9d5acef313f6579d1e36161fcf30316a4ae5653600418"",""export_source_row"":3033,""source_row"":34337},{""export_file"":""\/Users\/ahmadjalil\/github\/aethmodular\/research\/filter_combine\/FilterBased_ChemSpecPM25_USPA.csv"",""export_sha256"":""8d1e40d2a272970c02d9d5acef313f6579d1e36161fcf30316a4ae5653600418"",""export_source_row"":3034,""source_row"":34338}]",True,False,,unresolved_upstream_competing_values
USPA,USPA-0133,[28203],"[""FTIR""]",[218],"[""Ambient local""]","[0.06, 0.8]","[{""export_file"":""\/Users\/ahmadjalil\/github\/aethmodular\/research\/filter_combine\/FilterBased_ChemSpecPM25_USPA.csv"",""export_sha256"":""8d1e40d2a272970c02d9d5acef313f6579d1e36161fcf30316a4ae5653600418"",""export_source_row"":3074,""source_row"":34395},{""export_file"":""\/Users\/ahmadjalil\/github\/aethmodular\/research\/filter_combine\/FilterBased_ChemSpecPM25_USPA.csv"",""export_sha256"":""8d1e40d2a272970c02d9d5acef313f6579d1e36161fcf30316a4ae5653600418"",""export_source_row"":3075,""source_row"":34396}]",True,False,,unresolved_upstream_competing_values
USPA,USPA-0134,[28203],"[""FTIR""]",[218],"[""Ambient local""]","[0.06, 0.59]","[{""export_file"":""\/Users\/ahmadjalil\/github\/aethmodular\/research\/filter_combine\/FilterBased_ChemSpecPM25_USPA.csv"",""export_sha256"":""8d1e40d2a272970c02d9d5acef313f6579d1e36161fcf30316a4ae5653600418"",""export_source_row"":3115,""source_row"":34453},{""export_file"":""\/Users\/ahmadjalil\/github\/aethmodular\/research\/filter_combine\/FilterBased_ChemSpecPM25_USPA.csv"",""export_sha256"":""8d1e40d2a272970c02d9d5acef313f6579d1e36161fcf30316a4ae5653600418"",""export_source_row"":3116,""source_row"":34454}]",True,False,,unresolved_upstream_competing_values
USPA,USPA-0136,[28203],"[""FTIR""]",[218],"[""Ambient local""]","[0.06, 0.57]","[{""export_file"":""\/Users\/ahmadjalil\/github\/aethmodular\/research\/filter_combine\/FilterBased_ChemSpecPM25_USPA.csv"",""export_sha256"":""8d1e40d2a272970c02d9d5acef313f6579d1e36161fcf30316a4ae5653600418"",""export_source_row"":3156,""source_row"":34525},{""export_file"":""\/Users\/ahmadjalil\/github\/aethmodular\/research\/filter_combine\/FilterBased_ChemSpecPM25_USPA.csv"",""export_sha256"":""8d1e40d2a272970c02d9d5acef313f6579d1e36161fcf30316a4ae5653600418"",""export_source_row"":3157,""source_row"":34526}]",True,False,,unresolved_upstream_competing_values
USPA,USPA-0137,[28203],"[""FTIR""]",[218],"[""Ambient local""]","[0.06, 0.59]","[{""export_file"":""\/Users\/ahmadjalil\/github\/aethmodular\/research\/filter_combine\/FilterBased_ChemSpecPM25_USPA.csv"",""export_sha256"":""8d1e40d2a272970c02d9d5acef313f6579d1e36161fcf30316a4ae5653600418"",""export_source_row"":3197,""source_row"":34583},{""export_file"":""\/Users\/ahmadjalil\/github\/aethmodular\/research\/filter_combine\/FilterBased_ChemSpecPM25_USPA.csv"",""export_sha256"":""8d1e40d2a272970c02d9d5acef313f6579d1e36161fcf30316a4ae5653600418"",""export_source_row"":3198,""source_row"":34584}]",True,False,,unresolved_upstream_competing_values
USPA,USPA-0138,[28203],"[""FTIR""]",[218],"[""Ambient local""]","[0.06, 0.5]","[{""export_file"":""\/Users\/ahmadjalil\/github\/aethmodular\/research\/filter_combine\/FilterBased_ChemSpecPM25_USPA.csv"",""export_sha256"":""8d1e40d2a272970c02d9d5acef313f6579d1e36161fcf30316a4ae5653600418"",""export_source_row"":3238,""source_row"":34641},{""export_file"":""\/Users\/ahmadjalil\/github\/aethmodular\/research\/filter_combine\/FilterBased_ChemSpecPM25_USPA.csv"",""export_sha256"":""8d1e40d2a272970c02d9d5acef313f6579d1e36161fcf30316a4ae5653600418"",""export_source_row"":3239,""source_row"":34642}]",True,False,,unresolved_upstream_competing_values
USPA,USPA-0139,[28203],"[""FTIR""]",[218],"[""Ambient local""]","[0.05, 0.64]","[{""export_file"":""\/Users\/ahmadjalil\/github\/aethmodular\/research\/filter_combine\/FilterBased_ChemSpecPM25_USPA.csv"",""export_sha256"":""8d1e40d2a272970c02d9d5acef313f6579d1e36161fcf30316a4ae5653600418"",""export_source_row"":3279,""source_row"":34699},{""export_file"":""\/Users\/ahmadjalil\/github\/aethmodular\/research\/filter_combine\/FilterBased_ChemSpecPM25_USPA.csv"",""export_sha256"":""8d1e40d2a272970c02d9d5acef313f6579d1e36161fcf30316a4ae5653600418"",""export_source_row"":3280,""source_row"":34700}]",True,False,,unresolved_upstream_competing_values
USPA,USPA-0140,[28203],"[""FTIR""]",[218],"[""Ambient local""]","[0.06, 0.47]","[{""export_file"":""\/Users\/ahmadjalil\/github\/aethmodular\/research\/filter_combine\/FilterBased_ChemSpecPM25_USPA.csv"",""export_sha256"":""8d1e40d2a272970c02d9d5acef313f6579d1e36161fcf30316a4ae5653600418"",""export_source_row"":3320,""source_row"":34757},{""export_file"":""\/Users\/ahmadjalil\/github\/aethmodular\/research\/filter_combine\/FilterBased_ChemSpecPM25_USPA.csv"",""export_sha256"":""8d1e40d2a272970c02d9d5acef313f6579d1e36161fcf30316a4ae5653600418"",""export_source_row"":3321,""source_row"":34758}]",True,False,,unresolved_upstream_competing_values
USPA,USPA-0141,[28203],"[""FTIR""]",[218],"[""Ambient local""]","[0.06, 0.6]","[{""export_file"":""\/Users\/ahmadjalil\/github\/aethmodular\/research\/filter_combine\/FilterBased_ChemSpecPM25_USPA.csv"",""export_sha256"":""8d1e40d2a272970c02d9d5acef313f6579d1e36161fcf30316a4ae5653600418"",""export_source_row"":3361,""source_row"":34815},{""export_file"":""\/Users\/ahmadjalil\/github\/aethmodular\/research\/filter_combine\/FilterBased_ChemSpecPM25_USPA.csv"",""export_sha256"":""8d1e40d2a272970c02d9d5acef313f6579d1e36161fcf30316a4ae5653600418"",""export_source_row"":3362,""source_row"":34816}]",True,False,,unresolved_upstream_competing_values
USPA,USPA-0142,[28203],"[""FTIR""]",[218],"[""Ambient local""]","[0.06, 0.54]","[{""export_file"":""\/Users\/ahmadjalil\/github\/aethmodular\/research\/filter_combine\/FilterBased_ChemSpecPM25_USPA.csv"",""export_sha256"":""8d1e40d2a272970c02d9d5acef313f6579d1e36161fcf30316a4ae5653600418"",""export_source_row"":3402,""source_row"":34873},{""export_file"":""\/Users\/ahmadjalil\/github\/aethmodular\/research\/filter_combine\/FilterBased_ChemSpecPM25_USPA.csv"",""export_sha256"":""8d1e40d2a272970c02d9d5acef313f6579d1e36161fcf30316a4ae5653600418"",""export_source_row"":3403,""source_row"":34874}]",True,False,,unresolved_upstream_competing_values
USPA,USPA-0144,[28203],"[""FTIR""]",[218],"[""Ambient local""]","[0.05, 0.74]","[{""export_file"":""\/Users\/ahmadjalil\/github\/aethmodular\/research\/filter_combine\/FilterBased_ChemSpecPM25_USPA.csv"",""export_sha256"":""8d1e40d2a272970c02d9d5acef313f6579d1e36161fcf30316a4ae5653600418"",""export_source_row"":3443,""source_row"":34945},{""export_file"":""\/Users\/ahmadjalil\/github\/aethmodular\/research\/filter_combine\/FilterBased_ChemSpecPM25_USPA.csv"",""export_sha256"":""8d1e40d2a272970c02d9d5acef313f6579d1e36161fcf30316a4ae5653600418"",""export_source_row"":3444,""source_row"":34946}]",True,False,,unresolved_upstream_competing_values
USPA,USPA-0145,[28203],"[""FTIR""]",[218],"[""Ambient local""]","[0.06, 0.61]","[{""export_file"":""\/Users\/ahmadjalil\/github\/aethmodular\/research\/filter_combine\/FilterBased_ChemSpecPM25_USPA.csv"",""export_sha256"":""8d1e40d2a272970c02d9d5acef313f6579d1e36161fcf30316a4ae5653600418"",""export_source_row"":3483,""source_row"":35002},{""export_file"":""\/Users\/ahmadjalil\/github\/aethmodular\/research\/filter_combine\/FilterBased_ChemSpecPM25_USPA.csv"",""export_sha256"":""8d1e40d2a272970c02d9d5acef313f6579d1e36161fcf30316a4ae5653600418"",""export_source_row"":3484,""source_row"":35003}]",True,False,,unresolved_upstream_competing_values
USPA,USPA-0146,[28203],"[""FTIR""]",[218],"[""Ambient local""]","[0.06, 0.48]","[{""export_file"":""\/Users\/ahmadjalil\/github\/aethmodular\/research\/filter_combine\/FilterBased_ChemSpecPM25_USPA.csv"",""export_sha256"":""8d1e40d2a272970c02d9d5acef313f6579d1e36161fcf30316a4ae5653600418"",""export_source_row"":3522,""source_row"":35059},{""export_file"":""\/Users\/ahmadjalil\/github\/aethmodular\/research\/filter_combine\/FilterBased_ChemSpecPM25_USPA.csv"",""export_sha256"":""8d1e40d2a272970c02d9d5acef313f6579d1e36161fcf30316a4ae5653600418"",""export_source_row"":3523,""source_row"":35060}]",True,False,,unresolved_upstream_competing_values
USPA,USPA-0147,[28203],"[""FTIR""]",[218],"[""Ambient local""]","[0.06, 0.37]","[{""export_file"":""\/Users\/ahmadjalil\/github\/aethmodular\/research\/filter_combine\/FilterBased_ChemSpecPM25_USPA.csv"",""export_sha256"":""8d1e40d2a272970c02d9d5acef313f6579d1e36161fcf30316a4ae5653600418"",""export_source_row"":3561,""source_row"":35115},{""export_file"":""\/Users\/ahmadjalil\/github\/aethmodular\/research\/filter_combine\/FilterBased_ChemSpecPM25_USPA.csv"",""export_sha256"":""8d1e40d2a272970c02d9d5acef313f6579d1e36161fcf30316a4ae5653600418"",""export_source_row"":3562,""source_row"":35116}]",True,False,,unresolved_upstream_competing_values
USPA,USPA-0148,[28203],"[""FTIR""]",[218],"[""Ambient local""]","[0.06, 0.28]","[{""export_file"":""\/Users\/ahmadjalil\/github\/aethmodular\/research\/filter_combine\/FilterBased_ChemSpecPM25_USPA.csv"",""export_sha256"":""8d1e40d2a272970c02d9d5acef313f6579d1e36161fcf30316a4ae5653600418"",""export_source_row"":3601,""source_row"":35171},{""export_file"":""\/Users\/ahmadjalil\/github\/aethmodular\/research\/filter_combine\/FilterBased_ChemSpecPM25_USPA.csv"",""export_sha256"":""8d1e40d2a272970c02d9d5acef313f6579d1e36161fcf30316a4ae5653600418"",""export_source_row"":3602,""source_row"":35172}]",True,False,,unresolved_upstream_competing_values
USPA,USPA-0149,[28203],"[""FTIR""]",[218],"[""Ambient local""]","[0.06, 0.26]","[{""export_file"":""\/Users\/ahmadjalil\/github\/aethmodular\/research\/filter_combine\/FilterBased_ChemSpecPM25_USPA.csv"",""export_sha256"":""8d1e40d2a272970c02d9d5acef313f6579d1e36161fcf30316a4ae5653600418"",""export_source_row"":3641,""source_row"":35229},{""export_file"":""\/Users\/ahmadjalil\/github\/aethmodular\/research\/filter_combine\/FilterBased_ChemSpecPM25_USPA.csv"",""export_sha256"":""8d1e40d2a272970c02d9d5acef313f6579d1e36161fcf30316a4ae5653600418"",""export_source_row"":3642,""source_row"":35230}]",True,False,,unresolved_upstream_competing_values
USPA,USPA-0150,[28203],"[""FTIR""]",[218],"[""Ambient local""]","[0.06, 0.37]","[{""export_file"":""\/Users\/ahmadjalil\/github\/aethmodular\/research\/filter_combine\/FilterBased_ChemSpecPM25_USPA.csv"",""export_sha256"":""8d1e40d2a272970c02d9d5acef313f6579d1e36161fcf30316a4ae5653600418"",""export_source_row"":3682,""source_row"":35286},{""export_file"":""\/Users\/ahmadjalil\/github\/aethmodular\/research\/filter_combine\/FilterBased_ChemSpecPM25_USPA.csv"",""export_sha256"":""8d1e40d2a272970c02d9d5acef313f6579d1e36161fcf30316a4ae5653600418"",""export_source_row"":3683,""source_row"":35287}]",True,False,,unresolved_upstream_competing_values
USPA,USPA-0152,[28203],"[""FTIR""]",[218],"[""Ambient local""]","[0.05, 0.21]","[{""export_file"":""\/Users\/ahmadjalil\/github\/aethmodular\/research\/filter_combine\/FilterBased_ChemSpecPM25_USPA.csv"",""export_sha256"":""8d1e40d2a272970c02d9d5acef313f6579d1e36161fcf30316a4ae5653600418"",""export_source_row"":3721,""source_row"":35357},{""export_file"":""\/Users\/ahmadjalil\/github\/aethmodular\/research\/filter_combine\/FilterBased_ChemSpecPM25_USPA.csv"",""export_sha256"":""8d1e40d2a272970c02d9d5acef313f6579d1e36161fcf30316a4ae5653600418"",""export_source_row"":3722,""source_row"":35358}]",True,False,,unresolved_upstream_competing_values
USPA,USPA-0153,[28203],"[""FTIR""]",[218],"[""Ambient local""]","[0.06, 0.38]","[{""export_file"":""\/Users\/ahmadjalil\/github\/aethmodular\/research\/filter_combine\/FilterBased_ChemSpecPM25_USPA.csv"",""export_sha256"":""8d1e40d2a272970c02d9d5acef313f6579d1e36161fcf30316a4ae5653600418"",""export_source_row"":3762,""source_row"":35414},{""export_file"":""\/Users\/ahmadjalil\/github\/aethmodular\/research\/filter_combine\/FilterBased_ChemSpecPM25_USPA.csv"",""export_sha256"":""8d1e40d2a272970c02d9d5acef313f6579d1e36161fcf30316a4ae5653600418"",""export_source_row"":3763,""source_row"":35415}]",True,False,,unresolved_upstream_competing_values
USPA,USPA-0154,[28203],"[""FTIR""]",[218],"[""Ambient local""]","[0.06, 0.53]","[{""export_file"":""\/Users\/ahmadjalil\/github\/aethmodular\/research\/filter_combine\/FilterBased_ChemSpecPM25_USPA.csv"",""export_sha256"":""8d1e40d2a272970c02d9d5acef313f6579d1e36161fcf30316a4ae5653600418"",""export_source_row"":3803,""source_row"":35472},{""export_file"":""\/Users\/ahmadjalil\/github\/aethmodular\/research\/filter_combine\/FilterBased_ChemSpecPM25_USPA.csv"",""export_sha256"":""8d1e40d2a272970c02d9d5acef313f6579d1e36161fcf30316a4ae5653600418"",""export_source_row"":3804,""source_row"":35473}]",True,False,,unresolved_upstream_competing_values
USPA,USPA-0155,[28203],"[""FTIR""]",[218],"[""Ambient local""]","[0.06, 0.8]","[{""export_file"":""\/Users\/ahmadjalil\/github\/aethmodular\/research\/filter_combine\/FilterBased_ChemSpecPM25_USPA.csv"",""export_sha256"":""8d1e40d2a272970c02d9d5acef313f6579d1e36161fcf30316a4ae5653600418"",""export_source_row"":3843,""source_row"":35530},{""export_file"":""\/Users\/ahmadjalil\/github\/aethmodular\/research\/filter_combine\/FilterBased_ChemSpecPM25_USPA.csv"",""export_sha256"":""8d1e40d2a272970c02d9d5acef313f6579d1e36161fcf30316a4ae5653600418"",""export_source_row"":3844,""source_row"":35531}]",True,False,,unresolved_upstream_competing_values
USPA,USPA-0156,[28203],"[""FTIR""]",[218],"[""Ambient local""]","[0.06, 0.43]","[{""export_file"":""\/Users\/ahmadjalil\/github\/aethmodular\/research\/filter_combine\/FilterBased_ChemSpecPM25_USPA.csv"",""export_sha256"":""8d1e40d2a272970c02d9d5acef313f6579d1e36161fcf30316a4ae5653600418"",""export_source_row"":3884,""source_row"":35588},{""export_file"":""\/Users\/ahmadjalil\/github\/aethmodular\/research\/filter_combine\/FilterBased_ChemSpecPM25_USPA.csv"",""export_sha256"":""8d1e40d2a272970c02d9d5acef313f6579d1e36161fcf30316a4ae5653600418"",""export_source_row"":3885,""source_row"":35589}]",True,False,,unresolved_upstream_competing_values
USPA,USPA-0157,[28203],"[""FTIR""]",[218],"[""Ambient local""]","[0.06, 0.9]","[{""export_file"":""\/Users\/ahmadjalil\/github\/aethmodular\/research\/filter_combine\/FilterBased_ChemSpecPM25_USPA.csv"",""export_sha256"":""8d1e40d2a272970c02d9d5acef313f6579d1e36161fcf30316a4ae5653600418"",""export_source_row"":3925,""source_row"":35645},{""export_file"":""\/Users\/ahmadjalil\/github\/aethmodular\/research\/filter_combine\/FilterBased_ChemSpecPM25_USPA.csv"",""export_sha256"":""8d1e40d2a272970c02d9d5acef313f6579d1e36161fcf30316a4ae5653600418"",""export_source_row"":3926,""source_row"":35646}]",True,False,,unresolved_upstream_competing_values
USPA,USPA-0158,[28203],"[""FTIR""]",[218],"[""Ambient local""]","[0.06, 1.02]","[{""export_file"":""\/Users\/ahmadjalil\/github\/aethmodular\/research\/filter_combine\/FilterBased_ChemSpecPM25_USPA.csv"",""export_sha256"":""8d1e40d2a272970c02d9d5acef313f6579d1e36161fcf30316a4ae5653600418"",""export_source_row"":3967,""source_row"":35704},{""export_file"":""\/Users\/ahmadjalil\/github\/aethmodular\/research\/filter_combine\/FilterBased_ChemSpecPM25_USPA.csv"",""export_sha256"":""8d1e40d2a272970c02d9d5acef313f6579d1e36161fcf30316a4ae5653600418"",""export_source_row"":3968,""source_row"":35705}]",True,False,,unresolved_upstream_competing_values
USPA,USPA-0160,[28203],"[""FTIR""]",[218],"[""Ambient local""]","[0.06, 0.6]","[{""export_file"":""\/Users\/ahmadjalil\/github\/aethmodular\/research\/filter_combine\/FilterBased_ChemSpecPM25_USPA.csv"",""export_sha256"":""8d1e40d2a272970c02d9d5acef313f6579d1e36161fcf30316a4ae5653600418"",""export_source_row"":4008,""source_row"":35777},{""export_file"":""\/Users\/ahmadjalil\/github\/aethmodular\/research\/filter_combine\/FilterBased_ChemSpecPM25_USPA.csv"",""export_sha256"":""8d1e40d2a272970c02d9d5acef313f6579d1e36161fcf30316a4ae5653600418"",""export_source_row"":4009,""source_row"":35778}]",True,False,,unresolved_upstream_competing_values
USPA,USPA-0161,[28203],"[""FTIR""]",[218],"[""Ambient local""]","[0.06, 0.59]","[{""export_file"":""\/Users\/ahmadjalil\/github\/aethmodular\/research\/filter_combine\/FilterBased_ChemSpecPM25_USPA.csv"",""export_sha256"":""8d1e40d2a272970c02d9d5acef313f6579d1e36161fcf30316a4ae5653600418"",""export_source_row"":4047,""source_row"":35834},{""export_file"":""\/Users\/ahmadjalil\/github\/aethmodular\/research\/filter_combine\/FilterBased_ChemSpecPM25_USPA.csv"",""export_sha256"":""8d1e40d2a272970c02d9d5acef313f6579d1e36161fcf30316a4ae5653600418"",""export_source_row"":4048,""source_row"":35835}]",True,False,,unresolved_upstream_competing_values
USPA,USPA-0162,[28203],"[""FTIR""]",[218],"[""Ambient local""]","[0.06, 0.42]","[{""export_file"":""\/Users\/ahmadjalil\/github\/aethmodular\/research\/filter_combine\/FilterBased_ChemSpecPM25_USPA.csv"",""export_sha256"":""8d1e40d2a272970c02d9d5acef313f6579d1e36161fcf30316a4ae5653600418"",""export_source_row"":4087,""source_row"":35881},{""export_file"":""\/Users\/ahmadjalil\/github\/aethmodular\/research\/filter_combine\/FilterBased_ChemSpecPM25_USPA.csv"",""export_sha256"":""8d1e40d2a272970c02d9d5acef313f6579d1e36161fcf30316a4ae5653600418"",""export_source_row"":4088,""source_row"":35882}]",True,False,,unresolved_upstream_competing_values
USPA,USPA-0163,[28203],"[""FTIR""]",[218],"[""Ambient local""]","[0.06, 0.54]","[{""export_file"":""\/Users\/ahmadjalil\/github\/aethmodular\/research\/filter_combine\/FilterBased_ChemSpecPM25_USPA.csv"",""export_sha256"":""8d1e40d2a272970c02d9d5acef313f6579d1e36161fcf30316a4ae5653600418"",""export_source_row"":4127,""source_row"":35929},{""export_file"":""\/Users\/ahmadjalil\/github\/aethmodular\/research\/filter_combine\/FilterBased_ChemSpecPM25_USPA.csv"",""export_sha256"":""8d1e40d2a272970c02d9d5acef313f6579d1e36161fcf30316a4ae5653600418"",""export_source_row"":4128,""source_row"":35930}]",True,False,,unresolved_upstream_competing_values
USPA,USPA-0164,[28203],"[""FTIR""]",[218],"[""Ambient local""]","[0.06, 0.36]","[{""export_file"":""\/Users\/ahmadjalil\/github\/aethmodular\/research\/filter_combine\/FilterBased_ChemSpecPM25_USPA.csv"",""export_sha256"":""8d1e40d2a272970c02d9d5acef313f6579d1e36161fcf30316a4ae5653600418"",""export_source_row"":4168,""source_row"":35978},{""export_file"":""\/Users\/ahmadjalil\/github\/aethmodular\/research\/filter_combine\/FilterBased_ChemSpecPM25_USPA.csv"",""export_sha256"":""8d1e40d2a272970c02d9d5acef313f6579d1e36161fcf30316a4ae5653600418"",""export_source_row"":4169,""source_row"":35979}]",True,False,,unresolved_upstream_competing_values
USPA,USPA-0165,[28203],"[""FTIR""]",[218],"[""Ambient local""]","[0.06, 0.47]","[{""export_file"":""\/Users\/ahmadjalil\/github\/aethmodular\/research\/filter_combine\/FilterBased_ChemSpecPM25_USPA.csv"",""export_sha256"":""8d1e40d2a272970c02d9d5acef313f6579d1e36161fcf30316a4ae5653600418"",""export_source_row"":4209,""source_row"":36027},{""export_file"":""\/Users\/ahmadjalil\/github\/aethmodular\/research\/filter_combine\/FilterBased_ChemSpecPM25_USPA.csv"",""export_sha256"":""8d1e40d2a272970c02d9d5acef313f6579d1e36161fcf30316a4ae5653600418"",""export_source_row"":4210,""source_row"":36028}]",True,False,,unresolved_upstream_competing_values
USPA,USPA-0166,[28203],"[""FTIR""]",[218],"[""Ambient local""]","[0.06, 0.49]","[{""export_file"":""\/Users\/ahmadjalil\/github\/aethmodular\/research\/filter_combine\/FilterBased_ChemSpecPM25_USPA.csv"",""export_sha256"":""8d1e40d2a272970c02d9d5acef313f6579d1e36161fcf30316a4ae5653600418"",""export_source_row"":4250,""source_row"":36076},{""export_file"":""\/Users\/ahmadjalil\/github\/aethmodular\/research\/filter_combine\/FilterBased_ChemSpecPM25_USPA.csv"",""export_sha256"":""8d1e40d2a272970c02d9d5acef313f6579d1e36161fcf30316a4ae5653600418"",""export_source_row"":4251,""source_row"":36077}]",True,False,,unresolved_upstream_competing_values
USPA,USPA-0168,[28203],"[""FTIR""]",[218],"[""Ambient local""]","[0.06, 0.41]","[{""export_file"":""\/Users\/ahmadjalil\/github\/aethmodular\/research\/filter_combine\/FilterBased_ChemSpecPM25_USPA.csv"",""export_sha256"":""8d1e40d2a272970c02d9d5acef313f6579d1e36161fcf30316a4ae5653600418"",""export_source_row"":4291,""source_row"":36132},{""export_file"":""\/Users\/ahmadjalil\/github\/aethmodular\/research\/filter_combine\/FilterBased_ChemSpecPM25_USPA.csv"",""export_sha256"":""8d1e40d2a272970c02d9d5acef313f6579d1e36161fcf30316a4ae5653600418"",""export_source_row"":4292,""source_row"":36133}]",True,False,,unresolved_upstream_competing_values
USPA,USPA-0169,[28203],"[""FTIR""]",[218],"[""Ambient local""]","[0.06, 0.32]","[{""export_file"":""\/Users\/ahmadjalil\/github\/aethmodular\/research\/filter_combine\/FilterBased_ChemSpecPM25_USPA.csv"",""export_sha256"":""8d1e40d2a272970c02d9d5acef313f6579d1e36161fcf30316a4ae5653600418"",""export_source_row"":4332,""source_row"":36181},{""export_file"":""\/Users\/ahmadjalil\/github\/aethmodular\/research\/filter_combine\/FilterBased_ChemSpecPM25_USPA.csv"",""export_sha256"":""8d1e40d2a272970c02d9d5acef313f6579d1e36161fcf30316a4ae5653600418"",""export_source_row"":4333,""source_row"":36182}]",True,False,,unresolved_upstream_competing_values
USPA,USPA-0170,[28203],"[""FTIR""]",[218],"[""Ambient local""]","[0.06, 0.18]","[{""export_file"":""\/Users\/ahmadjalil\/github\/aethmodular\/research\/filter_combine\/FilterBased_ChemSpecPM25_USPA.csv"",""export_sha256"":""8d1e40d2a272970c02d9d5acef313f6579d1e36161fcf30316a4ae5653600418"",""export_source_row"":4372,""source_row"":36229},{""export_file"":""\/Users\/ahmadjalil\/github\/aethmodular\/research\/filter_combine\/FilterBased_ChemSpecPM25_USPA.csv"",""export_sha256"":""8d1e40d2a272970c02d9d5acef313f6579d1e36161fcf30316a4ae5653600418"",""export_source_row"":4373,""source_row"":36230}]",True,False,,unresolved_upstream_competing_values
USPA,USPA-0171,[28203],"[""FTIR""]",[218],"[""Ambient local""]","[0.06, 0.2]","[{""export_file"":""\/Users\/ahmadjalil\/github\/aethmodular\/research\/filter_combine\/FilterBased_ChemSpecPM25_USPA.csv"",""export_sha256"":""8d1e40d2a272970c02d9d5acef313f6579d1e36161fcf30316a4ae5653600418"",""export_source_row"":4412,""source_row"":36277},{""export_file"":""\/Users\/ahmadjalil\/github\/aethmodular\/research\/filter_combine\/FilterBased_ChemSpecPM25_USPA.csv"",""export_sha256"":""8d1e40d2a272970c02d9d5acef313f6579d1e36161fcf30316a4ae5653600418"",""export_source_row"":4413,""source_row"":36278}]",True,False,,unresolved_upstream_competing_values
USPA,USPA-0172,[28203],"[""FTIR""]",[218],"[""Ambient local""]","[0.06, 0.26]","[{""export_file"":""\/Users\/ahmadjalil\/github\/aethmodular\/research\/filter_combine\/FilterBased_ChemSpecPM25_USPA.csv"",""export_sha256"":""8d1e40d2a272970c02d9d5acef313f6579d1e36161fcf30316a4ae5653600418"",""export_source_row"":4453,""source_row"":36327},{""export_file"":""\/Users\/ahmadjalil\/github\/aethmodular\/research\/filter_combine\/FilterBased_ChemSpecPM25_USPA.csv"",""export_sha256"":""8d1e40d2a272970c02d9d5acef313f6579d1e36161fcf30316a4ae5653600418"",""export_source_row"":4454,""source_row"":36328}]",True,False,,unresolved_upstream_competing_values
USPA,USPA-0173,[28203],"[""FTIR""]",[218],"[""Ambient local""]","[0.06, 0.36]","[{""export_file"":""\/Users\/ahmadjalil\/github\/aethmodular\/research\/filter_combine\/FilterBased_ChemSpecPM25_USPA.csv"",""export_sha256"":""8d1e40d2a272970c02d9d5acef313f6579d1e36161fcf30316a4ae5653600418"",""export_source_row"":4494,""source_row"":36375},{""export_file"":""\/Users\/ahmadjalil\/github\/aethmodular\/research\/filter_combine\/FilterBased_ChemSpecPM25_USPA.csv"",""export_sha256"":""8d1e40d2a272970c02d9d5acef313f6579d1e36161fcf30316a4ae5653600418"",""export_source_row"":4495,""source_row"":36376}]",True,False,,unresolved_upstream_competing_values
USPA,USPA-0174,[28203],"[""FTIR""]",[218],"[""Ambient local""]","[0.06, 0.13]","[{""export_file"":""\/Users\/ahmadjalil\/github\/aethmodular\/research\/filter_combine\/FilterBased_ChemSpecPM25_USPA.csv"",""export_sha256"":""8d1e40d2a272970c02d9d5acef313f6579d1e36161fcf30316a4ae5653600418"",""export_source_row"":4534,""source_row"":36424},{""export_file"":""\/Users\/ahmadjalil\/github\/aethmodular\/research\/filter_combine\/FilterBased_ChemSpecPM25_USPA.csv"",""export_sha256"":""8d1e40d2a272970c02d9d5acef313f6579d1e36161fcf30316a4ae5653600418"",""export_source_row"":4535,""source_row"":36425}]",True,False,,unresolved_upstream_competing_values
USPA,USPA-0176,[28203],"[""FTIR""]",[218],"[""Ambient local""]","[0.06, 0.37]","[{""export_file"":""\/Users\/ahmadjalil\/github\/aethmodular\/research\/filter_combine\/FilterBased_ChemSpecPM25_USPA.csv"",""export_sha256"":""8d1e40d2a272970c02d9d5acef313f6579d1e36161fcf30316a4ae5653600418"",""export_source_row"":4575,""source_row"":36479},{""export_file"":""\/Users\/ahmadjalil\/github\/aethmodular\/research\/filter_combine\/FilterBased_ChemSpecPM25_USPA.csv"",""export_sha256"":""8d1e40d2a272970c02d9d5acef313f6579d1e36161fcf30316a4ae5653600418"",""export_source_row"":4576,""source_row"":36480}]",True,False,,unresolved_upstream_competing_values
USPA,USPA-0177,[28203],"[""FTIR""]",[218],"[""Ambient local""]","[0.06, 0.22]","[{""export_file"":""\/Users\/ahmadjalil\/github\/aethmodular\/research\/filter_combine\/FilterBased_ChemSpecPM25_USPA.csv"",""export_sha256"":""8d1e40d2a272970c02d9d5acef313f6579d1e36161fcf30316a4ae5653600418"",""export_source_row"":4616,""source_row"":36528},{""export_file"":""\/Users\/ahmadjalil\/github\/aethmodular\/research\/filter_combine\/FilterBased_ChemSpecPM25_USPA.csv"",""export_sha256"":""8d1e40d2a272970c02d9d5acef313f6579d1e36161fcf30316a4ae5653600418"",""export_source_row"":4617,""source_row"":36529}]",True,False,,unresolved_upstream_competing_values
USPA,USPA-0178,[28203],"[""FTIR""]",[218],"[""Ambient local""]","[0.06, 0.4]","[{""export_file"":""\/Users\/ahmadjalil\/github\/aethmodular\/research\/filter_combine\/FilterBased_ChemSpecPM25_USPA.csv"",""export_sha256"":""8d1e40d2a272970c02d9d5acef313f6579d1e36161fcf30316a4ae5653600418"",""export_source_row"":4657,""source_row"":36577},{""export_file"":""\/Users\/ahmadjalil\/github\/aethmodular\/research\/filter_combine\/FilterBased_ChemSpecPM25_USPA.csv"",""export_sha256"":""8d1e40d2a272970c02d9d5acef313f6579d1e36161fcf30316a4ae5653600418"",""export_source_row"":4658,""source_row"":36578}]",True,False,,unresolved_upstream_competing_values
USPA,USPA-0179,[28203],"[""FTIR""]",[218],"[""Ambient local""]","[0.06, 0.17]","[{""export_file"":""\/Users\/ahmadjalil\/github\/aethmodular\/research\/filter_combine\/FilterBased_ChemSpecPM25_USPA.csv"",""export_sha256"":""8d1e40d2a272970c02d9d5acef313f6579d1e36161fcf30316a4ae5653600418"",""export_source_row"":4698,""source_row"":36626},{""export_file"":""\/Users\/ahmadjalil\/github\/aethmodular\/research\/filter_combine\/FilterBased_ChemSpecPM25_USPA.csv"",""export_sha256"":""8d1e40d2a272970c02d9d5acef313f6579d1e36161fcf30316a4ae5653600418"",""export_source_row"":4699,""source_row"":36627}]",True,False,,unresolved_upstream_competing_values
USPA,USPA-0180,[28203],"[""FTIR""]",[218],"[""Ambient local""]","[0.06, 0.51]","[{""export_file"":""\/Users\/ahmadjalil\/github\/aethmodular\/research\/filter_combine\/FilterBased_ChemSpecPM25_USPA.csv"",""export_sha256"":""8d1e40d2a272970c02d9d5acef313f6579d1e36161fcf30316a4ae5653600418"",""export_source_row"":4739,""source_row"":36675},{""export_file"":""\/Users\/ahmadjalil\/github\/aethmodular\/research\/filter_combine\/FilterBased_ChemSpecPM25_USPA.csv"",""export_sha256"":""8d1e40d2a272970c02d9d5acef313f6579d1e36161fcf30316a4ae5653600418"",""export_source_row"":4740,""source_row"":36676}]",True,False,,unresolved_upstream_competing_values
USPA,USPA-0181,[28203],"[""FTIR""]",[218],"[""Ambient local""]","[0.06, 0.25]","[{""export_file"":""\/Users\/ahmadjalil\/github\/aethmodular\/research\/filter_combine\/FilterBased_ChemSpecPM25_USPA.csv"",""export_sha256"":""8d1e40d2a272970c02d9d5acef313f6579d1e36161fcf30316a4ae5653600418"",""export_source_row"":4780,""source_row"":36724},{""export_file"":""\/Users\/ahmadjalil\/github\/aethmodular\/research\/filter_combine\/FilterBased_ChemSpecPM25_USPA.csv"",""export_sha256"":""8d1e40d2a272970c02d9d5acef313f6579d1e36161fcf30316a4ae5653600418"",""export_source_row"":4781,""source_row"":36725}]",True,False,,unresolved_upstream_competing_values
USPA,USPA-0182,[28203],"[""FTIR""]",[218],"[""Ambient local""]","[0.06, 0.28]","[{""export_file"":""\/Users\/ahmadjalil\/github\/aethmodular\/research\/filter_combine\/FilterBased_ChemSpecPM25_USPA.csv"",""export_sha256"":""8d1e40d2a272970c02d9d5acef313f6579d1e36161fcf30316a4ae5653600418"",""export_source_row"":4820,""source_row"":36773},{""export_file"":""\/Users\/ahmadjalil\/github\/aethmodular\/research\/filter_combine\/FilterBased_ChemSpecPM25_USPA.csv"",""export_sha256"":""8d1e40d2a272970c02d9d5acef313f6579d1e36161fcf30316a4ae5653600418"",""export_source_row"":4821,""source_row"":36774}]",True,False,,unresolved_upstream_competing_values
USPA,USPA-0184,[28203],"[""FTIR""]",[218],"[""Ambient local""]","[0.06, 0.55]","[{""export_file"":""\/Users\/ahmadjalil\/github\/aethmodular\/research\/filter_combine\/FilterBased_ChemSpecPM25_USPA.csv"",""export_sha256"":""8d1e40d2a272970c02d9d5acef313f6579d1e36161fcf30316a4ae5653600418"",""export_source_row"":4861,""source_row"":36828},{""export_file"":""\/Users\/ahmadjalil\/github\/aethmodular\/research\/filter_combine\/FilterBased_ChemSpecPM25_USPA.csv"",""export_sha256"":""8d1e40d2a272970c02d9d5acef313f6579d1e36161fcf30316a4ae5653600418"",""export_source_row"":4862,""source_row"":36829}]",True,False,,unresolved_upstream_competing_values
USPA,USPA-0185,[28203],"[""FTIR""]",[218],"[""Ambient local""]","[0.06, 0.18]","[{""export_file"":""\/Users\/ahmadjalil\/github\/aethmodular\/research\/filter_combine\/FilterBased_ChemSpecPM25_USPA.csv"",""export_sha256"":""8d1e40d2a272970c02d9d5acef313f6579d1e36161fcf30316a4ae5653600418"",""export_source_row"":4901,""source_row"":36877},{""export_file"":""\/Users\/ahmadjalil\/github\/aethmodular\/research\/filter_combine\/FilterBased_ChemSpecPM25_USPA.csv"",""export_sha256"":""8d1e40d2a272970c02d9d5acef313f6579d1e36161fcf30316a4ae5653600418"",""export_source_row"":4902,""source_row"":36878}]",True,False,,unresolved_upstream_competing_values
USPA,USPA-0186,[28203],"[""FTIR""]",[218],"[""Ambient local""]","[0.06, 0.18]","[{""export_file"":""\/Users\/ahmadjalil\/github\/aethmodular\/research\/filter_combine\/FilterBased_ChemSpecPM25_USPA.csv"",""export_sha256"":""8d1e40d2a272970c02d9d5acef313f6579d1e36161fcf30316a4ae5653600418"",""export_source_row"":4942,""source_row"":36925},{""export_file"":""\/Users\/ahmadjalil\/github\/aethmodular\/research\/filter_combine\/FilterBased_ChemSpecPM25_USPA.csv"",""export_sha256"":""8d1e40d2a272970c02d9d5acef313f6579d1e36161fcf30316a4ae5653600418"",""export_source_row"":4943,""source_row"":36926}]",True,False,,unresolved_upstream_competing_values
USPA,USPA-0187,[28203],"[""FTIR""]",[218],"[""Ambient local""]","[0.06, 0.29]","[{""export_file"":""\/Users\/ahmadjalil\/github\/aethmodular\/research\/filter_combine\/FilterBased_ChemSpecPM25_USPA.csv"",""export_sha256"":""8d1e40d2a272970c02d9d5acef313f6579d1e36161fcf30316a4ae5653600418"",""export_source_row"":4983,""source_row"":36974},{""export_file"":""\/Users\/ahmadjalil\/github\/aethmodular\/research\/filter_combine\/FilterBased_ChemSpecPM25_USPA.csv"",""export_sha256"":""8d1e40d2a272970c02d9d5acef313f6579d1e36161fcf30316a4ae5653600418"",""export_source_row"":4984,""source_row"":36975}]",True,False,,unresolved_upstream_competing_values
USPA,USPA-0188,[28203],"[""FTIR""]",[218],"[""Ambient local""]","[0.06, 0.09]","[{""export_file"":""\/Users\/ahmadjalil\/github\/aethmodular\/research\/filter_combine\/FilterBased_ChemSpecPM25_USPA.csv"",""export_sha256"":""8d1e40d2a272970c02d9d5acef313f6579d1e36161fcf30316a4ae5653600418"",""export_source_row"":5024,""source_row"":37023},{""export_file"":""\/Users\/ahmadjalil\/github\/aethmodular\/research\/filter_combine\/FilterBased_ChemSpecPM25_USPA.csv"",""export_sha256"":""8d1e40d2a272970c02d9d5acef313f6579d1e36161fcf30316a4ae5653600418"",""export_source_row"":5025,""source_row"":37024}]",True,False,,unresolved_upstream_competing_values
USPA,USPA-0189,[28203],"[""FTIR""]",[218],"[""Ambient local""]","[0.06, 0.13]","[{""export_file"":""\/Users\/ahmadjalil\/github\/aethmodular\/research\/filter_combine\/FilterBased_ChemSpecPM25_USPA.csv"",""export_sha256"":""8d1e40d2a272970c02d9d5acef313f6579d1e36161fcf30316a4ae5653600418"",""export_source_row"":5064,""source_row"":37072},{""export_file"":""\/Users\/ahmadjalil\/github\/aethmodular\/research\/filter_combine\/FilterBased_ChemSpecPM25_USPA.csv"",""export_sha256"":""8d1e40d2a272970c02d9d5acef313f6579d1e36161fcf30316a4ae5653600418"",""export_source_row"":5065,""source_row"":37073}]",True,False,,unresolved_upstream_competing_values
USPA,USPA-0190,[28203],"[""FTIR""]",[218],"[""Ambient local""]","[0.06, 0.12]","[{""export_file"":""\/Users\/ahmadjalil\/github\/aethmodular\/research\/filter_combine\/FilterBased_ChemSpecPM25_USPA.csv"",""export_sha256"":""8d1e40d2a272970c02d9d5acef313f6579d1e36161fcf30316a4ae5653600418"",""export_source_row"":5105,""source_row"":37120},{""export_file"":""\/Users\/ahmadjalil\/github\/aethmodular\/research\/filter_combine\/FilterBased_ChemSpecPM25_USPA.csv"",""export_sha256"":""8d1e40d2a272970c02d9d5acef313f6579d1e36161fcf30316a4ae5653600418"",""export_source_row"":5106,""source_row"":37121}]",True,False,,unresolved_upstream_competing_values
USPA,USPA-0192,[28203],"[""FTIR""]",[218],"[""Ambient local""]","[-0.04, 0.06]","[{""export_file"":""\/Users\/ahmadjalil\/github\/aethmodular\/research\/filter_combine\/FilterBased_ChemSpecPM25_USPA.csv"",""export_sha256"":""8d1e40d2a272970c02d9d5acef313f6579d1e36161fcf30316a4ae5653600418"",""export_source_row"":5145,""source_row"":37175},{""export_file"":""\/Users\/ahmadjalil\/github\/aethmodular\/research\/filter_combine\/FilterBased_ChemSpecPM25_USPA.csv"",""export_sha256"":""8d1e40d2a272970c02d9d5acef313f6579d1e36161fcf30316a4ae5653600418"",""export_source_row"":5146,""source_row"":37176}]",True,False,,unresolved_upstream_competing_values
USPA,USPA-0209,[28203],"[""FTIR""]",[218],"[""Ambient local""]","[0.07, 0.28]","[{""export_file"":""\/Users\/ahmadjalil\/github\/aethmodular\/research\/filter_combine\/FilterBased_ChemSpecPM25_USPA.csv"",""export_sha256"":""8d1e40d2a272970c02d9d5acef313f6579d1e36161fcf30316a4ae5653600418"",""export_source_row"":5687,""source_row"":37991},{""export_file"":""\/Users\/ahmadjalil\/github\/aethmodular\/research\/filter_combine\/FilterBased_ChemSpecPM25_USPA.csv"",""export_sha256"":""8d1e40d2a272970c02d9d5acef313f6579d1e36161fcf30316a4ae5653600418"",""export_source_row"":5688,""source_row"":37992}]",True,False,,unresolved_upstream_competing_values
USPA,USPA-0210,[28203],"[""FTIR""]",[218],"[""Ambient local""]","[0.07, 0.48]","[{""export_file"":""\/Users\/ahmadjalil\/github\/aethmodular\/research\/filter_combine\/FilterBased_ChemSpecPM25_USPA.csv"",""export_sha256"":""8d1e40d2a272970c02d9d5acef313f6579d1e36161fcf30316a4ae5653600418"",""export_source_row"":5728,""source_row"":38049},{""export_file"":""\/Users\/ahmadjalil\/github\/aethmodular\/research\/filter_combine\/FilterBased_ChemSpecPM25_USPA.csv"",""export_sha256"":""8d1e40d2a272970c02d9d5acef313f6579d1e36161fcf30316a4ae5653600418"",""export_source_row"":5729,""source_row"":38050}]",True,False,,unresolved_upstream_competing_values
USPA,USPA-0212,[28203],"[""FTIR""]",[218],"[""Ambient local""]","[0.07, 0.53]","[{""export_file"":""\/Users\/ahmadjalil\/github\/aethmodular\/research\/filter_combine\/FilterBased_ChemSpecPM25_USPA.csv"",""export_sha256"":""8d1e40d2a272970c02d9d5acef313f6579d1e36161fcf30316a4ae5653600418"",""export_source_row"":5769,""source_row"":38124},{""export_file"":""\/Users\/ahmadjalil\/github\/aethmodular\/research\/filter_combine\/FilterBased_ChemSpecPM25_USPA.csv"",""export_sha256"":""8d1e40d2a272970c02d9d5acef313f6579d1e36161fcf30316a4ae5653600418"",""export_source_row"":5770,""source_row"":38125}]",True,False,,unresolved_upstream_competing_values
USPA,USPA-0213,[28203],"[""FTIR""]",[218],"[""Ambient local""]","[0.07, 0.42]","[{""export_file"":""\/Users\/ahmadjalil\/github\/aethmodular\/research\/filter_combine\/FilterBased_ChemSpecPM25_USPA.csv"",""export_sha256"":""8d1e40d2a272970c02d9d5acef313f6579d1e36161fcf30316a4ae5653600418"",""export_source_row"":5810,""source_row"":38182},{""export_file"":""\/Users\/ahmadjalil\/github\/aethmodular\/research\/filter_combine\/FilterBased_ChemSpecPM25_USPA.csv"",""export_sha256"":""8d1e40d2a272970c02d9d5acef313f6579d1e36161fcf30316a4ae5653600418"",""export_source_row"":5811,""source_row"":38183}]",True,False,,unresolved_upstream_competing_values
USPA,USPA-0216,[28203],"[""FTIR""]",[218],"[""Ambient local""]","[0.07, 0.48]","[{""export_file"":""\/Users\/ahmadjalil\/github\/aethmodular\/research\/filter_combine\/FilterBased_ChemSpecPM25_USPA.csv"",""export_sha256"":""8d1e40d2a272970c02d9d5acef313f6579d1e36161fcf30316a4ae5653600418"",""export_source_row"":5850,""source_row"":38271},{""export_file"":""\/Users\/ahmadjalil\/github\/aethmodular\/research\/filter_combine\/FilterBased_ChemSpecPM25_USPA.csv"",""export_sha256"":""8d1e40d2a272970c02d9d5acef313f6579d1e36161fcf30316a4ae5653600418"",""export_source_row"":5851,""source_row"":38272}]",True,False,,unresolved_upstream_competing_values
USPA,USPA-0217,[28203],"[""FTIR""]",[218],"[""Ambient local""]","[0.07, 0.54]","[{""export_file"":""\/Users\/ahmadjalil\/github\/aethmodular\/research\/filter_combine\/FilterBased_ChemSpecPM25_USPA.csv"",""export_sha256"":""8d1e40d2a272970c02d9d5acef313f6579d1e36161fcf30316a4ae5653600418"",""export_source_row"":5883,""source_row"":38326},{""export_file"":""\/Users\/ahmadjalil\/github\/aethmodular\/research\/filter_combine\/FilterBased_ChemSpecPM25_USPA.csv"",""export_sha256"":""8d1e40d2a272970c02d9d5acef313f6579d1e36161fcf30316a4ae5653600418"",""export_source_row"":5884,""source_row"":38327}]",True,False,,unresolved_upstream_competing_values
USPA,USPA-0218,[28203],"[""FTIR""]",[218],"[""Ambient local""]","[0.07, 0.43]","[{""export_file"":""\/Users\/ahmadjalil\/github\/aethmodular\/research\/filter_combine\/FilterBased_ChemSpecPM25_USPA.csv"",""export_sha256"":""8d1e40d2a272970c02d9d5acef313f6579d1e36161fcf30316a4ae5653600418"",""export_source_row"":5916,""source_row"":38376},{""export_file"":""\/Users\/ahmadjalil\/github\/aethmodular\/research\/filter_combine\/FilterBased_ChemSpecPM25_USPA.csv"",""export_sha256"":""8d1e40d2a272970c02d9d5acef313f6579d1e36161fcf30316a4ae5653600418"",""export_source_row"":5917,""source_row"":38377}]",True,False,,unresolved_upstream_competing_values
USPA,USPA-0219,[28203],"[""FTIR""]",[218],"[""Ambient local""]","[0.07, 0.3]","[{""export_file"":""\/Users\/ahmadjalil\/github\/aethmodular\/research\/filter_combine\/FilterBased_ChemSpecPM25_USPA.csv"",""export_sha256"":""8d1e40d2a272970c02d9d5acef313f6579d1e36161fcf30316a4ae5653600418"",""export_source_row"":5949,""source_row"":38426},{""export_file"":""\/Users\/ahmadjalil\/github\/aethmodular\/research\/filter_combine\/FilterBased_ChemSpecPM25_USPA.csv"",""export_sha256"":""8d1e40d2a272970c02d9d5acef313f6579d1e36161fcf30316a4ae5653600418"",""export_source_row"":5950,""source_row"":38427}]",True,False,,unresolved_upstream_competing_values
USPA,USPA-0220,[28203],"[""FTIR""]",[218],"[""Ambient local""]","[0.07, 0.28]","[{""export_file"":""\/Users\/ahmadjalil\/github\/aethmodular\/research\/filter_combine\/FilterBased_ChemSpecPM25_USPA.csv"",""export_sha256"":""8d1e40d2a272970c02d9d5acef313f6579d1e36161fcf30316a4ae5653600418"",""export_source_row"":5982,""source_row"":38476},{""export_file"":""\/Users\/ahmadjalil\/github\/aethmodular\/research\/filter_combine\/FilterBased_ChemSpecPM25_USPA.csv"",""export_sha256"":""8d1e40d2a272970c02d9d5acef313f6579d1e36161fcf30316a4ae5653600418"",""export_source_row"":5983,""source_row"":38477}]",True,False,,unresolved_upstream_competing_values
USPA,USPA-0221,[28203],"[""FTIR""]",[218],"[""Ambient local""]","[0.07, 0.37]","[{""export_file"":""\/Users\/ahmadjalil\/github\/aethmodular\/research\/filter_combine\/FilterBased_ChemSpecPM25_USPA.csv"",""export_sha256"":""8d1e40d2a272970c02d9d5acef313f6579d1e36161fcf30316a4ae5653600418"",""export_source_row"":6015,""source_row"":38526},{""export_file"":""\/Users\/ahmadjalil\/github\/aethmodular\/research\/filter_combine\/FilterBased_ChemSpecPM25_USPA.csv"",""export_sha256"":""8d1e40d2a272970c02d9d5acef313f6579d1e36161fcf30316a4ae5653600418"",""export_source_row"":6016,""source_row"":38527}]",True,False,,unresolved_upstream_competing_values
USPA,USPA-0222,[28203],"[""FTIR""]",[218],"[""Ambient local""]","[0.07, 0.36]","[{""export_file"":""\/Users\/ahmadjalil\/github\/aethmodular\/research\/filter_combine\/FilterBased_ChemSpecPM25_USPA.csv"",""export_sha256"":""8d1e40d2a272970c02d9d5acef313f6579d1e36161fcf30316a4ae5653600418"",""export_source_row"":6048,""source_row"":38576},{""export_file"":""\/Users\/ahmadjalil\/github\/aethmodular\/research\/filter_combine\/FilterBased_ChemSpecPM25_USPA.csv"",""export_sha256"":""8d1e40d2a272970c02d9d5acef313f6579d1e36161fcf30316a4ae5653600418"",""export_source_row"":6049,""source_row"":38577}]",True,False,,unresolved_upstream_competing_values
USPA,USPA-0224,[28203],"[""FTIR""]",[218],"[""Ambient local""]","[0.07, 0.14]","[{""export_file"":""\/Users\/ahmadjalil\/github\/aethmodular\/research\/filter_combine\/FilterBased_ChemSpecPM25_USPA.csv"",""export_sha256"":""8d1e40d2a272970c02d9d5acef313f6579d1e36161fcf30316a4ae5653600418"",""export_source_row"":6081,""source_row"":38640},{""export_file"":""\/Users\/ahmadjalil\/github\/aethmodular\/research\/filter_combine\/FilterBased_ChemSpecPM25_USPA.csv"",""export_sha256"":""8d1e40d2a272970c02d9d5acef313f6579d1e36161fcf30316a4ae5653600418"",""export_source_row"":6082,""source_row"":38641}]",True,False,,unresolved_upstream_competing_values
USPA,USPA-0225,[28203],"[""FTIR""]",[218],"[""Ambient local""]","[0.06, 0.6]","[{""export_file"":""\/Users\/ahmadjalil\/github\/aethmodular\/research\/filter_combine\/FilterBased_ChemSpecPM25_USPA.csv"",""export_sha256"":""8d1e40d2a272970c02d9d5acef313f6579d1e36161fcf30316a4ae5653600418"",""export_source_row"":6114,""source_row"":38690},{""export_file"":""\/Users\/ahmadjalil\/github\/aethmodular\/research\/filter_combine\/FilterBased_ChemSpecPM25_USPA.csv"",""export_sha256"":""8d1e40d2a272970c02d9d5acef313f6579d1e36161fcf30316a4ae5653600418"",""export_source_row"":6115,""source_row"":38691}]",True,False,,unresolved_upstream_competing_values
USPA,USPA-0226,[28203],"[""FTIR""]",[218],"[""Ambient local""]","[0.06, 0.94]","[{""export_file"":""\/Users\/ahmadjalil\/github\/aethmodular\/research\/filter_combine\/FilterBased_ChemSpecPM25_USPA.csv"",""export_sha256"":""8d1e40d2a272970c02d9d5acef313f6579d1e36161fcf30316a4ae5653600418"",""export_source_row"":6147,""source_row"":38740},{""export_file"":""\/Users\/ahmadjalil\/github\/aethmodular\/research\/filter_combine\/FilterBased_ChemSpecPM25_USPA.csv"",""export_sha256"":""8d1e40d2a272970c02d9d5acef313f6579d1e36161fcf30316a4ae5653600418"",""export_source_row"":6148,""source_row"":38741}]",True,False,,unresolved_upstream_competing_values
USPA,USPA-0227,[28203],"[""FTIR""]",[218],"[""Ambient local""]","[0.06, 0.35]","[{""export_file"":""\/Users\/ahmadjalil\/github\/aethmodular\/research\/filter_combine\/FilterBased_ChemSpecPM25_USPA.csv"",""export_sha256"":""8d1e40d2a272970c02d9d5acef313f6579d1e36161fcf30316a4ae5653600418"",""export_source_row"":6180,""source_row"":38790},{""export_file"":""\/Users\/ahmadjalil\/github\/aethmodular\/research\/filter_combine\/FilterBased_ChemSpecPM25_USPA.csv"",""export_sha256"":""8d1e40d2a272970c02d9d5acef313f6579d1e36161fcf30316a4ae5653600418"",""export_source_row"":6181,""source_row"":38791}]",True,False,,unresolved_upstream_competing_values
USPA,USPA-0228,[28203],"[""FTIR""]",[218],"[""Ambient local""]","[0.06, 0.66]","[{""export_file"":""\/Users\/ahmadjalil\/github\/aethmodular\/research\/filter_combine\/FilterBased_ChemSpecPM25_USPA.csv"",""export_sha256"":""8d1e40d2a272970c02d9d5acef313f6579d1e36161fcf30316a4ae5653600418"",""export_source_row"":6213,""source_row"":38840},{""export_file"":""\/Users\/ahmadjalil\/github\/aethmodular\/research\/filter_combine\/FilterBased_ChemSpecPM25_USPA.csv"",""export_sha256"":""8d1e40d2a272970c02d9d5acef313f6579d1e36161fcf30316a4ae5653600418"",""export_source_row"":6214,""source_row"":38841}]",True,False,,unresolved_upstream_competing_values
USPA,USPA-0233,[28203],"[""FTIR""]",[218],"[""Ambient local""]","[0.06, 0.35]","[{""export_file"":""\/Users\/ahmadjalil\/github\/aethmodular\/research\/filter_combine\/FilterBased_ChemSpecPM25_USPA.csv"",""export_sha256"":""8d1e40d2a272970c02d9d5acef313f6579d1e36161fcf30316a4ae5653600418"",""export_source_row"":6246,""source_row"":38946},{""export_file"":""\/Users\/ahmadjalil\/github\/aethmodular\/research\/filter_combine\/FilterBased_ChemSpecPM25_USPA.csv"",""export_sha256"":""8d1e40d2a272970c02d9d5acef313f6579d1e36161fcf30316a4ae5653600418"",""export_source_row"":6247,""source_row"":38947}]",True,False,,unresolved_upstream_competing_values
USPA,USPA-0234,[28203],"[""FTIR""]",[218],"[""Ambient local""]","[0.06, 0.73]","[{""export_file"":""\/Users\/ahmadjalil\/github\/aethmodular\/research\/filter_combine\/FilterBased_ChemSpecPM25_USPA.csv"",""export_sha256"":""8d1e40d2a272970c02d9d5acef313f6579d1e36161fcf30316a4ae5653600418"",""export_source_row"":6279,""source_row"":38996},{""export_file"":""\/Users\/ahmadjalil\/github\/aethmodular\/research\/filter_combine\/FilterBased_ChemSpecPM25_USPA.csv"",""export_sha256"":""8d1e40d2a272970c02d9d5acef313f6579d1e36161fcf30316a4ae5653600418"",""export_source_row"":6280,""source_row"":38997}]",True,False,,unresolved_upstream_competing_values
USPA,USPA-0235,[28203],"[""FTIR""]",[218],"[""Ambient local""]","[0.06, 0.64]","[{""export_file"":""\/Users\/ahmadjalil\/github\/aethmodular\/research\/filter_combine\/FilterBased_ChemSpecPM25_USPA.csv"",""export_sha256"":""8d1e40d2a272970c02d9d5acef313f6579d1e36161fcf30316a4ae5653600418"",""export_source_row"":6312,""source_row"":39046},{""export_file"":""\/Users\/ahmadjalil\/github\/aethmodular\/research\/filter_combine\/FilterBased_ChemSpecPM25_USPA.csv"",""export_sha256"":""8d1e40d2a272970c02d9d5acef313f6579d1e36161fcf30316a4ae5653600418"",""export_source_row"":6313,""source_row"":39047}]",True,False,,unresolved_upstream_competing_values
USPA,USPA-0236,[28203],"[""FTIR""]",[218],"[""Ambient local""]","[0.06, 0.86]","[{""export_file"":""\/Users\/ahmadjalil\/github\/aethmodular\/research\/filter_combine\/FilterBased_ChemSpecPM25_USPA.csv"",""export_sha256"":""8d1e40d2a272970c02d9d5acef313f6579d1e36161fcf30316a4ae5653600418"",""export_source_row"":6345,""source_row"":39096},{""export_file"":""\/Users\/ahmadjalil\/github\/aethmodular\/research\/filter_combine\/FilterBased_ChemSpecPM25_USPA.csv"",""export_sha256"":""8d1e40d2a272970c02d9d5acef313f6579d1e36161fcf30316a4ae5653600418"",""export_source_row"":6346,""source_row"":39097}]",True,False,,unresolved_upstream_competing_values
USPA,USPA-0237,[28203],"[""FTIR""]",[218],"[""Ambient local""]","[0.06, 0.27]","[{""export_file"":""\/Users\/ahmadjalil\/github\/aethmodular\/research\/filter_combine\/FilterBased_ChemSpecPM25_USPA.csv"",""export_sha256"":""8d1e40d2a272970c02d9d5acef313f6579d1e36161fcf30316a4ae5653600418"",""export_source_row"":6378,""source_row"":39146},{""export_file"":""\/Users\/ahmadjalil\/github\/aethmodular\/research\/filter_combine\/FilterBased_ChemSpecPM25_USPA.csv"",""export_sha256"":""8d1e40d2a272970c02d9d5acef313f6579d1e36161fcf30316a4ae5653600418"",""export_source_row"":6379,""source_row"":39147}]",True,False,,unresolved_upstream_competing_values
USPA,USPA-0238,[28203],"[""FTIR""]",[218],"[""Ambient local""]","[0.06, 0.39]","[{""export_file"":""\/Users\/ahmadjalil\/github\/aethmodular\/research\/filter_combine\/FilterBased_ChemSpecPM25_USPA.csv"",""export_sha256"":""8d1e40d2a272970c02d9d5acef313f6579d1e36161fcf30316a4ae5653600418"",""export_source_row"":6411,""source_row"":39196},{""export_file"":""\/Users\/ahmadjalil\/github\/aethmodular\/research\/filter_combine\/FilterBased_ChemSpecPM25_USPA.csv"",""export_sha256"":""8d1e40d2a272970c02d9d5acef313f6579d1e36161fcf30316a4ae5653600418"",""export_source_row"":6412,""source_row"":39197}]",True,False,,unresolved_upstream_competing_values
USPA,USPA-0240,[28203],"[""FTIR""]",[218],"[""Ambient local""]","[0.06, 0.45]","[{""export_file"":""\/Users\/ahmadjalil\/github\/aethmodular\/research\/filter_combine\/FilterBased_ChemSpecPM25_USPA.csv"",""export_sha256"":""8d1e40d2a272970c02d9d5acef313f6579d1e36161fcf30316a4ae5653600418"",""export_source_row"":6444,""source_row"":39260},{""export_file"":""\/Users\/ahmadjalil\/github\/aethmodular\/research\/filter_combine\/FilterBased_ChemSpecPM25_USPA.csv"",""export_sha256"":""8d1e40d2a272970c02d9d5acef313f6579d1e36161fcf30316a4ae5653600418"",""export_source_row"":6445,""source_row"":39261}]",True,False,,unresolved_upstream_competing_values
USPA,USPA-0241,[28203],"[""FTIR""]",[218],"[""Ambient local""]","[0.06, 0.6]","[{""export_file"":""\/Users\/ahmadjalil\/github\/aethmodular\/research\/filter_combine\/FilterBased_ChemSpecPM25_USPA.csv"",""export_sha256"":""8d1e40d2a272970c02d9d5acef313f6579d1e36161fcf30316a4ae5653600418"",""export_source_row"":6485,""source_row"":39312},{""export_file"":""\/Users\/ahmadjalil\/github\/aethmodular\/research\/filter_combine\/FilterBased_ChemSpecPM25_USPA.csv"",""export_sha256"":""8d1e40d2a272970c02d9d5acef313f6579d1e36161fcf30316a4ae5653600418"",""export_source_row"":6486,""source_row"":39313}]",True,False,,unresolved_upstream_competing_values
USPA,USPA-0242,[28203],"[""FTIR""]",[218],"[""Ambient local""]","[0.06, 0.7]","[{""export_file"":""\/Users\/ahmadjalil\/github\/aethmodular\/research\/filter_combine\/FilterBased_ChemSpecPM25_USPA.csv"",""export_sha256"":""8d1e40d2a272970c02d9d5acef313f6579d1e36161fcf30316a4ae5653600418"",""export_source_row"":6526,""source_row"":39370},{""export_file"":""\/Users\/ahmadjalil\/github\/aethmodular\/research\/filter_combine\/FilterBased_ChemSpecPM25_USPA.csv"",""export_sha256"":""8d1e40d2a272970c02d9d5acef313f6579d1e36161fcf30316a4ae5653600418"",""export_source_row"":6527,""source_row"":39371}]",True,False,,unresolved_upstream_competing_values
USPA,USPA-0243,[28203],"[""FTIR""]",[218],"[""Ambient local""]","[0.06, 0.63]","[{""export_file"":""\/Users\/ahmadjalil\/github\/aethmodular\/research\/filter_combine\/FilterBased_ChemSpecPM25_USPA.csv"",""export_sha256"":""8d1e40d2a272970c02d9d5acef313f6579d1e36161fcf30316a4ae5653600418"",""export_source_row"":6566,""source_row"":39428},{""export_file"":""\/Users\/ahmadjalil\/github\/aethmodular\/research\/filter_combine\/FilterBased_ChemSpecPM25_USPA.csv"",""export_sha256"":""8d1e40d2a272970c02d9d5acef313f6579d1e36161fcf30316a4ae5653600418"",""export_source_row"":6567,""source_row"":39429}]",True,False,,unresolved_upstream_competing_values
USPA,USPA-0244,[28203],"[""FTIR""]",[218],"[""Ambient local""]","[0.06, 0.71]","[{""export_file"":""\/Users\/ahmadjalil\/github\/aethmodular\/research\/filter_combine\/FilterBased_ChemSpecPM25_USPA.csv"",""export_sha256"":""8d1e40d2a272970c02d9d5acef313f6579d1e36161fcf30316a4ae5653600418"",""export_source_row"":6607,""source_row"":39485},{""export_file"":""\/Users\/ahmadjalil\/github\/aethmodular\/research\/filter_combine\/FilterBased_ChemSpecPM25_USPA.csv"",""export_sha256"":""8d1e40d2a272970c02d9d5acef313f6579d1e36161fcf30316a4ae5653600418"",""export_source_row"":6608,""source_row"":39486}]",True,False,,unresolved_upstream_competing_values
USPA,USPA-0245,[28203],"[""FTIR""]",[218],"[""Ambient local""]","[0.06, 0.42]","[{""export_file"":""\/Users\/ahmadjalil\/github\/aethmodular\/research\/filter_combine\/FilterBased_ChemSpecPM25_USPA.csv"",""export_sha256"":""8d1e40d2a272970c02d9d5acef313f6579d1e36161fcf30316a4ae5653600418"",""export_source_row"":6648,""source_row"":39543},{""export_file"":""\/Users\/ahmadjalil\/github\/aethmodular\/research\/filter_combine\/FilterBased_ChemSpecPM25_USPA.csv"",""export_sha256"":""8d1e40d2a272970c02d9d5acef313f6579d1e36161fcf30316a4ae5653600418"",""export_source_row"":6649,""source_row"":39544}]",True,False,,unresolved_upstream_competing_values
USPA,USPA-0246,[28203],"[""FTIR""]",[218],"[""Ambient local""]","[0.06, 0.36]","[{""export_file"":""\/Users\/ahmadjalil\/github\/aethmodular\/research\/filter_combine\/FilterBased_ChemSpecPM25_USPA.csv"",""export_sha256"":""8d1e40d2a272970c02d9d5acef313f6579d1e36161fcf30316a4ae5653600418"",""export_source_row"":6689,""source_row"":39601},{""export_file"":""\/Users\/ahmadjalil\/github\/aethmodular\/research\/filter_combine\/FilterBased_ChemSpecPM25_USPA.csv"",""export_sha256"":""8d1e40d2a272970c02d9d5acef313f6579d1e36161fcf30316a4ae5653600418"",""export_source_row"":6690,""source_row"":39602}]",True,False,,unresolved_upstream_competing_values
USPA,USPA-0248,[28203],"[""FTIR""]",[218],"[""Ambient local""]","[0.06, 0.24]","[{""export_file"":""\/Users\/ahmadjalil\/github\/aethmodular\/research\/filter_combine\/FilterBased_ChemSpecPM25_USPA.csv"",""export_sha256"":""8d1e40d2a272970c02d9d5acef313f6579d1e36161fcf30316a4ae5653600418"",""export_source_row"":6728,""source_row"":39672},{""export_file"":""\/Users\/ahmadjalil\/github\/aethmodular\/research\/filter_combine\/FilterBased_ChemSpecPM25_USPA.csv"",""export_sha256"":""8d1e40d2a272970c02d9d5acef313f6579d1e36161fcf30316a4ae5653600418"",""export_source_row"":6729,""source_row"":39673}]",True,False,,unresolved_upstream_competing_values
USPA,USPA-0249,[28203],"[""FTIR""]",[218],"[""Ambient local""]","[0.06, 0.47]","[{""export_file"":""\/Users\/ahmadjalil\/github\/aethmodular\/research\/filter_combine\/FilterBased_ChemSpecPM25_USPA.csv"",""export_sha256"":""8d1e40d2a272970c02d9d5acef313f6579d1e36161fcf30316a4ae5653600418"",""export_source_row"":6769,""source_row"":39729},{""export_file"":""\/Users\/ahmadjalil\/github\/aethmodular\/research\/filter_combine\/FilterBased_ChemSpecPM25_USPA.csv"",""export_sha256"":""8d1e40d2a272970c02d9d5acef313f6579d1e36161fcf30316a4ae5653600418"",""export_source_row"":6770,""source_row"":39730}]",True,False,,unresolved_upstream_competing_values
USPA,USPA-0250,[28203],"[""FTIR""]",[218],"[""Ambient local""]","[0.06, 0.51]","[{""export_file"":""\/Users\/ahmadjalil\/github\/aethmodular\/research\/filter_combine\/FilterBased_ChemSpecPM25_USPA.csv"",""export_sha256"":""8d1e40d2a272970c02d9d5acef313f6579d1e36161fcf30316a4ae5653600418"",""export_source_row"":6810,""source_row"":39787},{""export_file"":""\/Users\/ahmadjalil\/github\/aethmodular\/research\/filter_combine\/FilterBased_ChemSpecPM25_USPA.csv"",""export_sha256"":""8d1e40d2a272970c02d9d5acef313f6579d1e36161fcf30316a4ae5653600418"",""export_source_row"":6811,""source_row"":39788}]",True,False,,unresolved_upstream_competing_values
USPA,USPA-0251,[28203],"[""FTIR""]",[218],"[""Ambient local""]","[0.06, 0.39]","[{""export_file"":""\/Users\/ahmadjalil\/github\/aethmodular\/research\/filter_combine\/FilterBased_ChemSpecPM25_USPA.csv"",""export_sha256"":""8d1e40d2a272970c02d9d5acef313f6579d1e36161fcf30316a4ae5653600418"",""export_source_row"":6851,""source_row"":39845},{""export_file"":""\/Users\/ahmadjalil\/github\/aethmodular\/research\/filter_combine\/FilterBased_ChemSpecPM25_USPA.csv"",""export_sha256"":""8d1e40d2a272970c02d9d5acef313f6579d1e36161fcf30316a4ae5653600418"",""export_source_row"":6852,""source_row"":39846}]",True,False,,unresolved_upstream_competing_values
USPA,USPA-0252,[28203],"[""FTIR""]",[218],"[""Ambient local""]","[0.06, 0.5]","[{""export_file"":""\/Users\/ahmadjalil\/github\/aethmodular\/research\/filter_combine\/FilterBased_ChemSpecPM25_USPA.csv"",""export_sha256"":""8d1e40d2a272970c02d9d5acef313f6579d1e36161fcf30316a4ae5653600418"",""export_source_row"":6891,""source_row"":39903},{""export_file"":""\/Users\/ahmadjalil\/github\/aethmodular\/research\/filter_combine\/FilterBased_ChemSpecPM25_USPA.csv"",""export_sha256"":""8d1e40d2a272970c02d9d5acef313f6579d1e36161fcf30316a4ae5653600418"",""export_source_row"":6892,""source_row"":39904}]",True,False,,unresolved_upstream_competing_values
USPA,USPA-0253,[28203],"[""FTIR""]",[218],"[""Ambient local""]","[0.06, 0.52]","[{""export_file"":""\/Users\/ahmadjalil\/github\/aethmodular\/research\/filter_combine\/FilterBased_ChemSpecPM25_USPA.csv"",""export_sha256"":""8d1e40d2a272970c02d9d5acef313f6579d1e36161fcf30316a4ae5653600418"",""export_source_row"":6932,""source_row"":39960},{""export_file"":""\/Users\/ahmadjalil\/github\/aethmodular\/research\/filter_combine\/FilterBased_ChemSpecPM25_USPA.csv"",""export_sha256"":""8d1e40d2a272970c02d9d5acef313f6579d1e36161fcf30316a4ae5653600418"",""export_source_row"":6933,""source_row"":39961}]",True,False,,unresolved_upstream_competing_values
USPA,USPA-0254,[28203],"[""FTIR""]",[218],"[""Ambient local""]","[0.06, 0.61]","[{""export_file"":""\/Users\/ahmadjalil\/github\/aethmodular\/research\/filter_combine\/FilterBased_ChemSpecPM25_USPA.csv"",""export_sha256"":""8d1e40d2a272970c02d9d5acef313f6579d1e36161fcf30316a4ae5653600418"",""export_source_row"":6973,""source_row"":40018},{""export_file"":""\/Users\/ahmadjalil\/github\/aethmodular\/research\/filter_combine\/FilterBased_ChemSpecPM25_USPA.csv"",""export_sha256"":""8d1e40d2a272970c02d9d5acef313f6579d1e36161fcf30316a4ae5653600418"",""export_source_row"":6974,""source_row"":40019}]",True,False,,unresolved_upstream_competing_values
USPA,USPA-0256,[28203],"[""FTIR""]",[218],"[""Ambient local""]","[0.06, 0.36]","[{""export_file"":""\/Users\/ahmadjalil\/github\/aethmodular\/research\/filter_combine\/FilterBased_ChemSpecPM25_USPA.csv"",""export_sha256"":""8d1e40d2a272970c02d9d5acef313f6579d1e36161fcf30316a4ae5653600418"",""export_source_row"":7014,""source_row"":40090},{""export_file"":""\/Users\/ahmadjalil\/github\/aethmodular\/research\/filter_combine\/FilterBased_ChemSpecPM25_USPA.csv"",""export_sha256"":""8d1e40d2a272970c02d9d5acef313f6579d1e36161fcf30316a4ae5653600418"",""export_source_row"":7015,""source_row"":40091}]",True,False,,unresolved_upstream_competing_values
USPA,USPA-0257,[28203],"[""FTIR""]",[218],"[""Ambient local""]","[0.06, 0.51]","[{""export_file"":""\/Users\/ahmadjalil\/github\/aethmodular\/research\/filter_combine\/FilterBased_ChemSpecPM25_USPA.csv"",""export_sha256"":""8d1e40d2a272970c02d9d5acef313f6579d1e36161fcf30316a4ae5653600418"",""export_source_row"":7055,""source_row"":40148},{""export_file"":""\/Users\/ahmadjalil\/github\/aethmodular\/research\/filter_combine\/FilterBased_ChemSpecPM25_USPA.csv"",""export_sha256"":""8d1e40d2a272970c02d9d5acef313f6579d1e36161fcf30316a4ae5653600418"",""export_source_row"":7056,""source_row"":40149}]",True,False,,unresolved_upstream_competing_values
USPA,USPA-0258,[28203],"[""FTIR""]",[218],"[""Ambient local""]","[0.06, 0.52]","[{""export_file"":""\/Users\/ahmadjalil\/github\/aethmodular\/research\/filter_combine\/FilterBased_ChemSpecPM25_USPA.csv"",""export_sha256"":""8d1e40d2a272970c02d9d5acef313f6579d1e36161fcf30316a4ae5653600418"",""export_source_row"":7096,""source_row"":40206},{""export_file"":""\/Users\/ahmadjalil\/github\/aethmodular\/research\/filter_combine\/FilterBased_ChemSpecPM25_USPA.csv"",""export_sha256"":""8d1e40d2a272970c02d9d5acef313f6579d1e36161fcf30316a4ae5653600418"",""export_source_row"":7097,""source_row"":40207}]",True,False,,unresolved_upstream_competing_values
USPA,USPA-0259,[28203],"[""FTIR""]",[218],"[""Ambient local""]","[0.06, 0.59]","[{""export_file"":""\/Users\/ahmadjalil\/github\/aethmodular\/research\/filter_combine\/FilterBased_ChemSpecPM25_USPA.csv"",""export_sha256"":""8d1e40d2a272970c02d9d5acef313f6579d1e36161fcf30316a4ae5653600418"",""export_source_row"":7136,""source_row"":40264},{""export_file"":""\/Users\/ahmadjalil\/github\/aethmodular\/research\/filter_combine\/FilterBased_ChemSpecPM25_USPA.csv"",""export_sha256"":""8d1e40d2a272970c02d9d5acef313f6579d1e36161fcf30316a4ae5653600418"",""export_source_row"":7137,""source_row"":40265}]",True,False,,unresolved_upstream_competing_values
USPA,USPA-0260,[28203],"[""FTIR""]",[218],"[""Ambient local""]","[0.06, 0.72]","[{""export_file"":""\/Users\/ahmadjalil\/github\/aethmodular\/research\/filter_combine\/FilterBased_ChemSpecPM25_USPA.csv"",""export_sha256"":""8d1e40d2a272970c02d9d5acef313f6579d1e36161fcf30316a4ae5653600418"",""export_source_row"":7169,""source_row"":40319},{""export_file"":""\/Users\/ahmadjalil\/github\/aethmodular\/research\/filter_combine\/FilterBased_ChemSpecPM25_USPA.csv"",""export_sha256"":""8d1e40d2a272970c02d9d5acef313f6579d1e36161fcf30316a4ae5653600418"",""export_source_row"":7170,""source_row"":40320}]",True,False,,unresolved_upstream_competing_values
USPA,USPA-0261,[28203],"[""FTIR""]",[218],"[""Ambient local""]","[0.06, 1.14]","[{""export_file"":""\/Users\/ahmadjalil\/github\/aethmodular\/research\/filter_combine\/FilterBased_ChemSpecPM25_USPA.csv"",""export_sha256"":""8d1e40d2a272970c02d9d5acef313f6579d1e36161fcf30316a4ae5653600418"",""export_source_row"":7210,""source_row"":40371},{""export_file"":""\/Users\/ahmadjalil\/github\/aethmodular\/research\/filter_combine\/FilterBased_ChemSpecPM25_USPA.csv"",""export_sha256"":""8d1e40d2a272970c02d9d5acef313f6579d1e36161fcf30316a4ae5653600418"",""export_source_row"":7211,""source_row"":40372}]",True,False,,unresolved_upstream_competing_values
USPA,USPA-0262,[28203],"[""FTIR""]",[218],"[""Ambient local""]","[0.06, 0.68]","[{""export_file"":""\/Users\/ahmadjalil\/github\/aethmodular\/research\/filter_combine\/FilterBased_ChemSpecPM25_USPA.csv"",""export_sha256"":""8d1e40d2a272970c02d9d5acef313f6579d1e36161fcf30316a4ae5653600418"",""export_source_row"":7251,""source_row"":40429},{""export_file"":""\/Users\/ahmadjalil\/github\/aethmodular\/research\/filter_combine\/FilterBased_ChemSpecPM25_USPA.csv"",""export_sha256"":""8d1e40d2a272970c02d9d5acef313f6579d1e36161fcf30316a4ae5653600418"",""export_source_row"":7252,""source_row"":40430}]",True,False,,unresolved_upstream_competing_values
USPA,USPA-0264,[28203],"[""FTIR""]",[218],"[""Ambient local""]","[0.06, 0.52]","[{""export_file"":""\/Users\/ahmadjalil\/github\/aethmodular\/research\/filter_combine\/FilterBased_ChemSpecPM25_USPA.csv"",""export_sha256"":""8d1e40d2a272970c02d9d5acef313f6579d1e36161fcf30316a4ae5653600418"",""export_source_row"":7292,""source_row"":40501},{""export_file"":""\/Users\/ahmadjalil\/github\/aethmodular\/research\/filter_combine\/FilterBased_ChemSpecPM25_USPA.csv"",""export_sha256"":""8d1e40d2a272970c02d9d5acef313f6579d1e36161fcf30316a4ae5653600418"",""export_source_row"":7293,""source_row"":40502}]",True,False,,unresolved_upstream_competing_values
USPA,USPA-0265,[28203],"[""FTIR""]",[218],"[""Ambient local""]","[0.06, 0.71]","[{""export_file"":""\/Users\/ahmadjalil\/github\/aethmodular\/research\/filter_combine\/FilterBased_ChemSpecPM25_USPA.csv"",""export_sha256"":""8d1e40d2a272970c02d9d5acef313f6579d1e36161fcf30316a4ae5653600418"",""export_source_row"":7332,""source_row"":40559},{""export_file"":""\/Users\/ahmadjalil\/github\/aethmodular\/research\/filter_combine\/FilterBased_ChemSpecPM25_USPA.csv"",""export_sha256"":""8d1e40d2a272970c02d9d5acef313f6579d1e36161fcf30316a4ae5653600418"",""export_source_row"":7333,""source_row"":40560}]",True,False,,unresolved_upstream_competing_values
USPA,USPA-0266,[28203],"[""FTIR""]",[218],"[""Ambient local""]","[0.06, 0.68]","[{""export_file"":""\/Users\/ahmadjalil\/github\/aethmodular\/research\/filter_combine\/FilterBased_ChemSpecPM25_USPA.csv"",""export_sha256"":""8d1e40d2a272970c02d9d5acef313f6579d1e36161fcf30316a4ae5653600418"",""export_source_row"":7372,""source_row"":40616},{""export_file"":""\/Users\/ahmadjalil\/github\/aethmodular\/research\/filter_combine\/FilterBased_ChemSpecPM25_USPA.csv"",""export_sha256"":""8d1e40d2a272970c02d9d5acef313f6579d1e36161fcf30316a4ae5653600418"",""export_source_row"":7373,""source_row"":40617}]",True,False,,unresolved_upstream_competing_values
USPA,USPA-0267,[28203],"[""FTIR""]",[218],"[""Ambient local""]","[0.06, 0.58]","[{""export_file"":""\/Users\/ahmadjalil\/github\/aethmodular\/research\/filter_combine\/FilterBased_ChemSpecPM25_USPA.csv"",""export_sha256"":""8d1e40d2a272970c02d9d5acef313f6579d1e36161fcf30316a4ae5653600418"",""export_source_row"":7412,""source_row"":40673},{""export_file"":""\/Users\/ahmadjalil\/github\/aethmodular\/research\/filter_combine\/FilterBased_ChemSpecPM25_USPA.csv"",""export_sha256"":""8d1e40d2a272970c02d9d5acef313f6579d1e36161fcf30316a4ae5653600418"",""export_source_row"":7413,""source_row"":40674}]",True,False,,unresolved_upstream_competing_values
USPA,USPA-0268,[28203],"[""FTIR""]",[218],"[""Ambient local""]","[0.06, 0.66]","[{""export_file"":""\/Users\/ahmadjalil\/github\/aethmodular\/research\/filter_combine\/FilterBased_ChemSpecPM25_USPA.csv"",""export_sha256"":""8d1e40d2a272970c02d9d5acef313f6579d1e36161fcf30316a4ae5653600418"",""export_source_row"":7450,""source_row"":40730},{""export_file"":""\/Users\/ahmadjalil\/github\/aethmodular\/research\/filter_combine\/FilterBased_ChemSpecPM25_USPA.csv"",""export_sha256"":""8d1e40d2a272970c02d9d5acef313f6579d1e36161fcf30316a4ae5653600418"",""export_source_row"":7451,""source_row"":40731}]",True,False,,unresolved_upstream_competing_values
USPA,USPA-0269,[28203],"[""FTIR""]",[218],"[""Ambient local""]","[0.06, 0.52]","[{""export_file"":""\/Users\/ahmadjalil\/github\/aethmodular\/research\/filter_combine\/FilterBased_ChemSpecPM25_USPA.csv"",""export_sha256"":""8d1e40d2a272970c02d9d5acef313f6579d1e36161fcf30316a4ae5653600418"",""export_source_row"":7490,""source_row"":40785},{""export_file"":""\/Users\/ahmadjalil\/github\/aethmodular\/research\/filter_combine\/FilterBased_ChemSpecPM25_USPA.csv"",""export_sha256"":""8d1e40d2a272970c02d9d5acef313f6579d1e36161fcf30316a4ae5653600418"",""export_source_row"":7491,""source_row"":40786}]",True,False,,unresolved_upstream_competing_values
USPA,USPA-0270,[28203],"[""FTIR""]",[218],"[""Ambient local""]","[0.06, 0.63]","[{""export_file"":""\/Users\/ahmadjalil\/github\/aethmodular\/research\/filter_combine\/FilterBased_ChemSpecPM25_USPA.csv"",""export_sha256"":""8d1e40d2a272970c02d9d5acef313f6579d1e36161fcf30316a4ae5653600418"",""export_source_row"":7529,""source_row"":40842},{""export_file"":""\/Users\/ahmadjalil\/github\/aethmodular\/research\/filter_combine\/FilterBased_ChemSpecPM25_USPA.csv"",""export_sha256"":""8d1e40d2a272970c02d9d5acef313f6579d1e36161fcf30316a4ae5653600418"",""export_source_row"":7530,""source_row"":40843}]",True,False,,unresolved_upstream_competing_values
USPA,USPA-0272,[28203],"[""FTIR""]",[218],"[""Ambient local""]","[0.06, 0.49]","[{""export_file"":""\/Users\/ahmadjalil\/github\/aethmodular\/research\/filter_combine\/FilterBased_ChemSpecPM25_USPA.csv"",""export_sha256"":""8d1e40d2a272970c02d9d5acef313f6579d1e36161fcf30316a4ae5653600418"",""export_source_row"":7569,""source_row"":40912},{""export_file"":""\/Users\/ahmadjalil\/github\/aethmodular\/research\/filter_combine\/FilterBased_ChemSpecPM25_USPA.csv"",""export_sha256"":""8d1e40d2a272970c02d9d5acef313f6579d1e36161fcf30316a4ae5653600418"",""export_source_row"":7570,""source_row"":40913}]",True,False,,unresolved_upstream_competing_values
USPA,USPA-0273,[28203],"[""FTIR""]",[218],"[""Ambient local""]","[0.06, 0.49]","[{""export_file"":""\/Users\/ahmadjalil\/github\/aethmodular\/research\/filter_combine\/FilterBased_ChemSpecPM25_USPA.csv"",""export_sha256"":""8d1e40d2a272970c02d9d5acef313f6579d1e36161fcf30316a4ae5653600418"",""export_source_row"":7610,""source_row"":40969},{""export_file"":""\/Users\/ahmadjalil\/github\/aethmodular\/research\/filter_combine\/FilterBased_ChemSpecPM25_USPA.csv"",""export_sha256"":""8d1e40d2a272970c02d9d5acef313f6579d1e36161fcf30316a4ae5653600418"",""export_source_row"":7611,""source_row"":40970}]",True,False,,unresolved_upstream_competing_values
USPA,USPA-0274,[28203],"[""FTIR""]",[218],"[""Ambient local""]","[0.06, 0.3]","[{""export_file"":""\/Users\/ahmadjalil\/github\/aethmodular\/research\/filter_combine\/FilterBased_ChemSpecPM25_USPA.csv"",""export_sha256"":""8d1e40d2a272970c02d9d5acef313f6579d1e36161fcf30316a4ae5653600418"",""export_source_row"":7651,""source_row"":41027},{""export_file"":""\/Users\/ahmadjalil\/github\/aethmodular\/research\/filter_combine\/FilterBased_ChemSpecPM25_USPA.csv"",""export_sha256"":""8d1e40d2a272970c02d9d5acef313f6579d1e36161fcf30316a4ae5653600418"",""export_source_row"":7652,""source_row"":41028}]",True,False,,unresolved_upstream_competing_values
USPA,USPA-0275,[28203],"[""FTIR""]",[218],"[""Ambient local""]","[0.06, 0.26]","[{""export_file"":""\/Users\/ahmadjalil\/github\/aethmodular\/research\/filter_combine\/FilterBased_ChemSpecPM25_USPA.csv"",""export_sha256"":""8d1e40d2a272970c02d9d5acef313f6579d1e36161fcf30316a4ae5653600418"",""export_source_row"":7692,""source_row"":41085},{""export_file"":""\/Users\/ahmadjalil\/github\/aethmodular\/research\/filter_combine\/FilterBased_ChemSpecPM25_USPA.csv"",""export_sha256"":""8d1e40d2a272970c02d9d5acef313f6579d1e36161fcf30316a4ae5653600418"",""export_source_row"":7693,""source_row"":41086}]",True,False,,unresolved_upstream_competing_values
USPA,USPA-0276,[28203],"[""FTIR""]",[218],"[""Ambient local""]","[0.06, 0.15]","[{""export_file"":""\/Users\/ahmadjalil\/github\/aethmodular\/research\/filter_combine\/FilterBased_ChemSpecPM25_USPA.csv"",""export_sha256"":""8d1e40d2a272970c02d9d5acef313f6579d1e36161fcf30316a4ae5653600418"",""export_source_row"":7733,""source_row"":41143},{""export_file"":""\/Users\/ahmadjalil\/github\/aethmodular\/research\/filter_combine\/FilterBased_ChemSpecPM25_USPA.csv"",""export_sha256"":""8d1e40d2a272970c02d9d5acef313f6579d1e36161fcf30316a4ae5653600418"",""export_source_row"":7734,""source_row"":41144}]",True,False,,unresolved_upstream_competing_values
USPA,USPA-0277,[28203],"[""FTIR""]",[218],"[""Ambient local""]","[0.06, 0.34]","[{""export_file"":""\/Users\/ahmadjalil\/github\/aethmodular\/research\/filter_combine\/FilterBased_ChemSpecPM25_USPA.csv"",""export_sha256"":""8d1e40d2a272970c02d9d5acef313f6579d1e36161fcf30316a4ae5653600418"",""export_source_row"":7774,""source_row"":41201},{""export_file"":""\/Users\/ahmadjalil\/github\/aethmodular\/research\/filter_combine\/FilterBased_ChemSpecPM25_USPA.csv"",""export_sha256"":""8d1e40d2a272970c02d9d5acef313f6579d1e36161fcf30316a4ae5653600418"",""export_source_row"":7775,""source_row"":41202}]",True,False,,unresolved_upstream_competing_values
USPA,USPA-0278,[28203],"[""FTIR""]",[218],"[""Ambient local""]","[0.06, 0.53]","[{""export_file"":""\/Users\/ahmadjalil\/github\/aethmodular\/research\/filter_combine\/FilterBased_ChemSpecPM25_USPA.csv"",""export_sha256"":""8d1e40d2a272970c02d9d5acef313f6579d1e36161fcf30316a4ae5653600418"",""export_source_row"":7815,""source_row"":41259},{""export_file"":""\/Users\/ahmadjalil\/github\/aethmodular\/research\/filter_combine\/FilterBased_ChemSpecPM25_USPA.csv"",""export_sha256"":""8d1e40d2a272970c02d9d5acef313f6579d1e36161fcf30316a4ae5653600418"",""export_source_row"":7816,""source_row"":41260}]",True,False,,unresolved_upstream_competing_values
USPA,USPA-0280,[28203],"[""FTIR""]",[218],"[""Ambient local""]","[0.06, 0.16]","[{""export_file"":""\/Users\/ahmadjalil\/github\/aethmodular\/research\/filter_combine\/FilterBased_ChemSpecPM25_USPA.csv"",""export_sha256"":""8d1e40d2a272970c02d9d5acef313f6579d1e36161fcf30316a4ae5653600418"",""export_source_row"":7856,""source_row"":41331},{""export_file"":""\/Users\/ahmadjalil\/github\/aethmodular\/research\/filter_combine\/FilterBased_ChemSpecPM25_USPA.csv"",""export_sha256"":""8d1e40d2a272970c02d9d5acef313f6579d1e36161fcf30316a4ae5653600418"",""export_source_row"":7857,""source_row"":41332}]",True,False,,unresolved_upstream_competing_values
USPA,USPA-0281,[28203],"[""FTIR""]",[218],"[""Ambient local""]","[0.06, 0.37]","[{""export_file"":""\/Users\/ahmadjalil\/github\/aethmodular\/research\/filter_combine\/FilterBased_ChemSpecPM25_USPA.csv"",""export_sha256"":""8d1e40d2a272970c02d9d5acef313f6579d1e36161fcf30316a4ae5653600418"",""export_source_row"":7897,""source_row"":41389},{""export_file"":""\/Users\/ahmadjalil\/github\/aethmodular\/research\/filter_combine\/FilterBased_ChemSpecPM25_USPA.csv"",""export_sha256"":""8d1e40d2a272970c02d9d5acef313f6579d1e36161fcf30316a4ae5653600418"",""export_source_row"":7898,""source_row"":41390}]",True,False,,unresolved_upstream_competing_values
USPA,USPA-0282,[28203],"[""FTIR""]",[218],"[""Ambient local""]","[0.06, 0.43]","[{""export_file"":""\/Users\/ahmadjalil\/github\/aethmodular\/research\/filter_combine\/FilterBased_ChemSpecPM25_USPA.csv"",""export_sha256"":""8d1e40d2a272970c02d9d5acef313f6579d1e36161fcf30316a4ae5653600418"",""export_source_row"":7938,""source_row"":41447},{""export_file"":""\/Users\/ahmadjalil\/github\/aethmodular\/research\/filter_combine\/FilterBased_ChemSpecPM25_USPA.csv"",""export_sha256"":""8d1e40d2a272970c02d9d5acef313f6579d1e36161fcf30316a4ae5653600418"",""export_source_row"":7939,""source_row"":41448}]",True,False,,unresolved_upstream_competing_values
USPA,USPA-0283,[28203],"[""FTIR""]",[218],"[""Ambient local""]","[0.06, 0.46]","[{""export_file"":""\/Users\/ahmadjalil\/github\/aethmodular\/research\/filter_combine\/FilterBased_ChemSpecPM25_USPA.csv"",""export_sha256"":""8d1e40d2a272970c02d9d5acef313f6579d1e36161fcf30316a4ae5653600418"",""export_source_row"":7979,""source_row"":41505},{""export_file"":""\/Users\/ahmadjalil\/github\/aethmodular\/research\/filter_combine\/FilterBased_ChemSpecPM25_USPA.csv"",""export_sha256"":""8d1e40d2a272970c02d9d5acef313f6579d1e36161fcf30316a4ae5653600418"",""export_source_row"":7980,""source_row"":41506}]",True,False,,unresolved_upstream_competing_values
USPA,USPA-0284,[28203],"[""FTIR""]",[218],"[""Ambient local""]","[0.06, 0.31]","[{""export_file"":""\/Users\/ahmadjalil\/github\/aethmodular\/research\/filter_combine\/FilterBased_ChemSpecPM25_USPA.csv"",""export_sha256"":""8d1e40d2a272970c02d9d5acef313f6579d1e36161fcf30316a4ae5653600418"",""export_source_row"":8020,""source_row"":41563},{""export_file"":""\/Users\/ahmadjalil\/github\/aethmodular\/research\/filter_combine\/FilterBased_ChemSpecPM25_USPA.csv"",""export_sha256"":""8d1e40d2a272970c02d9d5acef313f6579d1e36161fcf30316a4ae5653600418"",""export_source_row"":8021,""source_row"":41564}]",True,False,,unresolved_upstream_competing_values
USPA,USPA-0285,[28203],"[""FTIR""]",[218],"[""Ambient local""]","[0.06, 0.48]","[{""export_file"":""\/Users\/ahmadjalil\/github\/aethmodular\/research\/filter_combine\/FilterBased_ChemSpecPM25_USPA.csv"",""export_sha256"":""8d1e40d2a272970c02d9d5acef313f6579d1e36161fcf30316a4ae5653600418"",""export_source_row"":8061,""source_row"":41621},{""export_file"":""\/Users\/ahmadjalil\/github\/aethmodular\/research\/filter_combine\/FilterBased_ChemSpecPM25_USPA.csv"",""export_sha256"":""8d1e40d2a272970c02d9d5acef313f6579d1e36161fcf30316a4ae5653600418"",""export_source_row"":8062,""source_row"":41622}]",True,False,,unresolved_upstream_competing_values
USPA,USPA-0286,[28203],"[""FTIR""]",[218],"[""Ambient local""]","[0.06, 0.58]","[{""export_file"":""\/Users\/ahmadjalil\/github\/aethmodular\/research\/filter_combine\/FilterBased_ChemSpecPM25_USPA.csv"",""export_sha256"":""8d1e40d2a272970c02d9d5acef313f6579d1e36161fcf30316a4ae5653600418"",""export_source_row"":8102,""source_row"":41679},{""export_file"":""\/Users\/ahmadjalil\/github\/aethmodular\/research\/filter_combine\/FilterBased_ChemSpecPM25_USPA.csv"",""export_sha256"":""8d1e40d2a272970c02d9d5acef313f6579d1e36161fcf30316a4ae5653600418"",""export_source_row"":8103,""source_row"":41680}]",True,False,,unresolved_upstream_competing_values
USPA,USPA-0288,[28203],"[""FTIR""]",[218],"[""Ambient local""]","[0.06, 0.58]","[{""export_file"":""\/Users\/ahmadjalil\/github\/aethmodular\/research\/filter_combine\/FilterBased_ChemSpecPM25_USPA.csv"",""export_sha256"":""8d1e40d2a272970c02d9d5acef313f6579d1e36161fcf30316a4ae5653600418"",""export_source_row"":8143,""source_row"":41751},{""export_file"":""\/Users\/ahmadjalil\/github\/aethmodular\/research\/filter_combine\/FilterBased_ChemSpecPM25_USPA.csv"",""export_sha256"":""8d1e40d2a272970c02d9d5acef313f6579d1e36161fcf30316a4ae5653600418"",""export_source_row"":8144,""source_row"":41752}]",True,False,,unresolved_upstream_competing_values
USPA,USPA-0289,[28203],"[""FTIR""]",[218],"[""Ambient local""]","[0.06, 0.62]","[{""export_file"":""\/Users\/ahmadjalil\/github\/aethmodular\/research\/filter_combine\/FilterBased_ChemSpecPM25_USPA.csv"",""export_sha256"":""8d1e40d2a272970c02d9d5acef313f6579d1e36161fcf30316a4ae5653600418"",""export_source_row"":8184,""source_row"":41809},{""export_file"":""\/Users\/ahmadjalil\/github\/aethmodular\/research\/filter_combine\/FilterBased_ChemSpecPM25_USPA.csv"",""export_sha256"":""8d1e40d2a272970c02d9d5acef313f6579d1e36161fcf30316a4ae5653600418"",""export_source_row"":8185,""source_row"":41810}]",True,False,,unresolved_upstream_competing_values
USPA,USPA-0290,[28203],"[""FTIR""]",[218],"[""Ambient local""]","[0.06, 0.56]","[{""export_file"":""\/Users\/ahmadjalil\/github\/aethmodular\/research\/filter_combine\/FilterBased_ChemSpecPM25_USPA.csv"",""export_sha256"":""8d1e40d2a272970c02d9d5acef313f6579d1e36161fcf30316a4ae5653600418"",""export_source_row"":8225,""source_row"":41867},{""export_file"":""\/Users\/ahmadjalil\/github\/aethmodular\/research\/filter_combine\/FilterBased_ChemSpecPM25_USPA.csv"",""export_sha256"":""8d1e40d2a272970c02d9d5acef313f6579d1e36161fcf30316a4ae5653600418"",""export_source_row"":8226,""source_row"":41868}]",True,False,,unresolved_upstream_competing_values
USPA,USPA-0291,[28203],"[""FTIR""]",[218],"[""Ambient local""]","[0.06, 0.51]","[{""export_file"":""\/Users\/ahmadjalil\/github\/aethmodular\/research\/filter_combine\/FilterBased_ChemSpecPM25_USPA.csv"",""export_sha256"":""8d1e40d2a272970c02d9d5acef313f6579d1e36161fcf30316a4ae5653600418"",""export_source_row"":8266,""source_row"":41925},{""export_file"":""\/Users\/ahmadjalil\/github\/aethmodular\/research\/filter_combine\/FilterBased_ChemSpecPM25_USPA.csv"",""export_sha256"":""8d1e40d2a272970c02d9d5acef313f6579d1e36161fcf30316a4ae5653600418"",""export_source_row"":8267,""source_row"":41926}]",True,False,,unresolved_upstream_competing_values
USPA,USPA-0292,[28203],"[""FTIR""]",[218],"[""Ambient local""]","[0.06, 0.63]","[{""export_file"":""\/Users\/ahmadjalil\/github\/aethmodular\/research\/filter_combine\/FilterBased_ChemSpecPM25_USPA.csv"",""export_sha256"":""8d1e40d2a272970c02d9d5acef313f6579d1e36161fcf30316a4ae5653600418"",""export_source_row"":8306,""source_row"":41983},{""export_file"":""\/Users\/ahmadjalil\/github\/aethmodular\/research\/filter_combine\/FilterBased_ChemSpecPM25_USPA.csv"",""export_sha256"":""8d1e40d2a272970c02d9d5acef313f6579d1e36161fcf30316a4ae5653600418"",""export_source_row"":8307,""source_row"":41984}]",True,False,,unresolved_upstream_competing_values
USPA,USPA-0293,[28203],"[""FTIR""]",[218],"[""Ambient local""]","[0.06, 0.95]","[{""export_file"":""\/Users\/ahmadjalil\/github\/aethmodular\/research\/filter_combine\/FilterBased_ChemSpecPM25_USPA.csv"",""export_sha256"":""8d1e40d2a272970c02d9d5acef313f6579d1e36161fcf30316a4ae5653600418"",""export_source_row"":8347,""source_row"":42040},{""export_file"":""\/Users\/ahmadjalil\/github\/aethmodular\/research\/filter_combine\/FilterBased_ChemSpecPM25_USPA.csv"",""export_sha256"":""8d1e40d2a272970c02d9d5acef313f6579d1e36161fcf30316a4ae5653600418"",""export_source_row"":8348,""source_row"":42041}]",True,False,,unresolved_upstream_competing_values
USPA,USPA-0294,[28203],"[""FTIR""]",[218],"[""Ambient local""]","[0.06, 0.33]","[{""export_file"":""\/Users\/ahmadjalil\/github\/aethmodular\/research\/filter_combine\/FilterBased_ChemSpecPM25_USPA.csv"",""export_sha256"":""8d1e40d2a272970c02d9d5acef313f6579d1e36161fcf30316a4ae5653600418"",""export_source_row"":8388,""source_row"":42098},{""export_file"":""\/Users\/ahmadjalil\/github\/aethmodular\/research\/filter_combine\/FilterBased_ChemSpecPM25_USPA.csv"",""export_sha256"":""8d1e40d2a272970c02d9d5acef313f6579d1e36161fcf30316a4ae5653600418"",""export_source_row"":8389,""source_row"":42099}]",True,False,,unresolved_upstream_competing_values
USPA,USPA-0296,[28203],"[""FTIR""]",[218],"[""Ambient local""]","[0.06, 0.3]","[{""export_file"":""\/Users\/ahmadjalil\/github\/aethmodular\/research\/filter_combine\/FilterBased_ChemSpecPM25_USPA.csv"",""export_sha256"":""8d1e40d2a272970c02d9d5acef313f6579d1e36161fcf30316a4ae5653600418"",""export_source_row"":8429,""source_row"":42170},{""export_file"":""\/Users\/ahmadjalil\/github\/aethmodular\/research\/filter_combine\/FilterBased_ChemSpecPM25_USPA.csv"",""export_sha256"":""8d1e40d2a272970c02d9d5acef313f6579d1e36161fcf30316a4ae5653600418"",""export_source_row"":8430,""source_row"":42171}]",True,False,,unresolved_upstream_competing_values
USPA,USPA-0297,[28203],"[""FTIR""]",[218],"[""Ambient local""]","[0.06, 0.32]","[{""export_file"":""\/Users\/ahmadjalil\/github\/aethmodular\/research\/filter_combine\/FilterBased_ChemSpecPM25_USPA.csv"",""export_sha256"":""8d1e40d2a272970c02d9d5acef313f6579d1e36161fcf30316a4ae5653600418"",""export_source_row"":8470,""source_row"":42228},{""export_file"":""\/Users\/ahmadjalil\/github\/aethmodular\/research\/filter_combine\/FilterBased_ChemSpecPM25_USPA.csv"",""export_sha256"":""8d1e40d2a272970c02d9d5acef313f6579d1e36161fcf30316a4ae5653600418"",""export_source_row"":8471,""source_row"":42229}]",True,False,,unresolved_upstream_competing_values
USPA,USPA-0298,[28203],"[""FTIR""]",[218],"[""Ambient local""]","[0.06, 0.75]","[{""export_file"":""\/Users\/ahmadjalil\/github\/aethmodular\/research\/filter_combine\/FilterBased_ChemSpecPM25_USPA.csv"",""export_sha256"":""8d1e40d2a272970c02d9d5acef313f6579d1e36161fcf30316a4ae5653600418"",""export_source_row"":8510,""source_row"":42286},{""export_file"":""\/Users\/ahmadjalil\/github\/aethmodular\/research\/filter_combine\/FilterBased_ChemSpecPM25_USPA.csv"",""export_sha256"":""8d1e40d2a272970c02d9d5acef313f6579d1e36161fcf30316a4ae5653600418"",""export_source_row"":8511,""source_row"":42287}]",True,False,,unresolved_upstream_competing_values
USPA,USPA-0299,[28203],"[""FTIR""]",[218],"[""Ambient local""]","[0.06, 0.48]","[{""export_file"":""\/Users\/ahmadjalil\/github\/aethmodular\/research\/filter_combine\/FilterBased_ChemSpecPM25_USPA.csv"",""export_sha256"":""8d1e40d2a272970c02d9d5acef313f6579d1e36161fcf30316a4ae5653600418"",""export_source_row"":8551,""source_row"":42343},{""export_file"":""\/Users\/ahmadjalil\/github\/aethmodular\/research\/filter_combine\/FilterBased_ChemSpecPM25_USPA.csv"",""export_sha256"":""8d1e40d2a272970c02d9d5acef313f6579d1e36161fcf30316a4ae5653600418"",""export_source_row"":8552,""source_row"":42344}]",True,False,,unresolved_upstream_competing_values
USPA,USPA-0300,[28203],"[""FTIR""]",[218],"[""Ambient local""]","[0.06, 0.39]","[{""export_file"":""\/Users\/ahmadjalil\/github\/aethmodular\/research\/filter_combine\/FilterBased_ChemSpecPM25_USPA.csv"",""export_sha256"":""8d1e40d2a272970c02d9d5acef313f6579d1e36161fcf30316a4ae5653600418"",""export_source_row"":8592,""source_row"":42401},{""export_file"":""\/Users\/ahmadjalil\/github\/aethmodular\/research\/filter_combine\/FilterBased_ChemSpecPM25_USPA.csv"",""export_sha256"":""8d1e40d2a272970c02d9d5acef313f6579d1e36161fcf30316a4ae5653600418"",""export_source_row"":8593,""source_row"":42402}]",True,False,,unresolved_upstream_competing_values
USPA,USPA-0301,[28203],"[""FTIR""]",[218],"[""Ambient local""]","[0.06, 0.57]","[{""export_file"":""\/Users\/ahmadjalil\/github\/aethmodular\/research\/filter_combine\/FilterBased_ChemSpecPM25_USPA.csv"",""export_sha256"":""8d1e40d2a272970c02d9d5acef313f6579d1e36161fcf30316a4ae5653600418"",""export_source_row"":8633,""source_row"":42459},{""export_file"":""\/Users\/ahmadjalil\/github\/aethmodular\/research\/filter_combine\/FilterBased_ChemSpecPM25_USPA.csv"",""export_sha256"":""8d1e40d2a272970c02d9d5acef313f6579d1e36161fcf30316a4ae5653600418"",""export_source_row"":8634,""source_row"":42460}]",True,False,,unresolved_upstream_competing_values
USPA,USPA-0302,[28203],"[""FTIR""]",[218],"[""Ambient local""]","[0.06, 0.47]","[{""export_file"":""\/Users\/ahmadjalil\/github\/aethmodular\/research\/filter_combine\/FilterBased_ChemSpecPM25_USPA.csv"",""export_sha256"":""8d1e40d2a272970c02d9d5acef313f6579d1e36161fcf30316a4ae5653600418"",""export_source_row"":8674,""source_row"":42517},{""export_file"":""\/Users\/ahmadjalil\/github\/aethmodular\/research\/filter_combine\/FilterBased_ChemSpecPM25_USPA.csv"",""export_sha256"":""8d1e40d2a272970c02d9d5acef313f6579d1e36161fcf30316a4ae5653600418"",""export_source_row"":8675,""source_row"":42518}]",True,False,,unresolved_upstream_competing_values
USPA,USPA-0304,[28203],"[""FTIR""]",[218],"[""Ambient local""]","[0.06, 0.42]","[{""export_file"":""\/Users\/ahmadjalil\/github\/aethmodular\/research\/filter_combine\/FilterBased_ChemSpecPM25_USPA.csv"",""export_sha256"":""8d1e40d2a272970c02d9d5acef313f6579d1e36161fcf30316a4ae5653600418"",""export_source_row"":8715,""source_row"":42589},{""export_file"":""\/Users\/ahmadjalil\/github\/aethmodular\/research\/filter_combine\/FilterBased_ChemSpecPM25_USPA.csv"",""export_sha256"":""8d1e40d2a272970c02d9d5acef313f6579d1e36161fcf30316a4ae5653600418"",""export_source_row"":8716,""source_row"":42590}]",True,False,,unresolved_upstream_competing_values
USPA,USPA-0305,[28203],"[""FTIR""]",[218],"[""Ambient local""]","[0.06, 0.62]","[{""export_file"":""\/Users\/ahmadjalil\/github\/aethmodular\/research\/filter_combine\/FilterBased_ChemSpecPM25_USPA.csv"",""export_sha256"":""8d1e40d2a272970c02d9d5acef313f6579d1e36161fcf30316a4ae5653600418"",""export_source_row"":8756,""source_row"":42647},{""export_file"":""\/Users\/ahmadjalil\/github\/aethmodular\/research\/filter_combine\/FilterBased_ChemSpecPM25_USPA.csv"",""export_sha256"":""8d1e40d2a272970c02d9d5acef313f6579d1e36161fcf30316a4ae5653600418"",""export_source_row"":8757,""source_row"":42648}]",True,False,,unresolved_upstream_competing_values
USPA,USPA-0306,[28203],"[""FTIR""]",[218],"[""Ambient local""]","[0.06, 0.35]","[{""export_file"":""\/Users\/ahmadjalil\/github\/aethmodular\/research\/filter_combine\/FilterBased_ChemSpecPM25_USPA.csv"",""export_sha256"":""8d1e40d2a272970c02d9d5acef313f6579d1e36161fcf30316a4ae5653600418"",""export_source_row"":8796,""source_row"":42705},{""export_file"":""\/Users\/ahmadjalil\/github\/aethmodular\/research\/filter_combine\/FilterBased_ChemSpecPM25_USPA.csv"",""export_sha256"":""8d1e40d2a272970c02d9d5acef313f6579d1e36161fcf30316a4ae5653600418"",""export_source_row"":8797,""source_row"":42706}]",True,False,,unresolved_upstream_competing_values
USPA,USPA-0307,[28203],"[""FTIR""]",[218],"[""Ambient local""]","[0.06, 0.49]","[{""export_file"":""\/Users\/ahmadjalil\/github\/aethmodular\/research\/filter_combine\/FilterBased_ChemSpecPM25_USPA.csv"",""export_sha256"":""8d1e40d2a272970c02d9d5acef313f6579d1e36161fcf30316a4ae5653600418"",""export_source_row"":8837,""source_row"":42762},{""export_file"":""\/Users\/ahmadjalil\/github\/aethmodular\/research\/filter_combine\/FilterBased_ChemSpecPM25_USPA.csv"",""export_sha256"":""8d1e40d2a272970c02d9d5acef313f6579d1e36161fcf30316a4ae5653600418"",""export_source_row"":8838,""source_row"":42763}]",True,False,,unresolved_upstream_competing_values
USPA,USPA-0308,[28203],"[""FTIR""]",[218],"[""Ambient local""]","[0.06, 0.85]","[{""export_file"":""\/Users\/ahmadjalil\/github\/aethmodular\/research\/filter_combine\/FilterBased_ChemSpecPM25_USPA.csv"",""export_sha256"":""8d1e40d2a272970c02d9d5acef313f6579d1e36161fcf30316a4ae5653600418"",""export_source_row"":8878,""source_row"":42820},{""export_file"":""\/Users\/ahmadjalil\/github\/aethmodular\/research\/filter_combine\/FilterBased_ChemSpecPM25_USPA.csv"",""export_sha256"":""8d1e40d2a272970c02d9d5acef313f6579d1e36161fcf30316a4ae5653600418"",""export_source_row"":8879,""source_row"":42821}]",True,False,,unresolved_upstream_competing_values
USPA,USPA-0309,[28203],"[""FTIR""]",[218],"[""Ambient local""]","[0.06, 0.26]","[{""export_file"":""\/Users\/ahmadjalil\/github\/aethmodular\/research\/filter_combine\/FilterBased_ChemSpecPM25_USPA.csv"",""export_sha256"":""8d1e40d2a272970c02d9d5acef313f6579d1e36161fcf30316a4ae5653600418"",""export_source_row"":8919,""source_row"":42878},{""export_file"":""\/Users\/ahmadjalil\/github\/aethmodular\/research\/filter_combine\/FilterBased_ChemSpecPM25_USPA.csv"",""export_sha256"":""8d1e40d2a272970c02d9d5acef313f6579d1e36161fcf30316a4ae5653600418"",""export_source_row"":8920,""source_row"":42879}]",True,False,,unresolved_upstream_competing_values
USPA,USPA-0310,[28203],"[""FTIR""]",[218],"[""Ambient local""]","[0.06, 0.43]","[{""export_file"":""\/Users\/ahmadjalil\/github\/aethmodular\/research\/filter_combine\/FilterBased_ChemSpecPM25_USPA.csv"",""export_sha256"":""8d1e40d2a272970c02d9d5acef313f6579d1e36161fcf30316a4ae5653600418"",""export_source_row"":8960,""source_row"":42936},{""export_file"":""\/Users\/ahmadjalil\/github\/aethmodular\/research\/filter_combine\/FilterBased_ChemSpecPM25_USPA.csv"",""export_sha256"":""8d1e40d2a272970c02d9d5acef313f6579d1e36161fcf30316a4ae5653600418"",""export_source_row"":8961,""source_row"":42937}]",True,False,,unresolved_upstream_competing_values
USPA,USPA-0312,[28203],"[""FTIR""]",[218],"[""Ambient local""]","[0.06, 0.5]","[{""export_file"":""\/Users\/ahmadjalil\/github\/aethmodular\/research\/filter_combine\/FilterBased_ChemSpecPM25_USPA.csv"",""export_sha256"":""8d1e40d2a272970c02d9d5acef313f6579d1e36161fcf30316a4ae5653600418"",""export_source_row"":9001,""source_row"":43008},{""export_file"":""\/Users\/ahmadjalil\/github\/aethmodular\/research\/filter_combine\/FilterBased_ChemSpecPM25_USPA.csv"",""export_sha256"":""8d1e40d2a272970c02d9d5acef313f6579d1e36161fcf30316a4ae5653600418"",""export_source_row"":9002,""source_row"":43009}]",True,False,,unresolved_upstream_competing_values
