source_row,Site,Latitude_unified,Longitude_unified,Barcode,FilterId_unified,SampleDate,FilterType,LotId,AnalysisDate,AnalysisTime,CalibrationSetId,DepositArea_cm2,Volume_m3,Parameter,MassLoading_ug,Concentration,MDL_unified,Uncertainty,FilterComments,DataSource,Concentration_Units,MDL_Units,MassLoading_Units,base_filter_id,parsed_date,value_key,mdl_key,export_source_row,Site_Code,Latitude_export,Longitude_export,Elevation_meters,Filter_ID,Start_Year_local,Start_Month_local,Start_Day_local,Start_hour_local,End_Year_local,End_Month_local,End_Day_local,End_hour_local,Hours_sampled,Parameter_Code,Parameter_Name,Value,Units,Analytical_MDL,MDL_export,UNC,Method_Code,Collection_Description,Analysis_Description,Conditions,Flag,export_file,export_sha256,export_header,FilterId_export,method_key,source_value_match,source_mdl_match,interpretation,authoritative_value_selected,historical_importer_commit,historical_importer_sha256
4606,CHTS,40.004,116.326,,CHTS-0562,2019-05-08,PM2.5,,,,ChemSpec_217,,,ChemSpec_EC_PM2.5,,2.78,,,PH; SGP,ChemSpec,ug/m3,ug/m3,,CHTS-0562,2019-05-08,2.78,,4632,CHTS,40.004,116.326,92.0,CHTS-0562,2019,5,8,9.0,2019,5,16,9.0,24.0,28203,EC PM2.5,2.78,Micrograms per cubic meter (ug/m3),,,,217,AirPhoton SS5i Sampler with BGI cyclone inlet and 25mm stretched Teflon filter,FTIR,Ambient local,PH; SGP,/Users/ahmadjalil/github/aethmodular/research/filter_combine/FilterBased_ChemSpecPM25_CHTS.csv,ec9a6c24308cb050a58472350a75689bc865751b1ac784a2f02e7bd56cedae61,"# File Updated: 2025-07-29
# Data version 3.0
# Site: Beijing, China",CHTS-0562,ChemSpec_217,True,True,both competing concentration values already present in earlier CSV; upstream role unresolved,False,c91542c705254dd7e7e7271bc36789388d225dc3,a6fda4ea34e7c6d5f3c058ccd56e23d36c2afe07fee3dd8ee9072a80eeae197f
4648,CHTS,40.004,116.326,,CHTS-0563,2019-05-17,PM2.5,,,,ChemSpec_217,,,ChemSpec_EC_PM2.5,,2.19,,,PH; SGP,ChemSpec,ug/m3,ug/m3,,CHTS-0563,2019-05-17,2.19,,4674,CHTS,40.004,116.326,92.0,CHTS-0563,2019,5,17,9.0,2019,5,25,9.0,24.0,28203,EC PM2.5,2.19,Micrograms per cubic meter (ug/m3),,,,217,AirPhoton SS5i Sampler with BGI cyclone inlet and 25mm stretched Teflon filter,FTIR,Ambient local,PH; SGP,/Users/ahmadjalil/github/aethmodular/research/filter_combine/FilterBased_ChemSpecPM25_CHTS.csv,ec9a6c24308cb050a58472350a75689bc865751b1ac784a2f02e7bd56cedae61,"# File Updated: 2025-07-29
# Data version 3.0
# Site: Beijing, China",CHTS-0563,ChemSpec_217,True,True,both competing concentration values already present in earlier CSV; upstream role unresolved,False,c91542c705254dd7e7e7271bc36789388d225dc3,a6fda4ea34e7c6d5f3c058ccd56e23d36c2afe07fee3dd8ee9072a80eeae197f
4689,CHTS,40.004,116.326,,CHTS-0565,2019-05-26,PM2.5,,,,ChemSpec_217,,,ChemSpec_EC_PM2.5,,1.52,,,PH; SGP,ChemSpec,ug/m3,ug/m3,,CHTS-0565,2019-05-26,1.52,,4715,CHTS,40.004,116.326,92.0,CHTS-0565,2019,5,26,9.0,2019,6,3,9.0,24.0,28203,EC PM2.5,1.52,Micrograms per cubic meter (ug/m3),,,,217,AirPhoton SS5i Sampler with BGI cyclone inlet and 25mm stretched Teflon filter,FTIR,Ambient local,PH; SGP,/Users/ahmadjalil/github/aethmodular/research/filter_combine/FilterBased_ChemSpecPM25_CHTS.csv,ec9a6c24308cb050a58472350a75689bc865751b1ac784a2f02e7bd56cedae61,"# File Updated: 2025-07-29
# Data version 3.0
# Site: Beijing, China",CHTS-0565,ChemSpec_217,True,True,both competing concentration values already present in earlier CSV; upstream role unresolved,False,c91542c705254dd7e7e7271bc36789388d225dc3,a6fda4ea34e7c6d5f3c058ccd56e23d36c2afe07fee3dd8ee9072a80eeae197f
4731,CHTS,40.004,116.326,,CHTS-0566,2019-06-04,PM2.5,,,,ChemSpec_217,,,ChemSpec_EC_PM2.5,,2.36,,,PH; SGP,ChemSpec,ug/m3,ug/m3,,CHTS-0566,2019-06-04,2.36,,4756,CHTS,40.004,116.326,92.0,CHTS-0566,2019,6,4,9.0,2019,6,12,9.0,24.0,28203,EC PM2.5,2.36,Micrograms per cubic meter (ug/m3),,,,217,AirPhoton SS5i Sampler with BGI cyclone inlet and 25mm stretched Teflon filter,FTIR,Ambient local,PH; SGP,/Users/ahmadjalil/github/aethmodular/research/filter_combine/FilterBased_ChemSpecPM25_CHTS.csv,ec9a6c24308cb050a58472350a75689bc865751b1ac784a2f02e7bd56cedae61,"# File Updated: 2025-07-29
# Data version 3.0
# Site: Beijing, China",CHTS-0566,ChemSpec_217,True,True,both competing concentration values already present in earlier CSV; upstream role unresolved,False,c91542c705254dd7e7e7271bc36789388d225dc3,a6fda4ea34e7c6d5f3c058ccd56e23d36c2afe07fee3dd8ee9072a80eeae197f
4772,CHTS,40.004,116.326,,CHTS-0567,2019-06-13,PM2.5,,,,ChemSpec_217,,,ChemSpec_EC_PM2.5,,2.4,,,PH; SGP,ChemSpec,ug/m3,ug/m3,,CHTS-0567,2019-06-13,2.4,,4797,CHTS,40.004,116.326,92.0,CHTS-0567,2019,6,13,9.0,2019,6,21,9.0,24.0,28203,EC PM2.5,2.4,Micrograms per cubic meter (ug/m3),,,,217,AirPhoton SS5i Sampler with BGI cyclone inlet and 25mm stretched Teflon filter,FTIR,Ambient local,PH; SGP,/Users/ahmadjalil/github/aethmodular/research/filter_combine/FilterBased_ChemSpecPM25_CHTS.csv,ec9a6c24308cb050a58472350a75689bc865751b1ac784a2f02e7bd56cedae61,"# File Updated: 2025-07-29
# Data version 3.0
# Site: Beijing, China",CHTS-0567,ChemSpec_217,True,True,both competing concentration values already present in earlier CSV; upstream role unresolved,False,c91542c705254dd7e7e7271bc36789388d225dc3,a6fda4ea34e7c6d5f3c058ccd56e23d36c2afe07fee3dd8ee9072a80eeae197f
4813,CHTS,40.004,116.326,,CHTS-0570,2019-07-16,PM2.5,,,,ChemSpec_217,,,ChemSpec_EC_PM2.5,,2.52,,,PH; SGP,ChemSpec,ug/m3,ug/m3,,CHTS-0570,2019-07-16,2.52,,4838,CHTS,40.004,116.326,92.0,CHTS-0570,2019,7,16,9.0,2019,7,24,9.0,24.0,28203,EC PM2.5,2.52,Micrograms per cubic meter (ug/m3),,,,217,AirPhoton SS5i Sampler with BGI cyclone inlet and 25mm stretched Teflon filter,FTIR,Ambient local,PH; SGP,/Users/ahmadjalil/github/aethmodular/research/filter_combine/FilterBased_ChemSpecPM25_CHTS.csv,ec9a6c24308cb050a58472350a75689bc865751b1ac784a2f02e7bd56cedae61,"# File Updated: 2025-07-29
# Data version 3.0
# Site: Beijing, China",CHTS-0570,ChemSpec_217,True,True,both competing concentration values already present in earlier CSV; upstream role unresolved,False,c91542c705254dd7e7e7271bc36789388d225dc3,a6fda4ea34e7c6d5f3c058ccd56e23d36c2afe07fee3dd8ee9072a80eeae197f
4854,CHTS,40.004,116.326,,CHTS-0571,2019-07-25,PM2.5,,,,ChemSpec_217,,,ChemSpec_EC_PM2.5,,1.77,,,PH; SGP,ChemSpec,ug/m3,ug/m3,,CHTS-0571,2019-07-25,1.77,,4879,CHTS,40.004,116.326,92.0,CHTS-0571,2019,7,25,9.0,2019,8,2,9.0,24.0,28203,EC PM2.5,1.77,Micrograms per cubic meter (ug/m3),,,,217,AirPhoton SS5i Sampler with BGI cyclone inlet and 25mm stretched Teflon filter,FTIR,Ambient local,PH; SGP,/Users/ahmadjalil/github/aethmodular/research/filter_combine/FilterBased_ChemSpecPM25_CHTS.csv,ec9a6c24308cb050a58472350a75689bc865751b1ac784a2f02e7bd56cedae61,"# File Updated: 2025-07-29
# Data version 3.0
# Site: Beijing, China",CHTS-0571,ChemSpec_217,True,True,both competing concentration values already present in earlier CSV; upstream role unresolved,False,c91542c705254dd7e7e7271bc36789388d225dc3,a6fda4ea34e7c6d5f3c058ccd56e23d36c2afe07fee3dd8ee9072a80eeae197f
4895,CHTS,40.004,116.326,,CHTS-0572,2019-08-03,PM2.5,,,,ChemSpec_217,,,ChemSpec_EC_PM2.5,,2.29,,,PH; SGP,ChemSpec,ug/m3,ug/m3,,CHTS-0572,2019-08-03,2.29,,4920,CHTS,40.004,116.326,92.0,CHTS-0572,2019,8,3,9.0,2019,8,11,9.0,24.0,28203,EC PM2.5,2.29,Micrograms per cubic meter (ug/m3),,,,217,AirPhoton SS5i Sampler with BGI cyclone inlet and 25mm stretched Teflon filter,FTIR,Ambient local,PH; SGP,/Users/ahmadjalil/github/aethmodular/research/filter_combine/FilterBased_ChemSpecPM25_CHTS.csv,ec9a6c24308cb050a58472350a75689bc865751b1ac784a2f02e7bd56cedae61,"# File Updated: 2025-07-29
# Data version 3.0
# Site: Beijing, China",CHTS-0572,ChemSpec_217,True,True,both competing concentration values already present in earlier CSV; upstream role unresolved,False,c91542c705254dd7e7e7271bc36789388d225dc3,a6fda4ea34e7c6d5f3c058ccd56e23d36c2afe07fee3dd8ee9072a80eeae197f
4936,CHTS,40.004,116.326,,CHTS-0573,2019-08-12,PM2.5,,,,ChemSpec_217,,,ChemSpec_EC_PM2.5,,1.5,,,PH; SGP,ChemSpec,ug/m3,ug/m3,,CHTS-0573,2019-08-12,1.5,,4961,CHTS,40.004,116.326,92.0,CHTS-0573,2019,8,12,9.0,2019,8,20,9.0,24.0,28203,EC PM2.5,1.5,Micrograms per cubic meter (ug/m3),,,,217,AirPhoton SS5i Sampler with BGI cyclone inlet and 25mm stretched Teflon filter,FTIR,Ambient local,PH; SGP,/Users/ahmadjalil/github/aethmodular/research/filter_combine/FilterBased_ChemSpecPM25_CHTS.csv,ec9a6c24308cb050a58472350a75689bc865751b1ac784a2f02e7bd56cedae61,"# File Updated: 2025-07-29
# Data version 3.0
# Site: Beijing, China",CHTS-0573,ChemSpec_217,True,True,both competing concentration values already present in earlier CSV; upstream role unresolved,False,c91542c705254dd7e7e7271bc36789388d225dc3,a6fda4ea34e7c6d5f3c058ccd56e23d36c2afe07fee3dd8ee9072a80eeae197f
4977,CHTS,40.004,116.326,,CHTS-0574,2019-08-21,PM2.5,,,,ChemSpec_217,,,ChemSpec_EC_PM2.5,,1.31,,,PH; SGP,ChemSpec,ug/m3,ug/m3,,CHTS-0574,2019-08-21,1.31,,5003,CHTS,40.004,116.326,92.0,CHTS-0574,2019,8,21,9.0,2019,8,29,9.0,24.0,28203,EC PM2.5,1.31,Micrograms per cubic meter (ug/m3),,,,217,AirPhoton SS5i Sampler with BGI cyclone inlet and 25mm stretched Teflon filter,FTIR,Ambient local,PH; SGP,/Users/ahmadjalil/github/aethmodular/research/filter_combine/FilterBased_ChemSpecPM25_CHTS.csv,ec9a6c24308cb050a58472350a75689bc865751b1ac784a2f02e7bd56cedae61,"# File Updated: 2025-07-29
# Data version 3.0
# Site: Beijing, China",CHTS-0574,ChemSpec_217,True,True,both competing concentration values already present in earlier CSV; upstream role unresolved,False,c91542c705254dd7e7e7271bc36789388d225dc3,a6fda4ea34e7c6d5f3c058ccd56e23d36c2afe07fee3dd8ee9072a80eeae197f
5019,CHTS,40.004,116.326,,CHTS-0575,2019-08-30,PM2.5,,,,ChemSpec_217,,,ChemSpec_EC_PM2.5,,2.42,,,PH; SGP,ChemSpec,ug/m3,ug/m3,,CHTS-0575,2019-08-30,2.42,,5044,CHTS,40.004,116.326,92.0,CHTS-0575,2019,8,30,9.0,2019,9,7,9.0,24.0,28203,EC PM2.5,2.42,Micrograms per cubic meter (ug/m3),,,,217,AirPhoton SS5i Sampler with BGI cyclone inlet and 25mm stretched Teflon filter,FTIR,Ambient local,PH; SGP,/Users/ahmadjalil/github/aethmodular/research/filter_combine/FilterBased_ChemSpecPM25_CHTS.csv,ec9a6c24308cb050a58472350a75689bc865751b1ac784a2f02e7bd56cedae61,"# File Updated: 2025-07-29
# Data version 3.0
# Site: Beijing, China",CHTS-0575,ChemSpec_217,True,True,both competing concentration values already present in earlier CSV; upstream role unresolved,False,c91542c705254dd7e7e7271bc36789388d225dc3,a6fda4ea34e7c6d5f3c058ccd56e23d36c2afe07fee3dd8ee9072a80eeae197f
5059,CHTS,40.004,116.326,,CHTS-0594,2020-03-24,PM2.5,,,,ChemSpec_217,,,ChemSpec_EC_PM2.5,,3.71,,,VCT,ChemSpec,ug/m3,ug/m3,,CHTS-0594,2020-03-24,3.71,,5082,CHTS,40.004,116.326,92.0,CHTS-0594,2020,3,24,9.0,2020,4,1,9.0,24.0,28203,EC PM2.5,3.71,Micrograms per cubic meter (ug/m3),,,,217,AirPhoton SS5i Sampler with BGI cyclone inlet and 25mm stretched Teflon filter,FTIR,Ambient local,VCT,/Users/ahmadjalil/github/aethmodular/research/filter_combine/FilterBased_ChemSpecPM25_CHTS.csv,ec9a6c24308cb050a58472350a75689bc865751b1ac784a2f02e7bd56cedae61,"# File Updated: 2025-07-29
# Data version 3.0
# Site: Beijing, China",CHTS-0594,ChemSpec_217,True,True,both competing concentration values already present in earlier CSV; upstream role unresolved,False,c91542c705254dd7e7e7271bc36789388d225dc3,a6fda4ea34e7c6d5f3c058ccd56e23d36c2afe07fee3dd8ee9072a80eeae197f
5097,CHTS,40.004,116.326,,CHTS-0595,2020-04-02,PM2.5,,,,ChemSpec_217,,,ChemSpec_EC_PM2.5,,1.73,,,,ChemSpec,ug/m3,ug/m3,,CHTS-0595,2020-04-02,1.73,,5120,CHTS,40.004,116.326,92.0,CHTS-0595,2020,4,2,9.0,2020,4,10,9.0,24.0,28203,EC PM2.5,1.73,Micrograms per cubic meter (ug/m3),,,,217,AirPhoton SS5i Sampler with BGI cyclone inlet and 25mm stretched Teflon filter,FTIR,Ambient local,,/Users/ahmadjalil/github/aethmodular/research/filter_combine/FilterBased_ChemSpecPM25_CHTS.csv,ec9a6c24308cb050a58472350a75689bc865751b1ac784a2f02e7bd56cedae61,"# File Updated: 2025-07-29
# Data version 3.0
# Site: Beijing, China",CHTS-0595,ChemSpec_217,True,True,both competing concentration values already present in earlier CSV; upstream role unresolved,False,c91542c705254dd7e7e7271bc36789388d225dc3,a6fda4ea34e7c6d5f3c058ccd56e23d36c2afe07fee3dd8ee9072a80eeae197f
5135,CHTS,40.004,116.326,,CHTS-0596,2020-04-11,PM2.5,,,,ChemSpec_217,,,ChemSpec_EC_PM2.5,,1.63,,,,ChemSpec,ug/m3,ug/m3,,CHTS-0596,2020-04-11,1.63,,5158,CHTS,40.004,116.326,92.0,CHTS-0596,2020,4,11,9.0,2020,4,19,9.0,24.0,28203,EC PM2.5,1.63,Micrograms per cubic meter (ug/m3),,,,217,AirPhoton SS5i Sampler with BGI cyclone inlet and 25mm stretched Teflon filter,FTIR,Ambient local,,/Users/ahmadjalil/github/aethmodular/research/filter_combine/FilterBased_ChemSpecPM25_CHTS.csv,ec9a6c24308cb050a58472350a75689bc865751b1ac784a2f02e7bd56cedae61,"# File Updated: 2025-07-29
# Data version 3.0
# Site: Beijing, China",CHTS-0596,ChemSpec_217,True,True,both competing concentration values already present in earlier CSV; upstream role unresolved,False,c91542c705254dd7e7e7271bc36789388d225dc3,a6fda4ea34e7c6d5f3c058ccd56e23d36c2afe07fee3dd8ee9072a80eeae197f
5173,CHTS,40.004,116.326,,CHTS-0597,2020-04-20,PM2.5,,,,ChemSpec_217,,,ChemSpec_EC_PM2.5,,0.98,,,,ChemSpec,ug/m3,ug/m3,,CHTS-0597,2020-04-20,0.98,,5196,CHTS,40.004,116.326,92.0,CHTS-0597,2020,4,20,9.0,2020,4,28,9.0,24.0,28203,EC PM2.5,0.98,Micrograms per cubic meter (ug/m3),,,,217,AirPhoton SS5i Sampler with BGI cyclone inlet and 25mm stretched Teflon filter,FTIR,Ambient local,,/Users/ahmadjalil/github/aethmodular/research/filter_combine/FilterBased_ChemSpecPM25_CHTS.csv,ec9a6c24308cb050a58472350a75689bc865751b1ac784a2f02e7bd56cedae61,"# File Updated: 2025-07-29
# Data version 3.0
# Site: Beijing, China",CHTS-0597,ChemSpec_217,True,True,both competing concentration values already present in earlier CSV; upstream role unresolved,False,c91542c705254dd7e7e7271bc36789388d225dc3,a6fda4ea34e7c6d5f3c058ccd56e23d36c2afe07fee3dd8ee9072a80eeae197f
5211,CHTS,40.004,116.326,,CHTS-0598,2020-04-29,PM2.5,,,,ChemSpec_217,,,ChemSpec_EC_PM2.5,,4.38,,,,ChemSpec,ug/m3,ug/m3,,CHTS-0598,2020-04-29,4.38,,5234,CHTS,40.004,116.326,92.0,CHTS-0598,2020,4,29,9.0,2020,5,7,9.0,24.0,28203,EC PM2.5,4.38,Micrograms per cubic meter (ug/m3),,,,217,AirPhoton SS5i Sampler with BGI cyclone inlet and 25mm stretched Teflon filter,FTIR,Ambient local,,/Users/ahmadjalil/github/aethmodular/research/filter_combine/FilterBased_ChemSpecPM25_CHTS.csv,ec9a6c24308cb050a58472350a75689bc865751b1ac784a2f02e7bd56cedae61,"# File Updated: 2025-07-29
# Data version 3.0
# Site: Beijing, China",CHTS-0598,ChemSpec_217,True,True,both competing concentration values already present in earlier CSV; upstream role unresolved,False,c91542c705254dd7e7e7271bc36789388d225dc3,a6fda4ea34e7c6d5f3c058ccd56e23d36c2afe07fee3dd8ee9072a80eeae197f
5249,CHTS,40.004,116.326,,CHTS-0599,2020-05-08,PM2.5,,,,ChemSpec_217,,,ChemSpec_EC_PM2.5,,1.5,,,,ChemSpec,ug/m3,ug/m3,,CHTS-0599,2020-05-08,1.5,,5272,CHTS,40.004,116.326,92.0,CHTS-0599,2020,5,8,9.0,2020,5,16,9.0,24.0,28203,EC PM2.5,1.5,Micrograms per cubic meter (ug/m3),,,,217,AirPhoton SS5i Sampler with BGI cyclone inlet and 25mm stretched Teflon filter,FTIR,Ambient local,,/Users/ahmadjalil/github/aethmodular/research/filter_combine/FilterBased_ChemSpecPM25_CHTS.csv,ec9a6c24308cb050a58472350a75689bc865751b1ac784a2f02e7bd56cedae61,"# File Updated: 2025-07-29
# Data version 3.0
# Site: Beijing, China",CHTS-0599,ChemSpec_217,True,True,both competing concentration values already present in earlier CSV; upstream role unresolved,False,c91542c705254dd7e7e7271bc36789388d225dc3,a6fda4ea34e7c6d5f3c058ccd56e23d36c2afe07fee3dd8ee9072a80eeae197f
5287,CHTS,40.004,116.326,,CHTS-0610,2020-08-21,PM2.5,,,,ChemSpec_217,,,ChemSpec_EC_PM2.5,,3.15,,,,ChemSpec,ug/m3,ug/m3,,CHTS-0610,2020-08-21,3.15,,5310,CHTS,40.004,116.326,92.0,CHTS-0610,2020,8,21,9.0,2020,8,29,9.0,24.0,28203,EC PM2.5,3.15,Micrograms per cubic meter (ug/m3),,,,217,AirPhoton SS5i Sampler with BGI cyclone inlet and 25mm stretched Teflon filter,FTIR,Ambient local,,/Users/ahmadjalil/github/aethmodular/research/filter_combine/FilterBased_ChemSpecPM25_CHTS.csv,ec9a6c24308cb050a58472350a75689bc865751b1ac784a2f02e7bd56cedae61,"# File Updated: 2025-07-29
# Data version 3.0
# Site: Beijing, China",CHTS-0610,ChemSpec_217,True,True,both competing concentration values already present in earlier CSV; upstream role unresolved,False,c91542c705254dd7e7e7271bc36789388d225dc3,a6fda4ea34e7c6d5f3c058ccd56e23d36c2afe07fee3dd8ee9072a80eeae197f
5325,CHTS,40.004,116.326,,CHTS-0611,2020-08-30,PM2.5,,,,ChemSpec_217,,,ChemSpec_EC_PM2.5,,1.52,,,,ChemSpec,ug/m3,ug/m3,,CHTS-0611,2020-08-30,1.52,,5348,CHTS,40.004,116.326,92.0,CHTS-0611,2020,8,30,9.0,2020,9,7,9.0,24.0,28203,EC PM2.5,1.52,Micrograms per cubic meter (ug/m3),,,,217,AirPhoton SS5i Sampler with BGI cyclone inlet and 25mm stretched Teflon filter,FTIR,Ambient local,,/Users/ahmadjalil/github/aethmodular/research/filter_combine/FilterBased_ChemSpecPM25_CHTS.csv,ec9a6c24308cb050a58472350a75689bc865751b1ac784a2f02e7bd56cedae61,"# File Updated: 2025-07-29
# Data version 3.0
# Site: Beijing, China",CHTS-0611,ChemSpec_217,True,True,both competing concentration values already present in earlier CSV; upstream role unresolved,False,c91542c705254dd7e7e7271bc36789388d225dc3,a6fda4ea34e7c6d5f3c058ccd56e23d36c2afe07fee3dd8ee9072a80eeae197f
5363,CHTS,40.004,116.326,,CHTS-0612,2020-09-08,PM2.5,,,,ChemSpec_217,,,ChemSpec_EC_PM2.5,,1.06,,,PH; SGP; SUS,ChemSpec,ug/m3,ug/m3,,CHTS-0612,2020-09-08,1.06,,5387,CHTS,40.004,116.326,92.0,CHTS-0612,2020,9,8,9.0,2020,9,16,9.0,24.0,28203,EC PM2.5,1.06,Micrograms per cubic meter (ug/m3),,,,217,AirPhoton SS5i Sampler with BGI cyclone inlet and 25mm stretched Teflon filter,FTIR,Ambient local,PH; SGP; SUS,/Users/ahmadjalil/github/aethmodular/research/filter_combine/FilterBased_ChemSpecPM25_CHTS.csv,ec9a6c24308cb050a58472350a75689bc865751b1ac784a2f02e7bd56cedae61,"# File Updated: 2025-07-29
# Data version 3.0
# Site: Beijing, China",CHTS-0612,ChemSpec_217,True,True,both competing concentration values already present in earlier CSV; upstream role unresolved,False,c91542c705254dd7e7e7271bc36789388d225dc3,a6fda4ea34e7c6d5f3c058ccd56e23d36c2afe07fee3dd8ee9072a80eeae197f
5402,CHTS,40.004,116.326,,CHTS-0613,2020-09-17,PM2.5,,,,ChemSpec_217,,,ChemSpec_EC_PM2.5,,1.8,,,,ChemSpec,ug/m3,ug/m3,,CHTS-0613,2020-09-17,1.8,,5425,CHTS,40.004,116.326,92.0,CHTS-0613,2020,9,17,9.0,2020,9,25,9.0,24.0,28203,EC PM2.5,1.8,Micrograms per cubic meter (ug/m3),,,,217,AirPhoton SS5i Sampler with BGI cyclone inlet and 25mm stretched Teflon filter,FTIR,Ambient local,,/Users/ahmadjalil/github/aethmodular/research/filter_combine/FilterBased_ChemSpecPM25_CHTS.csv,ec9a6c24308cb050a58472350a75689bc865751b1ac784a2f02e7bd56cedae61,"# File Updated: 2025-07-29
# Data version 3.0
# Site: Beijing, China",CHTS-0613,ChemSpec_217,True,True,both competing concentration values already present in earlier CSV; upstream role unresolved,False,c91542c705254dd7e7e7271bc36789388d225dc3,a6fda4ea34e7c6d5f3c058ccd56e23d36c2afe07fee3dd8ee9072a80eeae197f
5440,CHTS,40.004,116.326,,CHTS-0614,2020-09-26,PM2.5,,,,ChemSpec_217,,,ChemSpec_EC_PM2.5,,1.82,,,,ChemSpec,ug/m3,ug/m3,,CHTS-0614,2020-09-26,1.82,,5463,CHTS,40.004,116.326,92.0,CHTS-0614,2020,9,26,9.0,2020,10,4,9.0,24.0,28203,EC PM2.5,1.82,Micrograms per cubic meter (ug/m3),,,,217,AirPhoton SS5i Sampler with BGI cyclone inlet and 25mm stretched Teflon filter,FTIR,Ambient local,,/Users/ahmadjalil/github/aethmodular/research/filter_combine/FilterBased_ChemSpecPM25_CHTS.csv,ec9a6c24308cb050a58472350a75689bc865751b1ac784a2f02e7bd56cedae61,"# File Updated: 2025-07-29
# Data version 3.0
# Site: Beijing, China",CHTS-0614,ChemSpec_217,True,True,both competing concentration values already present in earlier CSV; upstream role unresolved,False,c91542c705254dd7e7e7271bc36789388d225dc3,a6fda4ea34e7c6d5f3c058ccd56e23d36c2afe07fee3dd8ee9072a80eeae197f
5478,CHTS,40.004,116.326,,CHTS-0615,2020-10-05,PM2.5,,,,ChemSpec_217,,,ChemSpec_EC_PM2.5,,5.86,,,SGP; SUS,ChemSpec,ug/m3,ug/m3,,CHTS-0615,2020-10-05,5.86,,5501,CHTS,40.004,116.326,92.0,CHTS-0615,2020,10,5,9.0,2020,10,12,9.0,24.0,28203,EC PM2.5,5.86,Micrograms per cubic meter (ug/m3),,,,217,AirPhoton SS5i Sampler with BGI cyclone inlet and 25mm stretched Teflon filter,FTIR,Ambient local,SGP; SUS,/Users/ahmadjalil/github/aethmodular/research/filter_combine/FilterBased_ChemSpecPM25_CHTS.csv,ec9a6c24308cb050a58472350a75689bc865751b1ac784a2f02e7bd56cedae61,"# File Updated: 2025-07-29
# Data version 3.0
# Site: Beijing, China",CHTS-0615,ChemSpec_217,True,True,both competing concentration values already present in earlier CSV; upstream role unresolved,False,c91542c705254dd7e7e7271bc36789388d225dc3,a6fda4ea34e7c6d5f3c058ccd56e23d36c2afe07fee3dd8ee9072a80eeae197f
5627,CHTS,40.004,116.326,,CHTS-0650,2022-04-23,PM2.5,,,,ChemSpec_217,,,ChemSpec_EC_PM2.5,,1.35,,,PH,ChemSpec,ug/m3,ug/m3,,CHTS-0650,2022-04-23,1.35,,5650,CHTS,40.004,116.326,92.0,CHTS-0650,2022,4,23,9.0,2022,5,1,9.0,24.0,28203,EC PM2.5,1.35,Micrograms per cubic meter (ug/m3),,,,217,AirPhoton SS5i Sampler with BGI cyclone inlet and 25mm stretched Teflon filter,FTIR,Ambient local,PH,/Users/ahmadjalil/github/aethmodular/research/filter_combine/FilterBased_ChemSpecPM25_CHTS.csv,ec9a6c24308cb050a58472350a75689bc865751b1ac784a2f02e7bd56cedae61,"# File Updated: 2025-07-29
# Data version 3.0
# Site: Beijing, China",CHTS-0650,ChemSpec_217,True,True,both competing concentration values already present in earlier CSV; upstream role unresolved,False,c91542c705254dd7e7e7271bc36789388d225dc3,a6fda4ea34e7c6d5f3c058ccd56e23d36c2afe07fee3dd8ee9072a80eeae197f
5665,CHTS,40.004,116.326,,CHTS-0651,2022-05-02,PM2.5,,,,ChemSpec_217,,,ChemSpec_EC_PM2.5,,1.82,,,,ChemSpec,ug/m3,ug/m3,,CHTS-0651,2022-05-02,1.82,,5688,CHTS,40.004,116.326,92.0,CHTS-0651,2022,5,2,9.0,2022,5,10,9.0,24.0,28203,EC PM2.5,1.82,Micrograms per cubic meter (ug/m3),,,,217,AirPhoton SS5i Sampler with BGI cyclone inlet and 25mm stretched Teflon filter,FTIR,Ambient local,,/Users/ahmadjalil/github/aethmodular/research/filter_combine/FilterBased_ChemSpecPM25_CHTS.csv,ec9a6c24308cb050a58472350a75689bc865751b1ac784a2f02e7bd56cedae61,"# File Updated: 2025-07-29
# Data version 3.0
# Site: Beijing, China",CHTS-0651,ChemSpec_217,True,True,both competing concentration values already present in earlier CSV; upstream role unresolved,False,c91542c705254dd7e7e7271bc36789388d225dc3,a6fda4ea34e7c6d5f3c058ccd56e23d36c2afe07fee3dd8ee9072a80eeae197f
5703,CHTS,40.004,116.326,,CHTS-0652,2022-05-11,PM2.5,,,,ChemSpec_217,,,ChemSpec_EC_PM2.5,,1.49,,,,ChemSpec,ug/m3,ug/m3,,CHTS-0652,2022-05-11,1.49,,5727,CHTS,40.004,116.326,92.0,CHTS-0652,2022,5,11,9.0,2022,5,19,9.0,24.0,28203,EC PM2.5,1.49,Micrograms per cubic meter (ug/m3),,,,217,AirPhoton SS5i Sampler with BGI cyclone inlet and 25mm stretched Teflon filter,FTIR,Ambient local,,/Users/ahmadjalil/github/aethmodular/research/filter_combine/FilterBased_ChemSpecPM25_CHTS.csv,ec9a6c24308cb050a58472350a75689bc865751b1ac784a2f02e7bd56cedae61,"# File Updated: 2025-07-29
# Data version 3.0
# Site: Beijing, China",CHTS-0652,ChemSpec_217,True,True,both competing concentration values already present in earlier CSV; upstream role unresolved,False,c91542c705254dd7e7e7271bc36789388d225dc3,a6fda4ea34e7c6d5f3c058ccd56e23d36c2afe07fee3dd8ee9072a80eeae197f
5742,CHTS,40.004,116.326,,CHTS-0653,2022-05-20,PM2.5,,,,ChemSpec_217,,,ChemSpec_EC_PM2.5,,1.6,,,,ChemSpec,ug/m3,ug/m3,,CHTS-0653,2022-05-20,1.6,,5766,CHTS,40.004,116.326,92.0,CHTS-0653,2022,5,20,9.0,2022,5,28,9.0,24.0,28203,EC PM2.5,1.6,Micrograms per cubic meter (ug/m3),,,,217,AirPhoton SS5i Sampler with BGI cyclone inlet and 25mm stretched Teflon filter,FTIR,Ambient local,,/Users/ahmadjalil/github/aethmodular/research/filter_combine/FilterBased_ChemSpecPM25_CHTS.csv,ec9a6c24308cb050a58472350a75689bc865751b1ac784a2f02e7bd56cedae61,"# File Updated: 2025-07-29
# Data version 3.0
# Site: Beijing, China",CHTS-0653,ChemSpec_217,True,True,both competing concentration values already present in earlier CSV; upstream role unresolved,False,c91542c705254dd7e7e7271bc36789388d225dc3,a6fda4ea34e7c6d5f3c058ccd56e23d36c2afe07fee3dd8ee9072a80eeae197f
5781,CHTS,40.004,116.326,,CHTS-0654,2022-05-29,PM2.5,,,,ChemSpec_217,,,ChemSpec_EC_PM2.5,,1.15,,,,ChemSpec,ug/m3,ug/m3,,CHTS-0654,2022-05-29,1.15,,5805,CHTS,40.004,116.326,92.0,CHTS-0654,2022,5,29,9.0,2022,6,6,9.0,24.0,28203,EC PM2.5,1.15,Micrograms per cubic meter (ug/m3),,,,217,AirPhoton SS5i Sampler with BGI cyclone inlet and 25mm stretched Teflon filter,FTIR,Ambient local,,/Users/ahmadjalil/github/aethmodular/research/filter_combine/FilterBased_ChemSpecPM25_CHTS.csv,ec9a6c24308cb050a58472350a75689bc865751b1ac784a2f02e7bd56cedae61,"# File Updated: 2025-07-29
# Data version 3.0
# Site: Beijing, China",CHTS-0654,ChemSpec_217,True,True,both competing concentration values already present in earlier CSV; upstream role unresolved,False,c91542c705254dd7e7e7271bc36789388d225dc3,a6fda4ea34e7c6d5f3c058ccd56e23d36c2afe07fee3dd8ee9072a80eeae197f
5820,CHTS,40.004,116.326,,CHTS-0655,2022-06-07,PM2.5,,,,ChemSpec_217,,,ChemSpec_EC_PM2.5,,1.25,,,,ChemSpec,ug/m3,ug/m3,,CHTS-0655,2022-06-07,1.25,,5844,CHTS,40.004,116.326,92.0,CHTS-0655,2022,6,7,9.0,2022,6,15,9.0,24.0,28203,EC PM2.5,1.25,Micrograms per cubic meter (ug/m3),,,,217,AirPhoton SS5i Sampler with BGI cyclone inlet and 25mm stretched Teflon filter,FTIR,Ambient local,,/Users/ahmadjalil/github/aethmodular/research/filter_combine/FilterBased_ChemSpecPM25_CHTS.csv,ec9a6c24308cb050a58472350a75689bc865751b1ac784a2f02e7bd56cedae61,"# File Updated: 2025-07-29
# Data version 3.0
# Site: Beijing, China",CHTS-0655,ChemSpec_217,True,True,both competing concentration values already present in earlier CSV; upstream role unresolved,False,c91542c705254dd7e7e7271bc36789388d225dc3,a6fda4ea34e7c6d5f3c058ccd56e23d36c2afe07fee3dd8ee9072a80eeae197f
5859,CHTS,40.004,116.326,,CHTS-0658,2022-07-05,PM2.5,,,,ChemSpec_217,,,ChemSpec_EC_PM2.5,,0.93,0.06375,,,ChemSpec,ug/m3,ug/m3,,CHTS-0658,2022-07-05,0.93,0.06375,5883,CHTS,40.004,116.326,92.0,CHTS-0658,2022,7,5,9.0,2022,7,13,9.0,24.0,28203,EC PM2.5,0.93,Micrograms per cubic meter (ug/m3),,0.06375,,217,AirPhoton SS5i Sampler with BGI cyclone inlet and 25mm stretched Teflon filter,FTIR,Ambient local,,/Users/ahmadjalil/github/aethmodular/research/filter_combine/FilterBased_ChemSpecPM25_CHTS.csv,ec9a6c24308cb050a58472350a75689bc865751b1ac784a2f02e7bd56cedae61,"# File Updated: 2025-07-29
# Data version 3.0
# Site: Beijing, China",CHTS-0658,ChemSpec_217,True,True,both competing concentration values already present in earlier CSV; upstream role unresolved,False,c91542c705254dd7e7e7271bc36789388d225dc3,a6fda4ea34e7c6d5f3c058ccd56e23d36c2afe07fee3dd8ee9072a80eeae197f
5860,CHTS,40.004,116.326,,CHTS-0658,2022-07-05,PM2.5,,,,ChemSpec_217,,,ChemSpec_EC_PM2.5,,0.06,0.06375,,,ChemSpec,ug/m3,ug/m3,,CHTS-0658,2022-07-05,0.06,0.06375,5884,CHTS,40.004,116.326,92.0,CHTS-0658,2022,7,5,9.0,2022,7,13,9.0,24.0,28203,EC PM2.5,0.06,Micrograms per cubic meter (ug/m3),,0.06375,,217,AirPhoton SS5i Sampler with BGI cyclone inlet and 25mm stretched Teflon filter,FTIR,Ambient local,,/Users/ahmadjalil/github/aethmodular/research/filter_combine/FilterBased_ChemSpecPM25_CHTS.csv,ec9a6c24308cb050a58472350a75689bc865751b1ac784a2f02e7bd56cedae61,"# File Updated: 2025-07-29
# Data version 3.0
# Site: Beijing, China",CHTS-0658,ChemSpec_217,True,True,both competing concentration values already present in earlier CSV; upstream role unresolved,False,c91542c705254dd7e7e7271bc36789388d225dc3,a6fda4ea34e7c6d5f3c058ccd56e23d36c2afe07fee3dd8ee9072a80eeae197f
5917,CHTS,40.004,116.326,,CHTS-0659,2022-07-14,PM2.5,,,,ChemSpec_217,,,ChemSpec_EC_PM2.5,,1.26,0.06375,,,ChemSpec,ug/m3,ug/m3,,CHTS-0659,2022-07-14,1.26,0.06375,5924,CHTS,40.004,116.326,92.0,CHTS-0659,2022,7,14,9.0,2022,7,22,9.0,24.0,28203,EC PM2.5,1.26,Micrograms per cubic meter (ug/m3),,0.06375,,217,AirPhoton SS5i Sampler with BGI cyclone inlet and 25mm stretched Teflon filter,FTIR,Ambient local,,/Users/ahmadjalil/github/aethmodular/research/filter_combine/FilterBased_ChemSpecPM25_CHTS.csv,ec9a6c24308cb050a58472350a75689bc865751b1ac784a2f02e7bd56cedae61,"# File Updated: 2025-07-29
# Data version 3.0
# Site: Beijing, China",CHTS-0659,ChemSpec_217,True,True,both competing concentration values already present in earlier CSV; upstream role unresolved,False,c91542c705254dd7e7e7271bc36789388d225dc3,a6fda4ea34e7c6d5f3c058ccd56e23d36c2afe07fee3dd8ee9072a80eeae197f
5918,CHTS,40.004,116.326,,CHTS-0659,2022-07-14,PM2.5,,,,ChemSpec_217,,,ChemSpec_EC_PM2.5,,0.06,0.06375,,,ChemSpec,ug/m3,ug/m3,,CHTS-0659,2022-07-14,0.06,0.06375,5925,CHTS,40.004,116.326,92.0,CHTS-0659,2022,7,14,9.0,2022,7,22,9.0,24.0,28203,EC PM2.5,0.06,Micrograms per cubic meter (ug/m3),,0.06375,,217,AirPhoton SS5i Sampler with BGI cyclone inlet and 25mm stretched Teflon filter,FTIR,Ambient local,,/Users/ahmadjalil/github/aethmodular/research/filter_combine/FilterBased_ChemSpecPM25_CHTS.csv,ec9a6c24308cb050a58472350a75689bc865751b1ac784a2f02e7bd56cedae61,"# File Updated: 2025-07-29
# Data version 3.0
# Site: Beijing, China",CHTS-0659,ChemSpec_217,True,True,both competing concentration values already present in earlier CSV; upstream role unresolved,False,c91542c705254dd7e7e7271bc36789388d225dc3,a6fda4ea34e7c6d5f3c058ccd56e23d36c2afe07fee3dd8ee9072a80eeae197f
5975,CHTS,40.004,116.326,,CHTS-0660,2022-07-23,PM2.5,,,,ChemSpec_217,,,ChemSpec_EC_PM2.5,,1.59,0.06375,,,ChemSpec,ug/m3,ug/m3,,CHTS-0660,2022-07-23,1.59,0.06375,5965,CHTS,40.004,116.326,92.0,CHTS-0660,2022,7,23,9.0,2022,7,31,9.0,24.0,28203,EC PM2.5,1.59,Micrograms per cubic meter (ug/m3),,0.06375,,217,AirPhoton SS5i Sampler with BGI cyclone inlet and 25mm stretched Teflon filter,FTIR,Ambient local,,/Users/ahmadjalil/github/aethmodular/research/filter_combine/FilterBased_ChemSpecPM25_CHTS.csv,ec9a6c24308cb050a58472350a75689bc865751b1ac784a2f02e7bd56cedae61,"# File Updated: 2025-07-29
# Data version 3.0
# Site: Beijing, China",CHTS-0660,ChemSpec_217,True,True,both competing concentration values already present in earlier CSV; upstream role unresolved,False,c91542c705254dd7e7e7271bc36789388d225dc3,a6fda4ea34e7c6d5f3c058ccd56e23d36c2afe07fee3dd8ee9072a80eeae197f
5976,CHTS,40.004,116.326,,CHTS-0660,2022-07-23,PM2.5,,,,ChemSpec_217,,,ChemSpec_EC_PM2.5,,0.06,0.06375,,,ChemSpec,ug/m3,ug/m3,,CHTS-0660,2022-07-23,0.06,0.06375,5966,CHTS,40.004,116.326,92.0,CHTS-0660,2022,7,23,9.0,2022,7,31,9.0,24.0,28203,EC PM2.5,0.06,Micrograms per cubic meter (ug/m3),,0.06375,,217,AirPhoton SS5i Sampler with BGI cyclone inlet and 25mm stretched Teflon filter,FTIR,Ambient local,,/Users/ahmadjalil/github/aethmodular/research/filter_combine/FilterBased_ChemSpecPM25_CHTS.csv,ec9a6c24308cb050a58472350a75689bc865751b1ac784a2f02e7bd56cedae61,"# File Updated: 2025-07-29
# Data version 3.0
# Site: Beijing, China",CHTS-0660,ChemSpec_217,True,True,both competing concentration values already present in earlier CSV; upstream role unresolved,False,c91542c705254dd7e7e7271bc36789388d225dc3,a6fda4ea34e7c6d5f3c058ccd56e23d36c2afe07fee3dd8ee9072a80eeae197f
6033,CHTS,40.004,116.326,,CHTS-0661,2022-08-01,PM2.5,,,,ChemSpec_217,,,ChemSpec_EC_PM2.5,,1.51,0.06375,,,ChemSpec,ug/m3,ug/m3,,CHTS-0661,2022-08-01,1.51,0.06375,6006,CHTS,40.004,116.326,92.0,CHTS-0661,2022,8,1,9.0,2022,8,9,9.0,24.0,28203,EC PM2.5,1.51,Micrograms per cubic meter (ug/m3),,0.06375,,217,AirPhoton SS5i Sampler with BGI cyclone inlet and 25mm stretched Teflon filter,FTIR,Ambient local,,/Users/ahmadjalil/github/aethmodular/research/filter_combine/FilterBased_ChemSpecPM25_CHTS.csv,ec9a6c24308cb050a58472350a75689bc865751b1ac784a2f02e7bd56cedae61,"# File Updated: 2025-07-29
# Data version 3.0
# Site: Beijing, China",CHTS-0661,ChemSpec_217,True,True,both competing concentration values already present in earlier CSV; upstream role unresolved,False,c91542c705254dd7e7e7271bc36789388d225dc3,a6fda4ea34e7c6d5f3c058ccd56e23d36c2afe07fee3dd8ee9072a80eeae197f
6034,CHTS,40.004,116.326,,CHTS-0661,2022-08-01,PM2.5,,,,ChemSpec_217,,,ChemSpec_EC_PM2.5,,0.06,0.06375,,,ChemSpec,ug/m3,ug/m3,,CHTS-0661,2022-08-01,0.06,0.06375,6007,CHTS,40.004,116.326,92.0,CHTS-0661,2022,8,1,9.0,2022,8,9,9.0,24.0,28203,EC PM2.5,0.06,Micrograms per cubic meter (ug/m3),,0.06375,,217,AirPhoton SS5i Sampler with BGI cyclone inlet and 25mm stretched Teflon filter,FTIR,Ambient local,,/Users/ahmadjalil/github/aethmodular/research/filter_combine/FilterBased_ChemSpecPM25_CHTS.csv,ec9a6c24308cb050a58472350a75689bc865751b1ac784a2f02e7bd56cedae61,"# File Updated: 2025-07-29
# Data version 3.0
# Site: Beijing, China",CHTS-0661,ChemSpec_217,True,True,both competing concentration values already present in earlier CSV; upstream role unresolved,False,c91542c705254dd7e7e7271bc36789388d225dc3,a6fda4ea34e7c6d5f3c058ccd56e23d36c2afe07fee3dd8ee9072a80eeae197f
6092,CHTS,40.004,116.326,,CHTS-0662,2022-08-10,PM2.5,,,,ChemSpec_217,,,ChemSpec_EC_PM2.5,,1.18,0.06375,,,ChemSpec,ug/m3,ug/m3,,CHTS-0662,2022-08-10,1.18,0.06375,6048,CHTS,40.004,116.326,92.0,CHTS-0662,2022,8,10,9.0,2022,8,18,9.0,24.0,28203,EC PM2.5,1.18,Micrograms per cubic meter (ug/m3),,0.06375,,217,AirPhoton SS5i Sampler with BGI cyclone inlet and 25mm stretched Teflon filter,FTIR,Ambient local,,/Users/ahmadjalil/github/aethmodular/research/filter_combine/FilterBased_ChemSpecPM25_CHTS.csv,ec9a6c24308cb050a58472350a75689bc865751b1ac784a2f02e7bd56cedae61,"# File Updated: 2025-07-29
# Data version 3.0
# Site: Beijing, China",CHTS-0662,ChemSpec_217,True,True,both competing concentration values already present in earlier CSV; upstream role unresolved,False,c91542c705254dd7e7e7271bc36789388d225dc3,a6fda4ea34e7c6d5f3c058ccd56e23d36c2afe07fee3dd8ee9072a80eeae197f
6093,CHTS,40.004,116.326,,CHTS-0662,2022-08-10,PM2.5,,,,ChemSpec_217,,,ChemSpec_EC_PM2.5,,0.06,0.06375,,,ChemSpec,ug/m3,ug/m3,,CHTS-0662,2022-08-10,0.06,0.06375,6049,CHTS,40.004,116.326,92.0,CHTS-0662,2022,8,10,9.0,2022,8,18,9.0,24.0,28203,EC PM2.5,0.06,Micrograms per cubic meter (ug/m3),,0.06375,,217,AirPhoton SS5i Sampler with BGI cyclone inlet and 25mm stretched Teflon filter,FTIR,Ambient local,,/Users/ahmadjalil/github/aethmodular/research/filter_combine/FilterBased_ChemSpecPM25_CHTS.csv,ec9a6c24308cb050a58472350a75689bc865751b1ac784a2f02e7bd56cedae61,"# File Updated: 2025-07-29
# Data version 3.0
# Site: Beijing, China",CHTS-0662,ChemSpec_217,True,True,both competing concentration values already present in earlier CSV; upstream role unresolved,False,c91542c705254dd7e7e7271bc36789388d225dc3,a6fda4ea34e7c6d5f3c058ccd56e23d36c2afe07fee3dd8ee9072a80eeae197f
6151,CHTS,40.004,116.326,,CHTS-0663,2022-08-19,PM2.5,,,,ChemSpec_217,,,ChemSpec_EC_PM2.5,,0.94,0.06375,,,ChemSpec,ug/m3,ug/m3,,CHTS-0663,2022-08-19,0.94,0.06375,6090,CHTS,40.004,116.326,92.0,CHTS-0663,2022,8,19,9.0,2022,8,27,9.0,24.0,28203,EC PM2.5,0.94,Micrograms per cubic meter (ug/m3),,0.06375,,217,AirPhoton SS5i Sampler with BGI cyclone inlet and 25mm stretched Teflon filter,FTIR,Ambient local,,/Users/ahmadjalil/github/aethmodular/research/filter_combine/FilterBased_ChemSpecPM25_CHTS.csv,ec9a6c24308cb050a58472350a75689bc865751b1ac784a2f02e7bd56cedae61,"# File Updated: 2025-07-29
# Data version 3.0
# Site: Beijing, China",CHTS-0663,ChemSpec_217,True,True,both competing concentration values already present in earlier CSV; upstream role unresolved,False,c91542c705254dd7e7e7271bc36789388d225dc3,a6fda4ea34e7c6d5f3c058ccd56e23d36c2afe07fee3dd8ee9072a80eeae197f
6152,CHTS,40.004,116.326,,CHTS-0663,2022-08-19,PM2.5,,,,ChemSpec_217,,,ChemSpec_EC_PM2.5,,0.06,0.06375,,,ChemSpec,ug/m3,ug/m3,,CHTS-0663,2022-08-19,0.06,0.06375,6091,CHTS,40.004,116.326,92.0,CHTS-0663,2022,8,19,9.0,2022,8,27,9.0,24.0,28203,EC PM2.5,0.06,Micrograms per cubic meter (ug/m3),,0.06375,,217,AirPhoton SS5i Sampler with BGI cyclone inlet and 25mm stretched Teflon filter,FTIR,Ambient local,,/Users/ahmadjalil/github/aethmodular/research/filter_combine/FilterBased_ChemSpecPM25_CHTS.csv,ec9a6c24308cb050a58472350a75689bc865751b1ac784a2f02e7bd56cedae61,"# File Updated: 2025-07-29
# Data version 3.0
# Site: Beijing, China",CHTS-0663,ChemSpec_217,True,True,both competing concentration values already present in earlier CSV; upstream role unresolved,False,c91542c705254dd7e7e7271bc36789388d225dc3,a6fda4ea34e7c6d5f3c058ccd56e23d36c2afe07fee3dd8ee9072a80eeae197f
6223,CHTS,40.004,116.326,,CHTS-0666,2022-08-30,PM2.5,,,,ChemSpec_218,,,ChemSpec_EC_PM2.5,,0.91,0.0683221099887766,,,ChemSpec,ug/m3,ug/m3,,CHTS-0666,2022-08-30,0.91,0.068322109989,6130,CHTS,40.004,116.326,92.0,CHTS-0666,2022,8,30,9.0,2022,8,31,9.0,24.0,28203,EC PM2.5,0.91,Micrograms per cubic meter (ug/m3),,0.0683221099887766,,218,AirPhoton SS5i Sampler with BGI cyclone inlet and 25mm stretched Teflon filter,FTIR,Ambient local,,/Users/ahmadjalil/github/aethmodular/research/filter_combine/FilterBased_ChemSpecPM25_CHTS.csv,ec9a6c24308cb050a58472350a75689bc865751b1ac784a2f02e7bd56cedae61,"# File Updated: 2025-07-29
# Data version 3.0
# Site: Beijing, China",CHTS-0666,ChemSpec_218,True,True,both competing concentration values already present in earlier CSV; upstream role unresolved,False,c91542c705254dd7e7e7271bc36789388d225dc3,a6fda4ea34e7c6d5f3c058ccd56e23d36c2afe07fee3dd8ee9072a80eeae197f
6224,CHTS,40.004,116.326,,CHTS-0666,2022-08-30,PM2.5,,,,ChemSpec_218,,,ChemSpec_EC_PM2.5,,0.07,0.0683221099887766,,,ChemSpec,ug/m3,ug/m3,,CHTS-0666,2022-08-30,0.07,0.068322109989,6131,CHTS,40.004,116.326,92.0,CHTS-0666,2022,8,30,9.0,2022,8,31,9.0,24.0,28203,EC PM2.5,0.07,Micrograms per cubic meter (ug/m3),,0.0683221099887766,,218,AirPhoton SS5i Sampler with BGI cyclone inlet and 25mm stretched Teflon filter,FTIR,Ambient local,,/Users/ahmadjalil/github/aethmodular/research/filter_combine/FilterBased_ChemSpecPM25_CHTS.csv,ec9a6c24308cb050a58472350a75689bc865751b1ac784a2f02e7bd56cedae61,"# File Updated: 2025-07-29
# Data version 3.0
# Site: Beijing, China",CHTS-0666,ChemSpec_218,True,True,both competing concentration values already present in earlier CSV; upstream role unresolved,False,c91542c705254dd7e7e7271bc36789388d225dc3,a6fda4ea34e7c6d5f3c058ccd56e23d36c2afe07fee3dd8ee9072a80eeae197f
6272,CHTS,40.004,116.326,,CHTS-0667,2022-09-02,PM2.5,,,,ChemSpec_218,,,ChemSpec_EC_PM2.5,,1.57,0.0683221099887766,,,ChemSpec,ug/m3,ug/m3,,CHTS-0667,2022-09-02,1.57,0.068322109989,6171,CHTS,40.004,116.326,92.0,CHTS-0667,2022,9,2,9.0,2022,9,3,9.0,24.0,28203,EC PM2.5,1.57,Micrograms per cubic meter (ug/m3),,0.0683221099887766,,218,AirPhoton SS5i Sampler with BGI cyclone inlet and 25mm stretched Teflon filter,FTIR,Ambient local,,/Users/ahmadjalil/github/aethmodular/research/filter_combine/FilterBased_ChemSpecPM25_CHTS.csv,ec9a6c24308cb050a58472350a75689bc865751b1ac784a2f02e7bd56cedae61,"# File Updated: 2025-07-29
# Data version 3.0
# Site: Beijing, China",CHTS-0667,ChemSpec_218,True,True,both competing concentration values already present in earlier CSV; upstream role unresolved,False,c91542c705254dd7e7e7271bc36789388d225dc3,a6fda4ea34e7c6d5f3c058ccd56e23d36c2afe07fee3dd8ee9072a80eeae197f
6273,CHTS,40.004,116.326,,CHTS-0667,2022-09-02,PM2.5,,,,ChemSpec_218,,,ChemSpec_EC_PM2.5,,0.07,0.0683221099887766,,,ChemSpec,ug/m3,ug/m3,,CHTS-0667,2022-09-02,0.07,0.068322109989,6172,CHTS,40.004,116.326,92.0,CHTS-0667,2022,9,2,9.0,2022,9,3,9.0,24.0,28203,EC PM2.5,0.07,Micrograms per cubic meter (ug/m3),,0.0683221099887766,,218,AirPhoton SS5i Sampler with BGI cyclone inlet and 25mm stretched Teflon filter,FTIR,Ambient local,,/Users/ahmadjalil/github/aethmodular/research/filter_combine/FilterBased_ChemSpecPM25_CHTS.csv,ec9a6c24308cb050a58472350a75689bc865751b1ac784a2f02e7bd56cedae61,"# File Updated: 2025-07-29
# Data version 3.0
# Site: Beijing, China",CHTS-0667,ChemSpec_218,True,True,both competing concentration values already present in earlier CSV; upstream role unresolved,False,c91542c705254dd7e7e7271bc36789388d225dc3,a6fda4ea34e7c6d5f3c058ccd56e23d36c2afe07fee3dd8ee9072a80eeae197f
6321,CHTS,40.004,116.326,,CHTS-0668,2022-09-05,PM2.5,,,,ChemSpec_218,,,ChemSpec_EC_PM2.5,,0.78,0.0683221099887766,,,ChemSpec,ug/m3,ug/m3,,CHTS-0668,2022-09-05,0.78,0.068322109989,6212,CHTS,40.004,116.326,92.0,CHTS-0668,2022,9,5,9.0,2022,9,6,9.0,24.0,28203,EC PM2.5,0.78,Micrograms per cubic meter (ug/m3),,0.0683221099887766,,218,AirPhoton SS5i Sampler with BGI cyclone inlet and 25mm stretched Teflon filter,FTIR,Ambient local,,/Users/ahmadjalil/github/aethmodular/research/filter_combine/FilterBased_ChemSpecPM25_CHTS.csv,ec9a6c24308cb050a58472350a75689bc865751b1ac784a2f02e7bd56cedae61,"# File Updated: 2025-07-29
# Data version 3.0
# Site: Beijing, China",CHTS-0668,ChemSpec_218,True,True,both competing concentration values already present in earlier CSV; upstream role unresolved,False,c91542c705254dd7e7e7271bc36789388d225dc3,a6fda4ea34e7c6d5f3c058ccd56e23d36c2afe07fee3dd8ee9072a80eeae197f
6322,CHTS,40.004,116.326,,CHTS-0668,2022-09-05,PM2.5,,,,ChemSpec_218,,,ChemSpec_EC_PM2.5,,0.07,0.0683221099887766,,,ChemSpec,ug/m3,ug/m3,,CHTS-0668,2022-09-05,0.07,0.068322109989,6213,CHTS,40.004,116.326,92.0,CHTS-0668,2022,9,5,9.0,2022,9,6,9.0,24.0,28203,EC PM2.5,0.07,Micrograms per cubic meter (ug/m3),,0.0683221099887766,,218,AirPhoton SS5i Sampler with BGI cyclone inlet and 25mm stretched Teflon filter,FTIR,Ambient local,,/Users/ahmadjalil/github/aethmodular/research/filter_combine/FilterBased_ChemSpecPM25_CHTS.csv,ec9a6c24308cb050a58472350a75689bc865751b1ac784a2f02e7bd56cedae61,"# File Updated: 2025-07-29
# Data version 3.0
# Site: Beijing, China",CHTS-0668,ChemSpec_218,True,True,both competing concentration values already present in earlier CSV; upstream role unresolved,False,c91542c705254dd7e7e7271bc36789388d225dc3,a6fda4ea34e7c6d5f3c058ccd56e23d36c2afe07fee3dd8ee9072a80eeae197f
6370,CHTS,40.004,116.326,,CHTS-0669,2022-09-08,PM2.5,,,,ChemSpec_218,,,ChemSpec_EC_PM2.5,,1.85,0.0683221099887766,,,ChemSpec,ug/m3,ug/m3,,CHTS-0669,2022-09-08,1.85,0.068322109989,6253,CHTS,40.004,116.326,92.0,CHTS-0669,2022,9,8,9.0,2022,9,9,9.0,24.0,28203,EC PM2.5,1.85,Micrograms per cubic meter (ug/m3),,0.0683221099887766,,218,AirPhoton SS5i Sampler with BGI cyclone inlet and 25mm stretched Teflon filter,FTIR,Ambient local,,/Users/ahmadjalil/github/aethmodular/research/filter_combine/FilterBased_ChemSpecPM25_CHTS.csv,ec9a6c24308cb050a58472350a75689bc865751b1ac784a2f02e7bd56cedae61,"# File Updated: 2025-07-29
# Data version 3.0
# Site: Beijing, China",CHTS-0669,ChemSpec_218,True,True,both competing concentration values already present in earlier CSV; upstream role unresolved,False,c91542c705254dd7e7e7271bc36789388d225dc3,a6fda4ea34e7c6d5f3c058ccd56e23d36c2afe07fee3dd8ee9072a80eeae197f
6371,CHTS,40.004,116.326,,CHTS-0669,2022-09-08,PM2.5,,,,ChemSpec_218,,,ChemSpec_EC_PM2.5,,0.07,0.0683221099887766,,,ChemSpec,ug/m3,ug/m3,,CHTS-0669,2022-09-08,0.07,0.068322109989,6254,CHTS,40.004,116.326,92.0,CHTS-0669,2022,9,8,9.0,2022,9,9,9.0,24.0,28203,EC PM2.5,0.07,Micrograms per cubic meter (ug/m3),,0.0683221099887766,,218,AirPhoton SS5i Sampler with BGI cyclone inlet and 25mm stretched Teflon filter,FTIR,Ambient local,,/Users/ahmadjalil/github/aethmodular/research/filter_combine/FilterBased_ChemSpecPM25_CHTS.csv,ec9a6c24308cb050a58472350a75689bc865751b1ac784a2f02e7bd56cedae61,"# File Updated: 2025-07-29
# Data version 3.0
# Site: Beijing, China",CHTS-0669,ChemSpec_218,True,True,both competing concentration values already present in earlier CSV; upstream role unresolved,False,c91542c705254dd7e7e7271bc36789388d225dc3,a6fda4ea34e7c6d5f3c058ccd56e23d36c2afe07fee3dd8ee9072a80eeae197f
6419,CHTS,40.004,116.326,,CHTS-0670,2022-09-11,PM2.5,,,,ChemSpec_218,,,ChemSpec_EC_PM2.5,,1.45,0.0669444444444444,,,ChemSpec,ug/m3,ug/m3,,CHTS-0670,2022-09-11,1.45,0.066944444444,6294,CHTS,40.004,116.326,92.0,CHTS-0670,2022,9,11,9.0,2022,9,12,9.0,24.0,28203,EC PM2.5,1.45,Micrograms per cubic meter (ug/m3),,0.0669444444444444,,218,AirPhoton SS5i Sampler with BGI cyclone inlet and 25mm stretched Teflon filter,FTIR,Ambient local,,/Users/ahmadjalil/github/aethmodular/research/filter_combine/FilterBased_ChemSpecPM25_CHTS.csv,ec9a6c24308cb050a58472350a75689bc865751b1ac784a2f02e7bd56cedae61,"# File Updated: 2025-07-29
# Data version 3.0
# Site: Beijing, China",CHTS-0670,ChemSpec_218,True,True,both competing concentration values already present in earlier CSV; upstream role unresolved,False,c91542c705254dd7e7e7271bc36789388d225dc3,a6fda4ea34e7c6d5f3c058ccd56e23d36c2afe07fee3dd8ee9072a80eeae197f
6420,CHTS,40.004,116.326,,CHTS-0670,2022-09-11,PM2.5,,,,ChemSpec_218,,,ChemSpec_EC_PM2.5,,0.07,0.0669444444444444,,,ChemSpec,ug/m3,ug/m3,,CHTS-0670,2022-09-11,0.07,0.066944444444,6295,CHTS,40.004,116.326,92.0,CHTS-0670,2022,9,11,9.0,2022,9,12,9.0,24.0,28203,EC PM2.5,0.07,Micrograms per cubic meter (ug/m3),,0.0669444444444444,,218,AirPhoton SS5i Sampler with BGI cyclone inlet and 25mm stretched Teflon filter,FTIR,Ambient local,,/Users/ahmadjalil/github/aethmodular/research/filter_combine/FilterBased_ChemSpecPM25_CHTS.csv,ec9a6c24308cb050a58472350a75689bc865751b1ac784a2f02e7bd56cedae61,"# File Updated: 2025-07-29
# Data version 3.0
# Site: Beijing, China",CHTS-0670,ChemSpec_218,True,True,both competing concentration values already present in earlier CSV; upstream role unresolved,False,c91542c705254dd7e7e7271bc36789388d225dc3,a6fda4ea34e7c6d5f3c058ccd56e23d36c2afe07fee3dd8ee9072a80eeae197f
6468,CHTS,40.004,116.326,,CHTS-0671,2022-09-14,PM2.5,,,,ChemSpec_218,,,ChemSpec_EC_PM2.5,,1.1,0.0669444444444444,,,ChemSpec,ug/m3,ug/m3,,CHTS-0671,2022-09-14,1.1,0.066944444444,6335,CHTS,40.004,116.326,92.0,CHTS-0671,2022,9,14,9.0,2022,9,15,9.0,24.0,28203,EC PM2.5,1.1,Micrograms per cubic meter (ug/m3),,0.0669444444444444,,218,AirPhoton SS5i Sampler with BGI cyclone inlet and 25mm stretched Teflon filter,FTIR,Ambient local,,/Users/ahmadjalil/github/aethmodular/research/filter_combine/FilterBased_ChemSpecPM25_CHTS.csv,ec9a6c24308cb050a58472350a75689bc865751b1ac784a2f02e7bd56cedae61,"# File Updated: 2025-07-29
# Data version 3.0
# Site: Beijing, China",CHTS-0671,ChemSpec_218,True,True,both competing concentration values already present in earlier CSV; upstream role unresolved,False,c91542c705254dd7e7e7271bc36789388d225dc3,a6fda4ea34e7c6d5f3c058ccd56e23d36c2afe07fee3dd8ee9072a80eeae197f
6469,CHTS,40.004,116.326,,CHTS-0671,2022-09-14,PM2.5,,,,ChemSpec_218,,,ChemSpec_EC_PM2.5,,0.07,0.0669444444444444,,,ChemSpec,ug/m3,ug/m3,,CHTS-0671,2022-09-14,0.07,0.066944444444,6336,CHTS,40.004,116.326,92.0,CHTS-0671,2022,9,14,9.0,2022,9,15,9.0,24.0,28203,EC PM2.5,0.07,Micrograms per cubic meter (ug/m3),,0.0669444444444444,,218,AirPhoton SS5i Sampler with BGI cyclone inlet and 25mm stretched Teflon filter,FTIR,Ambient local,,/Users/ahmadjalil/github/aethmodular/research/filter_combine/FilterBased_ChemSpecPM25_CHTS.csv,ec9a6c24308cb050a58472350a75689bc865751b1ac784a2f02e7bd56cedae61,"# File Updated: 2025-07-29
# Data version 3.0
# Site: Beijing, China",CHTS-0671,ChemSpec_218,True,True,both competing concentration values already present in earlier CSV; upstream role unresolved,False,c91542c705254dd7e7e7271bc36789388d225dc3,a6fda4ea34e7c6d5f3c058ccd56e23d36c2afe07fee3dd8ee9072a80eeae197f
6560,CHTS,40.004,116.326,,CHTS-0674,2022-09-22,PM2.5,,,,ChemSpec_218,,,ChemSpec_EC_PM2.5,,0.21,0.0601388888888888,,,ChemSpec,ug/m3,ug/m3,,CHTS-0674,2022-09-22,0.21,0.060138888889,6411,CHTS,40.004,116.326,92.0,CHTS-0674,2022,9,22,9.0,2022,9,23,9.0,24.0,28203,EC PM2.5,0.21,Micrograms per cubic meter (ug/m3),,0.0601388888888888,,218,AirPhoton SS5i Sampler with BGI cyclone inlet and 25mm stretched Teflon filter,FTIR,Ambient local,,/Users/ahmadjalil/github/aethmodular/research/filter_combine/FilterBased_ChemSpecPM25_CHTS.csv,ec9a6c24308cb050a58472350a75689bc865751b1ac784a2f02e7bd56cedae61,"# File Updated: 2025-07-29
# Data version 3.0
# Site: Beijing, China",CHTS-0674,ChemSpec_218,True,True,both competing concentration values already present in earlier CSV; upstream role unresolved,False,c91542c705254dd7e7e7271bc36789388d225dc3,a6fda4ea34e7c6d5f3c058ccd56e23d36c2afe07fee3dd8ee9072a80eeae197f
6561,CHTS,40.004,116.326,,CHTS-0674,2022-09-22,PM2.5,,,,ChemSpec_218,,,ChemSpec_EC_PM2.5,,0.06,0.0601388888888888,,,ChemSpec,ug/m3,ug/m3,,CHTS-0674,2022-09-22,0.06,0.060138888889,6412,CHTS,40.004,116.326,92.0,CHTS-0674,2022,9,22,9.0,2022,9,23,9.0,24.0,28203,EC PM2.5,0.06,Micrograms per cubic meter (ug/m3),,0.0601388888888888,,218,AirPhoton SS5i Sampler with BGI cyclone inlet and 25mm stretched Teflon filter,FTIR,Ambient local,,/Users/ahmadjalil/github/aethmodular/research/filter_combine/FilterBased_ChemSpecPM25_CHTS.csv,ec9a6c24308cb050a58472350a75689bc865751b1ac784a2f02e7bd56cedae61,"# File Updated: 2025-07-29
# Data version 3.0
# Site: Beijing, China",CHTS-0674,ChemSpec_218,True,True,both competing concentration values already present in earlier CSV; upstream role unresolved,False,c91542c705254dd7e7e7271bc36789388d225dc3,a6fda4ea34e7c6d5f3c058ccd56e23d36c2afe07fee3dd8ee9072a80eeae197f
6607,CHTS,40.004,116.326,,CHTS-0675,2022-09-25,PM2.5,,,,ChemSpec_218,,,ChemSpec_EC_PM2.5,,2.91,0.0601388888888888,,,ChemSpec,ug/m3,ug/m3,,CHTS-0675,2022-09-25,2.91,0.060138888889,6452,CHTS,40.004,116.326,92.0,CHTS-0675,2022,9,25,9.0,2022,9,26,9.0,24.0,28203,EC PM2.5,2.91,Micrograms per cubic meter (ug/m3),,0.0601388888888888,,218,AirPhoton SS5i Sampler with BGI cyclone inlet and 25mm stretched Teflon filter,FTIR,Ambient local,,/Users/ahmadjalil/github/aethmodular/research/filter_combine/FilterBased_ChemSpecPM25_CHTS.csv,ec9a6c24308cb050a58472350a75689bc865751b1ac784a2f02e7bd56cedae61,"# File Updated: 2025-07-29
# Data version 3.0
# Site: Beijing, China",CHTS-0675,ChemSpec_218,True,True,both competing concentration values already present in earlier CSV; upstream role unresolved,False,c91542c705254dd7e7e7271bc36789388d225dc3,a6fda4ea34e7c6d5f3c058ccd56e23d36c2afe07fee3dd8ee9072a80eeae197f
6608,CHTS,40.004,116.326,,CHTS-0675,2022-09-25,PM2.5,,,,ChemSpec_218,,,ChemSpec_EC_PM2.5,,0.06,0.0601388888888888,,,ChemSpec,ug/m3,ug/m3,,CHTS-0675,2022-09-25,0.06,0.060138888889,6453,CHTS,40.004,116.326,92.0,CHTS-0675,2022,9,25,9.0,2022,9,26,9.0,24.0,28203,EC PM2.5,0.06,Micrograms per cubic meter (ug/m3),,0.0601388888888888,,218,AirPhoton SS5i Sampler with BGI cyclone inlet and 25mm stretched Teflon filter,FTIR,Ambient local,,/Users/ahmadjalil/github/aethmodular/research/filter_combine/FilterBased_ChemSpecPM25_CHTS.csv,ec9a6c24308cb050a58472350a75689bc865751b1ac784a2f02e7bd56cedae61,"# File Updated: 2025-07-29
# Data version 3.0
# Site: Beijing, China",CHTS-0675,ChemSpec_218,True,True,both competing concentration values already present in earlier CSV; upstream role unresolved,False,c91542c705254dd7e7e7271bc36789388d225dc3,a6fda4ea34e7c6d5f3c058ccd56e23d36c2afe07fee3dd8ee9072a80eeae197f
6655,CHTS,40.004,116.326,,CHTS-0676,2022-09-28,PM2.5,,,,ChemSpec_218,,,ChemSpec_EC_PM2.5,,4.6,0.0601388888888888,,,ChemSpec,ug/m3,ug/m3,,CHTS-0676,2022-09-28,4.6,0.060138888889,6492,CHTS,40.004,116.326,92.0,CHTS-0676,2022,9,28,9.0,2022,9,29,9.0,24.0,28203,EC PM2.5,4.6,Micrograms per cubic meter (ug/m3),,0.0601388888888888,,218,AirPhoton SS5i Sampler with BGI cyclone inlet and 25mm stretched Teflon filter,FTIR,Ambient local,,/Users/ahmadjalil/github/aethmodular/research/filter_combine/FilterBased_ChemSpecPM25_CHTS.csv,ec9a6c24308cb050a58472350a75689bc865751b1ac784a2f02e7bd56cedae61,"# File Updated: 2025-07-29
# Data version 3.0
# Site: Beijing, China",CHTS-0676,ChemSpec_218,True,True,both competing concentration values already present in earlier CSV; upstream role unresolved,False,c91542c705254dd7e7e7271bc36789388d225dc3,a6fda4ea34e7c6d5f3c058ccd56e23d36c2afe07fee3dd8ee9072a80eeae197f
6656,CHTS,40.004,116.326,,CHTS-0676,2022-09-28,PM2.5,,,,ChemSpec_218,,,ChemSpec_EC_PM2.5,,0.06,0.0601388888888888,,,ChemSpec,ug/m3,ug/m3,,CHTS-0676,2022-09-28,0.06,0.060138888889,6493,CHTS,40.004,116.326,92.0,CHTS-0676,2022,9,28,9.0,2022,9,29,9.0,24.0,28203,EC PM2.5,0.06,Micrograms per cubic meter (ug/m3),,0.0601388888888888,,218,AirPhoton SS5i Sampler with BGI cyclone inlet and 25mm stretched Teflon filter,FTIR,Ambient local,,/Users/ahmadjalil/github/aethmodular/research/filter_combine/FilterBased_ChemSpecPM25_CHTS.csv,ec9a6c24308cb050a58472350a75689bc865751b1ac784a2f02e7bd56cedae61,"# File Updated: 2025-07-29
# Data version 3.0
# Site: Beijing, China",CHTS-0676,ChemSpec_218,True,True,both competing concentration values already present in earlier CSV; upstream role unresolved,False,c91542c705254dd7e7e7271bc36789388d225dc3,a6fda4ea34e7c6d5f3c058ccd56e23d36c2afe07fee3dd8ee9072a80eeae197f
6702,CHTS,40.004,116.326,,CHTS-0677,2022-10-01,PM2.5,,,,ChemSpec_218,,,ChemSpec_EC_PM2.5,,2.25,0.0601388888888888,,,ChemSpec,ug/m3,ug/m3,,CHTS-0677,2022-10-01,2.25,0.060138888889,6532,CHTS,40.004,116.326,92.0,CHTS-0677,2022,10,1,9.0,2022,10,2,9.0,24.0,28203,EC PM2.5,2.25,Micrograms per cubic meter (ug/m3),,0.0601388888888888,,218,AirPhoton SS5i Sampler with BGI cyclone inlet and 25mm stretched Teflon filter,FTIR,Ambient local,,/Users/ahmadjalil/github/aethmodular/research/filter_combine/FilterBased_ChemSpecPM25_CHTS.csv,ec9a6c24308cb050a58472350a75689bc865751b1ac784a2f02e7bd56cedae61,"# File Updated: 2025-07-29
# Data version 3.0
# Site: Beijing, China",CHTS-0677,ChemSpec_218,True,True,both competing concentration values already present in earlier CSV; upstream role unresolved,False,c91542c705254dd7e7e7271bc36789388d225dc3,a6fda4ea34e7c6d5f3c058ccd56e23d36c2afe07fee3dd8ee9072a80eeae197f
6703,CHTS,40.004,116.326,,CHTS-0677,2022-10-01,PM2.5,,,,ChemSpec_218,,,ChemSpec_EC_PM2.5,,0.06,0.0601388888888888,,,ChemSpec,ug/m3,ug/m3,,CHTS-0677,2022-10-01,0.06,0.060138888889,6533,CHTS,40.004,116.326,92.0,CHTS-0677,2022,10,1,9.0,2022,10,2,9.0,24.0,28203,EC PM2.5,0.06,Micrograms per cubic meter (ug/m3),,0.0601388888888888,,218,AirPhoton SS5i Sampler with BGI cyclone inlet and 25mm stretched Teflon filter,FTIR,Ambient local,,/Users/ahmadjalil/github/aethmodular/research/filter_combine/FilterBased_ChemSpecPM25_CHTS.csv,ec9a6c24308cb050a58472350a75689bc865751b1ac784a2f02e7bd56cedae61,"# File Updated: 2025-07-29
# Data version 3.0
# Site: Beijing, China",CHTS-0677,ChemSpec_218,True,True,both competing concentration values already present in earlier CSV; upstream role unresolved,False,c91542c705254dd7e7e7271bc36789388d225dc3,a6fda4ea34e7c6d5f3c058ccd56e23d36c2afe07fee3dd8ee9072a80eeae197f
6749,CHTS,40.004,116.326,,CHTS-0678,2022-10-04,PM2.5,,,,ChemSpec_218,,,ChemSpec_EC_PM2.5,,0.34,0.0601388888888888,,,ChemSpec,ug/m3,ug/m3,,CHTS-0678,2022-10-04,0.34,0.060138888889,6572,CHTS,40.004,116.326,92.0,CHTS-0678,2022,10,4,9.0,2022,10,5,9.0,24.0,28203,EC PM2.5,0.34,Micrograms per cubic meter (ug/m3),,0.0601388888888888,,218,AirPhoton SS5i Sampler with BGI cyclone inlet and 25mm stretched Teflon filter,FTIR,Ambient local,,/Users/ahmadjalil/github/aethmodular/research/filter_combine/FilterBased_ChemSpecPM25_CHTS.csv,ec9a6c24308cb050a58472350a75689bc865751b1ac784a2f02e7bd56cedae61,"# File Updated: 2025-07-29
# Data version 3.0
# Site: Beijing, China",CHTS-0678,ChemSpec_218,True,True,both competing concentration values already present in earlier CSV; upstream role unresolved,False,c91542c705254dd7e7e7271bc36789388d225dc3,a6fda4ea34e7c6d5f3c058ccd56e23d36c2afe07fee3dd8ee9072a80eeae197f
6750,CHTS,40.004,116.326,,CHTS-0678,2022-10-04,PM2.5,,,,ChemSpec_218,,,ChemSpec_EC_PM2.5,,0.06,0.0601388888888888,,,ChemSpec,ug/m3,ug/m3,,CHTS-0678,2022-10-04,0.06,0.060138888889,6573,CHTS,40.004,116.326,92.0,CHTS-0678,2022,10,4,9.0,2022,10,5,9.0,24.0,28203,EC PM2.5,0.06,Micrograms per cubic meter (ug/m3),,0.0601388888888888,,218,AirPhoton SS5i Sampler with BGI cyclone inlet and 25mm stretched Teflon filter,FTIR,Ambient local,,/Users/ahmadjalil/github/aethmodular/research/filter_combine/FilterBased_ChemSpecPM25_CHTS.csv,ec9a6c24308cb050a58472350a75689bc865751b1ac784a2f02e7bd56cedae61,"# File Updated: 2025-07-29
# Data version 3.0
# Site: Beijing, China",CHTS-0678,ChemSpec_218,True,True,both competing concentration values already present in earlier CSV; upstream role unresolved,False,c91542c705254dd7e7e7271bc36789388d225dc3,a6fda4ea34e7c6d5f3c058ccd56e23d36c2afe07fee3dd8ee9072a80eeae197f
6796,CHTS,40.004,116.326,,CHTS-0679,2022-10-07,PM2.5,,,,ChemSpec_218,,,ChemSpec_EC_PM2.5,,1.9,0.0601388888888888,,,ChemSpec,ug/m3,ug/m3,,CHTS-0679,2022-10-07,1.9,0.060138888889,6612,CHTS,40.004,116.326,92.0,CHTS-0679,2022,10,7,9.0,2022,10,8,9.0,24.0,28203,EC PM2.5,1.9,Micrograms per cubic meter (ug/m3),,0.0601388888888888,,218,AirPhoton SS5i Sampler with BGI cyclone inlet and 25mm stretched Teflon filter,FTIR,Ambient local,,/Users/ahmadjalil/github/aethmodular/research/filter_combine/FilterBased_ChemSpecPM25_CHTS.csv,ec9a6c24308cb050a58472350a75689bc865751b1ac784a2f02e7bd56cedae61,"# File Updated: 2025-07-29
# Data version 3.0
# Site: Beijing, China",CHTS-0679,ChemSpec_218,True,True,both competing concentration values already present in earlier CSV; upstream role unresolved,False,c91542c705254dd7e7e7271bc36789388d225dc3,a6fda4ea34e7c6d5f3c058ccd56e23d36c2afe07fee3dd8ee9072a80eeae197f
6797,CHTS,40.004,116.326,,CHTS-0679,2022-10-07,PM2.5,,,,ChemSpec_218,,,ChemSpec_EC_PM2.5,,0.06,0.0601388888888888,,,ChemSpec,ug/m3,ug/m3,,CHTS-0679,2022-10-07,0.06,0.060138888889,6613,CHTS,40.004,116.326,92.0,CHTS-0679,2022,10,7,9.0,2022,10,8,9.0,24.0,28203,EC PM2.5,0.06,Micrograms per cubic meter (ug/m3),,0.0601388888888888,,218,AirPhoton SS5i Sampler with BGI cyclone inlet and 25mm stretched Teflon filter,FTIR,Ambient local,,/Users/ahmadjalil/github/aethmodular/research/filter_combine/FilterBased_ChemSpecPM25_CHTS.csv,ec9a6c24308cb050a58472350a75689bc865751b1ac784a2f02e7bd56cedae61,"# File Updated: 2025-07-29
# Data version 3.0
# Site: Beijing, China",CHTS-0679,ChemSpec_218,True,True,both competing concentration values already present in earlier CSV; upstream role unresolved,False,c91542c705254dd7e7e7271bc36789388d225dc3,a6fda4ea34e7c6d5f3c058ccd56e23d36c2afe07fee3dd8ee9072a80eeae197f
6886,CHTS,40.004,116.326,,CHTS-0682,2022-10-13,PM2.5,,,,ChemSpec_218,,,ChemSpec_EC_PM2.5,,3.59,0.0589225589225589,,,ChemSpec,ug/m3,ug/m3,,CHTS-0682,2022-10-13,3.59,0.058922558923,6688,CHTS,40.004,116.326,92.0,CHTS-0682,2022,10,13,9.0,2022,10,14,9.0,24.0,28203,EC PM2.5,3.59,Micrograms per cubic meter (ug/m3),,0.0589225589225589,,218,AirPhoton SS5i Sampler with BGI cyclone inlet and 25mm stretched Teflon filter,FTIR,Ambient local,,/Users/ahmadjalil/github/aethmodular/research/filter_combine/FilterBased_ChemSpecPM25_CHTS.csv,ec9a6c24308cb050a58472350a75689bc865751b1ac784a2f02e7bd56cedae61,"# File Updated: 2025-07-29
# Data version 3.0
# Site: Beijing, China",CHTS-0682,ChemSpec_218,True,True,both competing concentration values already present in earlier CSV; upstream role unresolved,False,c91542c705254dd7e7e7271bc36789388d225dc3,a6fda4ea34e7c6d5f3c058ccd56e23d36c2afe07fee3dd8ee9072a80eeae197f
6887,CHTS,40.004,116.326,,CHTS-0682,2022-10-13,PM2.5,,,,ChemSpec_218,,,ChemSpec_EC_PM2.5,,0.06,0.0589225589225589,,,ChemSpec,ug/m3,ug/m3,,CHTS-0682,2022-10-13,0.06,0.058922558923,6689,CHTS,40.004,116.326,92.0,CHTS-0682,2022,10,13,9.0,2022,10,14,9.0,24.0,28203,EC PM2.5,0.06,Micrograms per cubic meter (ug/m3),,0.0589225589225589,,218,AirPhoton SS5i Sampler with BGI cyclone inlet and 25mm stretched Teflon filter,FTIR,Ambient local,,/Users/ahmadjalil/github/aethmodular/research/filter_combine/FilterBased_ChemSpecPM25_CHTS.csv,ec9a6c24308cb050a58472350a75689bc865751b1ac784a2f02e7bd56cedae61,"# File Updated: 2025-07-29
# Data version 3.0
# Site: Beijing, China",CHTS-0682,ChemSpec_218,True,True,both competing concentration values already present in earlier CSV; upstream role unresolved,False,c91542c705254dd7e7e7271bc36789388d225dc3,a6fda4ea34e7c6d5f3c058ccd56e23d36c2afe07fee3dd8ee9072a80eeae197f
6934,CHTS,40.004,116.326,,CHTS-0683,2022-10-16,PM2.5,,,,ChemSpec_218,,,ChemSpec_EC_PM2.5,,0.25,0.0577777777777777,,,ChemSpec,ug/m3,ug/m3,,CHTS-0683,2022-10-16,0.25,0.057777777778,6728,CHTS,40.004,116.326,92.0,CHTS-0683,2022,10,16,9.0,2022,10,17,9.0,24.0,28203,EC PM2.5,0.25,Micrograms per cubic meter (ug/m3),,0.0577777777777777,,218,AirPhoton SS5i Sampler with BGI cyclone inlet and 25mm stretched Teflon filter,FTIR,Ambient local,,/Users/ahmadjalil/github/aethmodular/research/filter_combine/FilterBased_ChemSpecPM25_CHTS.csv,ec9a6c24308cb050a58472350a75689bc865751b1ac784a2f02e7bd56cedae61,"# File Updated: 2025-07-29
# Data version 3.0
# Site: Beijing, China",CHTS-0683,ChemSpec_218,True,True,both competing concentration values already present in earlier CSV; upstream role unresolved,False,c91542c705254dd7e7e7271bc36789388d225dc3,a6fda4ea34e7c6d5f3c058ccd56e23d36c2afe07fee3dd8ee9072a80eeae197f
6935,CHTS,40.004,116.326,,CHTS-0683,2022-10-16,PM2.5,,,,ChemSpec_218,,,ChemSpec_EC_PM2.5,,0.06,0.0577777777777777,,,ChemSpec,ug/m3,ug/m3,,CHTS-0683,2022-10-16,0.06,0.057777777778,6729,CHTS,40.004,116.326,92.0,CHTS-0683,2022,10,16,9.0,2022,10,17,9.0,24.0,28203,EC PM2.5,0.06,Micrograms per cubic meter (ug/m3),,0.0577777777777777,,218,AirPhoton SS5i Sampler with BGI cyclone inlet and 25mm stretched Teflon filter,FTIR,Ambient local,,/Users/ahmadjalil/github/aethmodular/research/filter_combine/FilterBased_ChemSpecPM25_CHTS.csv,ec9a6c24308cb050a58472350a75689bc865751b1ac784a2f02e7bd56cedae61,"# File Updated: 2025-07-29
# Data version 3.0
# Site: Beijing, China",CHTS-0683,ChemSpec_218,True,True,both competing concentration values already present in earlier CSV; upstream role unresolved,False,c91542c705254dd7e7e7271bc36789388d225dc3,a6fda4ea34e7c6d5f3c058ccd56e23d36c2afe07fee3dd8ee9072a80eeae197f
6982,CHTS,40.004,116.326,,CHTS-0684,2022-10-19,PM2.5,,,,ChemSpec_218,,,ChemSpec_EC_PM2.5,,1.12,0.0577777777777777,,,ChemSpec,ug/m3,ug/m3,,CHTS-0684,2022-10-19,1.12,0.057777777778,6768,CHTS,40.004,116.326,92.0,CHTS-0684,2022,10,19,9.0,2022,10,20,9.0,24.0,28203,EC PM2.5,1.12,Micrograms per cubic meter (ug/m3),,0.0577777777777777,,218,AirPhoton SS5i Sampler with BGI cyclone inlet and 25mm stretched Teflon filter,FTIR,Ambient local,,/Users/ahmadjalil/github/aethmodular/research/filter_combine/FilterBased_ChemSpecPM25_CHTS.csv,ec9a6c24308cb050a58472350a75689bc865751b1ac784a2f02e7bd56cedae61,"# File Updated: 2025-07-29
# Data version 3.0
# Site: Beijing, China",CHTS-0684,ChemSpec_218,True,True,both competing concentration values already present in earlier CSV; upstream role unresolved,False,c91542c705254dd7e7e7271bc36789388d225dc3,a6fda4ea34e7c6d5f3c058ccd56e23d36c2afe07fee3dd8ee9072a80eeae197f
6983,CHTS,40.004,116.326,,CHTS-0684,2022-10-19,PM2.5,,,,ChemSpec_218,,,ChemSpec_EC_PM2.5,,0.06,0.0577777777777777,,,ChemSpec,ug/m3,ug/m3,,CHTS-0684,2022-10-19,0.06,0.057777777778,6769,CHTS,40.004,116.326,92.0,CHTS-0684,2022,10,19,9.0,2022,10,20,9.0,24.0,28203,EC PM2.5,0.06,Micrograms per cubic meter (ug/m3),,0.0577777777777777,,218,AirPhoton SS5i Sampler with BGI cyclone inlet and 25mm stretched Teflon filter,FTIR,Ambient local,,/Users/ahmadjalil/github/aethmodular/research/filter_combine/FilterBased_ChemSpecPM25_CHTS.csv,ec9a6c24308cb050a58472350a75689bc865751b1ac784a2f02e7bd56cedae61,"# File Updated: 2025-07-29
# Data version 3.0
# Site: Beijing, China",CHTS-0684,ChemSpec_218,True,True,both competing concentration values already present in earlier CSV; upstream role unresolved,False,c91542c705254dd7e7e7271bc36789388d225dc3,a6fda4ea34e7c6d5f3c058ccd56e23d36c2afe07fee3dd8ee9072a80eeae197f
7030,CHTS,40.004,116.326,,CHTS-0685,2022-10-22,PM2.5,,,,ChemSpec_218,,,ChemSpec_EC_PM2.5,,0.5,0.0577777777777777,,,ChemSpec,ug/m3,ug/m3,,CHTS-0685,2022-10-22,0.5,0.057777777778,6809,CHTS,40.004,116.326,92.0,CHTS-0685,2022,10,22,9.0,2022,10,23,9.0,24.0,28203,EC PM2.5,0.5,Micrograms per cubic meter (ug/m3),,0.0577777777777777,,218,AirPhoton SS5i Sampler with BGI cyclone inlet and 25mm stretched Teflon filter,FTIR,Ambient local,,/Users/ahmadjalil/github/aethmodular/research/filter_combine/FilterBased_ChemSpecPM25_CHTS.csv,ec9a6c24308cb050a58472350a75689bc865751b1ac784a2f02e7bd56cedae61,"# File Updated: 2025-07-29
# Data version 3.0
# Site: Beijing, China",CHTS-0685,ChemSpec_218,True,True,both competing concentration values already present in earlier CSV; upstream role unresolved,False,c91542c705254dd7e7e7271bc36789388d225dc3,a6fda4ea34e7c6d5f3c058ccd56e23d36c2afe07fee3dd8ee9072a80eeae197f
7031,CHTS,40.004,116.326,,CHTS-0685,2022-10-22,PM2.5,,,,ChemSpec_218,,,ChemSpec_EC_PM2.5,,0.06,0.0577777777777777,,,ChemSpec,ug/m3,ug/m3,,CHTS-0685,2022-10-22,0.06,0.057777777778,6810,CHTS,40.004,116.326,92.0,CHTS-0685,2022,10,22,9.0,2022,10,23,9.0,24.0,28203,EC PM2.5,0.06,Micrograms per cubic meter (ug/m3),,0.0577777777777777,,218,AirPhoton SS5i Sampler with BGI cyclone inlet and 25mm stretched Teflon filter,FTIR,Ambient local,,/Users/ahmadjalil/github/aethmodular/research/filter_combine/FilterBased_ChemSpecPM25_CHTS.csv,ec9a6c24308cb050a58472350a75689bc865751b1ac784a2f02e7bd56cedae61,"# File Updated: 2025-07-29
# Data version 3.0
# Site: Beijing, China",CHTS-0685,ChemSpec_218,True,True,both competing concentration values already present in earlier CSV; upstream role unresolved,False,c91542c705254dd7e7e7271bc36789388d225dc3,a6fda4ea34e7c6d5f3c058ccd56e23d36c2afe07fee3dd8ee9072a80eeae197f
7086,CHTS,40.004,116.326,,CHTS-0687,2022-10-28,PM2.5,,,,ChemSpec_218,,,ChemSpec_EC_PM2.5,,1.63,0.0577777777777777,,,ChemSpec,ug/m3,ug/m3,,CHTS-0687,2022-10-28,1.63,0.057777777778,6850,CHTS,40.004,116.326,92.0,CHTS-0687,2022,10,28,9.0,2022,10,29,9.0,24.0,28203,EC PM2.5,1.63,Micrograms per cubic meter (ug/m3),,0.0577777777777777,,218,AirPhoton SS5i Sampler with BGI cyclone inlet and 25mm stretched Teflon filter,FTIR,Ambient local,,/Users/ahmadjalil/github/aethmodular/research/filter_combine/FilterBased_ChemSpecPM25_CHTS.csv,ec9a6c24308cb050a58472350a75689bc865751b1ac784a2f02e7bd56cedae61,"# File Updated: 2025-07-29
# Data version 3.0
# Site: Beijing, China",CHTS-0687,ChemSpec_218,True,True,both competing concentration values already present in earlier CSV; upstream role unresolved,False,c91542c705254dd7e7e7271bc36789388d225dc3,a6fda4ea34e7c6d5f3c058ccd56e23d36c2afe07fee3dd8ee9072a80eeae197f
7087,CHTS,40.004,116.326,,CHTS-0687,2022-10-28,PM2.5,,,,ChemSpec_218,,,ChemSpec_EC_PM2.5,,0.06,0.0577777777777777,,,ChemSpec,ug/m3,ug/m3,,CHTS-0687,2022-10-28,0.06,0.057777777778,6851,CHTS,40.004,116.326,92.0,CHTS-0687,2022,10,28,9.0,2022,10,29,9.0,24.0,28203,EC PM2.5,0.06,Micrograms per cubic meter (ug/m3),,0.0577777777777777,,218,AirPhoton SS5i Sampler with BGI cyclone inlet and 25mm stretched Teflon filter,FTIR,Ambient local,,/Users/ahmadjalil/github/aethmodular/research/filter_combine/FilterBased_ChemSpecPM25_CHTS.csv,ec9a6c24308cb050a58472350a75689bc865751b1ac784a2f02e7bd56cedae61,"# File Updated: 2025-07-29
# Data version 3.0
# Site: Beijing, China",CHTS-0687,ChemSpec_218,True,True,both competing concentration values already present in earlier CSV; upstream role unresolved,False,c91542c705254dd7e7e7271bc36789388d225dc3,a6fda4ea34e7c6d5f3c058ccd56e23d36c2afe07fee3dd8ee9072a80eeae197f
7177,CHTS,40.004,116.326,,CHTS-0690,2022-11-05,PM2.5,,,,ChemSpec_218,,,ChemSpec_EC_PM2.5,,2.86,0.0577777777777777,,,ChemSpec,ug/m3,ug/m3,,CHTS-0690,2022-11-05,2.86,0.057777777778,6926,CHTS,40.004,116.326,92.0,CHTS-0690,2022,11,5,9.0,2022,11,6,9.0,24.0,28203,EC PM2.5,2.86,Micrograms per cubic meter (ug/m3),,0.0577777777777777,,218,AirPhoton SS5i Sampler with BGI cyclone inlet and 25mm stretched Teflon filter,FTIR,Ambient local,,/Users/ahmadjalil/github/aethmodular/research/filter_combine/FilterBased_ChemSpecPM25_CHTS.csv,ec9a6c24308cb050a58472350a75689bc865751b1ac784a2f02e7bd56cedae61,"# File Updated: 2025-07-29
# Data version 3.0
# Site: Beijing, China",CHTS-0690,ChemSpec_218,True,True,both competing concentration values already present in earlier CSV; upstream role unresolved,False,c91542c705254dd7e7e7271bc36789388d225dc3,a6fda4ea34e7c6d5f3c058ccd56e23d36c2afe07fee3dd8ee9072a80eeae197f
7178,CHTS,40.004,116.326,,CHTS-0690,2022-11-05,PM2.5,,,,ChemSpec_218,,,ChemSpec_EC_PM2.5,,0.06,0.0577777777777777,,,ChemSpec,ug/m3,ug/m3,,CHTS-0690,2022-11-05,0.06,0.057777777778,6927,CHTS,40.004,116.326,92.0,CHTS-0690,2022,11,5,9.0,2022,11,6,9.0,24.0,28203,EC PM2.5,0.06,Micrograms per cubic meter (ug/m3),,0.0577777777777777,,218,AirPhoton SS5i Sampler with BGI cyclone inlet and 25mm stretched Teflon filter,FTIR,Ambient local,,/Users/ahmadjalil/github/aethmodular/research/filter_combine/FilterBased_ChemSpecPM25_CHTS.csv,ec9a6c24308cb050a58472350a75689bc865751b1ac784a2f02e7bd56cedae61,"# File Updated: 2025-07-29
# Data version 3.0
# Site: Beijing, China",CHTS-0690,ChemSpec_218,True,True,both competing concentration values already present in earlier CSV; upstream role unresolved,False,c91542c705254dd7e7e7271bc36789388d225dc3,a6fda4ea34e7c6d5f3c058ccd56e23d36c2afe07fee3dd8ee9072a80eeae197f
7226,CHTS,40.004,116.326,,CHTS-0691,2022-11-08,PM2.5,,,,ChemSpec_218,,,ChemSpec_EC_PM2.5,,1.35,0.0577777777777777,,,ChemSpec,ug/m3,ug/m3,,CHTS-0691,2022-11-08,1.35,0.057777777778,6966,CHTS,40.004,116.326,92.0,CHTS-0691,2022,11,8,9.0,2022,11,9,9.0,24.0,28203,EC PM2.5,1.35,Micrograms per cubic meter (ug/m3),,0.0577777777777777,,218,AirPhoton SS5i Sampler with BGI cyclone inlet and 25mm stretched Teflon filter,FTIR,Ambient local,,/Users/ahmadjalil/github/aethmodular/research/filter_combine/FilterBased_ChemSpecPM25_CHTS.csv,ec9a6c24308cb050a58472350a75689bc865751b1ac784a2f02e7bd56cedae61,"# File Updated: 2025-07-29
# Data version 3.0
# Site: Beijing, China",CHTS-0691,ChemSpec_218,True,True,both competing concentration values already present in earlier CSV; upstream role unresolved,False,c91542c705254dd7e7e7271bc36789388d225dc3,a6fda4ea34e7c6d5f3c058ccd56e23d36c2afe07fee3dd8ee9072a80eeae197f
7227,CHTS,40.004,116.326,,CHTS-0691,2022-11-08,PM2.5,,,,ChemSpec_218,,,ChemSpec_EC_PM2.5,,0.06,0.0577777777777777,,,ChemSpec,ug/m3,ug/m3,,CHTS-0691,2022-11-08,0.06,0.057777777778,6967,CHTS,40.004,116.326,92.0,CHTS-0691,2022,11,8,9.0,2022,11,9,9.0,24.0,28203,EC PM2.5,0.06,Micrograms per cubic meter (ug/m3),,0.0577777777777777,,218,AirPhoton SS5i Sampler with BGI cyclone inlet and 25mm stretched Teflon filter,FTIR,Ambient local,,/Users/ahmadjalil/github/aethmodular/research/filter_combine/FilterBased_ChemSpecPM25_CHTS.csv,ec9a6c24308cb050a58472350a75689bc865751b1ac784a2f02e7bd56cedae61,"# File Updated: 2025-07-29
# Data version 3.0
# Site: Beijing, China",CHTS-0691,ChemSpec_218,True,True,both competing concentration values already present in earlier CSV; upstream role unresolved,False,c91542c705254dd7e7e7271bc36789388d225dc3,a6fda4ea34e7c6d5f3c058ccd56e23d36c2afe07fee3dd8ee9072a80eeae197f
7274,CHTS,40.004,116.326,,CHTS-0692,2022-11-11,PM2.5,,,,ChemSpec_218,,,ChemSpec_EC_PM2.5,,2.87,0.0577777777777777,,,ChemSpec,ug/m3,ug/m3,,CHTS-0692,2022-11-11,2.87,0.057777777778,7006,CHTS,40.004,116.326,92.0,CHTS-0692,2022,11,11,9.0,2022,11,12,9.0,24.0,28203,EC PM2.5,2.87,Micrograms per cubic meter (ug/m3),,0.0577777777777777,,218,AirPhoton SS5i Sampler with BGI cyclone inlet and 25mm stretched Teflon filter,FTIR,Ambient local,,/Users/ahmadjalil/github/aethmodular/research/filter_combine/FilterBased_ChemSpecPM25_CHTS.csv,ec9a6c24308cb050a58472350a75689bc865751b1ac784a2f02e7bd56cedae61,"# File Updated: 2025-07-29
# Data version 3.0
# Site: Beijing, China",CHTS-0692,ChemSpec_218,True,True,both competing concentration values already present in earlier CSV; upstream role unresolved,False,c91542c705254dd7e7e7271bc36789388d225dc3,a6fda4ea34e7c6d5f3c058ccd56e23d36c2afe07fee3dd8ee9072a80eeae197f
7275,CHTS,40.004,116.326,,CHTS-0692,2022-11-11,PM2.5,,,,ChemSpec_218,,,ChemSpec_EC_PM2.5,,0.06,0.0577777777777777,,,ChemSpec,ug/m3,ug/m3,,CHTS-0692,2022-11-11,0.06,0.057777777778,7007,CHTS,40.004,116.326,92.0,CHTS-0692,2022,11,11,9.0,2022,11,12,9.0,24.0,28203,EC PM2.5,0.06,Micrograms per cubic meter (ug/m3),,0.0577777777777777,,218,AirPhoton SS5i Sampler with BGI cyclone inlet and 25mm stretched Teflon filter,FTIR,Ambient local,,/Users/ahmadjalil/github/aethmodular/research/filter_combine/FilterBased_ChemSpecPM25_CHTS.csv,ec9a6c24308cb050a58472350a75689bc865751b1ac784a2f02e7bd56cedae61,"# File Updated: 2025-07-29
# Data version 3.0
# Site: Beijing, China",CHTS-0692,ChemSpec_218,True,True,both competing concentration values already present in earlier CSV; upstream role unresolved,False,c91542c705254dd7e7e7271bc36789388d225dc3,a6fda4ea34e7c6d5f3c058ccd56e23d36c2afe07fee3dd8ee9072a80eeae197f
7322,CHTS,40.004,116.326,,CHTS-0693,2022-11-14,PM2.5,,,,ChemSpec_218,,,ChemSpec_EC_PM2.5,,2.5,0.0577777777777777,,,ChemSpec,ug/m3,ug/m3,,CHTS-0693,2022-11-14,2.5,0.057777777778,7047,CHTS,40.004,116.326,92.0,CHTS-0693,2022,11,14,9.0,2022,11,15,9.0,24.0,28203,EC PM2.5,2.5,Micrograms per cubic meter (ug/m3),,0.0577777777777777,,218,AirPhoton SS5i Sampler with BGI cyclone inlet and 25mm stretched Teflon filter,FTIR,Ambient local,,/Users/ahmadjalil/github/aethmodular/research/filter_combine/FilterBased_ChemSpecPM25_CHTS.csv,ec9a6c24308cb050a58472350a75689bc865751b1ac784a2f02e7bd56cedae61,"# File Updated: 2025-07-29
# Data version 3.0
# Site: Beijing, China",CHTS-0693,ChemSpec_218,True,True,both competing concentration values already present in earlier CSV; upstream role unresolved,False,c91542c705254dd7e7e7271bc36789388d225dc3,a6fda4ea34e7c6d5f3c058ccd56e23d36c2afe07fee3dd8ee9072a80eeae197f
7323,CHTS,40.004,116.326,,CHTS-0693,2022-11-14,PM2.5,,,,ChemSpec_218,,,ChemSpec_EC_PM2.5,,0.06,0.0577777777777777,,,ChemSpec,ug/m3,ug/m3,,CHTS-0693,2022-11-14,0.06,0.057777777778,7048,CHTS,40.004,116.326,92.0,CHTS-0693,2022,11,14,9.0,2022,11,15,9.0,24.0,28203,EC PM2.5,0.06,Micrograms per cubic meter (ug/m3),,0.0577777777777777,,218,AirPhoton SS5i Sampler with BGI cyclone inlet and 25mm stretched Teflon filter,FTIR,Ambient local,,/Users/ahmadjalil/github/aethmodular/research/filter_combine/FilterBased_ChemSpecPM25_CHTS.csv,ec9a6c24308cb050a58472350a75689bc865751b1ac784a2f02e7bd56cedae61,"# File Updated: 2025-07-29
# Data version 3.0
# Site: Beijing, China",CHTS-0693,ChemSpec_218,True,True,both competing concentration values already present in earlier CSV; upstream role unresolved,False,c91542c705254dd7e7e7271bc36789388d225dc3,a6fda4ea34e7c6d5f3c058ccd56e23d36c2afe07fee3dd8ee9072a80eeae197f
7371,CHTS,40.004,116.326,,CHTS-0694,2022-11-17,PM2.5,,,,ChemSpec_218,,,ChemSpec_EC_PM2.5,,6.63,0.0589225589225589,,,ChemSpec,ug/m3,ug/m3,,CHTS-0694,2022-11-17,6.63,0.058922558923,7088,CHTS,40.004,116.326,92.0,CHTS-0694,2022,11,17,9.0,2022,11,18,9.0,24.0,28203,EC PM2.5,6.63,Micrograms per cubic meter (ug/m3),,0.0589225589225589,,218,AirPhoton SS5i Sampler with BGI cyclone inlet and 25mm stretched Teflon filter,FTIR,Ambient local,,/Users/ahmadjalil/github/aethmodular/research/filter_combine/FilterBased_ChemSpecPM25_CHTS.csv,ec9a6c24308cb050a58472350a75689bc865751b1ac784a2f02e7bd56cedae61,"# File Updated: 2025-07-29
# Data version 3.0
# Site: Beijing, China",CHTS-0694,ChemSpec_218,True,True,both competing concentration values already present in earlier CSV; upstream role unresolved,False,c91542c705254dd7e7e7271bc36789388d225dc3,a6fda4ea34e7c6d5f3c058ccd56e23d36c2afe07fee3dd8ee9072a80eeae197f
7372,CHTS,40.004,116.326,,CHTS-0694,2022-11-17,PM2.5,,,,ChemSpec_218,,,ChemSpec_EC_PM2.5,,0.06,0.0589225589225589,,,ChemSpec,ug/m3,ug/m3,,CHTS-0694,2022-11-17,0.06,0.058922558923,7089,CHTS,40.004,116.326,92.0,CHTS-0694,2022,11,17,9.0,2022,11,18,9.0,24.0,28203,EC PM2.5,0.06,Micrograms per cubic meter (ug/m3),,0.0589225589225589,,218,AirPhoton SS5i Sampler with BGI cyclone inlet and 25mm stretched Teflon filter,FTIR,Ambient local,,/Users/ahmadjalil/github/aethmodular/research/filter_combine/FilterBased_ChemSpecPM25_CHTS.csv,ec9a6c24308cb050a58472350a75689bc865751b1ac784a2f02e7bd56cedae61,"# File Updated: 2025-07-29
# Data version 3.0
# Site: Beijing, China",CHTS-0694,ChemSpec_218,True,True,both competing concentration values already present in earlier CSV; upstream role unresolved,False,c91542c705254dd7e7e7271bc36789388d225dc3,a6fda4ea34e7c6d5f3c058ccd56e23d36c2afe07fee3dd8ee9072a80eeae197f
7420,CHTS,40.004,116.326,,CHTS-0695,2022-11-20,PM2.5,,,,ChemSpec_218,,,ChemSpec_EC_PM2.5,,4.39,0.0577777777777777,,,ChemSpec,ug/m3,ug/m3,,CHTS-0695,2022-11-20,4.39,0.057777777778,7128,CHTS,40.004,116.326,92.0,CHTS-0695,2022,11,20,9.0,2022,11,21,9.0,24.0,28203,EC PM2.5,4.39,Micrograms per cubic meter (ug/m3),,0.0577777777777777,,218,AirPhoton SS5i Sampler with BGI cyclone inlet and 25mm stretched Teflon filter,FTIR,Ambient local,,/Users/ahmadjalil/github/aethmodular/research/filter_combine/FilterBased_ChemSpecPM25_CHTS.csv,ec9a6c24308cb050a58472350a75689bc865751b1ac784a2f02e7bd56cedae61,"# File Updated: 2025-07-29
# Data version 3.0
# Site: Beijing, China",CHTS-0695,ChemSpec_218,True,True,both competing concentration values already present in earlier CSV; upstream role unresolved,False,c91542c705254dd7e7e7271bc36789388d225dc3,a6fda4ea34e7c6d5f3c058ccd56e23d36c2afe07fee3dd8ee9072a80eeae197f
7421,CHTS,40.004,116.326,,CHTS-0695,2022-11-20,PM2.5,,,,ChemSpec_218,,,ChemSpec_EC_PM2.5,,0.06,0.0577777777777777,,,ChemSpec,ug/m3,ug/m3,,CHTS-0695,2022-11-20,0.06,0.057777777778,7129,CHTS,40.004,116.326,92.0,CHTS-0695,2022,11,20,9.0,2022,11,21,9.0,24.0,28203,EC PM2.5,0.06,Micrograms per cubic meter (ug/m3),,0.0577777777777777,,218,AirPhoton SS5i Sampler with BGI cyclone inlet and 25mm stretched Teflon filter,FTIR,Ambient local,,/Users/ahmadjalil/github/aethmodular/research/filter_combine/FilterBased_ChemSpecPM25_CHTS.csv,ec9a6c24308cb050a58472350a75689bc865751b1ac784a2f02e7bd56cedae61,"# File Updated: 2025-07-29
# Data version 3.0
# Site: Beijing, China",CHTS-0695,ChemSpec_218,True,True,both competing concentration values already present in earlier CSV; upstream role unresolved,False,c91542c705254dd7e7e7271bc36789388d225dc3,a6fda4ea34e7c6d5f3c058ccd56e23d36c2afe07fee3dd8ee9072a80eeae197f
7511,CHTS,40.004,116.326,,CHTS-0698,2022-12-21,PM2.5,,,,ChemSpec_218,,,ChemSpec_EC_PM2.5,,0.34,0.0577777777777777,,,ChemSpec,ug/m3,ug/m3,,CHTS-0698,2022-12-21,0.34,0.057777777778,7205,CHTS,40.004,116.326,92.0,CHTS-0698,2022,12,21,9.0,2022,12,22,9.0,24.0,28203,EC PM2.5,0.34,Micrograms per cubic meter (ug/m3),,0.0577777777777777,,218,AirPhoton SS5i Sampler with BGI cyclone inlet and 25mm stretched Teflon filter,FTIR,Ambient local,,/Users/ahmadjalil/github/aethmodular/research/filter_combine/FilterBased_ChemSpecPM25_CHTS.csv,ec9a6c24308cb050a58472350a75689bc865751b1ac784a2f02e7bd56cedae61,"# File Updated: 2025-07-29
# Data version 3.0
# Site: Beijing, China",CHTS-0698,ChemSpec_218,True,True,both competing concentration values already present in earlier CSV; upstream role unresolved,False,c91542c705254dd7e7e7271bc36789388d225dc3,a6fda4ea34e7c6d5f3c058ccd56e23d36c2afe07fee3dd8ee9072a80eeae197f
7512,CHTS,40.004,116.326,,CHTS-0698,2022-12-21,PM2.5,,,,ChemSpec_218,,,ChemSpec_EC_PM2.5,,0.06,0.0577777777777777,,,ChemSpec,ug/m3,ug/m3,,CHTS-0698,2022-12-21,0.06,0.057777777778,7206,CHTS,40.004,116.326,92.0,CHTS-0698,2022,12,21,9.0,2022,12,22,9.0,24.0,28203,EC PM2.5,0.06,Micrograms per cubic meter (ug/m3),,0.0577777777777777,,218,AirPhoton SS5i Sampler with BGI cyclone inlet and 25mm stretched Teflon filter,FTIR,Ambient local,,/Users/ahmadjalil/github/aethmodular/research/filter_combine/FilterBased_ChemSpecPM25_CHTS.csv,ec9a6c24308cb050a58472350a75689bc865751b1ac784a2f02e7bd56cedae61,"# File Updated: 2025-07-29
# Data version 3.0
# Site: Beijing, China",CHTS-0698,ChemSpec_218,True,True,both competing concentration values already present in earlier CSV; upstream role unresolved,False,c91542c705254dd7e7e7271bc36789388d225dc3,a6fda4ea34e7c6d5f3c058ccd56e23d36c2afe07fee3dd8ee9072a80eeae197f
7560,CHTS,40.004,116.326,,CHTS-0699,2022-12-24,PM2.5,,,,ChemSpec_218,,,ChemSpec_EC_PM2.5,,0.61,0.0577777777777777,,,ChemSpec,ug/m3,ug/m3,,CHTS-0699,2022-12-24,0.61,0.057777777778,7246,CHTS,40.004,116.326,92.0,CHTS-0699,2022,12,24,9.0,2022,12,25,9.0,24.0,28203,EC PM2.5,0.61,Micrograms per cubic meter (ug/m3),,0.0577777777777777,,218,AirPhoton SS5i Sampler with BGI cyclone inlet and 25mm stretched Teflon filter,FTIR,Ambient local,,/Users/ahmadjalil/github/aethmodular/research/filter_combine/FilterBased_ChemSpecPM25_CHTS.csv,ec9a6c24308cb050a58472350a75689bc865751b1ac784a2f02e7bd56cedae61,"# File Updated: 2025-07-29
# Data version 3.0
# Site: Beijing, China",CHTS-0699,ChemSpec_218,True,True,both competing concentration values already present in earlier CSV; upstream role unresolved,False,c91542c705254dd7e7e7271bc36789388d225dc3,a6fda4ea34e7c6d5f3c058ccd56e23d36c2afe07fee3dd8ee9072a80eeae197f
7561,CHTS,40.004,116.326,,CHTS-0699,2022-12-24,PM2.5,,,,ChemSpec_218,,,ChemSpec_EC_PM2.5,,0.06,0.0577777777777777,,,ChemSpec,ug/m3,ug/m3,,CHTS-0699,2022-12-24,0.06,0.057777777778,7247,CHTS,40.004,116.326,92.0,CHTS-0699,2022,12,24,9.0,2022,12,25,9.0,24.0,28203,EC PM2.5,0.06,Micrograms per cubic meter (ug/m3),,0.0577777777777777,,218,AirPhoton SS5i Sampler with BGI cyclone inlet and 25mm stretched Teflon filter,FTIR,Ambient local,,/Users/ahmadjalil/github/aethmodular/research/filter_combine/FilterBased_ChemSpecPM25_CHTS.csv,ec9a6c24308cb050a58472350a75689bc865751b1ac784a2f02e7bd56cedae61,"# File Updated: 2025-07-29
# Data version 3.0
# Site: Beijing, China",CHTS-0699,ChemSpec_218,True,True,both competing concentration values already present in earlier CSV; upstream role unresolved,False,c91542c705254dd7e7e7271bc36789388d225dc3,a6fda4ea34e7c6d5f3c058ccd56e23d36c2afe07fee3dd8ee9072a80eeae197f
7609,CHTS,40.004,116.326,,CHTS-0700,2022-12-27,PM2.5,,,,ChemSpec_218,,,ChemSpec_EC_PM2.5,,0.44,0.0577777777777777,,,ChemSpec,ug/m3,ug/m3,,CHTS-0700,2022-12-27,0.44,0.057777777778,7287,CHTS,40.004,116.326,92.0,CHTS-0700,2022,12,27,9.0,2022,12,28,9.0,24.0,28203,EC PM2.5,0.44,Micrograms per cubic meter (ug/m3),,0.0577777777777777,,218,AirPhoton SS5i Sampler with BGI cyclone inlet and 25mm stretched Teflon filter,FTIR,Ambient local,,/Users/ahmadjalil/github/aethmodular/research/filter_combine/FilterBased_ChemSpecPM25_CHTS.csv,ec9a6c24308cb050a58472350a75689bc865751b1ac784a2f02e7bd56cedae61,"# File Updated: 2025-07-29
# Data version 3.0
# Site: Beijing, China",CHTS-0700,ChemSpec_218,True,True,both competing concentration values already present in earlier CSV; upstream role unresolved,False,c91542c705254dd7e7e7271bc36789388d225dc3,a6fda4ea34e7c6d5f3c058ccd56e23d36c2afe07fee3dd8ee9072a80eeae197f
7610,CHTS,40.004,116.326,,CHTS-0700,2022-12-27,PM2.5,,,,ChemSpec_218,,,ChemSpec_EC_PM2.5,,0.06,0.0577777777777777,,,ChemSpec,ug/m3,ug/m3,,CHTS-0700,2022-12-27,0.06,0.057777777778,7288,CHTS,40.004,116.326,92.0,CHTS-0700,2022,12,27,9.0,2022,12,28,9.0,24.0,28203,EC PM2.5,0.06,Micrograms per cubic meter (ug/m3),,0.0577777777777777,,218,AirPhoton SS5i Sampler with BGI cyclone inlet and 25mm stretched Teflon filter,FTIR,Ambient local,,/Users/ahmadjalil/github/aethmodular/research/filter_combine/FilterBased_ChemSpecPM25_CHTS.csv,ec9a6c24308cb050a58472350a75689bc865751b1ac784a2f02e7bd56cedae61,"# File Updated: 2025-07-29
# Data version 3.0
# Site: Beijing, China",CHTS-0700,ChemSpec_218,True,True,both competing concentration values already present in earlier CSV; upstream role unresolved,False,c91542c705254dd7e7e7271bc36789388d225dc3,a6fda4ea34e7c6d5f3c058ccd56e23d36c2afe07fee3dd8ee9072a80eeae197f
7658,CHTS,40.004,116.326,,CHTS-0701,2022-12-30,PM2.5,,,,ChemSpec_218,,,ChemSpec_EC_PM2.5,,0.87,0.0577777777777777,,,ChemSpec,ug/m3,ug/m3,,CHTS-0701,2022-12-30,0.87,0.057777777778,7328,CHTS,40.004,116.326,92.0,CHTS-0701,2022,12,30,9.0,2022,12,31,9.0,24.0,28203,EC PM2.5,0.87,Micrograms per cubic meter (ug/m3),,0.0577777777777777,,218,AirPhoton SS5i Sampler with BGI cyclone inlet and 25mm stretched Teflon filter,FTIR,Ambient local,,/Users/ahmadjalil/github/aethmodular/research/filter_combine/FilterBased_ChemSpecPM25_CHTS.csv,ec9a6c24308cb050a58472350a75689bc865751b1ac784a2f02e7bd56cedae61,"# File Updated: 2025-07-29
# Data version 3.0
# Site: Beijing, China",CHTS-0701,ChemSpec_218,True,True,both competing concentration values already present in earlier CSV; upstream role unresolved,False,c91542c705254dd7e7e7271bc36789388d225dc3,a6fda4ea34e7c6d5f3c058ccd56e23d36c2afe07fee3dd8ee9072a80eeae197f
7659,CHTS,40.004,116.326,,CHTS-0701,2022-12-30,PM2.5,,,,ChemSpec_218,,,ChemSpec_EC_PM2.5,,0.06,0.0577777777777777,,,ChemSpec,ug/m3,ug/m3,,CHTS-0701,2022-12-30,0.06,0.057777777778,7329,CHTS,40.004,116.326,92.0,CHTS-0701,2022,12,30,9.0,2022,12,31,9.0,24.0,28203,EC PM2.5,0.06,Micrograms per cubic meter (ug/m3),,0.0577777777777777,,218,AirPhoton SS5i Sampler with BGI cyclone inlet and 25mm stretched Teflon filter,FTIR,Ambient local,,/Users/ahmadjalil/github/aethmodular/research/filter_combine/FilterBased_ChemSpecPM25_CHTS.csv,ec9a6c24308cb050a58472350a75689bc865751b1ac784a2f02e7bd56cedae61,"# File Updated: 2025-07-29
# Data version 3.0
# Site: Beijing, China",CHTS-0701,ChemSpec_218,True,True,both competing concentration values already present in earlier CSV; upstream role unresolved,False,c91542c705254dd7e7e7271bc36789388d225dc3,a6fda4ea34e7c6d5f3c058ccd56e23d36c2afe07fee3dd8ee9072a80eeae197f
7707,CHTS,40.004,116.326,,CHTS-0702,2023-01-02,PM2.5,,,,ChemSpec_218,,,ChemSpec_EC_PM2.5,,0.54,0.0589225589225589,,,ChemSpec,ug/m3,ug/m3,,CHTS-0702,2023-01-02,0.54,0.058922558923,7369,CHTS,40.004,116.326,92.0,CHTS-0702,2023,1,2,9.0,2023,1,3,9.0,24.0,28203,EC PM2.5,0.54,Micrograms per cubic meter (ug/m3),,0.0589225589225589,,218,AirPhoton SS5i Sampler with BGI cyclone inlet and 25mm stretched Teflon filter,FTIR,Ambient local,,/Users/ahmadjalil/github/aethmodular/research/filter_combine/FilterBased_ChemSpecPM25_CHTS.csv,ec9a6c24308cb050a58472350a75689bc865751b1ac784a2f02e7bd56cedae61,"# File Updated: 2025-07-29
# Data version 3.0
# Site: Beijing, China",CHTS-0702,ChemSpec_218,True,True,both competing concentration values already present in earlier CSV; upstream role unresolved,False,c91542c705254dd7e7e7271bc36789388d225dc3,a6fda4ea34e7c6d5f3c058ccd56e23d36c2afe07fee3dd8ee9072a80eeae197f
7708,CHTS,40.004,116.326,,CHTS-0702,2023-01-02,PM2.5,,,,ChemSpec_218,,,ChemSpec_EC_PM2.5,,0.06,0.0589225589225589,,,ChemSpec,ug/m3,ug/m3,,CHTS-0702,2023-01-02,0.06,0.058922558923,7370,CHTS,40.004,116.326,92.0,CHTS-0702,2023,1,2,9.0,2023,1,3,9.0,24.0,28203,EC PM2.5,0.06,Micrograms per cubic meter (ug/m3),,0.0589225589225589,,218,AirPhoton SS5i Sampler with BGI cyclone inlet and 25mm stretched Teflon filter,FTIR,Ambient local,,/Users/ahmadjalil/github/aethmodular/research/filter_combine/FilterBased_ChemSpecPM25_CHTS.csv,ec9a6c24308cb050a58472350a75689bc865751b1ac784a2f02e7bd56cedae61,"# File Updated: 2025-07-29
# Data version 3.0
# Site: Beijing, China",CHTS-0702,ChemSpec_218,True,True,both competing concentration values already present in earlier CSV; upstream role unresolved,False,c91542c705254dd7e7e7271bc36789388d225dc3,a6fda4ea34e7c6d5f3c058ccd56e23d36c2afe07fee3dd8ee9072a80eeae197f
7756,CHTS,40.004,116.326,,CHTS-0703,2023-01-05,PM2.5,,,,ChemSpec_218,,,ChemSpec_EC_PM2.5,,0.21,0.0577777777777777,,,ChemSpec,ug/m3,ug/m3,,CHTS-0703,2023-01-05,0.21,0.057777777778,7409,CHTS,40.004,116.326,92.0,CHTS-0703,2023,1,5,9.0,2023,1,6,9.0,24.0,28203,EC PM2.5,0.21,Micrograms per cubic meter (ug/m3),,0.0577777777777777,,218,AirPhoton SS5i Sampler with BGI cyclone inlet and 25mm stretched Teflon filter,FTIR,Ambient local,,/Users/ahmadjalil/github/aethmodular/research/filter_combine/FilterBased_ChemSpecPM25_CHTS.csv,ec9a6c24308cb050a58472350a75689bc865751b1ac784a2f02e7bd56cedae61,"# File Updated: 2025-07-29
# Data version 3.0
# Site: Beijing, China",CHTS-0703,ChemSpec_218,True,True,both competing concentration values already present in earlier CSV; upstream role unresolved,False,c91542c705254dd7e7e7271bc36789388d225dc3,a6fda4ea34e7c6d5f3c058ccd56e23d36c2afe07fee3dd8ee9072a80eeae197f
7757,CHTS,40.004,116.326,,CHTS-0703,2023-01-05,PM2.5,,,,ChemSpec_218,,,ChemSpec_EC_PM2.5,,0.06,0.0577777777777777,,,ChemSpec,ug/m3,ug/m3,,CHTS-0703,2023-01-05,0.06,0.057777777778,7410,CHTS,40.004,116.326,92.0,CHTS-0703,2023,1,5,9.0,2023,1,6,9.0,24.0,28203,EC PM2.5,0.06,Micrograms per cubic meter (ug/m3),,0.0577777777777777,,218,AirPhoton SS5i Sampler with BGI cyclone inlet and 25mm stretched Teflon filter,FTIR,Ambient local,,/Users/ahmadjalil/github/aethmodular/research/filter_combine/FilterBased_ChemSpecPM25_CHTS.csv,ec9a6c24308cb050a58472350a75689bc865751b1ac784a2f02e7bd56cedae61,"# File Updated: 2025-07-29
# Data version 3.0
# Site: Beijing, China",CHTS-0703,ChemSpec_218,True,True,both competing concentration values already present in earlier CSV; upstream role unresolved,False,c91542c705254dd7e7e7271bc36789388d225dc3,a6fda4ea34e7c6d5f3c058ccd56e23d36c2afe07fee3dd8ee9072a80eeae197f
9004,CHTS,40.004,116.326,,CHTS-0730,2023-03-22,PM2.5,,,,ChemSpec_218,,,ChemSpec_EC_PM2.5,,0.05,0.0683221099887766,,,ChemSpec,ug/m3,ug/m3,,CHTS-0730,2023-03-22,0.05,0.068322109989,8243,CHTS,40.004,116.326,92.0,CHTS-0730,2023,3,22,9.0,2023,3,23,9.0,24.0,28203,EC PM2.5,0.05,Micrograms per cubic meter (ug/m3),,0.0683221099887766,,218,AirPhoton SS5i Sampler with BGI cyclone inlet and 25mm stretched Teflon filter,FTIR,Ambient local,,/Users/ahmadjalil/github/aethmodular/research/filter_combine/FilterBased_ChemSpecPM25_CHTS.csv,ec9a6c24308cb050a58472350a75689bc865751b1ac784a2f02e7bd56cedae61,"# File Updated: 2025-07-29
# Data version 3.0
# Site: Beijing, China",CHTS-0730,ChemSpec_218,True,True,both competing concentration values already present in earlier CSV; upstream role unresolved,False,c91542c705254dd7e7e7271bc36789388d225dc3,a6fda4ea34e7c6d5f3c058ccd56e23d36c2afe07fee3dd8ee9072a80eeae197f
9005,CHTS,40.004,116.326,,CHTS-0730,2023-03-22,PM2.5,,,,ChemSpec_218,,,ChemSpec_EC_PM2.5,,0.07,0.0683221099887766,,,ChemSpec,ug/m3,ug/m3,,CHTS-0730,2023-03-22,0.07,0.068322109989,8244,CHTS,40.004,116.326,92.0,CHTS-0730,2023,3,22,9.0,2023,3,23,9.0,24.0,28203,EC PM2.5,0.07,Micrograms per cubic meter (ug/m3),,0.0683221099887766,,218,AirPhoton SS5i Sampler with BGI cyclone inlet and 25mm stretched Teflon filter,FTIR,Ambient local,,/Users/ahmadjalil/github/aethmodular/research/filter_combine/FilterBased_ChemSpecPM25_CHTS.csv,ec9a6c24308cb050a58472350a75689bc865751b1ac784a2f02e7bd56cedae61,"# File Updated: 2025-07-29
# Data version 3.0
# Site: Beijing, China",CHTS-0730,ChemSpec_218,True,True,both competing concentration values already present in earlier CSV; upstream role unresolved,False,c91542c705254dd7e7e7271bc36789388d225dc3,a6fda4ea34e7c6d5f3c058ccd56e23d36c2afe07fee3dd8ee9072a80eeae197f
9061,CHTS,40.004,116.326,,CHTS-0731,2023-03-25,PM2.5,,,,ChemSpec_218,,,ChemSpec_EC_PM2.5,,0.67,0.0683221099887766,,,ChemSpec,ug/m3,ug/m3,,CHTS-0731,2023-03-25,0.67,0.068322109989,8283,CHTS,40.004,116.326,92.0,CHTS-0731,2023,3,25,9.0,2023,3,26,9.0,24.0,28203,EC PM2.5,0.67,Micrograms per cubic meter (ug/m3),,0.0683221099887766,,218,AirPhoton SS5i Sampler with BGI cyclone inlet and 25mm stretched Teflon filter,FTIR,Ambient local,,/Users/ahmadjalil/github/aethmodular/research/filter_combine/FilterBased_ChemSpecPM25_CHTS.csv,ec9a6c24308cb050a58472350a75689bc865751b1ac784a2f02e7bd56cedae61,"# File Updated: 2025-07-29
# Data version 3.0
# Site: Beijing, China",CHTS-0731,ChemSpec_218,True,True,both competing concentration values already present in earlier CSV; upstream role unresolved,False,c91542c705254dd7e7e7271bc36789388d225dc3,a6fda4ea34e7c6d5f3c058ccd56e23d36c2afe07fee3dd8ee9072a80eeae197f
9062,CHTS,40.004,116.326,,CHTS-0731,2023-03-25,PM2.5,,,,ChemSpec_218,,,ChemSpec_EC_PM2.5,,0.07,0.0683221099887766,,,ChemSpec,ug/m3,ug/m3,,CHTS-0731,2023-03-25,0.07,0.068322109989,8284,CHTS,40.004,116.326,92.0,CHTS-0731,2023,3,25,9.0,2023,3,26,9.0,24.0,28203,EC PM2.5,0.07,Micrograms per cubic meter (ug/m3),,0.0683221099887766,,218,AirPhoton SS5i Sampler with BGI cyclone inlet and 25mm stretched Teflon filter,FTIR,Ambient local,,/Users/ahmadjalil/github/aethmodular/research/filter_combine/FilterBased_ChemSpecPM25_CHTS.csv,ec9a6c24308cb050a58472350a75689bc865751b1ac784a2f02e7bd56cedae61,"# File Updated: 2025-07-29
# Data version 3.0
# Site: Beijing, China",CHTS-0731,ChemSpec_218,True,True,both competing concentration values already present in earlier CSV; upstream role unresolved,False,c91542c705254dd7e7e7271bc36789388d225dc3,a6fda4ea34e7c6d5f3c058ccd56e23d36c2afe07fee3dd8ee9072a80eeae197f
9118,CHTS,40.004,116.326,,CHTS-0732,2023-03-28,PM2.5,,,,ChemSpec_218,,,ChemSpec_EC_PM2.5,,2.51,0.0683221099887766,,,ChemSpec,ug/m3,ug/m3,,CHTS-0732,2023-03-28,2.51,0.068322109989,8324,CHTS,40.004,116.326,92.0,CHTS-0732,2023,3,28,9.0,2023,3,29,9.0,24.0,28203,EC PM2.5,2.51,Micrograms per cubic meter (ug/m3),,0.0683221099887766,,218,AirPhoton SS5i Sampler with BGI cyclone inlet and 25mm stretched Teflon filter,FTIR,Ambient local,,/Users/ahmadjalil/github/aethmodular/research/filter_combine/FilterBased_ChemSpecPM25_CHTS.csv,ec9a6c24308cb050a58472350a75689bc865751b1ac784a2f02e7bd56cedae61,"# File Updated: 2025-07-29
# Data version 3.0
# Site: Beijing, China",CHTS-0732,ChemSpec_218,True,True,both competing concentration values already present in earlier CSV; upstream role unresolved,False,c91542c705254dd7e7e7271bc36789388d225dc3,a6fda4ea34e7c6d5f3c058ccd56e23d36c2afe07fee3dd8ee9072a80eeae197f
9119,CHTS,40.004,116.326,,CHTS-0732,2023-03-28,PM2.5,,,,ChemSpec_218,,,ChemSpec_EC_PM2.5,,0.07,0.0683221099887766,,,ChemSpec,ug/m3,ug/m3,,CHTS-0732,2023-03-28,0.07,0.068322109989,8325,CHTS,40.004,116.326,92.0,CHTS-0732,2023,3,28,9.0,2023,3,29,9.0,24.0,28203,EC PM2.5,0.07,Micrograms per cubic meter (ug/m3),,0.0683221099887766,,218,AirPhoton SS5i Sampler with BGI cyclone inlet and 25mm stretched Teflon filter,FTIR,Ambient local,,/Users/ahmadjalil/github/aethmodular/research/filter_combine/FilterBased_ChemSpecPM25_CHTS.csv,ec9a6c24308cb050a58472350a75689bc865751b1ac784a2f02e7bd56cedae61,"# File Updated: 2025-07-29
# Data version 3.0
# Site: Beijing, China",CHTS-0732,ChemSpec_218,True,True,both competing concentration values already present in earlier CSV; upstream role unresolved,False,c91542c705254dd7e7e7271bc36789388d225dc3,a6fda4ea34e7c6d5f3c058ccd56e23d36c2afe07fee3dd8ee9072a80eeae197f
9176,CHTS,40.004,116.326,,CHTS-0733,2023-03-31,PM2.5,,,,ChemSpec_218,,,ChemSpec_EC_PM2.5,,1.89,0.0683221099887766,,,ChemSpec,ug/m3,ug/m3,,CHTS-0733,2023-03-31,1.89,0.068322109989,8365,CHTS,40.004,116.326,92.0,CHTS-0733,2023,3,31,9.0,2023,4,1,9.0,24.0,28203,EC PM2.5,1.89,Micrograms per cubic meter (ug/m3),,0.0683221099887766,,218,AirPhoton SS5i Sampler with BGI cyclone inlet and 25mm stretched Teflon filter,FTIR,Ambient local,,/Users/ahmadjalil/github/aethmodular/research/filter_combine/FilterBased_ChemSpecPM25_CHTS.csv,ec9a6c24308cb050a58472350a75689bc865751b1ac784a2f02e7bd56cedae61,"# File Updated: 2025-07-29
# Data version 3.0
# Site: Beijing, China",CHTS-0733,ChemSpec_218,True,True,both competing concentration values already present in earlier CSV; upstream role unresolved,False,c91542c705254dd7e7e7271bc36789388d225dc3,a6fda4ea34e7c6d5f3c058ccd56e23d36c2afe07fee3dd8ee9072a80eeae197f
9177,CHTS,40.004,116.326,,CHTS-0733,2023-03-31,PM2.5,,,,ChemSpec_218,,,ChemSpec_EC_PM2.5,,0.07,0.0683221099887766,,,ChemSpec,ug/m3,ug/m3,,CHTS-0733,2023-03-31,0.07,0.068322109989,8366,CHTS,40.004,116.326,92.0,CHTS-0733,2023,3,31,9.0,2023,4,1,9.0,24.0,28203,EC PM2.5,0.07,Micrograms per cubic meter (ug/m3),,0.0683221099887766,,218,AirPhoton SS5i Sampler with BGI cyclone inlet and 25mm stretched Teflon filter,FTIR,Ambient local,,/Users/ahmadjalil/github/aethmodular/research/filter_combine/FilterBased_ChemSpecPM25_CHTS.csv,ec9a6c24308cb050a58472350a75689bc865751b1ac784a2f02e7bd56cedae61,"# File Updated: 2025-07-29
# Data version 3.0
# Site: Beijing, China",CHTS-0733,ChemSpec_218,True,True,both competing concentration values already present in earlier CSV; upstream role unresolved,False,c91542c705254dd7e7e7271bc36789388d225dc3,a6fda4ea34e7c6d5f3c058ccd56e23d36c2afe07fee3dd8ee9072a80eeae197f
9234,CHTS,40.004,116.326,,CHTS-0734,2023-04-03,PM2.5,,,,ChemSpec_218,,,ChemSpec_EC_PM2.5,,1.53,0.0669444444444444,,,ChemSpec,ug/m3,ug/m3,,CHTS-0734,2023-04-03,1.53,0.066944444444,8406,CHTS,40.004,116.326,92.0,CHTS-0734,2023,4,3,9.0,2023,4,4,9.0,24.0,28203,EC PM2.5,1.53,Micrograms per cubic meter (ug/m3),,0.0669444444444444,,218,AirPhoton SS5i Sampler with BGI cyclone inlet and 25mm stretched Teflon filter,FTIR,Ambient local,,/Users/ahmadjalil/github/aethmodular/research/filter_combine/FilterBased_ChemSpecPM25_CHTS.csv,ec9a6c24308cb050a58472350a75689bc865751b1ac784a2f02e7bd56cedae61,"# File Updated: 2025-07-29
# Data version 3.0
# Site: Beijing, China",CHTS-0734,ChemSpec_218,True,True,both competing concentration values already present in earlier CSV; upstream role unresolved,False,c91542c705254dd7e7e7271bc36789388d225dc3,a6fda4ea34e7c6d5f3c058ccd56e23d36c2afe07fee3dd8ee9072a80eeae197f
9235,CHTS,40.004,116.326,,CHTS-0734,2023-04-03,PM2.5,,,,ChemSpec_218,,,ChemSpec_EC_PM2.5,,0.07,0.0669444444444444,,,ChemSpec,ug/m3,ug/m3,,CHTS-0734,2023-04-03,0.07,0.066944444444,8407,CHTS,40.004,116.326,92.0,CHTS-0734,2023,4,3,9.0,2023,4,4,9.0,24.0,28203,EC PM2.5,0.07,Micrograms per cubic meter (ug/m3),,0.0669444444444444,,218,AirPhoton SS5i Sampler with BGI cyclone inlet and 25mm stretched Teflon filter,FTIR,Ambient local,,/Users/ahmadjalil/github/aethmodular/research/filter_combine/FilterBased_ChemSpecPM25_CHTS.csv,ec9a6c24308cb050a58472350a75689bc865751b1ac784a2f02e7bd56cedae61,"# File Updated: 2025-07-29
# Data version 3.0
# Site: Beijing, China",CHTS-0734,ChemSpec_218,True,True,both competing concentration values already present in earlier CSV; upstream role unresolved,False,c91542c705254dd7e7e7271bc36789388d225dc3,a6fda4ea34e7c6d5f3c058ccd56e23d36c2afe07fee3dd8ee9072a80eeae197f
9292,CHTS,40.004,116.326,,CHTS-0735,2023-04-06,PM2.5,,,,ChemSpec_218,,,ChemSpec_EC_PM2.5,,0.38,0.0669444444444444,,,ChemSpec,ug/m3,ug/m3,,CHTS-0735,2023-04-06,0.38,0.066944444444,8446,CHTS,40.004,116.326,92.0,CHTS-0735,2023,4,6,9.0,2023,4,7,9.0,24.0,28203,EC PM2.5,0.38,Micrograms per cubic meter (ug/m3),,0.0669444444444444,,218,AirPhoton SS5i Sampler with BGI cyclone inlet and 25mm stretched Teflon filter,FTIR,Ambient local,,/Users/ahmadjalil/github/aethmodular/research/filter_combine/FilterBased_ChemSpecPM25_CHTS.csv,ec9a6c24308cb050a58472350a75689bc865751b1ac784a2f02e7bd56cedae61,"# File Updated: 2025-07-29
# Data version 3.0
# Site: Beijing, China",CHTS-0735,ChemSpec_218,True,True,both competing concentration values already present in earlier CSV; upstream role unresolved,False,c91542c705254dd7e7e7271bc36789388d225dc3,a6fda4ea34e7c6d5f3c058ccd56e23d36c2afe07fee3dd8ee9072a80eeae197f
9293,CHTS,40.004,116.326,,CHTS-0735,2023-04-06,PM2.5,,,,ChemSpec_218,,,ChemSpec_EC_PM2.5,,0.07,0.0669444444444444,,,ChemSpec,ug/m3,ug/m3,,CHTS-0735,2023-04-06,0.07,0.066944444444,8447,CHTS,40.004,116.326,92.0,CHTS-0735,2023,4,6,9.0,2023,4,7,9.0,24.0,28203,EC PM2.5,0.07,Micrograms per cubic meter (ug/m3),,0.0669444444444444,,218,AirPhoton SS5i Sampler with BGI cyclone inlet and 25mm stretched Teflon filter,FTIR,Ambient local,,/Users/ahmadjalil/github/aethmodular/research/filter_combine/FilterBased_ChemSpecPM25_CHTS.csv,ec9a6c24308cb050a58472350a75689bc865751b1ac784a2f02e7bd56cedae61,"# File Updated: 2025-07-29
# Data version 3.0
# Site: Beijing, China",CHTS-0735,ChemSpec_218,True,True,both competing concentration values already present in earlier CSV; upstream role unresolved,False,c91542c705254dd7e7e7271bc36789388d225dc3,a6fda4ea34e7c6d5f3c058ccd56e23d36c2afe07fee3dd8ee9072a80eeae197f
9363,CHTS,40.004,116.326,,CHTS-0737,2023-04-09,PM2.5,,,,ChemSpec_218,,,ChemSpec_EC_PM2.5,,2.56,0.0683221099887766,,,ChemSpec,ug/m3,ug/m3,,CHTS-0737,2023-04-09,2.56,0.068322109989,8487,CHTS,40.004,116.326,92.0,CHTS-0737,2023,4,9,9.0,2023,4,10,9.0,24.0,28203,EC PM2.5,2.56,Micrograms per cubic meter (ug/m3),,0.0683221099887766,,218,AirPhoton SS5i Sampler with BGI cyclone inlet and 25mm stretched Teflon filter,FTIR,Ambient local,,/Users/ahmadjalil/github/aethmodular/research/filter_combine/FilterBased_ChemSpecPM25_CHTS.csv,ec9a6c24308cb050a58472350a75689bc865751b1ac784a2f02e7bd56cedae61,"# File Updated: 2025-07-29
# Data version 3.0
# Site: Beijing, China",CHTS-0737,ChemSpec_218,True,True,both competing concentration values already present in earlier CSV; upstream role unresolved,False,c91542c705254dd7e7e7271bc36789388d225dc3,a6fda4ea34e7c6d5f3c058ccd56e23d36c2afe07fee3dd8ee9072a80eeae197f
9364,CHTS,40.004,116.326,,CHTS-0737,2023-04-09,PM2.5,,,,ChemSpec_218,,,ChemSpec_EC_PM2.5,,0.07,0.0683221099887766,,,ChemSpec,ug/m3,ug/m3,,CHTS-0737,2023-04-09,0.07,0.068322109989,8488,CHTS,40.004,116.326,92.0,CHTS-0737,2023,4,9,9.0,2023,4,10,9.0,24.0,28203,EC PM2.5,0.07,Micrograms per cubic meter (ug/m3),,0.0683221099887766,,218,AirPhoton SS5i Sampler with BGI cyclone inlet and 25mm stretched Teflon filter,FTIR,Ambient local,,/Users/ahmadjalil/github/aethmodular/research/filter_combine/FilterBased_ChemSpecPM25_CHTS.csv,ec9a6c24308cb050a58472350a75689bc865751b1ac784a2f02e7bd56cedae61,"# File Updated: 2025-07-29
# Data version 3.0
# Site: Beijing, China",CHTS-0737,ChemSpec_218,True,True,both competing concentration values already present in earlier CSV; upstream role unresolved,False,c91542c705254dd7e7e7271bc36789388d225dc3,a6fda4ea34e7c6d5f3c058ccd56e23d36c2afe07fee3dd8ee9072a80eeae197f
9421,CHTS,40.004,116.326,,CHTS-0738,2023-04-13,PM2.5,,,,ChemSpec_218,,,ChemSpec_EC_PM2.5,,1.51,0.0589225589225589,,,ChemSpec,ug/m3,ug/m3,,CHTS-0738,2023-04-13,1.51,0.058922558923,8528,CHTS,40.004,116.326,92.0,CHTS-0738,2023,4,13,9.0,2023,4,14,9.0,24.0,28203,EC PM2.5,1.51,Micrograms per cubic meter (ug/m3),,0.0589225589225589,,218,AirPhoton SS5i Sampler with BGI cyclone inlet and 25mm stretched Teflon filter,FTIR,Ambient local,,/Users/ahmadjalil/github/aethmodular/research/filter_combine/FilterBased_ChemSpecPM25_CHTS.csv,ec9a6c24308cb050a58472350a75689bc865751b1ac784a2f02e7bd56cedae61,"# File Updated: 2025-07-29
# Data version 3.0
# Site: Beijing, China",CHTS-0738,ChemSpec_218,True,True,both competing concentration values already present in earlier CSV; upstream role unresolved,False,c91542c705254dd7e7e7271bc36789388d225dc3,a6fda4ea34e7c6d5f3c058ccd56e23d36c2afe07fee3dd8ee9072a80eeae197f
9422,CHTS,40.004,116.326,,CHTS-0738,2023-04-13,PM2.5,,,,ChemSpec_218,,,ChemSpec_EC_PM2.5,,0.06,0.0589225589225589,,,ChemSpec,ug/m3,ug/m3,,CHTS-0738,2023-04-13,0.06,0.058922558923,8529,CHTS,40.004,116.326,92.0,CHTS-0738,2023,4,13,9.0,2023,4,14,9.0,24.0,28203,EC PM2.5,0.06,Micrograms per cubic meter (ug/m3),,0.0589225589225589,,218,AirPhoton SS5i Sampler with BGI cyclone inlet and 25mm stretched Teflon filter,FTIR,Ambient local,,/Users/ahmadjalil/github/aethmodular/research/filter_combine/FilterBased_ChemSpecPM25_CHTS.csv,ec9a6c24308cb050a58472350a75689bc865751b1ac784a2f02e7bd56cedae61,"# File Updated: 2025-07-29
# Data version 3.0
# Site: Beijing, China",CHTS-0738,ChemSpec_218,True,True,both competing concentration values already present in earlier CSV; upstream role unresolved,False,c91542c705254dd7e7e7271bc36789388d225dc3,a6fda4ea34e7c6d5f3c058ccd56e23d36c2afe07fee3dd8ee9072a80eeae197f
9479,CHTS,40.004,116.326,,CHTS-0739,2023-04-16,PM2.5,,,,ChemSpec_218,,,ChemSpec_EC_PM2.5,,0.87,0.0577777777777777,,,ChemSpec,ug/m3,ug/m3,,CHTS-0739,2023-04-16,0.87,0.057777777778,8569,CHTS,40.004,116.326,92.0,CHTS-0739,2023,4,16,9.0,2023,4,17,9.0,24.0,28203,EC PM2.5,0.87,Micrograms per cubic meter (ug/m3),,0.0577777777777777,,218,AirPhoton SS5i Sampler with BGI cyclone inlet and 25mm stretched Teflon filter,FTIR,Ambient local,,/Users/ahmadjalil/github/aethmodular/research/filter_combine/FilterBased_ChemSpecPM25_CHTS.csv,ec9a6c24308cb050a58472350a75689bc865751b1ac784a2f02e7bd56cedae61,"# File Updated: 2025-07-29
# Data version 3.0
# Site: Beijing, China",CHTS-0739,ChemSpec_218,True,True,both competing concentration values already present in earlier CSV; upstream role unresolved,False,c91542c705254dd7e7e7271bc36789388d225dc3,a6fda4ea34e7c6d5f3c058ccd56e23d36c2afe07fee3dd8ee9072a80eeae197f
9480,CHTS,40.004,116.326,,CHTS-0739,2023-04-16,PM2.5,,,,ChemSpec_218,,,ChemSpec_EC_PM2.5,,0.06,0.0577777777777777,,,ChemSpec,ug/m3,ug/m3,,CHTS-0739,2023-04-16,0.06,0.057777777778,8570,CHTS,40.004,116.326,92.0,CHTS-0739,2023,4,16,9.0,2023,4,17,9.0,24.0,28203,EC PM2.5,0.06,Micrograms per cubic meter (ug/m3),,0.0577777777777777,,218,AirPhoton SS5i Sampler with BGI cyclone inlet and 25mm stretched Teflon filter,FTIR,Ambient local,,/Users/ahmadjalil/github/aethmodular/research/filter_combine/FilterBased_ChemSpecPM25_CHTS.csv,ec9a6c24308cb050a58472350a75689bc865751b1ac784a2f02e7bd56cedae61,"# File Updated: 2025-07-29
# Data version 3.0
# Site: Beijing, China",CHTS-0739,ChemSpec_218,True,True,both competing concentration values already present in earlier CSV; upstream role unresolved,False,c91542c705254dd7e7e7271bc36789388d225dc3,a6fda4ea34e7c6d5f3c058ccd56e23d36c2afe07fee3dd8ee9072a80eeae197f
9537,CHTS,40.004,116.326,,CHTS-0740,2023-04-19,PM2.5,,,,ChemSpec_218,,,ChemSpec_EC_PM2.5,,1.23,0.0577777777777777,,,ChemSpec,ug/m3,ug/m3,,CHTS-0740,2023-04-19,1.23,0.057777777778,8610,CHTS,40.004,116.326,92.0,CHTS-0740,2023,4,19,9.0,2023,4,20,9.0,24.0,28203,EC PM2.5,1.23,Micrograms per cubic meter (ug/m3),,0.0577777777777777,,218,AirPhoton SS5i Sampler with BGI cyclone inlet and 25mm stretched Teflon filter,FTIR,Ambient local,,/Users/ahmadjalil/github/aethmodular/research/filter_combine/FilterBased_ChemSpecPM25_CHTS.csv,ec9a6c24308cb050a58472350a75689bc865751b1ac784a2f02e7bd56cedae61,"# File Updated: 2025-07-29
# Data version 3.0
# Site: Beijing, China",CHTS-0740,ChemSpec_218,True,True,both competing concentration values already present in earlier CSV; upstream role unresolved,False,c91542c705254dd7e7e7271bc36789388d225dc3,a6fda4ea34e7c6d5f3c058ccd56e23d36c2afe07fee3dd8ee9072a80eeae197f
9538,CHTS,40.004,116.326,,CHTS-0740,2023-04-19,PM2.5,,,,ChemSpec_218,,,ChemSpec_EC_PM2.5,,0.06,0.0577777777777777,,,ChemSpec,ug/m3,ug/m3,,CHTS-0740,2023-04-19,0.06,0.057777777778,8611,CHTS,40.004,116.326,92.0,CHTS-0740,2023,4,19,9.0,2023,4,20,9.0,24.0,28203,EC PM2.5,0.06,Micrograms per cubic meter (ug/m3),,0.0577777777777777,,218,AirPhoton SS5i Sampler with BGI cyclone inlet and 25mm stretched Teflon filter,FTIR,Ambient local,,/Users/ahmadjalil/github/aethmodular/research/filter_combine/FilterBased_ChemSpecPM25_CHTS.csv,ec9a6c24308cb050a58472350a75689bc865751b1ac784a2f02e7bd56cedae61,"# File Updated: 2025-07-29
# Data version 3.0
# Site: Beijing, China",CHTS-0740,ChemSpec_218,True,True,both competing concentration values already present in earlier CSV; upstream role unresolved,False,c91542c705254dd7e7e7271bc36789388d225dc3,a6fda4ea34e7c6d5f3c058ccd56e23d36c2afe07fee3dd8ee9072a80eeae197f
9595,CHTS,40.004,116.326,,CHTS-0741,2023-04-22,PM2.5,,,,ChemSpec_218,,,ChemSpec_EC_PM2.5,,1.21,0.0577777777777777,,,ChemSpec,ug/m3,ug/m3,,CHTS-0741,2023-04-22,1.21,0.057777777778,8651,CHTS,40.004,116.326,92.0,CHTS-0741,2023,4,22,9.0,2023,4,23,9.0,24.0,28203,EC PM2.5,1.21,Micrograms per cubic meter (ug/m3),,0.0577777777777777,,218,AirPhoton SS5i Sampler with BGI cyclone inlet and 25mm stretched Teflon filter,FTIR,Ambient local,,/Users/ahmadjalil/github/aethmodular/research/filter_combine/FilterBased_ChemSpecPM25_CHTS.csv,ec9a6c24308cb050a58472350a75689bc865751b1ac784a2f02e7bd56cedae61,"# File Updated: 2025-07-29
# Data version 3.0
# Site: Beijing, China",CHTS-0741,ChemSpec_218,True,True,both competing concentration values already present in earlier CSV; upstream role unresolved,False,c91542c705254dd7e7e7271bc36789388d225dc3,a6fda4ea34e7c6d5f3c058ccd56e23d36c2afe07fee3dd8ee9072a80eeae197f
9596,CHTS,40.004,116.326,,CHTS-0741,2023-04-22,PM2.5,,,,ChemSpec_218,,,ChemSpec_EC_PM2.5,,0.06,0.0577777777777777,,,ChemSpec,ug/m3,ug/m3,,CHTS-0741,2023-04-22,0.06,0.057777777778,8652,CHTS,40.004,116.326,92.0,CHTS-0741,2023,4,22,9.0,2023,4,23,9.0,24.0,28203,EC PM2.5,0.06,Micrograms per cubic meter (ug/m3),,0.0577777777777777,,218,AirPhoton SS5i Sampler with BGI cyclone inlet and 25mm stretched Teflon filter,FTIR,Ambient local,,/Users/ahmadjalil/github/aethmodular/research/filter_combine/FilterBased_ChemSpecPM25_CHTS.csv,ec9a6c24308cb050a58472350a75689bc865751b1ac784a2f02e7bd56cedae61,"# File Updated: 2025-07-29
# Data version 3.0
# Site: Beijing, China",CHTS-0741,ChemSpec_218,True,True,both competing concentration values already present in earlier CSV; upstream role unresolved,False,c91542c705254dd7e7e7271bc36789388d225dc3,a6fda4ea34e7c6d5f3c058ccd56e23d36c2afe07fee3dd8ee9072a80eeae197f
9653,CHTS,40.004,116.326,,CHTS-0742,2023-04-25,PM2.5,,,,ChemSpec_218,,,ChemSpec_EC_PM2.5,,0.45,0.0577777777777777,,,ChemSpec,ug/m3,ug/m3,,CHTS-0742,2023-04-25,0.45,0.057777777778,8692,CHTS,40.004,116.326,92.0,CHTS-0742,2023,4,25,9.0,2023,4,26,9.0,24.0,28203,EC PM2.5,0.45,Micrograms per cubic meter (ug/m3),,0.0577777777777777,,218,AirPhoton SS5i Sampler with BGI cyclone inlet and 25mm stretched Teflon filter,FTIR,Ambient local,,/Users/ahmadjalil/github/aethmodular/research/filter_combine/FilterBased_ChemSpecPM25_CHTS.csv,ec9a6c24308cb050a58472350a75689bc865751b1ac784a2f02e7bd56cedae61,"# File Updated: 2025-07-29
# Data version 3.0
# Site: Beijing, China",CHTS-0742,ChemSpec_218,True,True,both competing concentration values already present in earlier CSV; upstream role unresolved,False,c91542c705254dd7e7e7271bc36789388d225dc3,a6fda4ea34e7c6d5f3c058ccd56e23d36c2afe07fee3dd8ee9072a80eeae197f
9654,CHTS,40.004,116.326,,CHTS-0742,2023-04-25,PM2.5,,,,ChemSpec_218,,,ChemSpec_EC_PM2.5,,0.06,0.0577777777777777,,,ChemSpec,ug/m3,ug/m3,,CHTS-0742,2023-04-25,0.06,0.057777777778,8693,CHTS,40.004,116.326,92.0,CHTS-0742,2023,4,25,9.0,2023,4,26,9.0,24.0,28203,EC PM2.5,0.06,Micrograms per cubic meter (ug/m3),,0.0577777777777777,,218,AirPhoton SS5i Sampler with BGI cyclone inlet and 25mm stretched Teflon filter,FTIR,Ambient local,,/Users/ahmadjalil/github/aethmodular/research/filter_combine/FilterBased_ChemSpecPM25_CHTS.csv,ec9a6c24308cb050a58472350a75689bc865751b1ac784a2f02e7bd56cedae61,"# File Updated: 2025-07-29
# Data version 3.0
# Site: Beijing, China",CHTS-0742,ChemSpec_218,True,True,both competing concentration values already present in earlier CSV; upstream role unresolved,False,c91542c705254dd7e7e7271bc36789388d225dc3,a6fda4ea34e7c6d5f3c058ccd56e23d36c2afe07fee3dd8ee9072a80eeae197f
9711,CHTS,40.004,116.326,,CHTS-0743,2023-04-28,PM2.5,,,,ChemSpec_218,,,ChemSpec_EC_PM2.5,,0.59,0.0577777777777777,,,ChemSpec,ug/m3,ug/m3,,CHTS-0743,2023-04-28,0.59,0.057777777778,8732,CHTS,40.004,116.326,92.0,CHTS-0743,2023,4,28,9.0,2023,4,29,9.0,24.0,28203,EC PM2.5,0.59,Micrograms per cubic meter (ug/m3),,0.0577777777777777,,218,AirPhoton SS5i Sampler with BGI cyclone inlet and 25mm stretched Teflon filter,FTIR,Ambient local,,/Users/ahmadjalil/github/aethmodular/research/filter_combine/FilterBased_ChemSpecPM25_CHTS.csv,ec9a6c24308cb050a58472350a75689bc865751b1ac784a2f02e7bd56cedae61,"# File Updated: 2025-07-29
# Data version 3.0
# Site: Beijing, China",CHTS-0743,ChemSpec_218,True,True,both competing concentration values already present in earlier CSV; upstream role unresolved,False,c91542c705254dd7e7e7271bc36789388d225dc3,a6fda4ea34e7c6d5f3c058ccd56e23d36c2afe07fee3dd8ee9072a80eeae197f
9712,CHTS,40.004,116.326,,CHTS-0743,2023-04-28,PM2.5,,,,ChemSpec_218,,,ChemSpec_EC_PM2.5,,0.06,0.0577777777777777,,,ChemSpec,ug/m3,ug/m3,,CHTS-0743,2023-04-28,0.06,0.057777777778,8733,CHTS,40.004,116.326,92.0,CHTS-0743,2023,4,28,9.0,2023,4,29,9.0,24.0,28203,EC PM2.5,0.06,Micrograms per cubic meter (ug/m3),,0.0577777777777777,,218,AirPhoton SS5i Sampler with BGI cyclone inlet and 25mm stretched Teflon filter,FTIR,Ambient local,,/Users/ahmadjalil/github/aethmodular/research/filter_combine/FilterBased_ChemSpecPM25_CHTS.csv,ec9a6c24308cb050a58472350a75689bc865751b1ac784a2f02e7bd56cedae61,"# File Updated: 2025-07-29
# Data version 3.0
# Site: Beijing, China",CHTS-0743,ChemSpec_218,True,True,both competing concentration values already present in earlier CSV; upstream role unresolved,False,c91542c705254dd7e7e7271bc36789388d225dc3,a6fda4ea34e7c6d5f3c058ccd56e23d36c2afe07fee3dd8ee9072a80eeae197f
9782,CHTS,40.004,116.326,,CHTS-0745,2023-05-01,PM2.5,,,,ChemSpec_218,,,ChemSpec_EC_PM2.5,,2.03,0.0577777777777777,,,ChemSpec,ug/m3,ug/m3,,CHTS-0745,2023-05-01,2.03,0.057777777778,8773,CHTS,40.004,116.326,92.0,CHTS-0745,2023,5,1,9.0,2023,5,2,9.0,24.0,28203,EC PM2.5,2.03,Micrograms per cubic meter (ug/m3),,0.0577777777777777,,218,AirPhoton SS5i Sampler with BGI cyclone inlet and 25mm stretched Teflon filter,FTIR,Ambient local,,/Users/ahmadjalil/github/aethmodular/research/filter_combine/FilterBased_ChemSpecPM25_CHTS.csv,ec9a6c24308cb050a58472350a75689bc865751b1ac784a2f02e7bd56cedae61,"# File Updated: 2025-07-29
# Data version 3.0
# Site: Beijing, China",CHTS-0745,ChemSpec_218,True,True,both competing concentration values already present in earlier CSV; upstream role unresolved,False,c91542c705254dd7e7e7271bc36789388d225dc3,a6fda4ea34e7c6d5f3c058ccd56e23d36c2afe07fee3dd8ee9072a80eeae197f
9783,CHTS,40.004,116.326,,CHTS-0745,2023-05-01,PM2.5,,,,ChemSpec_218,,,ChemSpec_EC_PM2.5,,0.06,0.0577777777777777,,,ChemSpec,ug/m3,ug/m3,,CHTS-0745,2023-05-01,0.06,0.057777777778,8774,CHTS,40.004,116.326,92.0,CHTS-0745,2023,5,1,9.0,2023,5,2,9.0,24.0,28203,EC PM2.5,0.06,Micrograms per cubic meter (ug/m3),,0.0577777777777777,,218,AirPhoton SS5i Sampler with BGI cyclone inlet and 25mm stretched Teflon filter,FTIR,Ambient local,,/Users/ahmadjalil/github/aethmodular/research/filter_combine/FilterBased_ChemSpecPM25_CHTS.csv,ec9a6c24308cb050a58472350a75689bc865751b1ac784a2f02e7bd56cedae61,"# File Updated: 2025-07-29
# Data version 3.0
# Site: Beijing, China",CHTS-0745,ChemSpec_218,True,True,both competing concentration values already present in earlier CSV; upstream role unresolved,False,c91542c705254dd7e7e7271bc36789388d225dc3,a6fda4ea34e7c6d5f3c058ccd56e23d36c2afe07fee3dd8ee9072a80eeae197f
9840,CHTS,40.004,116.326,,CHTS-0746,2023-05-08,PM2.5,,,,ChemSpec_218,,,ChemSpec_EC_PM2.5,,1.22,0.0589225589225589,,,ChemSpec,ug/m3,ug/m3,,CHTS-0746,2023-05-08,1.22,0.058922558923,8814,CHTS,40.004,116.326,92.0,CHTS-0746,2023,5,8,9.0,2023,5,9,9.0,24.0,28203,EC PM2.5,1.22,Micrograms per cubic meter (ug/m3),,0.0589225589225589,,218,AirPhoton SS5i Sampler with BGI cyclone inlet and 25mm stretched Teflon filter,FTIR,Ambient local,,/Users/ahmadjalil/github/aethmodular/research/filter_combine/FilterBased_ChemSpecPM25_CHTS.csv,ec9a6c24308cb050a58472350a75689bc865751b1ac784a2f02e7bd56cedae61,"# File Updated: 2025-07-29
# Data version 3.0
# Site: Beijing, China",CHTS-0746,ChemSpec_218,True,True,both competing concentration values already present in earlier CSV; upstream role unresolved,False,c91542c705254dd7e7e7271bc36789388d225dc3,a6fda4ea34e7c6d5f3c058ccd56e23d36c2afe07fee3dd8ee9072a80eeae197f
9841,CHTS,40.004,116.326,,CHTS-0746,2023-05-08,PM2.5,,,,ChemSpec_218,,,ChemSpec_EC_PM2.5,,0.06,0.0589225589225589,,,ChemSpec,ug/m3,ug/m3,,CHTS-0746,2023-05-08,0.06,0.058922558923,8815,CHTS,40.004,116.326,92.0,CHTS-0746,2023,5,8,9.0,2023,5,9,9.0,24.0,28203,EC PM2.5,0.06,Micrograms per cubic meter (ug/m3),,0.0589225589225589,,218,AirPhoton SS5i Sampler with BGI cyclone inlet and 25mm stretched Teflon filter,FTIR,Ambient local,,/Users/ahmadjalil/github/aethmodular/research/filter_combine/FilterBased_ChemSpecPM25_CHTS.csv,ec9a6c24308cb050a58472350a75689bc865751b1ac784a2f02e7bd56cedae61,"# File Updated: 2025-07-29
# Data version 3.0
# Site: Beijing, China",CHTS-0746,ChemSpec_218,True,True,both competing concentration values already present in earlier CSV; upstream role unresolved,False,c91542c705254dd7e7e7271bc36789388d225dc3,a6fda4ea34e7c6d5f3c058ccd56e23d36c2afe07fee3dd8ee9072a80eeae197f
9898,CHTS,40.004,116.326,,CHTS-0747,2023-05-11,PM2.5,,,,ChemSpec_218,,,ChemSpec_EC_PM2.5,,2.1,0.0589225589225589,,,ChemSpec,ug/m3,ug/m3,,CHTS-0747,2023-05-11,2.1,0.058922558923,8855,CHTS,40.004,116.326,92.0,CHTS-0747,2023,5,11,9.0,2023,5,12,9.0,24.0,28203,EC PM2.5,2.1,Micrograms per cubic meter (ug/m3),,0.0589225589225589,,218,AirPhoton SS5i Sampler with BGI cyclone inlet and 25mm stretched Teflon filter,FTIR,Ambient local,,/Users/ahmadjalil/github/aethmodular/research/filter_combine/FilterBased_ChemSpecPM25_CHTS.csv,ec9a6c24308cb050a58472350a75689bc865751b1ac784a2f02e7bd56cedae61,"# File Updated: 2025-07-29
# Data version 3.0
# Site: Beijing, China",CHTS-0747,ChemSpec_218,True,True,both competing concentration values already present in earlier CSV; upstream role unresolved,False,c91542c705254dd7e7e7271bc36789388d225dc3,a6fda4ea34e7c6d5f3c058ccd56e23d36c2afe07fee3dd8ee9072a80eeae197f
9899,CHTS,40.004,116.326,,CHTS-0747,2023-05-11,PM2.5,,,,ChemSpec_218,,,ChemSpec_EC_PM2.5,,0.06,0.0589225589225589,,,ChemSpec,ug/m3,ug/m3,,CHTS-0747,2023-05-11,0.06,0.058922558923,8856,CHTS,40.004,116.326,92.0,CHTS-0747,2023,5,11,9.0,2023,5,12,9.0,24.0,28203,EC PM2.5,0.06,Micrograms per cubic meter (ug/m3),,0.0589225589225589,,218,AirPhoton SS5i Sampler with BGI cyclone inlet and 25mm stretched Teflon filter,FTIR,Ambient local,,/Users/ahmadjalil/github/aethmodular/research/filter_combine/FilterBased_ChemSpecPM25_CHTS.csv,ec9a6c24308cb050a58472350a75689bc865751b1ac784a2f02e7bd56cedae61,"# File Updated: 2025-07-29
# Data version 3.0
# Site: Beijing, China",CHTS-0747,ChemSpec_218,True,True,both competing concentration values already present in earlier CSV; upstream role unresolved,False,c91542c705254dd7e7e7271bc36789388d225dc3,a6fda4ea34e7c6d5f3c058ccd56e23d36c2afe07fee3dd8ee9072a80eeae197f
9956,CHTS,40.004,116.326,,CHTS-0748,2023-05-14,PM2.5,,,,ChemSpec_218,,,ChemSpec_EC_PM2.5,,2.34,0.0589225589225589,,,ChemSpec,ug/m3,ug/m3,,CHTS-0748,2023-05-14,2.34,0.058922558923,8895,CHTS,40.004,116.326,92.0,CHTS-0748,2023,5,14,9.0,2023,5,15,9.0,24.0,28203,EC PM2.5,2.34,Micrograms per cubic meter (ug/m3),,0.0589225589225589,,218,AirPhoton SS5i Sampler with BGI cyclone inlet and 25mm stretched Teflon filter,FTIR,Ambient local,,/Users/ahmadjalil/github/aethmodular/research/filter_combine/FilterBased_ChemSpecPM25_CHTS.csv,ec9a6c24308cb050a58472350a75689bc865751b1ac784a2f02e7bd56cedae61,"# File Updated: 2025-07-29
# Data version 3.0
# Site: Beijing, China",CHTS-0748,ChemSpec_218,True,True,both competing concentration values already present in earlier CSV; upstream role unresolved,False,c91542c705254dd7e7e7271bc36789388d225dc3,a6fda4ea34e7c6d5f3c058ccd56e23d36c2afe07fee3dd8ee9072a80eeae197f
9957,CHTS,40.004,116.326,,CHTS-0748,2023-05-14,PM2.5,,,,ChemSpec_218,,,ChemSpec_EC_PM2.5,,0.06,0.0589225589225589,,,ChemSpec,ug/m3,ug/m3,,CHTS-0748,2023-05-14,0.06,0.058922558923,8896,CHTS,40.004,116.326,92.0,CHTS-0748,2023,5,14,9.0,2023,5,15,9.0,24.0,28203,EC PM2.5,0.06,Micrograms per cubic meter (ug/m3),,0.0589225589225589,,218,AirPhoton SS5i Sampler with BGI cyclone inlet and 25mm stretched Teflon filter,FTIR,Ambient local,,/Users/ahmadjalil/github/aethmodular/research/filter_combine/FilterBased_ChemSpecPM25_CHTS.csv,ec9a6c24308cb050a58472350a75689bc865751b1ac784a2f02e7bd56cedae61,"# File Updated: 2025-07-29
# Data version 3.0
# Site: Beijing, China",CHTS-0748,ChemSpec_218,True,True,both competing concentration values already present in earlier CSV; upstream role unresolved,False,c91542c705254dd7e7e7271bc36789388d225dc3,a6fda4ea34e7c6d5f3c058ccd56e23d36c2afe07fee3dd8ee9072a80eeae197f
10013,CHTS,40.004,116.326,,CHTS-0749,2023-05-17,PM2.5,,,,ChemSpec_218,,,ChemSpec_EC_PM2.5,,1.06,0.0589225589225589,,,ChemSpec,ug/m3,ug/m3,,CHTS-0749,2023-05-17,1.06,0.058922558923,8936,CHTS,40.004,116.326,92.0,CHTS-0749,2023,5,17,9.0,2023,5,18,9.0,24.0,28203,EC PM2.5,1.06,Micrograms per cubic meter (ug/m3),,0.0589225589225589,,218,AirPhoton SS5i Sampler with BGI cyclone inlet and 25mm stretched Teflon filter,FTIR,Ambient local,,/Users/ahmadjalil/github/aethmodular/research/filter_combine/FilterBased_ChemSpecPM25_CHTS.csv,ec9a6c24308cb050a58472350a75689bc865751b1ac784a2f02e7bd56cedae61,"# File Updated: 2025-07-29
# Data version 3.0
# Site: Beijing, China",CHTS-0749,ChemSpec_218,True,True,both competing concentration values already present in earlier CSV; upstream role unresolved,False,c91542c705254dd7e7e7271bc36789388d225dc3,a6fda4ea34e7c6d5f3c058ccd56e23d36c2afe07fee3dd8ee9072a80eeae197f
10014,CHTS,40.004,116.326,,CHTS-0749,2023-05-17,PM2.5,,,,ChemSpec_218,,,ChemSpec_EC_PM2.5,,0.06,0.0589225589225589,,,ChemSpec,ug/m3,ug/m3,,CHTS-0749,2023-05-17,0.06,0.058922558923,8937,CHTS,40.004,116.326,92.0,CHTS-0749,2023,5,17,9.0,2023,5,18,9.0,24.0,28203,EC PM2.5,0.06,Micrograms per cubic meter (ug/m3),,0.0589225589225589,,218,AirPhoton SS5i Sampler with BGI cyclone inlet and 25mm stretched Teflon filter,FTIR,Ambient local,,/Users/ahmadjalil/github/aethmodular/research/filter_combine/FilterBased_ChemSpecPM25_CHTS.csv,ec9a6c24308cb050a58472350a75689bc865751b1ac784a2f02e7bd56cedae61,"# File Updated: 2025-07-29
# Data version 3.0
# Site: Beijing, China",CHTS-0749,ChemSpec_218,True,True,both competing concentration values already present in earlier CSV; upstream role unresolved,False,c91542c705254dd7e7e7271bc36789388d225dc3,a6fda4ea34e7c6d5f3c058ccd56e23d36c2afe07fee3dd8ee9072a80eeae197f
10071,CHTS,40.004,116.326,,CHTS-0750,2023-05-20,PM2.5,,,,ChemSpec_218,,,ChemSpec_EC_PM2.5,,-0.01,0.0589225589225589,,,ChemSpec,ug/m3,ug/m3,,CHTS-0750,2023-05-20,-0.01,0.058922558923,8977,CHTS,40.004,116.326,92.0,CHTS-0750,2023,5,20,9.0,2023,5,21,9.0,24.0,28203,EC PM2.5,-0.01,Micrograms per cubic meter (ug/m3),,0.0589225589225589,,218,AirPhoton SS5i Sampler with BGI cyclone inlet and 25mm stretched Teflon filter,FTIR,Ambient local,,/Users/ahmadjalil/github/aethmodular/research/filter_combine/FilterBased_ChemSpecPM25_CHTS.csv,ec9a6c24308cb050a58472350a75689bc865751b1ac784a2f02e7bd56cedae61,"# File Updated: 2025-07-29
# Data version 3.0
# Site: Beijing, China",CHTS-0750,ChemSpec_218,True,True,both competing concentration values already present in earlier CSV; upstream role unresolved,False,c91542c705254dd7e7e7271bc36789388d225dc3,a6fda4ea34e7c6d5f3c058ccd56e23d36c2afe07fee3dd8ee9072a80eeae197f
10072,CHTS,40.004,116.326,,CHTS-0750,2023-05-20,PM2.5,,,,ChemSpec_218,,,ChemSpec_EC_PM2.5,,0.06,0.0589225589225589,,,ChemSpec,ug/m3,ug/m3,,CHTS-0750,2023-05-20,0.06,0.058922558923,8978,CHTS,40.004,116.326,92.0,CHTS-0750,2023,5,20,9.0,2023,5,21,9.0,24.0,28203,EC PM2.5,0.06,Micrograms per cubic meter (ug/m3),,0.0589225589225589,,218,AirPhoton SS5i Sampler with BGI cyclone inlet and 25mm stretched Teflon filter,FTIR,Ambient local,,/Users/ahmadjalil/github/aethmodular/research/filter_combine/FilterBased_ChemSpecPM25_CHTS.csv,ec9a6c24308cb050a58472350a75689bc865751b1ac784a2f02e7bd56cedae61,"# File Updated: 2025-07-29
# Data version 3.0
# Site: Beijing, China",CHTS-0750,ChemSpec_218,True,True,both competing concentration values already present in earlier CSV; upstream role unresolved,False,c91542c705254dd7e7e7271bc36789388d225dc3,a6fda4ea34e7c6d5f3c058ccd56e23d36c2afe07fee3dd8ee9072a80eeae197f
10129,CHTS,40.004,116.326,,CHTS-0751,2023-05-23,PM2.5,,,,ChemSpec_218,,,ChemSpec_EC_PM2.5,,0.81,0.0577777777777777,,,ChemSpec,ug/m3,ug/m3,,CHTS-0751,2023-05-23,0.81,0.057777777778,9018,CHTS,40.004,116.326,92.0,CHTS-0751,2023,5,23,9.0,2023,5,24,9.0,24.0,28203,EC PM2.5,0.81,Micrograms per cubic meter (ug/m3),,0.0577777777777777,,218,AirPhoton SS5i Sampler with BGI cyclone inlet and 25mm stretched Teflon filter,FTIR,Ambient local,,/Users/ahmadjalil/github/aethmodular/research/filter_combine/FilterBased_ChemSpecPM25_CHTS.csv,ec9a6c24308cb050a58472350a75689bc865751b1ac784a2f02e7bd56cedae61,"# File Updated: 2025-07-29
# Data version 3.0
# Site: Beijing, China",CHTS-0751,ChemSpec_218,True,True,both competing concentration values already present in earlier CSV; upstream role unresolved,False,c91542c705254dd7e7e7271bc36789388d225dc3,a6fda4ea34e7c6d5f3c058ccd56e23d36c2afe07fee3dd8ee9072a80eeae197f
10130,CHTS,40.004,116.326,,CHTS-0751,2023-05-23,PM2.5,,,,ChemSpec_218,,,ChemSpec_EC_PM2.5,,0.06,0.0577777777777777,,,ChemSpec,ug/m3,ug/m3,,CHTS-0751,2023-05-23,0.06,0.057777777778,9019,CHTS,40.004,116.326,92.0,CHTS-0751,2023,5,23,9.0,2023,5,24,9.0,24.0,28203,EC PM2.5,0.06,Micrograms per cubic meter (ug/m3),,0.0577777777777777,,218,AirPhoton SS5i Sampler with BGI cyclone inlet and 25mm stretched Teflon filter,FTIR,Ambient local,,/Users/ahmadjalil/github/aethmodular/research/filter_combine/FilterBased_ChemSpecPM25_CHTS.csv,ec9a6c24308cb050a58472350a75689bc865751b1ac784a2f02e7bd56cedae61,"# File Updated: 2025-07-29
# Data version 3.0
# Site: Beijing, China",CHTS-0751,ChemSpec_218,True,True,both competing concentration values already present in earlier CSV; upstream role unresolved,False,c91542c705254dd7e7e7271bc36789388d225dc3,a6fda4ea34e7c6d5f3c058ccd56e23d36c2afe07fee3dd8ee9072a80eeae197f
10201,CHTS,40.004,116.326,,CHTS-0753,2023-05-26,PM2.5,,,,ChemSpec_218,,,ChemSpec_EC_PM2.5,,2.2,0.0589225589225589,,,ChemSpec,ug/m3,ug/m3,,CHTS-0753,2023-05-26,2.2,0.058922558923,9058,CHTS,40.004,116.326,92.0,CHTS-0753,2023,5,26,9.0,2023,5,27,9.0,24.0,28203,EC PM2.5,2.2,Micrograms per cubic meter (ug/m3),,0.0589225589225589,,218,AirPhoton SS5i Sampler with BGI cyclone inlet and 25mm stretched Teflon filter,FTIR,Ambient local,,/Users/ahmadjalil/github/aethmodular/research/filter_combine/FilterBased_ChemSpecPM25_CHTS.csv,ec9a6c24308cb050a58472350a75689bc865751b1ac784a2f02e7bd56cedae61,"# File Updated: 2025-07-29
# Data version 3.0
# Site: Beijing, China",CHTS-0753,ChemSpec_218,True,True,both competing concentration values already present in earlier CSV; upstream role unresolved,False,c91542c705254dd7e7e7271bc36789388d225dc3,a6fda4ea34e7c6d5f3c058ccd56e23d36c2afe07fee3dd8ee9072a80eeae197f
10202,CHTS,40.004,116.326,,CHTS-0753,2023-05-26,PM2.5,,,,ChemSpec_218,,,ChemSpec_EC_PM2.5,,0.06,0.0589225589225589,,,ChemSpec,ug/m3,ug/m3,,CHTS-0753,2023-05-26,0.06,0.058922558923,9059,CHTS,40.004,116.326,92.0,CHTS-0753,2023,5,26,9.0,2023,5,27,9.0,24.0,28203,EC PM2.5,0.06,Micrograms per cubic meter (ug/m3),,0.0589225589225589,,218,AirPhoton SS5i Sampler with BGI cyclone inlet and 25mm stretched Teflon filter,FTIR,Ambient local,,/Users/ahmadjalil/github/aethmodular/research/filter_combine/FilterBased_ChemSpecPM25_CHTS.csv,ec9a6c24308cb050a58472350a75689bc865751b1ac784a2f02e7bd56cedae61,"# File Updated: 2025-07-29
# Data version 3.0
# Site: Beijing, China",CHTS-0753,ChemSpec_218,True,True,both competing concentration values already present in earlier CSV; upstream role unresolved,False,c91542c705254dd7e7e7271bc36789388d225dc3,a6fda4ea34e7c6d5f3c058ccd56e23d36c2afe07fee3dd8ee9072a80eeae197f
10258,CHTS,40.004,116.326,,CHTS-0754,2023-05-30,PM2.5,,,,ChemSpec_218,,,ChemSpec_EC_PM2.5,,2.0,0.061282932416953,,,ChemSpec,ug/m3,ug/m3,,CHTS-0754,2023-05-30,2.0,0.061282932417,9098,CHTS,40.004,116.326,92.0,CHTS-0754,2023,5,30,9.0,2023,5,31,9.0,24.0,28203,EC PM2.5,2.0,Micrograms per cubic meter (ug/m3),,0.061282932416953,,218,AirPhoton SS5i Sampler with BGI cyclone inlet and 25mm stretched Teflon filter,FTIR,Ambient local,,/Users/ahmadjalil/github/aethmodular/research/filter_combine/FilterBased_ChemSpecPM25_CHTS.csv,ec9a6c24308cb050a58472350a75689bc865751b1ac784a2f02e7bd56cedae61,"# File Updated: 2025-07-29
# Data version 3.0
# Site: Beijing, China",CHTS-0754,ChemSpec_218,True,True,both competing concentration values already present in earlier CSV; upstream role unresolved,False,c91542c705254dd7e7e7271bc36789388d225dc3,a6fda4ea34e7c6d5f3c058ccd56e23d36c2afe07fee3dd8ee9072a80eeae197f
10259,CHTS,40.004,116.326,,CHTS-0754,2023-05-30,PM2.5,,,,ChemSpec_218,,,ChemSpec_EC_PM2.5,,0.06,0.061282932416953,,,ChemSpec,ug/m3,ug/m3,,CHTS-0754,2023-05-30,0.06,0.061282932417,9099,CHTS,40.004,116.326,92.0,CHTS-0754,2023,5,30,9.0,2023,5,31,9.0,24.0,28203,EC PM2.5,0.06,Micrograms per cubic meter (ug/m3),,0.061282932416953,,218,AirPhoton SS5i Sampler with BGI cyclone inlet and 25mm stretched Teflon filter,FTIR,Ambient local,,/Users/ahmadjalil/github/aethmodular/research/filter_combine/FilterBased_ChemSpecPM25_CHTS.csv,ec9a6c24308cb050a58472350a75689bc865751b1ac784a2f02e7bd56cedae61,"# File Updated: 2025-07-29
# Data version 3.0
# Site: Beijing, China",CHTS-0754,ChemSpec_218,True,True,both competing concentration values already present in earlier CSV; upstream role unresolved,False,c91542c705254dd7e7e7271bc36789388d225dc3,a6fda4ea34e7c6d5f3c058ccd56e23d36c2afe07fee3dd8ee9072a80eeae197f
10315,CHTS,40.004,116.326,,CHTS-0755,2023-06-02,PM2.5,,,,ChemSpec_218,,,ChemSpec_EC_PM2.5,,0.64,0.061282932416953,,,ChemSpec,ug/m3,ug/m3,,CHTS-0755,2023-06-02,0.64,0.061282932417,9139,CHTS,40.004,116.326,92.0,CHTS-0755,2023,6,2,9.0,2023,6,3,9.0,24.0,28203,EC PM2.5,0.64,Micrograms per cubic meter (ug/m3),,0.061282932416953,,218,AirPhoton SS5i Sampler with BGI cyclone inlet and 25mm stretched Teflon filter,FTIR,Ambient local,,/Users/ahmadjalil/github/aethmodular/research/filter_combine/FilterBased_ChemSpecPM25_CHTS.csv,ec9a6c24308cb050a58472350a75689bc865751b1ac784a2f02e7bd56cedae61,"# File Updated: 2025-07-29
# Data version 3.0
# Site: Beijing, China",CHTS-0755,ChemSpec_218,True,True,both competing concentration values already present in earlier CSV; upstream role unresolved,False,c91542c705254dd7e7e7271bc36789388d225dc3,a6fda4ea34e7c6d5f3c058ccd56e23d36c2afe07fee3dd8ee9072a80eeae197f
10316,CHTS,40.004,116.326,,CHTS-0755,2023-06-02,PM2.5,,,,ChemSpec_218,,,ChemSpec_EC_PM2.5,,0.06,0.061282932416953,,,ChemSpec,ug/m3,ug/m3,,CHTS-0755,2023-06-02,0.06,0.061282932417,9140,CHTS,40.004,116.326,92.0,CHTS-0755,2023,6,2,9.0,2023,6,3,9.0,24.0,28203,EC PM2.5,0.06,Micrograms per cubic meter (ug/m3),,0.061282932416953,,218,AirPhoton SS5i Sampler with BGI cyclone inlet and 25mm stretched Teflon filter,FTIR,Ambient local,,/Users/ahmadjalil/github/aethmodular/research/filter_combine/FilterBased_ChemSpecPM25_CHTS.csv,ec9a6c24308cb050a58472350a75689bc865751b1ac784a2f02e7bd56cedae61,"# File Updated: 2025-07-29
# Data version 3.0
# Site: Beijing, China",CHTS-0755,ChemSpec_218,True,True,both competing concentration values already present in earlier CSV; upstream role unresolved,False,c91542c705254dd7e7e7271bc36789388d225dc3,a6fda4ea34e7c6d5f3c058ccd56e23d36c2afe07fee3dd8ee9072a80eeae197f
10373,CHTS,40.004,116.326,,CHTS-0756,2023-06-05,PM2.5,,,,ChemSpec_218,,,ChemSpec_EC_PM2.5,,0.61,0.061282932416953,,,ChemSpec,ug/m3,ug/m3,,CHTS-0756,2023-06-05,0.61,0.061282932417,9180,CHTS,40.004,116.326,92.0,CHTS-0756,2023,6,5,9.0,2023,6,6,9.0,24.0,28203,EC PM2.5,0.61,Micrograms per cubic meter (ug/m3),,0.061282932416953,,218,AirPhoton SS5i Sampler with BGI cyclone inlet and 25mm stretched Teflon filter,FTIR,Ambient local,,/Users/ahmadjalil/github/aethmodular/research/filter_combine/FilterBased_ChemSpecPM25_CHTS.csv,ec9a6c24308cb050a58472350a75689bc865751b1ac784a2f02e7bd56cedae61,"# File Updated: 2025-07-29
# Data version 3.0
# Site: Beijing, China",CHTS-0756,ChemSpec_218,True,True,both competing concentration values already present in earlier CSV; upstream role unresolved,False,c91542c705254dd7e7e7271bc36789388d225dc3,a6fda4ea34e7c6d5f3c058ccd56e23d36c2afe07fee3dd8ee9072a80eeae197f
10374,CHTS,40.004,116.326,,CHTS-0756,2023-06-05,PM2.5,,,,ChemSpec_218,,,ChemSpec_EC_PM2.5,,0.06,0.061282932416953,,,ChemSpec,ug/m3,ug/m3,,CHTS-0756,2023-06-05,0.06,0.061282932417,9181,CHTS,40.004,116.326,92.0,CHTS-0756,2023,6,5,9.0,2023,6,6,9.0,24.0,28203,EC PM2.5,0.06,Micrograms per cubic meter (ug/m3),,0.061282932416953,,218,AirPhoton SS5i Sampler with BGI cyclone inlet and 25mm stretched Teflon filter,FTIR,Ambient local,,/Users/ahmadjalil/github/aethmodular/research/filter_combine/FilterBased_ChemSpecPM25_CHTS.csv,ec9a6c24308cb050a58472350a75689bc865751b1ac784a2f02e7bd56cedae61,"# File Updated: 2025-07-29
# Data version 3.0
# Site: Beijing, China",CHTS-0756,ChemSpec_218,True,True,both competing concentration values already present in earlier CSV; upstream role unresolved,False,c91542c705254dd7e7e7271bc36789388d225dc3,a6fda4ea34e7c6d5f3c058ccd56e23d36c2afe07fee3dd8ee9072a80eeae197f
10431,CHTS,40.004,116.326,,CHTS-0757,2023-06-08,PM2.5,,,,ChemSpec_218,,,ChemSpec_EC_PM2.5,,0.51,0.061282932416953,,,ChemSpec,ug/m3,ug/m3,,CHTS-0757,2023-06-08,0.51,0.061282932417,9220,CHTS,40.004,116.326,92.0,CHTS-0757,2023,6,8,9.0,2023,6,9,9.0,24.0,28203,EC PM2.5,0.51,Micrograms per cubic meter (ug/m3),,0.061282932416953,,218,AirPhoton SS5i Sampler with BGI cyclone inlet and 25mm stretched Teflon filter,FTIR,Ambient local,,/Users/ahmadjalil/github/aethmodular/research/filter_combine/FilterBased_ChemSpecPM25_CHTS.csv,ec9a6c24308cb050a58472350a75689bc865751b1ac784a2f02e7bd56cedae61,"# File Updated: 2025-07-29
# Data version 3.0
# Site: Beijing, China",CHTS-0757,ChemSpec_218,True,True,both competing concentration values already present in earlier CSV; upstream role unresolved,False,c91542c705254dd7e7e7271bc36789388d225dc3,a6fda4ea34e7c6d5f3c058ccd56e23d36c2afe07fee3dd8ee9072a80eeae197f
10432,CHTS,40.004,116.326,,CHTS-0757,2023-06-08,PM2.5,,,,ChemSpec_218,,,ChemSpec_EC_PM2.5,,0.06,0.061282932416953,,,ChemSpec,ug/m3,ug/m3,,CHTS-0757,2023-06-08,0.06,0.061282932417,9221,CHTS,40.004,116.326,92.0,CHTS-0757,2023,6,8,9.0,2023,6,9,9.0,24.0,28203,EC PM2.5,0.06,Micrograms per cubic meter (ug/m3),,0.061282932416953,,218,AirPhoton SS5i Sampler with BGI cyclone inlet and 25mm stretched Teflon filter,FTIR,Ambient local,,/Users/ahmadjalil/github/aethmodular/research/filter_combine/FilterBased_ChemSpecPM25_CHTS.csv,ec9a6c24308cb050a58472350a75689bc865751b1ac784a2f02e7bd56cedae61,"# File Updated: 2025-07-29
# Data version 3.0
# Site: Beijing, China",CHTS-0757,ChemSpec_218,True,True,both competing concentration values already present in earlier CSV; upstream role unresolved,False,c91542c705254dd7e7e7271bc36789388d225dc3,a6fda4ea34e7c6d5f3c058ccd56e23d36c2afe07fee3dd8ee9072a80eeae197f
10488,CHTS,40.004,116.326,,CHTS-0758,2023-06-11,PM2.5,,,,ChemSpec_218,,,ChemSpec_EC_PM2.5,,0.67,0.061282932416953,,,ChemSpec,ug/m3,ug/m3,,CHTS-0758,2023-06-11,0.67,0.061282932417,9260,CHTS,40.004,116.326,92.0,CHTS-0758,2023,6,11,9.0,2023,6,12,9.0,24.0,28203,EC PM2.5,0.67,Micrograms per cubic meter (ug/m3),,0.061282932416953,,218,AirPhoton SS5i Sampler with BGI cyclone inlet and 25mm stretched Teflon filter,FTIR,Ambient local,,/Users/ahmadjalil/github/aethmodular/research/filter_combine/FilterBased_ChemSpecPM25_CHTS.csv,ec9a6c24308cb050a58472350a75689bc865751b1ac784a2f02e7bd56cedae61,"# File Updated: 2025-07-29
# Data version 3.0
# Site: Beijing, China",CHTS-0758,ChemSpec_218,True,True,both competing concentration values already present in earlier CSV; upstream role unresolved,False,c91542c705254dd7e7e7271bc36789388d225dc3,a6fda4ea34e7c6d5f3c058ccd56e23d36c2afe07fee3dd8ee9072a80eeae197f
10489,CHTS,40.004,116.326,,CHTS-0758,2023-06-11,PM2.5,,,,ChemSpec_218,,,ChemSpec_EC_PM2.5,,0.06,0.061282932416953,,,ChemSpec,ug/m3,ug/m3,,CHTS-0758,2023-06-11,0.06,0.061282932417,9261,CHTS,40.004,116.326,92.0,CHTS-0758,2023,6,11,9.0,2023,6,12,9.0,24.0,28203,EC PM2.5,0.06,Micrograms per cubic meter (ug/m3),,0.061282932416953,,218,AirPhoton SS5i Sampler with BGI cyclone inlet and 25mm stretched Teflon filter,FTIR,Ambient local,,/Users/ahmadjalil/github/aethmodular/research/filter_combine/FilterBased_ChemSpecPM25_CHTS.csv,ec9a6c24308cb050a58472350a75689bc865751b1ac784a2f02e7bd56cedae61,"# File Updated: 2025-07-29
# Data version 3.0
# Site: Beijing, China",CHTS-0758,ChemSpec_218,True,True,both competing concentration values already present in earlier CSV; upstream role unresolved,False,c91542c705254dd7e7e7271bc36789388d225dc3,a6fda4ea34e7c6d5f3c058ccd56e23d36c2afe07fee3dd8ee9072a80eeae197f
10545,CHTS,40.004,116.326,,CHTS-0759,2023-06-14,PM2.5,,,,ChemSpec_218,,,ChemSpec_EC_PM2.5,,1.24,0.0600907029478458,,,ChemSpec,ug/m3,ug/m3,,CHTS-0759,2023-06-14,1.24,0.060090702948,9300,CHTS,40.004,116.326,92.0,CHTS-0759,2023,6,14,9.0,2023,6,15,9.0,24.0,28203,EC PM2.5,1.24,Micrograms per cubic meter (ug/m3),,0.0600907029478458,,218,AirPhoton SS5i Sampler with BGI cyclone inlet and 25mm stretched Teflon filter,FTIR,Ambient local,,/Users/ahmadjalil/github/aethmodular/research/filter_combine/FilterBased_ChemSpecPM25_CHTS.csv,ec9a6c24308cb050a58472350a75689bc865751b1ac784a2f02e7bd56cedae61,"# File Updated: 2025-07-29
# Data version 3.0
# Site: Beijing, China",CHTS-0759,ChemSpec_218,True,True,both competing concentration values already present in earlier CSV; upstream role unresolved,False,c91542c705254dd7e7e7271bc36789388d225dc3,a6fda4ea34e7c6d5f3c058ccd56e23d36c2afe07fee3dd8ee9072a80eeae197f
10546,CHTS,40.004,116.326,,CHTS-0759,2023-06-14,PM2.5,,,,ChemSpec_218,,,ChemSpec_EC_PM2.5,,0.06,0.0600907029478458,,,ChemSpec,ug/m3,ug/m3,,CHTS-0759,2023-06-14,0.06,0.060090702948,9301,CHTS,40.004,116.326,92.0,CHTS-0759,2023,6,14,9.0,2023,6,15,9.0,24.0,28203,EC PM2.5,0.06,Micrograms per cubic meter (ug/m3),,0.0600907029478458,,218,AirPhoton SS5i Sampler with BGI cyclone inlet and 25mm stretched Teflon filter,FTIR,Ambient local,,/Users/ahmadjalil/github/aethmodular/research/filter_combine/FilterBased_ChemSpecPM25_CHTS.csv,ec9a6c24308cb050a58472350a75689bc865751b1ac784a2f02e7bd56cedae61,"# File Updated: 2025-07-29
# Data version 3.0
# Site: Beijing, China",CHTS-0759,ChemSpec_218,True,True,both competing concentration values already present in earlier CSV; upstream role unresolved,False,c91542c705254dd7e7e7271bc36789388d225dc3,a6fda4ea34e7c6d5f3c058ccd56e23d36c2afe07fee3dd8ee9072a80eeae197f
10616,CHTS,40.004,116.326,,CHTS-0761,2023-06-17,PM2.5,,,,ChemSpec_218,,,ChemSpec_EC_PM2.5,,1.96,0.0600907029478458,,,ChemSpec,ug/m3,ug/m3,,CHTS-0761,2023-06-17,1.96,0.060090702948,9340,CHTS,40.004,116.326,92.0,CHTS-0761,2023,6,17,9.0,2023,6,18,8.0,24.0,28203,EC PM2.5,1.96,Micrograms per cubic meter (ug/m3),,0.0600907029478458,,218,AirPhoton SS5i Sampler with BGI cyclone inlet and 25mm stretched Teflon filter,FTIR,Ambient local,,/Users/ahmadjalil/github/aethmodular/research/filter_combine/FilterBased_ChemSpecPM25_CHTS.csv,ec9a6c24308cb050a58472350a75689bc865751b1ac784a2f02e7bd56cedae61,"# File Updated: 2025-07-29
# Data version 3.0
# Site: Beijing, China",CHTS-0761,ChemSpec_218,True,True,both competing concentration values already present in earlier CSV; upstream role unresolved,False,c91542c705254dd7e7e7271bc36789388d225dc3,a6fda4ea34e7c6d5f3c058ccd56e23d36c2afe07fee3dd8ee9072a80eeae197f
10617,CHTS,40.004,116.326,,CHTS-0761,2023-06-17,PM2.5,,,,ChemSpec_218,,,ChemSpec_EC_PM2.5,,0.06,0.0600907029478458,,,ChemSpec,ug/m3,ug/m3,,CHTS-0761,2023-06-17,0.06,0.060090702948,9341,CHTS,40.004,116.326,92.0,CHTS-0761,2023,6,17,9.0,2023,6,18,8.0,24.0,28203,EC PM2.5,0.06,Micrograms per cubic meter (ug/m3),,0.0600907029478458,,218,AirPhoton SS5i Sampler with BGI cyclone inlet and 25mm stretched Teflon filter,FTIR,Ambient local,,/Users/ahmadjalil/github/aethmodular/research/filter_combine/FilterBased_ChemSpecPM25_CHTS.csv,ec9a6c24308cb050a58472350a75689bc865751b1ac784a2f02e7bd56cedae61,"# File Updated: 2025-07-29
# Data version 3.0
# Site: Beijing, China",CHTS-0761,ChemSpec_218,True,True,both competing concentration values already present in earlier CSV; upstream role unresolved,False,c91542c705254dd7e7e7271bc36789388d225dc3,a6fda4ea34e7c6d5f3c058ccd56e23d36c2afe07fee3dd8ee9072a80eeae197f
10673,CHTS,40.004,116.326,,CHTS-0762,2023-06-21,PM2.5,,,,ChemSpec_218,,,ChemSpec_EC_PM2.5,,0.99,0.0577777777777777,,,ChemSpec,ug/m3,ug/m3,,CHTS-0762,2023-06-21,0.99,0.057777777778,9381,CHTS,40.004,116.326,92.0,CHTS-0762,2023,6,21,9.0,2023,6,22,9.0,24.0,28203,EC PM2.5,0.99,Micrograms per cubic meter (ug/m3),,0.0577777777777777,,218,AirPhoton SS5i Sampler with BGI cyclone inlet and 25mm stretched Teflon filter,FTIR,Ambient local,,/Users/ahmadjalil/github/aethmodular/research/filter_combine/FilterBased_ChemSpecPM25_CHTS.csv,ec9a6c24308cb050a58472350a75689bc865751b1ac784a2f02e7bd56cedae61,"# File Updated: 2025-07-29
# Data version 3.0
# Site: Beijing, China",CHTS-0762,ChemSpec_218,True,True,both competing concentration values already present in earlier CSV; upstream role unresolved,False,c91542c705254dd7e7e7271bc36789388d225dc3,a6fda4ea34e7c6d5f3c058ccd56e23d36c2afe07fee3dd8ee9072a80eeae197f
10674,CHTS,40.004,116.326,,CHTS-0762,2023-06-21,PM2.5,,,,ChemSpec_218,,,ChemSpec_EC_PM2.5,,0.06,0.0577777777777777,,,ChemSpec,ug/m3,ug/m3,,CHTS-0762,2023-06-21,0.06,0.057777777778,9382,CHTS,40.004,116.326,92.0,CHTS-0762,2023,6,21,9.0,2023,6,22,9.0,24.0,28203,EC PM2.5,0.06,Micrograms per cubic meter (ug/m3),,0.0577777777777777,,218,AirPhoton SS5i Sampler with BGI cyclone inlet and 25mm stretched Teflon filter,FTIR,Ambient local,,/Users/ahmadjalil/github/aethmodular/research/filter_combine/FilterBased_ChemSpecPM25_CHTS.csv,ec9a6c24308cb050a58472350a75689bc865751b1ac784a2f02e7bd56cedae61,"# File Updated: 2025-07-29
# Data version 3.0
# Site: Beijing, China",CHTS-0762,ChemSpec_218,True,True,both competing concentration values already present in earlier CSV; upstream role unresolved,False,c91542c705254dd7e7e7271bc36789388d225dc3,a6fda4ea34e7c6d5f3c058ccd56e23d36c2afe07fee3dd8ee9072a80eeae197f
10731,CHTS,40.004,116.326,,CHTS-0763,2023-06-24,PM2.5,,,,ChemSpec_218,,,ChemSpec_EC_PM2.5,,1.95,0.0577777777777777,,,ChemSpec,ug/m3,ug/m3,,CHTS-0763,2023-06-24,1.95,0.057777777778,9422,CHTS,40.004,116.326,92.0,CHTS-0763,2023,6,24,9.0,2023,6,25,9.0,24.0,28203,EC PM2.5,1.95,Micrograms per cubic meter (ug/m3),,0.0577777777777777,,218,AirPhoton SS5i Sampler with BGI cyclone inlet and 25mm stretched Teflon filter,FTIR,Ambient local,,/Users/ahmadjalil/github/aethmodular/research/filter_combine/FilterBased_ChemSpecPM25_CHTS.csv,ec9a6c24308cb050a58472350a75689bc865751b1ac784a2f02e7bd56cedae61,"# File Updated: 2025-07-29
# Data version 3.0
# Site: Beijing, China",CHTS-0763,ChemSpec_218,True,True,both competing concentration values already present in earlier CSV; upstream role unresolved,False,c91542c705254dd7e7e7271bc36789388d225dc3,a6fda4ea34e7c6d5f3c058ccd56e23d36c2afe07fee3dd8ee9072a80eeae197f
10732,CHTS,40.004,116.326,,CHTS-0763,2023-06-24,PM2.5,,,,ChemSpec_218,,,ChemSpec_EC_PM2.5,,0.06,0.0577777777777777,,,ChemSpec,ug/m3,ug/m3,,CHTS-0763,2023-06-24,0.06,0.057777777778,9423,CHTS,40.004,116.326,92.0,CHTS-0763,2023,6,24,9.0,2023,6,25,9.0,24.0,28203,EC PM2.5,0.06,Micrograms per cubic meter (ug/m3),,0.0577777777777777,,218,AirPhoton SS5i Sampler with BGI cyclone inlet and 25mm stretched Teflon filter,FTIR,Ambient local,,/Users/ahmadjalil/github/aethmodular/research/filter_combine/FilterBased_ChemSpecPM25_CHTS.csv,ec9a6c24308cb050a58472350a75689bc865751b1ac784a2f02e7bd56cedae61,"# File Updated: 2025-07-29
# Data version 3.0
# Site: Beijing, China",CHTS-0763,ChemSpec_218,True,True,both competing concentration values already present in earlier CSV; upstream role unresolved,False,c91542c705254dd7e7e7271bc36789388d225dc3,a6fda4ea34e7c6d5f3c058ccd56e23d36c2afe07fee3dd8ee9072a80eeae197f
10789,CHTS,40.004,116.326,,CHTS-0764,2023-06-27,PM2.5,,,,ChemSpec_218,,,ChemSpec_EC_PM2.5,,1.33,0.0577777777777777,,,ChemSpec,ug/m3,ug/m3,,CHTS-0764,2023-06-27,1.33,0.057777777778,9463,CHTS,40.004,116.326,92.0,CHTS-0764,2023,6,27,9.0,2023,6,28,9.0,24.0,28203,EC PM2.5,1.33,Micrograms per cubic meter (ug/m3),,0.0577777777777777,,218,AirPhoton SS5i Sampler with BGI cyclone inlet and 25mm stretched Teflon filter,FTIR,Ambient local,,/Users/ahmadjalil/github/aethmodular/research/filter_combine/FilterBased_ChemSpecPM25_CHTS.csv,ec9a6c24308cb050a58472350a75689bc865751b1ac784a2f02e7bd56cedae61,"# File Updated: 2025-07-29
# Data version 3.0
# Site: Beijing, China",CHTS-0764,ChemSpec_218,True,True,both competing concentration values already present in earlier CSV; upstream role unresolved,False,c91542c705254dd7e7e7271bc36789388d225dc3,a6fda4ea34e7c6d5f3c058ccd56e23d36c2afe07fee3dd8ee9072a80eeae197f
10790,CHTS,40.004,116.326,,CHTS-0764,2023-06-27,PM2.5,,,,ChemSpec_218,,,ChemSpec_EC_PM2.5,,0.06,0.0577777777777777,,,ChemSpec,ug/m3,ug/m3,,CHTS-0764,2023-06-27,0.06,0.057777777778,9464,CHTS,40.004,116.326,92.0,CHTS-0764,2023,6,27,9.0,2023,6,28,9.0,24.0,28203,EC PM2.5,0.06,Micrograms per cubic meter (ug/m3),,0.0577777777777777,,218,AirPhoton SS5i Sampler with BGI cyclone inlet and 25mm stretched Teflon filter,FTIR,Ambient local,,/Users/ahmadjalil/github/aethmodular/research/filter_combine/FilterBased_ChemSpecPM25_CHTS.csv,ec9a6c24308cb050a58472350a75689bc865751b1ac784a2f02e7bd56cedae61,"# File Updated: 2025-07-29
# Data version 3.0
# Site: Beijing, China",CHTS-0764,ChemSpec_218,True,True,both competing concentration values already present in earlier CSV; upstream role unresolved,False,c91542c705254dd7e7e7271bc36789388d225dc3,a6fda4ea34e7c6d5f3c058ccd56e23d36c2afe07fee3dd8ee9072a80eeae197f
10847,CHTS,40.004,116.326,,CHTS-0765,2023-06-30,PM2.5,,,,ChemSpec_218,,,ChemSpec_EC_PM2.5,,1.69,0.0577777777777777,,,ChemSpec,ug/m3,ug/m3,,CHTS-0765,2023-06-30,1.69,0.057777777778,9504,CHTS,40.004,116.326,92.0,CHTS-0765,2023,6,30,9.0,2023,7,1,9.0,24.0,28203,EC PM2.5,1.69,Micrograms per cubic meter (ug/m3),,0.0577777777777777,,218,AirPhoton SS5i Sampler with BGI cyclone inlet and 25mm stretched Teflon filter,FTIR,Ambient local,,/Users/ahmadjalil/github/aethmodular/research/filter_combine/FilterBased_ChemSpecPM25_CHTS.csv,ec9a6c24308cb050a58472350a75689bc865751b1ac784a2f02e7bd56cedae61,"# File Updated: 2025-07-29
# Data version 3.0
# Site: Beijing, China",CHTS-0765,ChemSpec_218,True,True,both competing concentration values already present in earlier CSV; upstream role unresolved,False,c91542c705254dd7e7e7271bc36789388d225dc3,a6fda4ea34e7c6d5f3c058ccd56e23d36c2afe07fee3dd8ee9072a80eeae197f
10848,CHTS,40.004,116.326,,CHTS-0765,2023-06-30,PM2.5,,,,ChemSpec_218,,,ChemSpec_EC_PM2.5,,0.06,0.0577777777777777,,,ChemSpec,ug/m3,ug/m3,,CHTS-0765,2023-06-30,0.06,0.057777777778,9505,CHTS,40.004,116.326,92.0,CHTS-0765,2023,6,30,9.0,2023,7,1,9.0,24.0,28203,EC PM2.5,0.06,Micrograms per cubic meter (ug/m3),,0.0577777777777777,,218,AirPhoton SS5i Sampler with BGI cyclone inlet and 25mm stretched Teflon filter,FTIR,Ambient local,,/Users/ahmadjalil/github/aethmodular/research/filter_combine/FilterBased_ChemSpecPM25_CHTS.csv,ec9a6c24308cb050a58472350a75689bc865751b1ac784a2f02e7bd56cedae61,"# File Updated: 2025-07-29
# Data version 3.0
# Site: Beijing, China",CHTS-0765,ChemSpec_218,True,True,both competing concentration values already present in earlier CSV; upstream role unresolved,False,c91542c705254dd7e7e7271bc36789388d225dc3,a6fda4ea34e7c6d5f3c058ccd56e23d36c2afe07fee3dd8ee9072a80eeae197f
10905,CHTS,40.004,116.326,,CHTS-0766,2023-07-03,PM2.5,,,,ChemSpec_218,,,ChemSpec_EC_PM2.5,,1.64,0.0577777777777777,,,ChemSpec,ug/m3,ug/m3,,CHTS-0766,2023-07-03,1.64,0.057777777778,9545,CHTS,40.004,116.326,92.0,CHTS-0766,2023,7,3,9.0,2023,7,4,9.0,24.0,28203,EC PM2.5,1.64,Micrograms per cubic meter (ug/m3),,0.0577777777777777,,218,AirPhoton SS5i Sampler with BGI cyclone inlet and 25mm stretched Teflon filter,FTIR,Ambient local,,/Users/ahmadjalil/github/aethmodular/research/filter_combine/FilterBased_ChemSpecPM25_CHTS.csv,ec9a6c24308cb050a58472350a75689bc865751b1ac784a2f02e7bd56cedae61,"# File Updated: 2025-07-29
# Data version 3.0
# Site: Beijing, China",CHTS-0766,ChemSpec_218,True,True,both competing concentration values already present in earlier CSV; upstream role unresolved,False,c91542c705254dd7e7e7271bc36789388d225dc3,a6fda4ea34e7c6d5f3c058ccd56e23d36c2afe07fee3dd8ee9072a80eeae197f
10906,CHTS,40.004,116.326,,CHTS-0766,2023-07-03,PM2.5,,,,ChemSpec_218,,,ChemSpec_EC_PM2.5,,0.06,0.0577777777777777,,,ChemSpec,ug/m3,ug/m3,,CHTS-0766,2023-07-03,0.06,0.057777777778,9546,CHTS,40.004,116.326,92.0,CHTS-0766,2023,7,3,9.0,2023,7,4,9.0,24.0,28203,EC PM2.5,0.06,Micrograms per cubic meter (ug/m3),,0.0577777777777777,,218,AirPhoton SS5i Sampler with BGI cyclone inlet and 25mm stretched Teflon filter,FTIR,Ambient local,,/Users/ahmadjalil/github/aethmodular/research/filter_combine/FilterBased_ChemSpecPM25_CHTS.csv,ec9a6c24308cb050a58472350a75689bc865751b1ac784a2f02e7bd56cedae61,"# File Updated: 2025-07-29
# Data version 3.0
# Site: Beijing, China",CHTS-0766,ChemSpec_218,True,True,both competing concentration values already present in earlier CSV; upstream role unresolved,False,c91542c705254dd7e7e7271bc36789388d225dc3,a6fda4ea34e7c6d5f3c058ccd56e23d36c2afe07fee3dd8ee9072a80eeae197f
10963,CHTS,40.004,116.326,,CHTS-0767,2023-07-06,PM2.5,,,,ChemSpec_218,,,ChemSpec_EC_PM2.5,,0.74,0.0577777777777777,,,ChemSpec,ug/m3,ug/m3,,CHTS-0767,2023-07-06,0.74,0.057777777778,9586,CHTS,40.004,116.326,92.0,CHTS-0767,2023,7,6,9.0,2023,7,7,9.0,24.0,28203,EC PM2.5,0.74,Micrograms per cubic meter (ug/m3),,0.0577777777777777,,218,AirPhoton SS5i Sampler with BGI cyclone inlet and 25mm stretched Teflon filter,FTIR,Ambient local,,/Users/ahmadjalil/github/aethmodular/research/filter_combine/FilterBased_ChemSpecPM25_CHTS.csv,ec9a6c24308cb050a58472350a75689bc865751b1ac784a2f02e7bd56cedae61,"# File Updated: 2025-07-29
# Data version 3.0
# Site: Beijing, China",CHTS-0767,ChemSpec_218,True,True,both competing concentration values already present in earlier CSV; upstream role unresolved,False,c91542c705254dd7e7e7271bc36789388d225dc3,a6fda4ea34e7c6d5f3c058ccd56e23d36c2afe07fee3dd8ee9072a80eeae197f
10964,CHTS,40.004,116.326,,CHTS-0767,2023-07-06,PM2.5,,,,ChemSpec_218,,,ChemSpec_EC_PM2.5,,0.06,0.0577777777777777,,,ChemSpec,ug/m3,ug/m3,,CHTS-0767,2023-07-06,0.06,0.057777777778,9587,CHTS,40.004,116.326,92.0,CHTS-0767,2023,7,6,9.0,2023,7,7,9.0,24.0,28203,EC PM2.5,0.06,Micrograms per cubic meter (ug/m3),,0.0577777777777777,,218,AirPhoton SS5i Sampler with BGI cyclone inlet and 25mm stretched Teflon filter,FTIR,Ambient local,,/Users/ahmadjalil/github/aethmodular/research/filter_combine/FilterBased_ChemSpecPM25_CHTS.csv,ec9a6c24308cb050a58472350a75689bc865751b1ac784a2f02e7bd56cedae61,"# File Updated: 2025-07-29
# Data version 3.0
# Site: Beijing, China",CHTS-0767,ChemSpec_218,True,True,both competing concentration values already present in earlier CSV; upstream role unresolved,False,c91542c705254dd7e7e7271bc36789388d225dc3,a6fda4ea34e7c6d5f3c058ccd56e23d36c2afe07fee3dd8ee9072a80eeae197f
11035,CHTS,40.004,116.326,,CHTS-0769,2023-07-09,PM2.5,,,,ChemSpec_218,,,ChemSpec_EC_PM2.5,,0.56,0.0577777777777777,,,ChemSpec,ug/m3,ug/m3,,CHTS-0769,2023-07-09,0.56,0.057777777778,9627,CHTS,40.004,116.326,92.0,CHTS-0769,2023,7,9,9.0,2023,7,10,9.0,24.0,28203,EC PM2.5,0.56,Micrograms per cubic meter (ug/m3),,0.0577777777777777,,218,AirPhoton SS5i Sampler with BGI cyclone inlet and 25mm stretched Teflon filter,FTIR,Ambient local,,/Users/ahmadjalil/github/aethmodular/research/filter_combine/FilterBased_ChemSpecPM25_CHTS.csv,ec9a6c24308cb050a58472350a75689bc865751b1ac784a2f02e7bd56cedae61,"# File Updated: 2025-07-29
# Data version 3.0
# Site: Beijing, China",CHTS-0769,ChemSpec_218,True,True,both competing concentration values already present in earlier CSV; upstream role unresolved,False,c91542c705254dd7e7e7271bc36789388d225dc3,a6fda4ea34e7c6d5f3c058ccd56e23d36c2afe07fee3dd8ee9072a80eeae197f
11036,CHTS,40.004,116.326,,CHTS-0769,2023-07-09,PM2.5,,,,ChemSpec_218,,,ChemSpec_EC_PM2.5,,0.06,0.0577777777777777,,,ChemSpec,ug/m3,ug/m3,,CHTS-0769,2023-07-09,0.06,0.057777777778,9628,CHTS,40.004,116.326,92.0,CHTS-0769,2023,7,9,9.0,2023,7,10,9.0,24.0,28203,EC PM2.5,0.06,Micrograms per cubic meter (ug/m3),,0.0577777777777777,,218,AirPhoton SS5i Sampler with BGI cyclone inlet and 25mm stretched Teflon filter,FTIR,Ambient local,,/Users/ahmadjalil/github/aethmodular/research/filter_combine/FilterBased_ChemSpecPM25_CHTS.csv,ec9a6c24308cb050a58472350a75689bc865751b1ac784a2f02e7bd56cedae61,"# File Updated: 2025-07-29
# Data version 3.0
# Site: Beijing, China",CHTS-0769,ChemSpec_218,True,True,both competing concentration values already present in earlier CSV; upstream role unresolved,False,c91542c705254dd7e7e7271bc36789388d225dc3,a6fda4ea34e7c6d5f3c058ccd56e23d36c2afe07fee3dd8ee9072a80eeae197f
11093,CHTS,40.004,116.326,,CHTS-0770,2023-07-11,PM2.5,,,,ChemSpec_218,,,ChemSpec_EC_PM2.5,,1.04,0.0565181518151815,,,ChemSpec,ug/m3,ug/m3,,CHTS-0770,2023-07-11,1.04,0.056518151815,9668,CHTS,40.004,116.326,92.0,CHTS-0770,2023,7,11,9.0,2023,7,12,9.0,24.0,28203,EC PM2.5,1.04,Micrograms per cubic meter (ug/m3),,0.0565181518151815,,218,AirPhoton SS5i Sampler with BGI cyclone inlet and 25mm stretched Teflon filter,FTIR,Ambient local,,/Users/ahmadjalil/github/aethmodular/research/filter_combine/FilterBased_ChemSpecPM25_CHTS.csv,ec9a6c24308cb050a58472350a75689bc865751b1ac784a2f02e7bd56cedae61,"# File Updated: 2025-07-29
# Data version 3.0
# Site: Beijing, China",CHTS-0770,ChemSpec_218,True,True,both competing concentration values already present in earlier CSV; upstream role unresolved,False,c91542c705254dd7e7e7271bc36789388d225dc3,a6fda4ea34e7c6d5f3c058ccd56e23d36c2afe07fee3dd8ee9072a80eeae197f
11094,CHTS,40.004,116.326,,CHTS-0770,2023-07-11,PM2.5,,,,ChemSpec_218,,,ChemSpec_EC_PM2.5,,0.06,0.0565181518151815,,,ChemSpec,ug/m3,ug/m3,,CHTS-0770,2023-07-11,0.06,0.056518151815,9669,CHTS,40.004,116.326,92.0,CHTS-0770,2023,7,11,9.0,2023,7,12,9.0,24.0,28203,EC PM2.5,0.06,Micrograms per cubic meter (ug/m3),,0.0565181518151815,,218,AirPhoton SS5i Sampler with BGI cyclone inlet and 25mm stretched Teflon filter,FTIR,Ambient local,,/Users/ahmadjalil/github/aethmodular/research/filter_combine/FilterBased_ChemSpecPM25_CHTS.csv,ec9a6c24308cb050a58472350a75689bc865751b1ac784a2f02e7bd56cedae61,"# File Updated: 2025-07-29
# Data version 3.0
# Site: Beijing, China",CHTS-0770,ChemSpec_218,True,True,both competing concentration values already present in earlier CSV; upstream role unresolved,False,c91542c705254dd7e7e7271bc36789388d225dc3,a6fda4ea34e7c6d5f3c058ccd56e23d36c2afe07fee3dd8ee9072a80eeae197f
11151,CHTS,40.004,116.326,,CHTS-0771,2023-07-14,PM2.5,,,,ChemSpec_218,,,ChemSpec_EC_PM2.5,,0.36,0.0565181518151815,,,ChemSpec,ug/m3,ug/m3,,CHTS-0771,2023-07-14,0.36,0.056518151815,9709,CHTS,40.004,116.326,92.0,CHTS-0771,2023,7,14,9.0,2023,7,15,9.0,24.0,28203,EC PM2.5,0.36,Micrograms per cubic meter (ug/m3),,0.0565181518151815,,218,AirPhoton SS5i Sampler with BGI cyclone inlet and 25mm stretched Teflon filter,FTIR,Ambient local,,/Users/ahmadjalil/github/aethmodular/research/filter_combine/FilterBased_ChemSpecPM25_CHTS.csv,ec9a6c24308cb050a58472350a75689bc865751b1ac784a2f02e7bd56cedae61,"# File Updated: 2025-07-29
# Data version 3.0
# Site: Beijing, China",CHTS-0771,ChemSpec_218,True,True,both competing concentration values already present in earlier CSV; upstream role unresolved,False,c91542c705254dd7e7e7271bc36789388d225dc3,a6fda4ea34e7c6d5f3c058ccd56e23d36c2afe07fee3dd8ee9072a80eeae197f
11152,CHTS,40.004,116.326,,CHTS-0771,2023-07-14,PM2.5,,,,ChemSpec_218,,,ChemSpec_EC_PM2.5,,0.06,0.0565181518151815,,,ChemSpec,ug/m3,ug/m3,,CHTS-0771,2023-07-14,0.06,0.056518151815,9710,CHTS,40.004,116.326,92.0,CHTS-0771,2023,7,14,9.0,2023,7,15,9.0,24.0,28203,EC PM2.5,0.06,Micrograms per cubic meter (ug/m3),,0.0565181518151815,,218,AirPhoton SS5i Sampler with BGI cyclone inlet and 25mm stretched Teflon filter,FTIR,Ambient local,,/Users/ahmadjalil/github/aethmodular/research/filter_combine/FilterBased_ChemSpecPM25_CHTS.csv,ec9a6c24308cb050a58472350a75689bc865751b1ac784a2f02e7bd56cedae61,"# File Updated: 2025-07-29
# Data version 3.0
# Site: Beijing, China",CHTS-0771,ChemSpec_218,True,True,both competing concentration values already present in earlier CSV; upstream role unresolved,False,c91542c705254dd7e7e7271bc36789388d225dc3,a6fda4ea34e7c6d5f3c058ccd56e23d36c2afe07fee3dd8ee9072a80eeae197f
11209,CHTS,40.004,116.326,,CHTS-0772,2023-07-17,PM2.5,,,,ChemSpec_218,,,ChemSpec_EC_PM2.5,,1.85,0.0565181518151815,,,ChemSpec,ug/m3,ug/m3,,CHTS-0772,2023-07-17,1.85,0.056518151815,9749,CHTS,40.004,116.326,92.0,CHTS-0772,2023,7,17,9.0,2023,7,18,9.0,24.0,28203,EC PM2.5,1.85,Micrograms per cubic meter (ug/m3),,0.0565181518151815,,218,AirPhoton SS5i Sampler with BGI cyclone inlet and 25mm stretched Teflon filter,FTIR,Ambient local,,/Users/ahmadjalil/github/aethmodular/research/filter_combine/FilterBased_ChemSpecPM25_CHTS.csv,ec9a6c24308cb050a58472350a75689bc865751b1ac784a2f02e7bd56cedae61,"# File Updated: 2025-07-29
# Data version 3.0
# Site: Beijing, China",CHTS-0772,ChemSpec_218,True,True,both competing concentration values already present in earlier CSV; upstream role unresolved,False,c91542c705254dd7e7e7271bc36789388d225dc3,a6fda4ea34e7c6d5f3c058ccd56e23d36c2afe07fee3dd8ee9072a80eeae197f
11210,CHTS,40.004,116.326,,CHTS-0772,2023-07-17,PM2.5,,,,ChemSpec_218,,,ChemSpec_EC_PM2.5,,0.06,0.0565181518151815,,,ChemSpec,ug/m3,ug/m3,,CHTS-0772,2023-07-17,0.06,0.056518151815,9750,CHTS,40.004,116.326,92.0,CHTS-0772,2023,7,17,9.0,2023,7,18,9.0,24.0,28203,EC PM2.5,0.06,Micrograms per cubic meter (ug/m3),,0.0565181518151815,,218,AirPhoton SS5i Sampler with BGI cyclone inlet and 25mm stretched Teflon filter,FTIR,Ambient local,,/Users/ahmadjalil/github/aethmodular/research/filter_combine/FilterBased_ChemSpecPM25_CHTS.csv,ec9a6c24308cb050a58472350a75689bc865751b1ac784a2f02e7bd56cedae61,"# File Updated: 2025-07-29
# Data version 3.0
# Site: Beijing, China",CHTS-0772,ChemSpec_218,True,True,both competing concentration values already present in earlier CSV; upstream role unresolved,False,c91542c705254dd7e7e7271bc36789388d225dc3,a6fda4ea34e7c6d5f3c058ccd56e23d36c2afe07fee3dd8ee9072a80eeae197f
11266,CHTS,40.004,116.326,,CHTS-0773,2023-07-20,PM2.5,,,,ChemSpec_218,,,ChemSpec_EC_PM2.5,,1.29,0.0565181518151815,,,ChemSpec,ug/m3,ug/m3,,CHTS-0773,2023-07-20,1.29,0.056518151815,9789,CHTS,40.004,116.326,92.0,CHTS-0773,2023,7,20,9.0,2023,7,21,9.0,24.0,28203,EC PM2.5,1.29,Micrograms per cubic meter (ug/m3),,0.0565181518151815,,218,AirPhoton SS5i Sampler with BGI cyclone inlet and 25mm stretched Teflon filter,FTIR,Ambient local,,/Users/ahmadjalil/github/aethmodular/research/filter_combine/FilterBased_ChemSpecPM25_CHTS.csv,ec9a6c24308cb050a58472350a75689bc865751b1ac784a2f02e7bd56cedae61,"# File Updated: 2025-07-29
# Data version 3.0
# Site: Beijing, China",CHTS-0773,ChemSpec_218,True,True,both competing concentration values already present in earlier CSV; upstream role unresolved,False,c91542c705254dd7e7e7271bc36789388d225dc3,a6fda4ea34e7c6d5f3c058ccd56e23d36c2afe07fee3dd8ee9072a80eeae197f
11267,CHTS,40.004,116.326,,CHTS-0773,2023-07-20,PM2.5,,,,ChemSpec_218,,,ChemSpec_EC_PM2.5,,0.06,0.0565181518151815,,,ChemSpec,ug/m3,ug/m3,,CHTS-0773,2023-07-20,0.06,0.056518151815,9790,CHTS,40.004,116.326,92.0,CHTS-0773,2023,7,20,9.0,2023,7,21,9.0,24.0,28203,EC PM2.5,0.06,Micrograms per cubic meter (ug/m3),,0.0565181518151815,,218,AirPhoton SS5i Sampler with BGI cyclone inlet and 25mm stretched Teflon filter,FTIR,Ambient local,,/Users/ahmadjalil/github/aethmodular/research/filter_combine/FilterBased_ChemSpecPM25_CHTS.csv,ec9a6c24308cb050a58472350a75689bc865751b1ac784a2f02e7bd56cedae61,"# File Updated: 2025-07-29
# Data version 3.0
# Site: Beijing, China",CHTS-0773,ChemSpec_218,True,True,both competing concentration values already present in earlier CSV; upstream role unresolved,False,c91542c705254dd7e7e7271bc36789388d225dc3,a6fda4ea34e7c6d5f3c058ccd56e23d36c2afe07fee3dd8ee9072a80eeae197f
11323,CHTS,40.004,116.326,,CHTS-0774,2023-07-23,PM2.5,,,,ChemSpec_218,,,ChemSpec_EC_PM2.5,,1.05,0.0565181518151815,,,ChemSpec,ug/m3,ug/m3,,CHTS-0774,2023-07-23,1.05,0.056518151815,9829,CHTS,40.004,116.326,92.0,CHTS-0774,2023,7,23,9.0,2023,7,24,9.0,24.0,28203,EC PM2.5,1.05,Micrograms per cubic meter (ug/m3),,0.0565181518151815,,218,AirPhoton SS5i Sampler with BGI cyclone inlet and 25mm stretched Teflon filter,FTIR,Ambient local,,/Users/ahmadjalil/github/aethmodular/research/filter_combine/FilterBased_ChemSpecPM25_CHTS.csv,ec9a6c24308cb050a58472350a75689bc865751b1ac784a2f02e7bd56cedae61,"# File Updated: 2025-07-29
# Data version 3.0
# Site: Beijing, China",CHTS-0774,ChemSpec_218,True,True,both competing concentration values already present in earlier CSV; upstream role unresolved,False,c91542c705254dd7e7e7271bc36789388d225dc3,a6fda4ea34e7c6d5f3c058ccd56e23d36c2afe07fee3dd8ee9072a80eeae197f
11324,CHTS,40.004,116.326,,CHTS-0774,2023-07-23,PM2.5,,,,ChemSpec_218,,,ChemSpec_EC_PM2.5,,0.06,0.0565181518151815,,,ChemSpec,ug/m3,ug/m3,,CHTS-0774,2023-07-23,0.06,0.056518151815,9830,CHTS,40.004,116.326,92.0,CHTS-0774,2023,7,23,9.0,2023,7,24,9.0,24.0,28203,EC PM2.5,0.06,Micrograms per cubic meter (ug/m3),,0.0565181518151815,,218,AirPhoton SS5i Sampler with BGI cyclone inlet and 25mm stretched Teflon filter,FTIR,Ambient local,,/Users/ahmadjalil/github/aethmodular/research/filter_combine/FilterBased_ChemSpecPM25_CHTS.csv,ec9a6c24308cb050a58472350a75689bc865751b1ac784a2f02e7bd56cedae61,"# File Updated: 2025-07-29
# Data version 3.0
# Site: Beijing, China",CHTS-0774,ChemSpec_218,True,True,both competing concentration values already present in earlier CSV; upstream role unresolved,False,c91542c705254dd7e7e7271bc36789388d225dc3,a6fda4ea34e7c6d5f3c058ccd56e23d36c2afe07fee3dd8ee9072a80eeae197f
11380,CHTS,40.004,116.326,,CHTS-0775,2023-07-26,PM2.5,,,,ChemSpec_218,,,ChemSpec_EC_PM2.5,,1.28,0.0565181518151815,,,ChemSpec,ug/m3,ug/m3,,CHTS-0775,2023-07-26,1.28,0.056518151815,9870,CHTS,40.004,116.326,92.0,CHTS-0775,2023,7,26,9.0,2023,7,27,9.0,24.0,28203,EC PM2.5,1.28,Micrograms per cubic meter (ug/m3),,0.0565181518151815,,218,AirPhoton SS5i Sampler with BGI cyclone inlet and 25mm stretched Teflon filter,FTIR,Ambient local,,/Users/ahmadjalil/github/aethmodular/research/filter_combine/FilterBased_ChemSpecPM25_CHTS.csv,ec9a6c24308cb050a58472350a75689bc865751b1ac784a2f02e7bd56cedae61,"# File Updated: 2025-07-29
# Data version 3.0
# Site: Beijing, China",CHTS-0775,ChemSpec_218,True,True,both competing concentration values already present in earlier CSV; upstream role unresolved,False,c91542c705254dd7e7e7271bc36789388d225dc3,a6fda4ea34e7c6d5f3c058ccd56e23d36c2afe07fee3dd8ee9072a80eeae197f
11381,CHTS,40.004,116.326,,CHTS-0775,2023-07-26,PM2.5,,,,ChemSpec_218,,,ChemSpec_EC_PM2.5,,0.06,0.0565181518151815,,,ChemSpec,ug/m3,ug/m3,,CHTS-0775,2023-07-26,0.06,0.056518151815,9871,CHTS,40.004,116.326,92.0,CHTS-0775,2023,7,26,9.0,2023,7,27,9.0,24.0,28203,EC PM2.5,0.06,Micrograms per cubic meter (ug/m3),,0.0565181518151815,,218,AirPhoton SS5i Sampler with BGI cyclone inlet and 25mm stretched Teflon filter,FTIR,Ambient local,,/Users/ahmadjalil/github/aethmodular/research/filter_combine/FilterBased_ChemSpecPM25_CHTS.csv,ec9a6c24308cb050a58472350a75689bc865751b1ac784a2f02e7bd56cedae61,"# File Updated: 2025-07-29
# Data version 3.0
# Site: Beijing, China",CHTS-0775,ChemSpec_218,True,True,both competing concentration values already present in earlier CSV; upstream role unresolved,False,c91542c705254dd7e7e7271bc36789388d225dc3,a6fda4ea34e7c6d5f3c058ccd56e23d36c2afe07fee3dd8ee9072a80eeae197f
11452,CHTS,40.004,116.326,,CHTS-0777,2023-07-29,PM2.5,,,,ChemSpec_218,,,ChemSpec_EC_PM2.5,,0.83,0.0577777777777777,,,ChemSpec,ug/m3,ug/m3,,CHTS-0777,2023-07-29,0.83,0.057777777778,9911,CHTS,40.004,116.326,92.0,CHTS-0777,2023,7,29,9.0,2023,7,30,9.0,24.0,28203,EC PM2.5,0.83,Micrograms per cubic meter (ug/m3),,0.0577777777777777,,218,AirPhoton SS5i Sampler with BGI cyclone inlet and 25mm stretched Teflon filter,FTIR,Ambient local,,/Users/ahmadjalil/github/aethmodular/research/filter_combine/FilterBased_ChemSpecPM25_CHTS.csv,ec9a6c24308cb050a58472350a75689bc865751b1ac784a2f02e7bd56cedae61,"# File Updated: 2025-07-29
# Data version 3.0
# Site: Beijing, China",CHTS-0777,ChemSpec_218,True,True,both competing concentration values already present in earlier CSV; upstream role unresolved,False,c91542c705254dd7e7e7271bc36789388d225dc3,a6fda4ea34e7c6d5f3c058ccd56e23d36c2afe07fee3dd8ee9072a80eeae197f
11453,CHTS,40.004,116.326,,CHTS-0777,2023-07-29,PM2.5,,,,ChemSpec_218,,,ChemSpec_EC_PM2.5,,0.06,0.0577777777777777,,,ChemSpec,ug/m3,ug/m3,,CHTS-0777,2023-07-29,0.06,0.057777777778,9912,CHTS,40.004,116.326,92.0,CHTS-0777,2023,7,29,9.0,2023,7,30,9.0,24.0,28203,EC PM2.5,0.06,Micrograms per cubic meter (ug/m3),,0.0577777777777777,,218,AirPhoton SS5i Sampler with BGI cyclone inlet and 25mm stretched Teflon filter,FTIR,Ambient local,,/Users/ahmadjalil/github/aethmodular/research/filter_combine/FilterBased_ChemSpecPM25_CHTS.csv,ec9a6c24308cb050a58472350a75689bc865751b1ac784a2f02e7bd56cedae61,"# File Updated: 2025-07-29
# Data version 3.0
# Site: Beijing, China",CHTS-0777,ChemSpec_218,True,True,both competing concentration values already present in earlier CSV; upstream role unresolved,False,c91542c705254dd7e7e7271bc36789388d225dc3,a6fda4ea34e7c6d5f3c058ccd56e23d36c2afe07fee3dd8ee9072a80eeae197f
11510,CHTS,40.004,116.326,,CHTS-0778,2023-08-10,PM2.5,,,,ChemSpec_218,,,ChemSpec_EC_PM2.5,,2.51,0.061282932416953,,,ChemSpec,ug/m3,ug/m3,,CHTS-0778,2023-08-10,2.51,0.061282932417,9952,CHTS,40.004,116.326,92.0,CHTS-0778,2023,8,10,9.0,2023,8,11,9.0,24.0,28203,EC PM2.5,2.51,Micrograms per cubic meter (ug/m3),,0.061282932416953,,218,AirPhoton SS5i Sampler with BGI cyclone inlet and 25mm stretched Teflon filter,FTIR,Ambient local,,/Users/ahmadjalil/github/aethmodular/research/filter_combine/FilterBased_ChemSpecPM25_CHTS.csv,ec9a6c24308cb050a58472350a75689bc865751b1ac784a2f02e7bd56cedae61,"# File Updated: 2025-07-29
# Data version 3.0
# Site: Beijing, China",CHTS-0778,ChemSpec_218,True,True,both competing concentration values already present in earlier CSV; upstream role unresolved,False,c91542c705254dd7e7e7271bc36789388d225dc3,a6fda4ea34e7c6d5f3c058ccd56e23d36c2afe07fee3dd8ee9072a80eeae197f
11511,CHTS,40.004,116.326,,CHTS-0778,2023-08-10,PM2.5,,,,ChemSpec_218,,,ChemSpec_EC_PM2.5,,0.06,0.061282932416953,,,ChemSpec,ug/m3,ug/m3,,CHTS-0778,2023-08-10,0.06,0.061282932417,9953,CHTS,40.004,116.326,92.0,CHTS-0778,2023,8,10,9.0,2023,8,11,9.0,24.0,28203,EC PM2.5,0.06,Micrograms per cubic meter (ug/m3),,0.061282932416953,,218,AirPhoton SS5i Sampler with BGI cyclone inlet and 25mm stretched Teflon filter,FTIR,Ambient local,,/Users/ahmadjalil/github/aethmodular/research/filter_combine/FilterBased_ChemSpecPM25_CHTS.csv,ec9a6c24308cb050a58472350a75689bc865751b1ac784a2f02e7bd56cedae61,"# File Updated: 2025-07-29
# Data version 3.0
# Site: Beijing, China",CHTS-0778,ChemSpec_218,True,True,both competing concentration values already present in earlier CSV; upstream role unresolved,False,c91542c705254dd7e7e7271bc36789388d225dc3,a6fda4ea34e7c6d5f3c058ccd56e23d36c2afe07fee3dd8ee9072a80eeae197f
11568,CHTS,40.004,116.326,,CHTS-0779,2023-08-13,PM2.5,,,,ChemSpec_218,,,ChemSpec_EC_PM2.5,,1.0,0.0626446759259259,,,ChemSpec,ug/m3,ug/m3,,CHTS-0779,2023-08-13,1.0,0.062644675926,9994,CHTS,40.004,116.326,92.0,CHTS-0779,2023,8,13,9.0,2023,8,14,9.0,24.0,28203,EC PM2.5,1.0,Micrograms per cubic meter (ug/m3),,0.0626446759259259,,218,AirPhoton SS5i Sampler with BGI cyclone inlet and 25mm stretched Teflon filter,FTIR,Ambient local,,/Users/ahmadjalil/github/aethmodular/research/filter_combine/FilterBased_ChemSpecPM25_CHTS.csv,ec9a6c24308cb050a58472350a75689bc865751b1ac784a2f02e7bd56cedae61,"# File Updated: 2025-07-29
# Data version 3.0
# Site: Beijing, China",CHTS-0779,ChemSpec_218,True,True,both competing concentration values already present in earlier CSV; upstream role unresolved,False,c91542c705254dd7e7e7271bc36789388d225dc3,a6fda4ea34e7c6d5f3c058ccd56e23d36c2afe07fee3dd8ee9072a80eeae197f
11569,CHTS,40.004,116.326,,CHTS-0779,2023-08-13,PM2.5,,,,ChemSpec_218,,,ChemSpec_EC_PM2.5,,0.06,0.0626446759259259,,,ChemSpec,ug/m3,ug/m3,,CHTS-0779,2023-08-13,0.06,0.062644675926,9995,CHTS,40.004,116.326,92.0,CHTS-0779,2023,8,13,9.0,2023,8,14,9.0,24.0,28203,EC PM2.5,0.06,Micrograms per cubic meter (ug/m3),,0.0626446759259259,,218,AirPhoton SS5i Sampler with BGI cyclone inlet and 25mm stretched Teflon filter,FTIR,Ambient local,,/Users/ahmadjalil/github/aethmodular/research/filter_combine/FilterBased_ChemSpecPM25_CHTS.csv,ec9a6c24308cb050a58472350a75689bc865751b1ac784a2f02e7bd56cedae61,"# File Updated: 2025-07-29
# Data version 3.0
# Site: Beijing, China",CHTS-0779,ChemSpec_218,True,True,both competing concentration values already present in earlier CSV; upstream role unresolved,False,c91542c705254dd7e7e7271bc36789388d225dc3,a6fda4ea34e7c6d5f3c058ccd56e23d36c2afe07fee3dd8ee9072a80eeae197f
11627,CHTS,40.004,116.326,,CHTS-0780,2023-08-16,PM2.5,,,,ChemSpec_218,,,ChemSpec_EC_PM2.5,,0.96,0.0626446759259259,,,ChemSpec,ug/m3,ug/m3,,CHTS-0780,2023-08-16,0.96,0.062644675926,10036,CHTS,40.004,116.326,92.0,CHTS-0780,2023,8,16,9.0,2023,8,17,9.0,24.0,28203,EC PM2.5,0.96,Micrograms per cubic meter (ug/m3),,0.0626446759259259,,218,AirPhoton SS5i Sampler with BGI cyclone inlet and 25mm stretched Teflon filter,FTIR,Ambient local,,/Users/ahmadjalil/github/aethmodular/research/filter_combine/FilterBased_ChemSpecPM25_CHTS.csv,ec9a6c24308cb050a58472350a75689bc865751b1ac784a2f02e7bd56cedae61,"# File Updated: 2025-07-29
# Data version 3.0
# Site: Beijing, China",CHTS-0780,ChemSpec_218,True,True,both competing concentration values already present in earlier CSV; upstream role unresolved,False,c91542c705254dd7e7e7271bc36789388d225dc3,a6fda4ea34e7c6d5f3c058ccd56e23d36c2afe07fee3dd8ee9072a80eeae197f
11628,CHTS,40.004,116.326,,CHTS-0780,2023-08-16,PM2.5,,,,ChemSpec_218,,,ChemSpec_EC_PM2.5,,0.06,0.0626446759259259,,,ChemSpec,ug/m3,ug/m3,,CHTS-0780,2023-08-16,0.06,0.062644675926,10037,CHTS,40.004,116.326,92.0,CHTS-0780,2023,8,16,9.0,2023,8,17,9.0,24.0,28203,EC PM2.5,0.06,Micrograms per cubic meter (ug/m3),,0.0626446759259259,,218,AirPhoton SS5i Sampler with BGI cyclone inlet and 25mm stretched Teflon filter,FTIR,Ambient local,,/Users/ahmadjalil/github/aethmodular/research/filter_combine/FilterBased_ChemSpecPM25_CHTS.csv,ec9a6c24308cb050a58472350a75689bc865751b1ac784a2f02e7bd56cedae61,"# File Updated: 2025-07-29
# Data version 3.0
# Site: Beijing, China",CHTS-0780,ChemSpec_218,True,True,both competing concentration values already present in earlier CSV; upstream role unresolved,False,c91542c705254dd7e7e7271bc36789388d225dc3,a6fda4ea34e7c6d5f3c058ccd56e23d36c2afe07fee3dd8ee9072a80eeae197f
11686,CHTS,40.004,116.326,,CHTS-0781,2023-08-19,PM2.5,,,,ChemSpec_218,,,ChemSpec_EC_PM2.5,,1.16,0.0626446759259259,,,ChemSpec,ug/m3,ug/m3,,CHTS-0781,2023-08-19,1.16,0.062644675926,10078,CHTS,40.004,116.326,92.0,CHTS-0781,2023,8,19,9.0,2023,8,20,9.0,24.0,28203,EC PM2.5,1.16,Micrograms per cubic meter (ug/m3),,0.0626446759259259,,218,AirPhoton SS5i Sampler with BGI cyclone inlet and 25mm stretched Teflon filter,FTIR,Ambient local,,/Users/ahmadjalil/github/aethmodular/research/filter_combine/FilterBased_ChemSpecPM25_CHTS.csv,ec9a6c24308cb050a58472350a75689bc865751b1ac784a2f02e7bd56cedae61,"# File Updated: 2025-07-29
# Data version 3.0
# Site: Beijing, China",CHTS-0781,ChemSpec_218,True,True,both competing concentration values already present in earlier CSV; upstream role unresolved,False,c91542c705254dd7e7e7271bc36789388d225dc3,a6fda4ea34e7c6d5f3c058ccd56e23d36c2afe07fee3dd8ee9072a80eeae197f
11687,CHTS,40.004,116.326,,CHTS-0781,2023-08-19,PM2.5,,,,ChemSpec_218,,,ChemSpec_EC_PM2.5,,0.06,0.0626446759259259,,,ChemSpec,ug/m3,ug/m3,,CHTS-0781,2023-08-19,0.06,0.062644675926,10079,CHTS,40.004,116.326,92.0,CHTS-0781,2023,8,19,9.0,2023,8,20,9.0,24.0,28203,EC PM2.5,0.06,Micrograms per cubic meter (ug/m3),,0.0626446759259259,,218,AirPhoton SS5i Sampler with BGI cyclone inlet and 25mm stretched Teflon filter,FTIR,Ambient local,,/Users/ahmadjalil/github/aethmodular/research/filter_combine/FilterBased_ChemSpecPM25_CHTS.csv,ec9a6c24308cb050a58472350a75689bc865751b1ac784a2f02e7bd56cedae61,"# File Updated: 2025-07-29
# Data version 3.0
# Site: Beijing, China",CHTS-0781,ChemSpec_218,True,True,both competing concentration values already present in earlier CSV; upstream role unresolved,False,c91542c705254dd7e7e7271bc36789388d225dc3,a6fda4ea34e7c6d5f3c058ccd56e23d36c2afe07fee3dd8ee9072a80eeae197f
11762,CHTS,40.004,116.326,,CHTS-0783,2023-08-25,PM2.5,,,,ChemSpec_218,,,ChemSpec_EC_PM2.5,,1.24,0.0626446759259259,,,ChemSpec,ug/m3,ug/m3,,CHTS-0783,2023-08-25,1.24,0.062644675926,10120,CHTS,40.004,116.326,92.0,CHTS-0783,2023,8,25,9.0,2023,8,26,9.0,24.0,28203,EC PM2.5,1.24,Micrograms per cubic meter (ug/m3),,0.0626446759259259,,218,AirPhoton SS5i Sampler with BGI cyclone inlet and 25mm stretched Teflon filter,FTIR,Ambient local,,/Users/ahmadjalil/github/aethmodular/research/filter_combine/FilterBased_ChemSpecPM25_CHTS.csv,ec9a6c24308cb050a58472350a75689bc865751b1ac784a2f02e7bd56cedae61,"# File Updated: 2025-07-29
# Data version 3.0
# Site: Beijing, China",CHTS-0783,ChemSpec_218,True,True,both competing concentration values already present in earlier CSV; upstream role unresolved,False,c91542c705254dd7e7e7271bc36789388d225dc3,a6fda4ea34e7c6d5f3c058ccd56e23d36c2afe07fee3dd8ee9072a80eeae197f
11763,CHTS,40.004,116.326,,CHTS-0783,2023-08-25,PM2.5,,,,ChemSpec_218,,,ChemSpec_EC_PM2.5,,0.06,0.0626446759259259,,,ChemSpec,ug/m3,ug/m3,,CHTS-0783,2023-08-25,0.06,0.062644675926,10121,CHTS,40.004,116.326,92.0,CHTS-0783,2023,8,25,9.0,2023,8,26,9.0,24.0,28203,EC PM2.5,0.06,Micrograms per cubic meter (ug/m3),,0.0626446759259259,,218,AirPhoton SS5i Sampler with BGI cyclone inlet and 25mm stretched Teflon filter,FTIR,Ambient local,,/Users/ahmadjalil/github/aethmodular/research/filter_combine/FilterBased_ChemSpecPM25_CHTS.csv,ec9a6c24308cb050a58472350a75689bc865751b1ac784a2f02e7bd56cedae61,"# File Updated: 2025-07-29
# Data version 3.0
# Site: Beijing, China",CHTS-0783,ChemSpec_218,True,True,both competing concentration values already present in earlier CSV; upstream role unresolved,False,c91542c705254dd7e7e7271bc36789388d225dc3,a6fda4ea34e7c6d5f3c058ccd56e23d36c2afe07fee3dd8ee9072a80eeae197f
11835,CHTS,40.004,116.326,,CHTS-0785,2023-08-28,PM2.5,,,,ChemSpec_218,,,ChemSpec_EC_PM2.5,,0.89,0.0589225589225589,,,ChemSpec,ug/m3,ug/m3,,CHTS-0785,2023-08-28,0.89,0.058922558923,10162,CHTS,40.004,116.326,92.0,CHTS-0785,2023,8,28,9.0,2023,8,29,9.0,24.0,28203,EC PM2.5,0.89,Micrograms per cubic meter (ug/m3),,0.0589225589225589,,218,AirPhoton SS5i Sampler with BGI cyclone inlet and 25mm stretched Teflon filter,FTIR,Ambient local,,/Users/ahmadjalil/github/aethmodular/research/filter_combine/FilterBased_ChemSpecPM25_CHTS.csv,ec9a6c24308cb050a58472350a75689bc865751b1ac784a2f02e7bd56cedae61,"# File Updated: 2025-07-29
# Data version 3.0
# Site: Beijing, China",CHTS-0785,ChemSpec_218,True,True,both competing concentration values already present in earlier CSV; upstream role unresolved,False,c91542c705254dd7e7e7271bc36789388d225dc3,a6fda4ea34e7c6d5f3c058ccd56e23d36c2afe07fee3dd8ee9072a80eeae197f
11836,CHTS,40.004,116.326,,CHTS-0785,2023-08-28,PM2.5,,,,ChemSpec_218,,,ChemSpec_EC_PM2.5,,0.06,0.0589225589225589,,,ChemSpec,ug/m3,ug/m3,,CHTS-0785,2023-08-28,0.06,0.058922558923,10163,CHTS,40.004,116.326,92.0,CHTS-0785,2023,8,28,9.0,2023,8,29,9.0,24.0,28203,EC PM2.5,0.06,Micrograms per cubic meter (ug/m3),,0.0589225589225589,,218,AirPhoton SS5i Sampler with BGI cyclone inlet and 25mm stretched Teflon filter,FTIR,Ambient local,,/Users/ahmadjalil/github/aethmodular/research/filter_combine/FilterBased_ChemSpecPM25_CHTS.csv,ec9a6c24308cb050a58472350a75689bc865751b1ac784a2f02e7bd56cedae61,"# File Updated: 2025-07-29
# Data version 3.0
# Site: Beijing, China",CHTS-0785,ChemSpec_218,True,True,both competing concentration values already present in earlier CSV; upstream role unresolved,False,c91542c705254dd7e7e7271bc36789388d225dc3,a6fda4ea34e7c6d5f3c058ccd56e23d36c2afe07fee3dd8ee9072a80eeae197f
11894,CHTS,40.004,116.326,,CHTS-0786,2023-09-02,PM2.5,,,,ChemSpec_218,,,ChemSpec_EC_PM2.5,,1.47,0.0588487972508591,,,ChemSpec,ug/m3,ug/m3,,CHTS-0786,2023-09-02,1.47,0.058848797251,10204,CHTS,40.004,116.326,92.0,CHTS-0786,2023,9,2,9.0,2023,9,3,9.0,24.0,28203,EC PM2.5,1.47,Micrograms per cubic meter (ug/m3),,0.0588487972508591,,218,AirPhoton SS5i Sampler with BGI cyclone inlet and 25mm stretched Teflon filter,FTIR,Ambient local,,/Users/ahmadjalil/github/aethmodular/research/filter_combine/FilterBased_ChemSpecPM25_CHTS.csv,ec9a6c24308cb050a58472350a75689bc865751b1ac784a2f02e7bd56cedae61,"# File Updated: 2025-07-29
# Data version 3.0
# Site: Beijing, China",CHTS-0786,ChemSpec_218,True,True,both competing concentration values already present in earlier CSV; upstream role unresolved,False,c91542c705254dd7e7e7271bc36789388d225dc3,a6fda4ea34e7c6d5f3c058ccd56e23d36c2afe07fee3dd8ee9072a80eeae197f
11895,CHTS,40.004,116.326,,CHTS-0786,2023-09-02,PM2.5,,,,ChemSpec_218,,,ChemSpec_EC_PM2.5,,0.06,0.0588487972508591,,,ChemSpec,ug/m3,ug/m3,,CHTS-0786,2023-09-02,0.06,0.058848797251,10205,CHTS,40.004,116.326,92.0,CHTS-0786,2023,9,2,9.0,2023,9,3,9.0,24.0,28203,EC PM2.5,0.06,Micrograms per cubic meter (ug/m3),,0.0588487972508591,,218,AirPhoton SS5i Sampler with BGI cyclone inlet and 25mm stretched Teflon filter,FTIR,Ambient local,,/Users/ahmadjalil/github/aethmodular/research/filter_combine/FilterBased_ChemSpecPM25_CHTS.csv,ec9a6c24308cb050a58472350a75689bc865751b1ac784a2f02e7bd56cedae61,"# File Updated: 2025-07-29
# Data version 3.0
# Site: Beijing, China",CHTS-0786,ChemSpec_218,True,True,both competing concentration values already present in earlier CSV; upstream role unresolved,False,c91542c705254dd7e7e7271bc36789388d225dc3,a6fda4ea34e7c6d5f3c058ccd56e23d36c2afe07fee3dd8ee9072a80eeae197f
11953,CHTS,40.004,116.326,,CHTS-0787,2023-09-05,PM2.5,,,,ChemSpec_218,,,ChemSpec_EC_PM2.5,,3.76,0.0595647193585337,,,ChemSpec,ug/m3,ug/m3,,CHTS-0787,2023-09-05,3.76,0.059564719359,10244,CHTS,40.004,116.326,92.0,CHTS-0787,2023,9,5,9.0,2023,9,6,9.0,24.0,28203,EC PM2.5,3.76,Micrograms per cubic meter (ug/m3),,0.0595647193585337,,218,AirPhoton SS5i Sampler with BGI cyclone inlet and 25mm stretched Teflon filter,FTIR,Ambient local,,/Users/ahmadjalil/github/aethmodular/research/filter_combine/FilterBased_ChemSpecPM25_CHTS.csv,ec9a6c24308cb050a58472350a75689bc865751b1ac784a2f02e7bd56cedae61,"# File Updated: 2025-07-29
# Data version 3.0
# Site: Beijing, China",CHTS-0787,ChemSpec_218,True,True,both competing concentration values already present in earlier CSV; upstream role unresolved,False,c91542c705254dd7e7e7271bc36789388d225dc3,a6fda4ea34e7c6d5f3c058ccd56e23d36c2afe07fee3dd8ee9072a80eeae197f
11954,CHTS,40.004,116.326,,CHTS-0787,2023-09-05,PM2.5,,,,ChemSpec_218,,,ChemSpec_EC_PM2.5,,0.06,0.0595647193585337,,,ChemSpec,ug/m3,ug/m3,,CHTS-0787,2023-09-05,0.06,0.059564719359,10245,CHTS,40.004,116.326,92.0,CHTS-0787,2023,9,5,9.0,2023,9,6,9.0,24.0,28203,EC PM2.5,0.06,Micrograms per cubic meter (ug/m3),,0.0595647193585337,,218,AirPhoton SS5i Sampler with BGI cyclone inlet and 25mm stretched Teflon filter,FTIR,Ambient local,,/Users/ahmadjalil/github/aethmodular/research/filter_combine/FilterBased_ChemSpecPM25_CHTS.csv,ec9a6c24308cb050a58472350a75689bc865751b1ac784a2f02e7bd56cedae61,"# File Updated: 2025-07-29
# Data version 3.0
# Site: Beijing, China",CHTS-0787,ChemSpec_218,True,True,both competing concentration values already present in earlier CSV; upstream role unresolved,False,c91542c705254dd7e7e7271bc36789388d225dc3,a6fda4ea34e7c6d5f3c058ccd56e23d36c2afe07fee3dd8ee9072a80eeae197f
12010,CHTS,40.004,116.326,,CHTS-0788,2023-09-08,PM2.5,,,,ChemSpec_218,,,ChemSpec_EC_PM2.5,,1.17,0.0588487972508591,,,ChemSpec,ug/m3,ug/m3,,CHTS-0788,2023-09-08,1.17,0.058848797251,10286,CHTS,40.004,116.326,92.0,CHTS-0788,2023,9,8,9.0,2023,9,9,9.0,24.0,28203,EC PM2.5,1.17,Micrograms per cubic meter (ug/m3),,0.0588487972508591,,218,AirPhoton SS5i Sampler with BGI cyclone inlet and 25mm stretched Teflon filter,FTIR,Ambient local,,/Users/ahmadjalil/github/aethmodular/research/filter_combine/FilterBased_ChemSpecPM25_CHTS.csv,ec9a6c24308cb050a58472350a75689bc865751b1ac784a2f02e7bd56cedae61,"# File Updated: 2025-07-29
# Data version 3.0
# Site: Beijing, China",CHTS-0788,ChemSpec_218,True,True,both competing concentration values already present in earlier CSV; upstream role unresolved,False,c91542c705254dd7e7e7271bc36789388d225dc3,a6fda4ea34e7c6d5f3c058ccd56e23d36c2afe07fee3dd8ee9072a80eeae197f
12011,CHTS,40.004,116.326,,CHTS-0788,2023-09-08,PM2.5,,,,ChemSpec_218,,,ChemSpec_EC_PM2.5,,0.06,0.0588487972508591,,,ChemSpec,ug/m3,ug/m3,,CHTS-0788,2023-09-08,0.06,0.058848797251,10287,CHTS,40.004,116.326,92.0,CHTS-0788,2023,9,8,9.0,2023,9,9,9.0,24.0,28203,EC PM2.5,0.06,Micrograms per cubic meter (ug/m3),,0.0588487972508591,,218,AirPhoton SS5i Sampler with BGI cyclone inlet and 25mm stretched Teflon filter,FTIR,Ambient local,,/Users/ahmadjalil/github/aethmodular/research/filter_combine/FilterBased_ChemSpecPM25_CHTS.csv,ec9a6c24308cb050a58472350a75689bc865751b1ac784a2f02e7bd56cedae61,"# File Updated: 2025-07-29
# Data version 3.0
# Site: Beijing, China",CHTS-0788,ChemSpec_218,True,True,both competing concentration values already present in earlier CSV; upstream role unresolved,False,c91542c705254dd7e7e7271bc36789388d225dc3,a6fda4ea34e7c6d5f3c058ccd56e23d36c2afe07fee3dd8ee9072a80eeae197f
12069,CHTS,40.004,116.326,,CHTS-0789,2023-09-11,PM2.5,,,,ChemSpec_218,,,ChemSpec_EC_PM2.5,,0.93,0.0588487972508591,,,ChemSpec,ug/m3,ug/m3,,CHTS-0789,2023-09-11,0.93,0.058848797251,10327,CHTS,40.004,116.326,92.0,CHTS-0789,2023,9,11,9.0,2023,9,12,9.0,24.0,28203,EC PM2.5,0.93,Micrograms per cubic meter (ug/m3),,0.0588487972508591,,218,AirPhoton SS5i Sampler with BGI cyclone inlet and 25mm stretched Teflon filter,FTIR,Ambient local,,/Users/ahmadjalil/github/aethmodular/research/filter_combine/FilterBased_ChemSpecPM25_CHTS.csv,ec9a6c24308cb050a58472350a75689bc865751b1ac784a2f02e7bd56cedae61,"# File Updated: 2025-07-29
# Data version 3.0
# Site: Beijing, China",CHTS-0789,ChemSpec_218,True,True,both competing concentration values already present in earlier CSV; upstream role unresolved,False,c91542c705254dd7e7e7271bc36789388d225dc3,a6fda4ea34e7c6d5f3c058ccd56e23d36c2afe07fee3dd8ee9072a80eeae197f
12070,CHTS,40.004,116.326,,CHTS-0789,2023-09-11,PM2.5,,,,ChemSpec_218,,,ChemSpec_EC_PM2.5,,0.06,0.0588487972508591,,,ChemSpec,ug/m3,ug/m3,,CHTS-0789,2023-09-11,0.06,0.058848797251,10328,CHTS,40.004,116.326,92.0,CHTS-0789,2023,9,11,9.0,2023,9,12,9.0,24.0,28203,EC PM2.5,0.06,Micrograms per cubic meter (ug/m3),,0.0588487972508591,,218,AirPhoton SS5i Sampler with BGI cyclone inlet and 25mm stretched Teflon filter,FTIR,Ambient local,,/Users/ahmadjalil/github/aethmodular/research/filter_combine/FilterBased_ChemSpecPM25_CHTS.csv,ec9a6c24308cb050a58472350a75689bc865751b1ac784a2f02e7bd56cedae61,"# File Updated: 2025-07-29
# Data version 3.0
# Site: Beijing, China",CHTS-0789,ChemSpec_218,True,True,both competing concentration values already present in earlier CSV; upstream role unresolved,False,c91542c705254dd7e7e7271bc36789388d225dc3,a6fda4ea34e7c6d5f3c058ccd56e23d36c2afe07fee3dd8ee9072a80eeae197f
12127,CHTS,40.004,116.326,,CHTS-0790,2023-09-14,PM2.5,,,,ChemSpec_218,,,ChemSpec_EC_PM2.5,,1.68,0.0588487972508591,,,ChemSpec,ug/m3,ug/m3,,CHTS-0790,2023-09-14,1.68,0.058848797251,10368,CHTS,40.004,116.326,92.0,CHTS-0790,2023,9,14,9.0,2023,9,15,9.0,24.0,28203,EC PM2.5,1.68,Micrograms per cubic meter (ug/m3),,0.0588487972508591,,218,AirPhoton SS5i Sampler with BGI cyclone inlet and 25mm stretched Teflon filter,FTIR,Ambient local,,/Users/ahmadjalil/github/aethmodular/research/filter_combine/FilterBased_ChemSpecPM25_CHTS.csv,ec9a6c24308cb050a58472350a75689bc865751b1ac784a2f02e7bd56cedae61,"# File Updated: 2025-07-29
# Data version 3.0
# Site: Beijing, China",CHTS-0790,ChemSpec_218,True,True,both competing concentration values already present in earlier CSV; upstream role unresolved,False,c91542c705254dd7e7e7271bc36789388d225dc3,a6fda4ea34e7c6d5f3c058ccd56e23d36c2afe07fee3dd8ee9072a80eeae197f
12128,CHTS,40.004,116.326,,CHTS-0790,2023-09-14,PM2.5,,,,ChemSpec_218,,,ChemSpec_EC_PM2.5,,0.06,0.0588487972508591,,,ChemSpec,ug/m3,ug/m3,,CHTS-0790,2023-09-14,0.06,0.058848797251,10369,CHTS,40.004,116.326,92.0,CHTS-0790,2023,9,14,9.0,2023,9,15,9.0,24.0,28203,EC PM2.5,0.06,Micrograms per cubic meter (ug/m3),,0.0588487972508591,,218,AirPhoton SS5i Sampler with BGI cyclone inlet and 25mm stretched Teflon filter,FTIR,Ambient local,,/Users/ahmadjalil/github/aethmodular/research/filter_combine/FilterBased_ChemSpecPM25_CHTS.csv,ec9a6c24308cb050a58472350a75689bc865751b1ac784a2f02e7bd56cedae61,"# File Updated: 2025-07-29
# Data version 3.0
# Site: Beijing, China",CHTS-0790,ChemSpec_218,True,True,both competing concentration values already present in earlier CSV; upstream role unresolved,False,c91542c705254dd7e7e7271bc36789388d225dc3,a6fda4ea34e7c6d5f3c058ccd56e23d36c2afe07fee3dd8ee9072a80eeae197f
12185,CHTS,40.004,116.326,,CHTS-0791,2023-09-17,PM2.5,,,,ChemSpec_218,,,ChemSpec_EC_PM2.5,,1.39,0.0595647193585337,,,ChemSpec,ug/m3,ug/m3,,CHTS-0791,2023-09-17,1.39,0.059564719359,10410,CHTS,40.004,116.326,92.0,CHTS-0791,2023,9,17,9.0,2023,9,18,9.0,24.0,28203,EC PM2.5,1.39,Micrograms per cubic meter (ug/m3),,0.0595647193585337,,218,AirPhoton SS5i Sampler with BGI cyclone inlet and 25mm stretched Teflon filter,FTIR,Ambient local,,/Users/ahmadjalil/github/aethmodular/research/filter_combine/FilterBased_ChemSpecPM25_CHTS.csv,ec9a6c24308cb050a58472350a75689bc865751b1ac784a2f02e7bd56cedae61,"# File Updated: 2025-07-29
# Data version 3.0
# Site: Beijing, China",CHTS-0791,ChemSpec_218,True,True,both competing concentration values already present in earlier CSV; upstream role unresolved,False,c91542c705254dd7e7e7271bc36789388d225dc3,a6fda4ea34e7c6d5f3c058ccd56e23d36c2afe07fee3dd8ee9072a80eeae197f
12186,CHTS,40.004,116.326,,CHTS-0791,2023-09-17,PM2.5,,,,ChemSpec_218,,,ChemSpec_EC_PM2.5,,0.06,0.0595647193585337,,,ChemSpec,ug/m3,ug/m3,,CHTS-0791,2023-09-17,0.06,0.059564719359,10411,CHTS,40.004,116.326,92.0,CHTS-0791,2023,9,17,9.0,2023,9,18,9.0,24.0,28203,EC PM2.5,0.06,Micrograms per cubic meter (ug/m3),,0.0595647193585337,,218,AirPhoton SS5i Sampler with BGI cyclone inlet and 25mm stretched Teflon filter,FTIR,Ambient local,,/Users/ahmadjalil/github/aethmodular/research/filter_combine/FilterBased_ChemSpecPM25_CHTS.csv,ec9a6c24308cb050a58472350a75689bc865751b1ac784a2f02e7bd56cedae61,"# File Updated: 2025-07-29
# Data version 3.0
# Site: Beijing, China",CHTS-0791,ChemSpec_218,True,True,both competing concentration values already present in earlier CSV; upstream role unresolved,False,c91542c705254dd7e7e7271bc36789388d225dc3,a6fda4ea34e7c6d5f3c058ccd56e23d36c2afe07fee3dd8ee9072a80eeae197f
12258,CHTS,40.004,116.326,,CHTS-0793,2023-09-20,PM2.5,,,,ChemSpec_218,,,ChemSpec_EC_PM2.5,,0.64,0.058361391694725,,,ChemSpec,ug/m3,ug/m3,,CHTS-0793,2023-09-20,0.64,0.058361391695,10452,CHTS,40.004,116.326,92.0,CHTS-0793,2023,9,20,9.0,2023,9,21,9.0,24.0,28203,EC PM2.5,0.64,Micrograms per cubic meter (ug/m3),,0.058361391694725,,218,AirPhoton SS5i Sampler with BGI cyclone inlet and 25mm stretched Teflon filter,FTIR,Ambient local,,/Users/ahmadjalil/github/aethmodular/research/filter_combine/FilterBased_ChemSpecPM25_CHTS.csv,ec9a6c24308cb050a58472350a75689bc865751b1ac784a2f02e7bd56cedae61,"# File Updated: 2025-07-29
# Data version 3.0
# Site: Beijing, China",CHTS-0793,ChemSpec_218,True,True,both competing concentration values already present in earlier CSV; upstream role unresolved,False,c91542c705254dd7e7e7271bc36789388d225dc3,a6fda4ea34e7c6d5f3c058ccd56e23d36c2afe07fee3dd8ee9072a80eeae197f
12259,CHTS,40.004,116.326,,CHTS-0793,2023-09-20,PM2.5,,,,ChemSpec_218,,,ChemSpec_EC_PM2.5,,0.06,0.058361391694725,,,ChemSpec,ug/m3,ug/m3,,CHTS-0793,2023-09-20,0.06,0.058361391695,10453,CHTS,40.004,116.326,92.0,CHTS-0793,2023,9,20,9.0,2023,9,21,9.0,24.0,28203,EC PM2.5,0.06,Micrograms per cubic meter (ug/m3),,0.058361391694725,,218,AirPhoton SS5i Sampler with BGI cyclone inlet and 25mm stretched Teflon filter,FTIR,Ambient local,,/Users/ahmadjalil/github/aethmodular/research/filter_combine/FilterBased_ChemSpecPM25_CHTS.csv,ec9a6c24308cb050a58472350a75689bc865751b1ac784a2f02e7bd56cedae61,"# File Updated: 2025-07-29
# Data version 3.0
# Site: Beijing, China",CHTS-0793,ChemSpec_218,True,True,both competing concentration values already present in earlier CSV; upstream role unresolved,False,c91542c705254dd7e7e7271bc36789388d225dc3,a6fda4ea34e7c6d5f3c058ccd56e23d36c2afe07fee3dd8ee9072a80eeae197f
12317,CHTS,40.004,116.326,,CHTS-0795,2023-09-29,PM2.5,,,,ChemSpec_218,,,ChemSpec_EC_PM2.5,,0.5,0.061282932416953,,,ChemSpec,ug/m3,ug/m3,,CHTS-0795,2023-09-29,0.5,0.061282932417,10492,CHTS,40.004,116.326,92.0,CHTS-0795,2023,9,29,9.0,2023,9,30,9.0,24.0,28203,EC PM2.5,0.5,Micrograms per cubic meter (ug/m3),,0.061282932416953,,218,AirPhoton SS5i Sampler with BGI cyclone inlet and 25mm stretched Teflon filter,FTIR,Ambient local,,/Users/ahmadjalil/github/aethmodular/research/filter_combine/FilterBased_ChemSpecPM25_CHTS.csv,ec9a6c24308cb050a58472350a75689bc865751b1ac784a2f02e7bd56cedae61,"# File Updated: 2025-07-29
# Data version 3.0
# Site: Beijing, China",CHTS-0795,ChemSpec_218,True,True,both competing concentration values already present in earlier CSV; upstream role unresolved,False,c91542c705254dd7e7e7271bc36789388d225dc3,a6fda4ea34e7c6d5f3c058ccd56e23d36c2afe07fee3dd8ee9072a80eeae197f
12318,CHTS,40.004,116.326,,CHTS-0795,2023-09-29,PM2.5,,,,ChemSpec_218,,,ChemSpec_EC_PM2.5,,0.06,0.061282932416953,,,ChemSpec,ug/m3,ug/m3,,CHTS-0795,2023-09-29,0.06,0.061282932417,10493,CHTS,40.004,116.326,92.0,CHTS-0795,2023,9,29,9.0,2023,9,30,9.0,24.0,28203,EC PM2.5,0.06,Micrograms per cubic meter (ug/m3),,0.061282932416953,,218,AirPhoton SS5i Sampler with BGI cyclone inlet and 25mm stretched Teflon filter,FTIR,Ambient local,,/Users/ahmadjalil/github/aethmodular/research/filter_combine/FilterBased_ChemSpecPM25_CHTS.csv,ec9a6c24308cb050a58472350a75689bc865751b1ac784a2f02e7bd56cedae61,"# File Updated: 2025-07-29
# Data version 3.0
# Site: Beijing, China",CHTS-0795,ChemSpec_218,True,True,both competing concentration values already present in earlier CSV; upstream role unresolved,False,c91542c705254dd7e7e7271bc36789388d225dc3,a6fda4ea34e7c6d5f3c058ccd56e23d36c2afe07fee3dd8ee9072a80eeae197f
12374,CHTS,40.004,116.326,,CHTS-0796,2023-10-02,PM2.5,,,,ChemSpec_218,,,ChemSpec_EC_PM2.5,,1.92,0.061282932416953,,,ChemSpec,ug/m3,ug/m3,,CHTS-0796,2023-10-02,1.92,0.061282932417,10533,CHTS,40.004,116.326,92.0,CHTS-0796,2023,10,2,9.0,2023,10,3,9.0,24.0,28203,EC PM2.5,1.92,Micrograms per cubic meter (ug/m3),,0.061282932416953,,218,AirPhoton SS5i Sampler with BGI cyclone inlet and 25mm stretched Teflon filter,FTIR,Ambient local,,/Users/ahmadjalil/github/aethmodular/research/filter_combine/FilterBased_ChemSpecPM25_CHTS.csv,ec9a6c24308cb050a58472350a75689bc865751b1ac784a2f02e7bd56cedae61,"# File Updated: 2025-07-29
# Data version 3.0
# Site: Beijing, China",CHTS-0796,ChemSpec_218,True,True,both competing concentration values already present in earlier CSV; upstream role unresolved,False,c91542c705254dd7e7e7271bc36789388d225dc3,a6fda4ea34e7c6d5f3c058ccd56e23d36c2afe07fee3dd8ee9072a80eeae197f
12375,CHTS,40.004,116.326,,CHTS-0796,2023-10-02,PM2.5,,,,ChemSpec_218,,,ChemSpec_EC_PM2.5,,0.06,0.061282932416953,,,ChemSpec,ug/m3,ug/m3,,CHTS-0796,2023-10-02,0.06,0.061282932417,10534,CHTS,40.004,116.326,92.0,CHTS-0796,2023,10,2,9.0,2023,10,3,9.0,24.0,28203,EC PM2.5,0.06,Micrograms per cubic meter (ug/m3),,0.061282932416953,,218,AirPhoton SS5i Sampler with BGI cyclone inlet and 25mm stretched Teflon filter,FTIR,Ambient local,,/Users/ahmadjalil/github/aethmodular/research/filter_combine/FilterBased_ChemSpecPM25_CHTS.csv,ec9a6c24308cb050a58472350a75689bc865751b1ac784a2f02e7bd56cedae61,"# File Updated: 2025-07-29
# Data version 3.0
# Site: Beijing, China",CHTS-0796,ChemSpec_218,True,True,both competing concentration values already present in earlier CSV; upstream role unresolved,False,c91542c705254dd7e7e7271bc36789388d225dc3,a6fda4ea34e7c6d5f3c058ccd56e23d36c2afe07fee3dd8ee9072a80eeae197f
12432,CHTS,40.004,116.326,,CHTS-0797,2023-10-05,PM2.5,,,,ChemSpec_218,,,ChemSpec_EC_PM2.5,,0.71,0.061282932416953,,,ChemSpec,ug/m3,ug/m3,,CHTS-0797,2023-10-05,0.71,0.061282932417,10574,CHTS,40.004,116.326,92.0,CHTS-0797,2023,10,5,9.0,2023,10,6,9.0,24.0,28203,EC PM2.5,0.71,Micrograms per cubic meter (ug/m3),,0.061282932416953,,218,AirPhoton SS5i Sampler with BGI cyclone inlet and 25mm stretched Teflon filter,FTIR,Ambient local,,/Users/ahmadjalil/github/aethmodular/research/filter_combine/FilterBased_ChemSpecPM25_CHTS.csv,ec9a6c24308cb050a58472350a75689bc865751b1ac784a2f02e7bd56cedae61,"# File Updated: 2025-07-29
# Data version 3.0
# Site: Beijing, China",CHTS-0797,ChemSpec_218,True,True,both competing concentration values already present in earlier CSV; upstream role unresolved,False,c91542c705254dd7e7e7271bc36789388d225dc3,a6fda4ea34e7c6d5f3c058ccd56e23d36c2afe07fee3dd8ee9072a80eeae197f
12433,CHTS,40.004,116.326,,CHTS-0797,2023-10-05,PM2.5,,,,ChemSpec_218,,,ChemSpec_EC_PM2.5,,0.06,0.061282932416953,,,ChemSpec,ug/m3,ug/m3,,CHTS-0797,2023-10-05,0.06,0.061282932417,10575,CHTS,40.004,116.326,92.0,CHTS-0797,2023,10,5,9.0,2023,10,6,9.0,24.0,28203,EC PM2.5,0.06,Micrograms per cubic meter (ug/m3),,0.061282932416953,,218,AirPhoton SS5i Sampler with BGI cyclone inlet and 25mm stretched Teflon filter,FTIR,Ambient local,,/Users/ahmadjalil/github/aethmodular/research/filter_combine/FilterBased_ChemSpecPM25_CHTS.csv,ec9a6c24308cb050a58472350a75689bc865751b1ac784a2f02e7bd56cedae61,"# File Updated: 2025-07-29
# Data version 3.0
# Site: Beijing, China",CHTS-0797,ChemSpec_218,True,True,both competing concentration values already present in earlier CSV; upstream role unresolved,False,c91542c705254dd7e7e7271bc36789388d225dc3,a6fda4ea34e7c6d5f3c058ccd56e23d36c2afe07fee3dd8ee9072a80eeae197f
12490,CHTS,40.004,116.326,,CHTS-0798,2023-10-08,PM2.5,,,,ChemSpec_218,,,ChemSpec_EC_PM2.5,,0.64,0.061282932416953,,,ChemSpec,ug/m3,ug/m3,,CHTS-0798,2023-10-08,0.64,0.061282932417,10615,CHTS,40.004,116.326,92.0,CHTS-0798,2023,10,8,9.0,2023,10,9,9.0,24.0,28203,EC PM2.5,0.64,Micrograms per cubic meter (ug/m3),,0.061282932416953,,218,AirPhoton SS5i Sampler with BGI cyclone inlet and 25mm stretched Teflon filter,FTIR,Ambient local,,/Users/ahmadjalil/github/aethmodular/research/filter_combine/FilterBased_ChemSpecPM25_CHTS.csv,ec9a6c24308cb050a58472350a75689bc865751b1ac784a2f02e7bd56cedae61,"# File Updated: 2025-07-29
# Data version 3.0
# Site: Beijing, China",CHTS-0798,ChemSpec_218,True,True,both competing concentration values already present in earlier CSV; upstream role unresolved,False,c91542c705254dd7e7e7271bc36789388d225dc3,a6fda4ea34e7c6d5f3c058ccd56e23d36c2afe07fee3dd8ee9072a80eeae197f
12491,CHTS,40.004,116.326,,CHTS-0798,2023-10-08,PM2.5,,,,ChemSpec_218,,,ChemSpec_EC_PM2.5,,0.06,0.061282932416953,,,ChemSpec,ug/m3,ug/m3,,CHTS-0798,2023-10-08,0.06,0.061282932417,10616,CHTS,40.004,116.326,92.0,CHTS-0798,2023,10,8,9.0,2023,10,9,9.0,24.0,28203,EC PM2.5,0.06,Micrograms per cubic meter (ug/m3),,0.061282932416953,,218,AirPhoton SS5i Sampler with BGI cyclone inlet and 25mm stretched Teflon filter,FTIR,Ambient local,,/Users/ahmadjalil/github/aethmodular/research/filter_combine/FilterBased_ChemSpecPM25_CHTS.csv,ec9a6c24308cb050a58472350a75689bc865751b1ac784a2f02e7bd56cedae61,"# File Updated: 2025-07-29
# Data version 3.0
# Site: Beijing, China",CHTS-0798,ChemSpec_218,True,True,both competing concentration values already present in earlier CSV; upstream role unresolved,False,c91542c705254dd7e7e7271bc36789388d225dc3,a6fda4ea34e7c6d5f3c058ccd56e23d36c2afe07fee3dd8ee9072a80eeae197f
12548,CHTS,40.004,116.326,,CHTS-0799,2023-10-11,PM2.5,,,,ChemSpec_218,,,ChemSpec_EC_PM2.5,,2.52,0.061282932416953,,,ChemSpec,ug/m3,ug/m3,,CHTS-0799,2023-10-11,2.52,0.061282932417,10656,CHTS,40.004,116.326,92.0,CHTS-0799,2023,10,11,9.0,2023,10,12,9.0,24.0,28203,EC PM2.5,2.52,Micrograms per cubic meter (ug/m3),,0.061282932416953,,218,AirPhoton SS5i Sampler with BGI cyclone inlet and 25mm stretched Teflon filter,FTIR,Ambient local,,/Users/ahmadjalil/github/aethmodular/research/filter_combine/FilterBased_ChemSpecPM25_CHTS.csv,ec9a6c24308cb050a58472350a75689bc865751b1ac784a2f02e7bd56cedae61,"# File Updated: 2025-07-29
# Data version 3.0
# Site: Beijing, China",CHTS-0799,ChemSpec_218,True,True,both competing concentration values already present in earlier CSV; upstream role unresolved,False,c91542c705254dd7e7e7271bc36789388d225dc3,a6fda4ea34e7c6d5f3c058ccd56e23d36c2afe07fee3dd8ee9072a80eeae197f
12549,CHTS,40.004,116.326,,CHTS-0799,2023-10-11,PM2.5,,,,ChemSpec_218,,,ChemSpec_EC_PM2.5,,0.06,0.061282932416953,,,ChemSpec,ug/m3,ug/m3,,CHTS-0799,2023-10-11,0.06,0.061282932417,10657,CHTS,40.004,116.326,92.0,CHTS-0799,2023,10,11,9.0,2023,10,12,9.0,24.0,28203,EC PM2.5,0.06,Micrograms per cubic meter (ug/m3),,0.061282932416953,,218,AirPhoton SS5i Sampler with BGI cyclone inlet and 25mm stretched Teflon filter,FTIR,Ambient local,,/Users/ahmadjalil/github/aethmodular/research/filter_combine/FilterBased_ChemSpecPM25_CHTS.csv,ec9a6c24308cb050a58472350a75689bc865751b1ac784a2f02e7bd56cedae61,"# File Updated: 2025-07-29
# Data version 3.0
# Site: Beijing, China",CHTS-0799,ChemSpec_218,True,True,both competing concentration values already present in earlier CSV; upstream role unresolved,False,c91542c705254dd7e7e7271bc36789388d225dc3,a6fda4ea34e7c6d5f3c058ccd56e23d36c2afe07fee3dd8ee9072a80eeae197f
12620,CHTS,40.004,116.326,,CHTS-0801,2023-10-14,PM2.5,,,,ChemSpec_218,,,ChemSpec_EC_PM2.5,,0.84,0.0577777777777777,,,ChemSpec,ug/m3,ug/m3,,CHTS-0801,2023-10-14,0.84,0.057777777778,10697,CHTS,40.004,116.326,92.0,CHTS-0801,2023,10,14,9.0,2023,10,15,9.0,24.0,28203,EC PM2.5,0.84,Micrograms per cubic meter (ug/m3),,0.0577777777777777,,218,AirPhoton SS5i Sampler with BGI cyclone inlet and 25mm stretched Teflon filter,FTIR,Ambient local,,/Users/ahmadjalil/github/aethmodular/research/filter_combine/FilterBased_ChemSpecPM25_CHTS.csv,ec9a6c24308cb050a58472350a75689bc865751b1ac784a2f02e7bd56cedae61,"# File Updated: 2025-07-29
# Data version 3.0
# Site: Beijing, China",CHTS-0801,ChemSpec_218,True,True,both competing concentration values already present in earlier CSV; upstream role unresolved,False,c91542c705254dd7e7e7271bc36789388d225dc3,a6fda4ea34e7c6d5f3c058ccd56e23d36c2afe07fee3dd8ee9072a80eeae197f
12621,CHTS,40.004,116.326,,CHTS-0801,2023-10-14,PM2.5,,,,ChemSpec_218,,,ChemSpec_EC_PM2.5,,0.06,0.0577777777777777,,,ChemSpec,ug/m3,ug/m3,,CHTS-0801,2023-10-14,0.06,0.057777777778,10698,CHTS,40.004,116.326,92.0,CHTS-0801,2023,10,14,9.0,2023,10,15,9.0,24.0,28203,EC PM2.5,0.06,Micrograms per cubic meter (ug/m3),,0.0577777777777777,,218,AirPhoton SS5i Sampler with BGI cyclone inlet and 25mm stretched Teflon filter,FTIR,Ambient local,,/Users/ahmadjalil/github/aethmodular/research/filter_combine/FilterBased_ChemSpecPM25_CHTS.csv,ec9a6c24308cb050a58472350a75689bc865751b1ac784a2f02e7bd56cedae61,"# File Updated: 2025-07-29
# Data version 3.0
# Site: Beijing, China",CHTS-0801,ChemSpec_218,True,True,both competing concentration values already present in earlier CSV; upstream role unresolved,False,c91542c705254dd7e7e7271bc36789388d225dc3,a6fda4ea34e7c6d5f3c058ccd56e23d36c2afe07fee3dd8ee9072a80eeae197f
12678,CHTS,40.004,116.326,,CHTS-0802,2023-10-18,PM2.5,,,,ChemSpec_218,,,ChemSpec_EC_PM2.5,,0.51,0.0600907029478458,,,ChemSpec,ug/m3,ug/m3,,CHTS-0802,2023-10-18,0.51,0.060090702948,10738,CHTS,40.004,116.326,92.0,CHTS-0802,2023,10,18,9.0,2023,10,19,9.0,24.0,28203,EC PM2.5,0.51,Micrograms per cubic meter (ug/m3),,0.0600907029478458,,218,AirPhoton SS5i Sampler with BGI cyclone inlet and 25mm stretched Teflon filter,FTIR,Ambient local,,/Users/ahmadjalil/github/aethmodular/research/filter_combine/FilterBased_ChemSpecPM25_CHTS.csv,ec9a6c24308cb050a58472350a75689bc865751b1ac784a2f02e7bd56cedae61,"# File Updated: 2025-07-29
# Data version 3.0
# Site: Beijing, China",CHTS-0802,ChemSpec_218,True,True,both competing concentration values already present in earlier CSV; upstream role unresolved,False,c91542c705254dd7e7e7271bc36789388d225dc3,a6fda4ea34e7c6d5f3c058ccd56e23d36c2afe07fee3dd8ee9072a80eeae197f
12679,CHTS,40.004,116.326,,CHTS-0802,2023-10-18,PM2.5,,,,ChemSpec_218,,,ChemSpec_EC_PM2.5,,0.06,0.0600907029478458,,,ChemSpec,ug/m3,ug/m3,,CHTS-0802,2023-10-18,0.06,0.060090702948,10739,CHTS,40.004,116.326,92.0,CHTS-0802,2023,10,18,9.0,2023,10,19,9.0,24.0,28203,EC PM2.5,0.06,Micrograms per cubic meter (ug/m3),,0.0600907029478458,,218,AirPhoton SS5i Sampler with BGI cyclone inlet and 25mm stretched Teflon filter,FTIR,Ambient local,,/Users/ahmadjalil/github/aethmodular/research/filter_combine/FilterBased_ChemSpecPM25_CHTS.csv,ec9a6c24308cb050a58472350a75689bc865751b1ac784a2f02e7bd56cedae61,"# File Updated: 2025-07-29
# Data version 3.0
# Site: Beijing, China",CHTS-0802,ChemSpec_218,True,True,both competing concentration values already present in earlier CSV; upstream role unresolved,False,c91542c705254dd7e7e7271bc36789388d225dc3,a6fda4ea34e7c6d5f3c058ccd56e23d36c2afe07fee3dd8ee9072a80eeae197f
12736,CHTS,40.004,116.326,,CHTS-0803,2023-10-21,PM2.5,,,,ChemSpec_218,,,ChemSpec_EC_PM2.5,,0.91,0.0600907029478458,,,ChemSpec,ug/m3,ug/m3,,CHTS-0803,2023-10-21,0.91,0.060090702948,10780,CHTS,40.004,116.326,92.0,CHTS-0803,2023,10,21,9.0,2023,10,22,9.0,24.0,28203,EC PM2.5,0.91,Micrograms per cubic meter (ug/m3),,0.0600907029478458,,218,AirPhoton SS5i Sampler with BGI cyclone inlet and 25mm stretched Teflon filter,FTIR,Ambient local,,/Users/ahmadjalil/github/aethmodular/research/filter_combine/FilterBased_ChemSpecPM25_CHTS.csv,ec9a6c24308cb050a58472350a75689bc865751b1ac784a2f02e7bd56cedae61,"# File Updated: 2025-07-29
# Data version 3.0
# Site: Beijing, China",CHTS-0803,ChemSpec_218,True,True,both competing concentration values already present in earlier CSV; upstream role unresolved,False,c91542c705254dd7e7e7271bc36789388d225dc3,a6fda4ea34e7c6d5f3c058ccd56e23d36c2afe07fee3dd8ee9072a80eeae197f
12737,CHTS,40.004,116.326,,CHTS-0803,2023-10-21,PM2.5,,,,ChemSpec_218,,,ChemSpec_EC_PM2.5,,0.06,0.0600907029478458,,,ChemSpec,ug/m3,ug/m3,,CHTS-0803,2023-10-21,0.06,0.060090702948,10781,CHTS,40.004,116.326,92.0,CHTS-0803,2023,10,21,9.0,2023,10,22,9.0,24.0,28203,EC PM2.5,0.06,Micrograms per cubic meter (ug/m3),,0.0600907029478458,,218,AirPhoton SS5i Sampler with BGI cyclone inlet and 25mm stretched Teflon filter,FTIR,Ambient local,,/Users/ahmadjalil/github/aethmodular/research/filter_combine/FilterBased_ChemSpecPM25_CHTS.csv,ec9a6c24308cb050a58472350a75689bc865751b1ac784a2f02e7bd56cedae61,"# File Updated: 2025-07-29
# Data version 3.0
# Site: Beijing, China",CHTS-0803,ChemSpec_218,True,True,both competing concentration values already present in earlier CSV; upstream role unresolved,False,c91542c705254dd7e7e7271bc36789388d225dc3,a6fda4ea34e7c6d5f3c058ccd56e23d36c2afe07fee3dd8ee9072a80eeae197f
12795,CHTS,40.004,116.326,,CHTS-0805,2023-10-27,PM2.5,,,,ChemSpec_218,,,ChemSpec_EC_PM2.5,,2.27,0.0600907029478458,,,ChemSpec,ug/m3,ug/m3,,CHTS-0805,2023-10-27,2.27,0.060090702948,10821,CHTS,40.004,116.326,92.0,CHTS-0805,2023,10,27,9.0,2023,10,28,9.0,24.0,28203,EC PM2.5,2.27,Micrograms per cubic meter (ug/m3),,0.0600907029478458,,218,AirPhoton SS5i Sampler with BGI cyclone inlet and 25mm stretched Teflon filter,FTIR,Ambient local,,/Users/ahmadjalil/github/aethmodular/research/filter_combine/FilterBased_ChemSpecPM25_CHTS.csv,ec9a6c24308cb050a58472350a75689bc865751b1ac784a2f02e7bd56cedae61,"# File Updated: 2025-07-29
# Data version 3.0
# Site: Beijing, China",CHTS-0805,ChemSpec_218,True,True,both competing concentration values already present in earlier CSV; upstream role unresolved,False,c91542c705254dd7e7e7271bc36789388d225dc3,a6fda4ea34e7c6d5f3c058ccd56e23d36c2afe07fee3dd8ee9072a80eeae197f
12796,CHTS,40.004,116.326,,CHTS-0805,2023-10-27,PM2.5,,,,ChemSpec_218,,,ChemSpec_EC_PM2.5,,0.06,0.0600907029478458,,,ChemSpec,ug/m3,ug/m3,,CHTS-0805,2023-10-27,0.06,0.060090702948,10822,CHTS,40.004,116.326,92.0,CHTS-0805,2023,10,27,9.0,2023,10,28,9.0,24.0,28203,EC PM2.5,0.06,Micrograms per cubic meter (ug/m3),,0.0600907029478458,,218,AirPhoton SS5i Sampler with BGI cyclone inlet and 25mm stretched Teflon filter,FTIR,Ambient local,,/Users/ahmadjalil/github/aethmodular/research/filter_combine/FilterBased_ChemSpecPM25_CHTS.csv,ec9a6c24308cb050a58472350a75689bc865751b1ac784a2f02e7bd56cedae61,"# File Updated: 2025-07-29
# Data version 3.0
# Site: Beijing, China",CHTS-0805,ChemSpec_218,True,True,both competing concentration values already present in earlier CSV; upstream role unresolved,False,c91542c705254dd7e7e7271bc36789388d225dc3,a6fda4ea34e7c6d5f3c058ccd56e23d36c2afe07fee3dd8ee9072a80eeae197f
12853,CHTS,40.004,116.326,,CHTS-0806,2023-10-30,PM2.5,,,,ChemSpec_218,,,ChemSpec_EC_PM2.5,,3.17,0.0600907029478458,,,ChemSpec,ug/m3,ug/m3,,CHTS-0806,2023-10-30,3.17,0.060090702948,10863,CHTS,40.004,116.326,92.0,CHTS-0806,2023,10,30,9.0,2023,10,31,9.0,24.0,28203,EC PM2.5,3.17,Micrograms per cubic meter (ug/m3),,0.0600907029478458,,218,AirPhoton SS5i Sampler with BGI cyclone inlet and 25mm stretched Teflon filter,FTIR,Ambient local,,/Users/ahmadjalil/github/aethmodular/research/filter_combine/FilterBased_ChemSpecPM25_CHTS.csv,ec9a6c24308cb050a58472350a75689bc865751b1ac784a2f02e7bd56cedae61,"# File Updated: 2025-07-29
# Data version 3.0
# Site: Beijing, China",CHTS-0806,ChemSpec_218,True,True,both competing concentration values already present in earlier CSV; upstream role unresolved,False,c91542c705254dd7e7e7271bc36789388d225dc3,a6fda4ea34e7c6d5f3c058ccd56e23d36c2afe07fee3dd8ee9072a80eeae197f
12854,CHTS,40.004,116.326,,CHTS-0806,2023-10-30,PM2.5,,,,ChemSpec_218,,,ChemSpec_EC_PM2.5,,0.06,0.0600907029478458,,,ChemSpec,ug/m3,ug/m3,,CHTS-0806,2023-10-30,0.06,0.060090702948,10864,CHTS,40.004,116.326,92.0,CHTS-0806,2023,10,30,9.0,2023,10,31,9.0,24.0,28203,EC PM2.5,0.06,Micrograms per cubic meter (ug/m3),,0.0600907029478458,,218,AirPhoton SS5i Sampler with BGI cyclone inlet and 25mm stretched Teflon filter,FTIR,Ambient local,,/Users/ahmadjalil/github/aethmodular/research/filter_combine/FilterBased_ChemSpecPM25_CHTS.csv,ec9a6c24308cb050a58472350a75689bc865751b1ac784a2f02e7bd56cedae61,"# File Updated: 2025-07-29
# Data version 3.0
# Site: Beijing, China",CHTS-0806,ChemSpec_218,True,True,both competing concentration values already present in earlier CSV; upstream role unresolved,False,c91542c705254dd7e7e7271bc36789388d225dc3,a6fda4ea34e7c6d5f3c058ccd56e23d36c2afe07fee3dd8ee9072a80eeae197f
12912,CHTS,40.004,116.326,,CHTS-0807,2023-11-02,PM2.5,,,,ChemSpec_218,,,ChemSpec_EC_PM2.5,,0.8,0.0600907029478458,,,ChemSpec,ug/m3,ug/m3,,CHTS-0807,2023-11-02,0.8,0.060090702948,10905,CHTS,40.004,116.326,92.0,CHTS-0807,2023,11,2,9.0,2023,11,3,9.0,24.0,28203,EC PM2.5,0.8,Micrograms per cubic meter (ug/m3),,0.0600907029478458,,218,AirPhoton SS5i Sampler with BGI cyclone inlet and 25mm stretched Teflon filter,FTIR,Ambient local,,/Users/ahmadjalil/github/aethmodular/research/filter_combine/FilterBased_ChemSpecPM25_CHTS.csv,ec9a6c24308cb050a58472350a75689bc865751b1ac784a2f02e7bd56cedae61,"# File Updated: 2025-07-29
# Data version 3.0
# Site: Beijing, China",CHTS-0807,ChemSpec_218,True,True,both competing concentration values already present in earlier CSV; upstream role unresolved,False,c91542c705254dd7e7e7271bc36789388d225dc3,a6fda4ea34e7c6d5f3c058ccd56e23d36c2afe07fee3dd8ee9072a80eeae197f
12913,CHTS,40.004,116.326,,CHTS-0807,2023-11-02,PM2.5,,,,ChemSpec_218,,,ChemSpec_EC_PM2.5,,0.06,0.0600907029478458,,,ChemSpec,ug/m3,ug/m3,,CHTS-0807,2023-11-02,0.06,0.060090702948,10906,CHTS,40.004,116.326,92.0,CHTS-0807,2023,11,2,9.0,2023,11,3,9.0,24.0,28203,EC PM2.5,0.06,Micrograms per cubic meter (ug/m3),,0.0600907029478458,,218,AirPhoton SS5i Sampler with BGI cyclone inlet and 25mm stretched Teflon filter,FTIR,Ambient local,,/Users/ahmadjalil/github/aethmodular/research/filter_combine/FilterBased_ChemSpecPM25_CHTS.csv,ec9a6c24308cb050a58472350a75689bc865751b1ac784a2f02e7bd56cedae61,"# File Updated: 2025-07-29
# Data version 3.0
# Site: Beijing, China",CHTS-0807,ChemSpec_218,True,True,both competing concentration values already present in earlier CSV; upstream role unresolved,False,c91542c705254dd7e7e7271bc36789388d225dc3,a6fda4ea34e7c6d5f3c058ccd56e23d36c2afe07fee3dd8ee9072a80eeae197f
12985,CHTS,40.004,116.326,,CHTS-0809,2023-11-05,PM2.5,,,,ChemSpec_218,,,ChemSpec_EC_PM2.5,,0.48,0.0577777777777777,,,ChemSpec,ug/m3,ug/m3,,CHTS-0809,2023-11-05,0.48,0.057777777778,10946,CHTS,40.004,116.326,92.0,CHTS-0809,2023,11,5,9.0,2023,11,6,9.0,24.0,28203,EC PM2.5,0.48,Micrograms per cubic meter (ug/m3),,0.0577777777777777,,218,AirPhoton SS5i Sampler with BGI cyclone inlet and 25mm stretched Teflon filter,FTIR,Ambient local,,/Users/ahmadjalil/github/aethmodular/research/filter_combine/FilterBased_ChemSpecPM25_CHTS.csv,ec9a6c24308cb050a58472350a75689bc865751b1ac784a2f02e7bd56cedae61,"# File Updated: 2025-07-29
# Data version 3.0
# Site: Beijing, China",CHTS-0809,ChemSpec_218,True,True,both competing concentration values already present in earlier CSV; upstream role unresolved,False,c91542c705254dd7e7e7271bc36789388d225dc3,a6fda4ea34e7c6d5f3c058ccd56e23d36c2afe07fee3dd8ee9072a80eeae197f
12986,CHTS,40.004,116.326,,CHTS-0809,2023-11-05,PM2.5,,,,ChemSpec_218,,,ChemSpec_EC_PM2.5,,0.06,0.0577777777777777,,,ChemSpec,ug/m3,ug/m3,,CHTS-0809,2023-11-05,0.06,0.057777777778,10947,CHTS,40.004,116.326,92.0,CHTS-0809,2023,11,5,9.0,2023,11,6,9.0,24.0,28203,EC PM2.5,0.06,Micrograms per cubic meter (ug/m3),,0.0577777777777777,,218,AirPhoton SS5i Sampler with BGI cyclone inlet and 25mm stretched Teflon filter,FTIR,Ambient local,,/Users/ahmadjalil/github/aethmodular/research/filter_combine/FilterBased_ChemSpecPM25_CHTS.csv,ec9a6c24308cb050a58472350a75689bc865751b1ac784a2f02e7bd56cedae61,"# File Updated: 2025-07-29
# Data version 3.0
# Site: Beijing, China",CHTS-0809,ChemSpec_218,True,True,both competing concentration values already present in earlier CSV; upstream role unresolved,False,c91542c705254dd7e7e7271bc36789388d225dc3,a6fda4ea34e7c6d5f3c058ccd56e23d36c2afe07fee3dd8ee9072a80eeae197f
13043,CHTS,40.004,116.326,,CHTS-0810,2023-11-09,PM2.5,,,,ChemSpec_218,,,ChemSpec_EC_PM2.5,,0.31,0.0626446759259259,,,ChemSpec,ug/m3,ug/m3,,CHTS-0810,2023-11-09,0.31,0.062644675926,10986,CHTS,40.004,116.326,92.0,CHTS-0810,2023,11,9,9.0,2023,11,10,9.0,24.0,28203,EC PM2.5,0.31,Micrograms per cubic meter (ug/m3),,0.0626446759259259,,218,AirPhoton SS5i Sampler with BGI cyclone inlet and 25mm stretched Teflon filter,FTIR,Ambient local,,/Users/ahmadjalil/github/aethmodular/research/filter_combine/FilterBased_ChemSpecPM25_CHTS.csv,ec9a6c24308cb050a58472350a75689bc865751b1ac784a2f02e7bd56cedae61,"# File Updated: 2025-07-29
# Data version 3.0
# Site: Beijing, China",CHTS-0810,ChemSpec_218,True,True,both competing concentration values already present in earlier CSV; upstream role unresolved,False,c91542c705254dd7e7e7271bc36789388d225dc3,a6fda4ea34e7c6d5f3c058ccd56e23d36c2afe07fee3dd8ee9072a80eeae197f
13044,CHTS,40.004,116.326,,CHTS-0810,2023-11-09,PM2.5,,,,ChemSpec_218,,,ChemSpec_EC_PM2.5,,0.06,0.0626446759259259,,,ChemSpec,ug/m3,ug/m3,,CHTS-0810,2023-11-09,0.06,0.062644675926,10987,CHTS,40.004,116.326,92.0,CHTS-0810,2023,11,9,9.0,2023,11,10,9.0,24.0,28203,EC PM2.5,0.06,Micrograms per cubic meter (ug/m3),,0.0626446759259259,,218,AirPhoton SS5i Sampler with BGI cyclone inlet and 25mm stretched Teflon filter,FTIR,Ambient local,,/Users/ahmadjalil/github/aethmodular/research/filter_combine/FilterBased_ChemSpecPM25_CHTS.csv,ec9a6c24308cb050a58472350a75689bc865751b1ac784a2f02e7bd56cedae61,"# File Updated: 2025-07-29
# Data version 3.0
# Site: Beijing, China",CHTS-0810,ChemSpec_218,True,True,both competing concentration values already present in earlier CSV; upstream role unresolved,False,c91542c705254dd7e7e7271bc36789388d225dc3,a6fda4ea34e7c6d5f3c058ccd56e23d36c2afe07fee3dd8ee9072a80eeae197f
13100,CHTS,40.004,116.326,,CHTS-0811,2023-11-12,PM2.5,,,,ChemSpec_218,,,ChemSpec_EC_PM2.5,,0.48,0.0626446759259259,,,ChemSpec,ug/m3,ug/m3,,CHTS-0811,2023-11-12,0.48,0.062644675926,11027,CHTS,40.004,116.326,92.0,CHTS-0811,2023,11,12,9.0,2023,11,13,9.0,24.0,28203,EC PM2.5,0.48,Micrograms per cubic meter (ug/m3),,0.0626446759259259,,218,AirPhoton SS5i Sampler with BGI cyclone inlet and 25mm stretched Teflon filter,FTIR,Ambient local,,/Users/ahmadjalil/github/aethmodular/research/filter_combine/FilterBased_ChemSpecPM25_CHTS.csv,ec9a6c24308cb050a58472350a75689bc865751b1ac784a2f02e7bd56cedae61,"# File Updated: 2025-07-29
# Data version 3.0
# Site: Beijing, China",CHTS-0811,ChemSpec_218,True,True,both competing concentration values already present in earlier CSV; upstream role unresolved,False,c91542c705254dd7e7e7271bc36789388d225dc3,a6fda4ea34e7c6d5f3c058ccd56e23d36c2afe07fee3dd8ee9072a80eeae197f
13101,CHTS,40.004,116.326,,CHTS-0811,2023-11-12,PM2.5,,,,ChemSpec_218,,,ChemSpec_EC_PM2.5,,0.06,0.0626446759259259,,,ChemSpec,ug/m3,ug/m3,,CHTS-0811,2023-11-12,0.06,0.062644675926,11028,CHTS,40.004,116.326,92.0,CHTS-0811,2023,11,12,9.0,2023,11,13,9.0,24.0,28203,EC PM2.5,0.06,Micrograms per cubic meter (ug/m3),,0.0626446759259259,,218,AirPhoton SS5i Sampler with BGI cyclone inlet and 25mm stretched Teflon filter,FTIR,Ambient local,,/Users/ahmadjalil/github/aethmodular/research/filter_combine/FilterBased_ChemSpecPM25_CHTS.csv,ec9a6c24308cb050a58472350a75689bc865751b1ac784a2f02e7bd56cedae61,"# File Updated: 2025-07-29
# Data version 3.0
# Site: Beijing, China",CHTS-0811,ChemSpec_218,True,True,both competing concentration values already present in earlier CSV; upstream role unresolved,False,c91542c705254dd7e7e7271bc36789388d225dc3,a6fda4ea34e7c6d5f3c058ccd56e23d36c2afe07fee3dd8ee9072a80eeae197f
13158,CHTS,40.004,116.326,,CHTS-0812,2023-11-15,PM2.5,,,,ChemSpec_218,,,ChemSpec_EC_PM2.5,,1.11,0.0626446759259259,,,ChemSpec,ug/m3,ug/m3,,CHTS-0812,2023-11-15,1.11,0.062644675926,11068,CHTS,40.004,116.326,92.0,CHTS-0812,2023,11,15,9.0,2023,11,16,9.0,24.0,28203,EC PM2.5,1.11,Micrograms per cubic meter (ug/m3),,0.0626446759259259,,218,AirPhoton SS5i Sampler with BGI cyclone inlet and 25mm stretched Teflon filter,FTIR,Ambient local,,/Users/ahmadjalil/github/aethmodular/research/filter_combine/FilterBased_ChemSpecPM25_CHTS.csv,ec9a6c24308cb050a58472350a75689bc865751b1ac784a2f02e7bd56cedae61,"# File Updated: 2025-07-29
# Data version 3.0
# Site: Beijing, China",CHTS-0812,ChemSpec_218,True,True,both competing concentration values already present in earlier CSV; upstream role unresolved,False,c91542c705254dd7e7e7271bc36789388d225dc3,a6fda4ea34e7c6d5f3c058ccd56e23d36c2afe07fee3dd8ee9072a80eeae197f
13159,CHTS,40.004,116.326,,CHTS-0812,2023-11-15,PM2.5,,,,ChemSpec_218,,,ChemSpec_EC_PM2.5,,0.06,0.0626446759259259,,,ChemSpec,ug/m3,ug/m3,,CHTS-0812,2023-11-15,0.06,0.062644675926,11069,CHTS,40.004,116.326,92.0,CHTS-0812,2023,11,15,9.0,2023,11,16,9.0,24.0,28203,EC PM2.5,0.06,Micrograms per cubic meter (ug/m3),,0.0626446759259259,,218,AirPhoton SS5i Sampler with BGI cyclone inlet and 25mm stretched Teflon filter,FTIR,Ambient local,,/Users/ahmadjalil/github/aethmodular/research/filter_combine/FilterBased_ChemSpecPM25_CHTS.csv,ec9a6c24308cb050a58472350a75689bc865751b1ac784a2f02e7bd56cedae61,"# File Updated: 2025-07-29
# Data version 3.0
# Site: Beijing, China",CHTS-0812,ChemSpec_218,True,True,both competing concentration values already present in earlier CSV; upstream role unresolved,False,c91542c705254dd7e7e7271bc36789388d225dc3,a6fda4ea34e7c6d5f3c058ccd56e23d36c2afe07fee3dd8ee9072a80eeae197f
13216,CHTS,40.004,116.326,,CHTS-0813,2023-11-18,PM2.5,,,,ChemSpec_218,,,ChemSpec_EC_PM2.5,,1.6,0.061282932416953,,,ChemSpec,ug/m3,ug/m3,,CHTS-0813,2023-11-18,1.6,0.061282932417,11109,CHTS,40.004,116.326,92.0,CHTS-0813,2023,11,18,9.0,2023,11,19,9.0,24.0,28203,EC PM2.5,1.6,Micrograms per cubic meter (ug/m3),,0.061282932416953,,218,AirPhoton SS5i Sampler with BGI cyclone inlet and 25mm stretched Teflon filter,FTIR,Ambient local,,/Users/ahmadjalil/github/aethmodular/research/filter_combine/FilterBased_ChemSpecPM25_CHTS.csv,ec9a6c24308cb050a58472350a75689bc865751b1ac784a2f02e7bd56cedae61,"# File Updated: 2025-07-29
# Data version 3.0
# Site: Beijing, China",CHTS-0813,ChemSpec_218,True,True,both competing concentration values already present in earlier CSV; upstream role unresolved,False,c91542c705254dd7e7e7271bc36789388d225dc3,a6fda4ea34e7c6d5f3c058ccd56e23d36c2afe07fee3dd8ee9072a80eeae197f
13217,CHTS,40.004,116.326,,CHTS-0813,2023-11-18,PM2.5,,,,ChemSpec_218,,,ChemSpec_EC_PM2.5,,0.06,0.061282932416953,,,ChemSpec,ug/m3,ug/m3,,CHTS-0813,2023-11-18,0.06,0.061282932417,11110,CHTS,40.004,116.326,92.0,CHTS-0813,2023,11,18,9.0,2023,11,19,9.0,24.0,28203,EC PM2.5,0.06,Micrograms per cubic meter (ug/m3),,0.061282932416953,,218,AirPhoton SS5i Sampler with BGI cyclone inlet and 25mm stretched Teflon filter,FTIR,Ambient local,,/Users/ahmadjalil/github/aethmodular/research/filter_combine/FilterBased_ChemSpecPM25_CHTS.csv,ec9a6c24308cb050a58472350a75689bc865751b1ac784a2f02e7bd56cedae61,"# File Updated: 2025-07-29
# Data version 3.0
# Site: Beijing, China",CHTS-0813,ChemSpec_218,True,True,both competing concentration values already present in earlier CSV; upstream role unresolved,False,c91542c705254dd7e7e7271bc36789388d225dc3,a6fda4ea34e7c6d5f3c058ccd56e23d36c2afe07fee3dd8ee9072a80eeae197f
13274,CHTS,40.004,116.326,,CHTS-0815,2023-11-24,PM2.5,,,,ChemSpec_218,,,ChemSpec_EC_PM2.5,,1.11,0.061282932416953,,,ChemSpec,ug/m3,ug/m3,,CHTS-0815,2023-11-24,1.11,0.061282932417,11150,CHTS,40.004,116.326,92.0,CHTS-0815,2023,11,24,9.0,2023,11,25,9.0,24.0,28203,EC PM2.5,1.11,Micrograms per cubic meter (ug/m3),,0.061282932416953,,218,AirPhoton SS5i Sampler with BGI cyclone inlet and 25mm stretched Teflon filter,FTIR,Ambient local,,/Users/ahmadjalil/github/aethmodular/research/filter_combine/FilterBased_ChemSpecPM25_CHTS.csv,ec9a6c24308cb050a58472350a75689bc865751b1ac784a2f02e7bd56cedae61,"# File Updated: 2025-07-29
# Data version 3.0
# Site: Beijing, China",CHTS-0815,ChemSpec_218,True,True,both competing concentration values already present in earlier CSV; upstream role unresolved,False,c91542c705254dd7e7e7271bc36789388d225dc3,a6fda4ea34e7c6d5f3c058ccd56e23d36c2afe07fee3dd8ee9072a80eeae197f
13275,CHTS,40.004,116.326,,CHTS-0815,2023-11-24,PM2.5,,,,ChemSpec_218,,,ChemSpec_EC_PM2.5,,0.06,0.061282932416953,,,ChemSpec,ug/m3,ug/m3,,CHTS-0815,2023-11-24,0.06,0.061282932417,11151,CHTS,40.004,116.326,92.0,CHTS-0815,2023,11,24,9.0,2023,11,25,9.0,24.0,28203,EC PM2.5,0.06,Micrograms per cubic meter (ug/m3),,0.061282932416953,,218,AirPhoton SS5i Sampler with BGI cyclone inlet and 25mm stretched Teflon filter,FTIR,Ambient local,,/Users/ahmadjalil/github/aethmodular/research/filter_combine/FilterBased_ChemSpecPM25_CHTS.csv,ec9a6c24308cb050a58472350a75689bc865751b1ac784a2f02e7bd56cedae61,"# File Updated: 2025-07-29
# Data version 3.0
# Site: Beijing, China",CHTS-0815,ChemSpec_218,True,True,both competing concentration values already present in earlier CSV; upstream role unresolved,False,c91542c705254dd7e7e7271bc36789388d225dc3,a6fda4ea34e7c6d5f3c058ccd56e23d36c2afe07fee3dd8ee9072a80eeae197f
13346,CHTS,40.004,116.326,,CHTS-0817,2023-11-27,PM2.5,,,,ChemSpec_218,,,ChemSpec_EC_PM2.5,,0.46,0.0577777777777777,,,ChemSpec,ug/m3,ug/m3,,CHTS-0817,2023-11-27,0.46,0.057777777778,11191,CHTS,40.004,116.326,92.0,CHTS-0817,2023,11,27,9.0,2023,11,28,9.0,24.0,28203,EC PM2.5,0.46,Micrograms per cubic meter (ug/m3),,0.0577777777777777,,218,AirPhoton SS5i Sampler with BGI cyclone inlet and 25mm stretched Teflon filter,FTIR,Ambient local,,/Users/ahmadjalil/github/aethmodular/research/filter_combine/FilterBased_ChemSpecPM25_CHTS.csv,ec9a6c24308cb050a58472350a75689bc865751b1ac784a2f02e7bd56cedae61,"# File Updated: 2025-07-29
# Data version 3.0
# Site: Beijing, China",CHTS-0817,ChemSpec_218,True,True,both competing concentration values already present in earlier CSV; upstream role unresolved,False,c91542c705254dd7e7e7271bc36789388d225dc3,a6fda4ea34e7c6d5f3c058ccd56e23d36c2afe07fee3dd8ee9072a80eeae197f
13347,CHTS,40.004,116.326,,CHTS-0817,2023-11-27,PM2.5,,,,ChemSpec_218,,,ChemSpec_EC_PM2.5,,0.06,0.0577777777777777,,,ChemSpec,ug/m3,ug/m3,,CHTS-0817,2023-11-27,0.06,0.057777777778,11192,CHTS,40.004,116.326,92.0,CHTS-0817,2023,11,27,9.0,2023,11,28,9.0,24.0,28203,EC PM2.5,0.06,Micrograms per cubic meter (ug/m3),,0.0577777777777777,,218,AirPhoton SS5i Sampler with BGI cyclone inlet and 25mm stretched Teflon filter,FTIR,Ambient local,,/Users/ahmadjalil/github/aethmodular/research/filter_combine/FilterBased_ChemSpecPM25_CHTS.csv,ec9a6c24308cb050a58472350a75689bc865751b1ac784a2f02e7bd56cedae61,"# File Updated: 2025-07-29
# Data version 3.0
# Site: Beijing, China",CHTS-0817,ChemSpec_218,True,True,both competing concentration values already present in earlier CSV; upstream role unresolved,False,c91542c705254dd7e7e7271bc36789388d225dc3,a6fda4ea34e7c6d5f3c058ccd56e23d36c2afe07fee3dd8ee9072a80eeae197f
13520,CHTS,40.004,116.326,,CHTS-0825,2024-01-03,PM2.5,,,,ChemSpec_218,,,ChemSpec_EC_PM2.5,,1.39,0.0577777777777777,,,ChemSpec,ug/m3,ug/m3,,CHTS-0825,2024-01-03,1.39,0.057777777778,11231,CHTS,40.004,116.326,92.0,CHTS-0825,2024,1,3,9.0,2024,1,4,9.0,24.0,28203,EC PM2.5,1.39,Micrograms per cubic meter (ug/m3),,0.0577777777777777,,218,AirPhoton SS5i Sampler with BGI cyclone inlet and 25mm stretched Teflon filter,FTIR,Ambient local,,/Users/ahmadjalil/github/aethmodular/research/filter_combine/FilterBased_ChemSpecPM25_CHTS.csv,ec9a6c24308cb050a58472350a75689bc865751b1ac784a2f02e7bd56cedae61,"# File Updated: 2025-07-29
# Data version 3.0
# Site: Beijing, China",CHTS-0825,ChemSpec_218,True,True,both competing concentration values already present in earlier CSV; upstream role unresolved,False,c91542c705254dd7e7e7271bc36789388d225dc3,a6fda4ea34e7c6d5f3c058ccd56e23d36c2afe07fee3dd8ee9072a80eeae197f
13521,CHTS,40.004,116.326,,CHTS-0825,2024-01-03,PM2.5,,,,ChemSpec_218,,,ChemSpec_EC_PM2.5,,0.06,0.0577777777777777,,,ChemSpec,ug/m3,ug/m3,,CHTS-0825,2024-01-03,0.06,0.057777777778,11232,CHTS,40.004,116.326,92.0,CHTS-0825,2024,1,3,9.0,2024,1,4,9.0,24.0,28203,EC PM2.5,0.06,Micrograms per cubic meter (ug/m3),,0.0577777777777777,,218,AirPhoton SS5i Sampler with BGI cyclone inlet and 25mm stretched Teflon filter,FTIR,Ambient local,,/Users/ahmadjalil/github/aethmodular/research/filter_combine/FilterBased_ChemSpecPM25_CHTS.csv,ec9a6c24308cb050a58472350a75689bc865751b1ac784a2f02e7bd56cedae61,"# File Updated: 2025-07-29
# Data version 3.0
# Site: Beijing, China",CHTS-0825,ChemSpec_218,True,True,both competing concentration values already present in earlier CSV; upstream role unresolved,False,c91542c705254dd7e7e7271bc36789388d225dc3,a6fda4ea34e7c6d5f3c058ccd56e23d36c2afe07fee3dd8ee9072a80eeae197f
13580,CHTS,40.004,116.326,,CHTS-0826,2024-02-24,PM2.5,,,,ChemSpec_218,,,ChemSpec_EC_PM2.5,,1.22,0.061282932416953,,,ChemSpec,ug/m3,ug/m3,,CHTS-0826,2024-02-24,1.22,0.061282932417,11922,CHTS,40.004,116.326,92.0,CHTS-0826,2024,2,24,9.0,2024,2,25,9.0,24.0,28203,EC PM2.5,1.22,Micrograms per cubic meter (ug/m3),,0.061282932416953,,218,AirPhoton SS5i Sampler with BGI cyclone inlet and 25mm stretched Teflon filter,FTIR,Ambient local,,/Users/ahmadjalil/github/aethmodular/research/filter_combine/FilterBased_ChemSpecPM25_CHTS.csv,ec9a6c24308cb050a58472350a75689bc865751b1ac784a2f02e7bd56cedae61,"# File Updated: 2025-07-29
# Data version 3.0
# Site: Beijing, China",CHTS-0826,ChemSpec_218,True,True,both competing concentration values already present in earlier CSV; upstream role unresolved,False,c91542c705254dd7e7e7271bc36789388d225dc3,a6fda4ea34e7c6d5f3c058ccd56e23d36c2afe07fee3dd8ee9072a80eeae197f
13581,CHTS,40.004,116.326,,CHTS-0826,2024-02-24,PM2.5,,,,ChemSpec_218,,,ChemSpec_EC_PM2.5,,0.06,0.061282932416953,,,ChemSpec,ug/m3,ug/m3,,CHTS-0826,2024-02-24,0.06,0.061282932417,11923,CHTS,40.004,116.326,92.0,CHTS-0826,2024,2,24,9.0,2024,2,25,9.0,24.0,28203,EC PM2.5,0.06,Micrograms per cubic meter (ug/m3),,0.061282932416953,,218,AirPhoton SS5i Sampler with BGI cyclone inlet and 25mm stretched Teflon filter,FTIR,Ambient local,,/Users/ahmadjalil/github/aethmodular/research/filter_combine/FilterBased_ChemSpecPM25_CHTS.csv,ec9a6c24308cb050a58472350a75689bc865751b1ac784a2f02e7bd56cedae61,"# File Updated: 2025-07-29
# Data version 3.0
# Site: Beijing, China",CHTS-0826,ChemSpec_218,True,True,both competing concentration values already present in earlier CSV; upstream role unresolved,False,c91542c705254dd7e7e7271bc36789388d225dc3,a6fda4ea34e7c6d5f3c058ccd56e23d36c2afe07fee3dd8ee9072a80eeae197f
13644,CHTS,40.004,116.326,,CHTS-0827,2024-02-27,PM2.5,,,,ChemSpec_218,,,ChemSpec_EC_PM2.5,,2.26,0.061282932416953,,,ChemSpec,ug/m3,ug/m3,,CHTS-0827,2024-02-27,2.26,0.061282932417,11970,CHTS,40.004,116.326,92.0,CHTS-0827,2024,2,27,9.0,2024,2,28,9.0,24.0,28203,EC PM2.5,2.26,Micrograms per cubic meter (ug/m3),,0.061282932416953,,218,AirPhoton SS5i Sampler with BGI cyclone inlet and 25mm stretched Teflon filter,FTIR,Ambient local,,/Users/ahmadjalil/github/aethmodular/research/filter_combine/FilterBased_ChemSpecPM25_CHTS.csv,ec9a6c24308cb050a58472350a75689bc865751b1ac784a2f02e7bd56cedae61,"# File Updated: 2025-07-29
# Data version 3.0
# Site: Beijing, China",CHTS-0827,ChemSpec_218,True,True,both competing concentration values already present in earlier CSV; upstream role unresolved,False,c91542c705254dd7e7e7271bc36789388d225dc3,a6fda4ea34e7c6d5f3c058ccd56e23d36c2afe07fee3dd8ee9072a80eeae197f
13645,CHTS,40.004,116.326,,CHTS-0827,2024-02-27,PM2.5,,,,ChemSpec_218,,,ChemSpec_EC_PM2.5,,0.06,0.061282932416953,,,ChemSpec,ug/m3,ug/m3,,CHTS-0827,2024-02-27,0.06,0.061282932417,11971,CHTS,40.004,116.326,92.0,CHTS-0827,2024,2,27,9.0,2024,2,28,9.0,24.0,28203,EC PM2.5,0.06,Micrograms per cubic meter (ug/m3),,0.061282932416953,,218,AirPhoton SS5i Sampler with BGI cyclone inlet and 25mm stretched Teflon filter,FTIR,Ambient local,,/Users/ahmadjalil/github/aethmodular/research/filter_combine/FilterBased_ChemSpecPM25_CHTS.csv,ec9a6c24308cb050a58472350a75689bc865751b1ac784a2f02e7bd56cedae61,"# File Updated: 2025-07-29
# Data version 3.0
# Site: Beijing, China",CHTS-0827,ChemSpec_218,True,True,both competing concentration values already present in earlier CSV; upstream role unresolved,False,c91542c705254dd7e7e7271bc36789388d225dc3,a6fda4ea34e7c6d5f3c058ccd56e23d36c2afe07fee3dd8ee9072a80eeae197f
13709,CHTS,40.004,116.326,,CHTS-0828,2024-03-01,PM2.5,,,,ChemSpec_218,,,ChemSpec_EC_PM2.5,,1.03,0.0600907029478458,,,ChemSpec,ug/m3,ug/m3,,CHTS-0828,2024-03-01,1.03,0.060090702948,12019,CHTS,40.004,116.326,92.0,CHTS-0828,2024,3,1,9.0,2024,3,2,9.0,24.0,28203,EC PM2.5,1.03,Micrograms per cubic meter (ug/m3),,0.0600907029478458,,218,AirPhoton SS5i Sampler with BGI cyclone inlet and 25mm stretched Teflon filter,FTIR,Ambient local,,/Users/ahmadjalil/github/aethmodular/research/filter_combine/FilterBased_ChemSpecPM25_CHTS.csv,ec9a6c24308cb050a58472350a75689bc865751b1ac784a2f02e7bd56cedae61,"# File Updated: 2025-07-29
# Data version 3.0
# Site: Beijing, China",CHTS-0828,ChemSpec_218,True,True,both competing concentration values already present in earlier CSV; upstream role unresolved,False,c91542c705254dd7e7e7271bc36789388d225dc3,a6fda4ea34e7c6d5f3c058ccd56e23d36c2afe07fee3dd8ee9072a80eeae197f
13710,CHTS,40.004,116.326,,CHTS-0828,2024-03-01,PM2.5,,,,ChemSpec_218,,,ChemSpec_EC_PM2.5,,0.06,0.0600907029478458,,,ChemSpec,ug/m3,ug/m3,,CHTS-0828,2024-03-01,0.06,0.060090702948,12020,CHTS,40.004,116.326,92.0,CHTS-0828,2024,3,1,9.0,2024,3,2,9.0,24.0,28203,EC PM2.5,0.06,Micrograms per cubic meter (ug/m3),,0.0600907029478458,,218,AirPhoton SS5i Sampler with BGI cyclone inlet and 25mm stretched Teflon filter,FTIR,Ambient local,,/Users/ahmadjalil/github/aethmodular/research/filter_combine/FilterBased_ChemSpecPM25_CHTS.csv,ec9a6c24308cb050a58472350a75689bc865751b1ac784a2f02e7bd56cedae61,"# File Updated: 2025-07-29
# Data version 3.0
# Site: Beijing, China",CHTS-0828,ChemSpec_218,True,True,both competing concentration values already present in earlier CSV; upstream role unresolved,False,c91542c705254dd7e7e7271bc36789388d225dc3,a6fda4ea34e7c6d5f3c058ccd56e23d36c2afe07fee3dd8ee9072a80eeae197f
13775,CHTS,40.004,116.326,,CHTS-0829,2024-03-04,PM2.5,,,,ChemSpec_218,,,ChemSpec_EC_PM2.5,,1.38,0.061282932416953,,,ChemSpec,ug/m3,ug/m3,,CHTS-0829,2024-03-04,1.38,0.061282932417,12067,CHTS,40.004,116.326,92.0,CHTS-0829,2024,3,4,9.0,2024,3,5,9.0,24.0,28203,EC PM2.5,1.38,Micrograms per cubic meter (ug/m3),,0.061282932416953,,218,AirPhoton SS5i Sampler with BGI cyclone inlet and 25mm stretched Teflon filter,FTIR,Ambient local,,/Users/ahmadjalil/github/aethmodular/research/filter_combine/FilterBased_ChemSpecPM25_CHTS.csv,ec9a6c24308cb050a58472350a75689bc865751b1ac784a2f02e7bd56cedae61,"# File Updated: 2025-07-29
# Data version 3.0
# Site: Beijing, China",CHTS-0829,ChemSpec_218,True,True,both competing concentration values already present in earlier CSV; upstream role unresolved,False,c91542c705254dd7e7e7271bc36789388d225dc3,a6fda4ea34e7c6d5f3c058ccd56e23d36c2afe07fee3dd8ee9072a80eeae197f
13776,CHTS,40.004,116.326,,CHTS-0829,2024-03-04,PM2.5,,,,ChemSpec_218,,,ChemSpec_EC_PM2.5,,0.06,0.061282932416953,,,ChemSpec,ug/m3,ug/m3,,CHTS-0829,2024-03-04,0.06,0.061282932417,12068,CHTS,40.004,116.326,92.0,CHTS-0829,2024,3,4,9.0,2024,3,5,9.0,24.0,28203,EC PM2.5,0.06,Micrograms per cubic meter (ug/m3),,0.061282932416953,,218,AirPhoton SS5i Sampler with BGI cyclone inlet and 25mm stretched Teflon filter,FTIR,Ambient local,,/Users/ahmadjalil/github/aethmodular/research/filter_combine/FilterBased_ChemSpecPM25_CHTS.csv,ec9a6c24308cb050a58472350a75689bc865751b1ac784a2f02e7bd56cedae61,"# File Updated: 2025-07-29
# Data version 3.0
# Site: Beijing, China",CHTS-0829,ChemSpec_218,True,True,both competing concentration values already present in earlier CSV; upstream role unresolved,False,c91542c705254dd7e7e7271bc36789388d225dc3,a6fda4ea34e7c6d5f3c058ccd56e23d36c2afe07fee3dd8ee9072a80eeae197f
13842,CHTS,40.004,116.326,,CHTS-0830,2024-03-07,PM2.5,,,,ChemSpec_218,,,ChemSpec_EC_PM2.5,,0.52,0.061282932416953,,,ChemSpec,ug/m3,ug/m3,,CHTS-0830,2024-03-07,0.52,0.061282932417,12116,CHTS,40.004,116.326,92.0,CHTS-0830,2024,3,7,9.0,2024,3,8,9.0,24.0,28203,EC PM2.5,0.52,Micrograms per cubic meter (ug/m3),,0.061282932416953,,218,AirPhoton SS5i Sampler with BGI cyclone inlet and 25mm stretched Teflon filter,FTIR,Ambient local,,/Users/ahmadjalil/github/aethmodular/research/filter_combine/FilterBased_ChemSpecPM25_CHTS.csv,ec9a6c24308cb050a58472350a75689bc865751b1ac784a2f02e7bd56cedae61,"# File Updated: 2025-07-29
# Data version 3.0
# Site: Beijing, China",CHTS-0830,ChemSpec_218,True,True,both competing concentration values already present in earlier CSV; upstream role unresolved,False,c91542c705254dd7e7e7271bc36789388d225dc3,a6fda4ea34e7c6d5f3c058ccd56e23d36c2afe07fee3dd8ee9072a80eeae197f
13843,CHTS,40.004,116.326,,CHTS-0830,2024-03-07,PM2.5,,,,ChemSpec_218,,,ChemSpec_EC_PM2.5,,0.06,0.061282932416953,,,ChemSpec,ug/m3,ug/m3,,CHTS-0830,2024-03-07,0.06,0.061282932417,12117,CHTS,40.004,116.326,92.0,CHTS-0830,2024,3,7,9.0,2024,3,8,9.0,24.0,28203,EC PM2.5,0.06,Micrograms per cubic meter (ug/m3),,0.061282932416953,,218,AirPhoton SS5i Sampler with BGI cyclone inlet and 25mm stretched Teflon filter,FTIR,Ambient local,,/Users/ahmadjalil/github/aethmodular/research/filter_combine/FilterBased_ChemSpecPM25_CHTS.csv,ec9a6c24308cb050a58472350a75689bc865751b1ac784a2f02e7bd56cedae61,"# File Updated: 2025-07-29
# Data version 3.0
# Site: Beijing, China",CHTS-0830,ChemSpec_218,True,True,both competing concentration values already present in earlier CSV; upstream role unresolved,False,c91542c705254dd7e7e7271bc36789388d225dc3,a6fda4ea34e7c6d5f3c058ccd56e23d36c2afe07fee3dd8ee9072a80eeae197f
13906,CHTS,40.004,116.326,,CHTS-0831,2024-03-10,PM2.5,,,,ChemSpec_218,,,ChemSpec_EC_PM2.5,,4.06,0.0600907029478458,,,ChemSpec,ug/m3,ug/m3,,CHTS-0831,2024-03-10,4.06,0.060090702948,12163,CHTS,40.004,116.326,92.0,CHTS-0831,2024,3,10,9.0,2024,3,11,9.0,24.0,28203,EC PM2.5,4.06,Micrograms per cubic meter (ug/m3),,0.0600907029478458,,218,AirPhoton SS5i Sampler with BGI cyclone inlet and 25mm stretched Teflon filter,FTIR,Ambient local,,/Users/ahmadjalil/github/aethmodular/research/filter_combine/FilterBased_ChemSpecPM25_CHTS.csv,ec9a6c24308cb050a58472350a75689bc865751b1ac784a2f02e7bd56cedae61,"# File Updated: 2025-07-29
# Data version 3.0
# Site: Beijing, China",CHTS-0831,ChemSpec_218,True,True,both competing concentration values already present in earlier CSV; upstream role unresolved,False,c91542c705254dd7e7e7271bc36789388d225dc3,a6fda4ea34e7c6d5f3c058ccd56e23d36c2afe07fee3dd8ee9072a80eeae197f
13907,CHTS,40.004,116.326,,CHTS-0831,2024-03-10,PM2.5,,,,ChemSpec_218,,,ChemSpec_EC_PM2.5,,0.06,0.0600907029478458,,,ChemSpec,ug/m3,ug/m3,,CHTS-0831,2024-03-10,0.06,0.060090702948,12164,CHTS,40.004,116.326,92.0,CHTS-0831,2024,3,10,9.0,2024,3,11,9.0,24.0,28203,EC PM2.5,0.06,Micrograms per cubic meter (ug/m3),,0.0600907029478458,,218,AirPhoton SS5i Sampler with BGI cyclone inlet and 25mm stretched Teflon filter,FTIR,Ambient local,,/Users/ahmadjalil/github/aethmodular/research/filter_combine/FilterBased_ChemSpecPM25_CHTS.csv,ec9a6c24308cb050a58472350a75689bc865751b1ac784a2f02e7bd56cedae61,"# File Updated: 2025-07-29
# Data version 3.0
# Site: Beijing, China",CHTS-0831,ChemSpec_218,True,True,both competing concentration values already present in earlier CSV; upstream role unresolved,False,c91542c705254dd7e7e7271bc36789388d225dc3,a6fda4ea34e7c6d5f3c058ccd56e23d36c2afe07fee3dd8ee9072a80eeae197f
13983,CHTS,40.004,116.326,,CHTS-0833,2024-03-13,PM2.5,,,,ChemSpec_218,,,ChemSpec_EC_PM2.5,,0.94,0.0600907029478458,,,ChemSpec,ug/m3,ug/m3,,CHTS-0833,2024-03-13,0.94,0.060090702948,12210,CHTS,40.004,116.326,92.0,CHTS-0833,2024,3,13,9.0,2024,3,14,9.0,24.0,28203,EC PM2.5,0.94,Micrograms per cubic meter (ug/m3),,0.0600907029478458,,218,AirPhoton SS5i Sampler with BGI cyclone inlet and 25mm stretched Teflon filter,FTIR,Ambient local,,/Users/ahmadjalil/github/aethmodular/research/filter_combine/FilterBased_ChemSpecPM25_CHTS.csv,ec9a6c24308cb050a58472350a75689bc865751b1ac784a2f02e7bd56cedae61,"# File Updated: 2025-07-29
# Data version 3.0
# Site: Beijing, China",CHTS-0833,ChemSpec_218,True,True,both competing concentration values already present in earlier CSV; upstream role unresolved,False,c91542c705254dd7e7e7271bc36789388d225dc3,a6fda4ea34e7c6d5f3c058ccd56e23d36c2afe07fee3dd8ee9072a80eeae197f
13984,CHTS,40.004,116.326,,CHTS-0833,2024-03-13,PM2.5,,,,ChemSpec_218,,,ChemSpec_EC_PM2.5,,0.06,0.0600907029478458,,,ChemSpec,ug/m3,ug/m3,,CHTS-0833,2024-03-13,0.06,0.060090702948,12211,CHTS,40.004,116.326,92.0,CHTS-0833,2024,3,13,9.0,2024,3,14,9.0,24.0,28203,EC PM2.5,0.06,Micrograms per cubic meter (ug/m3),,0.0600907029478458,,218,AirPhoton SS5i Sampler with BGI cyclone inlet and 25mm stretched Teflon filter,FTIR,Ambient local,,/Users/ahmadjalil/github/aethmodular/research/filter_combine/FilterBased_ChemSpecPM25_CHTS.csv,ec9a6c24308cb050a58472350a75689bc865751b1ac784a2f02e7bd56cedae61,"# File Updated: 2025-07-29
# Data version 3.0
# Site: Beijing, China",CHTS-0833,ChemSpec_218,True,True,both competing concentration values already present in earlier CSV; upstream role unresolved,False,c91542c705254dd7e7e7271bc36789388d225dc3,a6fda4ea34e7c6d5f3c058ccd56e23d36c2afe07fee3dd8ee9072a80eeae197f
14047,CHTS,40.004,116.326,,CHTS-0834,2024-01-09,PM2.5,,,,ChemSpec_218,,,ChemSpec_EC_PM2.5,,0.76,0.0600907029478458,,,ChemSpec,ug/m3,ug/m3,,CHTS-0834,2024-01-09,0.76,0.060090702948,11272,CHTS,40.004,116.326,92.0,CHTS-0834,2024,1,9,9.0,2024,1,10,9.0,24.0,28203,EC PM2.5,0.76,Micrograms per cubic meter (ug/m3),,0.0600907029478458,,218,AirPhoton SS5i Sampler with BGI cyclone inlet and 25mm stretched Teflon filter,FTIR,Ambient local,,/Users/ahmadjalil/github/aethmodular/research/filter_combine/FilterBased_ChemSpecPM25_CHTS.csv,ec9a6c24308cb050a58472350a75689bc865751b1ac784a2f02e7bd56cedae61,"# File Updated: 2025-07-29
# Data version 3.0
# Site: Beijing, China",CHTS-0834,ChemSpec_218,True,True,both competing concentration values already present in earlier CSV; upstream role unresolved,False,c91542c705254dd7e7e7271bc36789388d225dc3,a6fda4ea34e7c6d5f3c058ccd56e23d36c2afe07fee3dd8ee9072a80eeae197f
14048,CHTS,40.004,116.326,,CHTS-0834,2024-01-09,PM2.5,,,,ChemSpec_218,,,ChemSpec_EC_PM2.5,,0.06,0.0600907029478458,,,ChemSpec,ug/m3,ug/m3,,CHTS-0834,2024-01-09,0.06,0.060090702948,11273,CHTS,40.004,116.326,92.0,CHTS-0834,2024,1,9,9.0,2024,1,10,9.0,24.0,28203,EC PM2.5,0.06,Micrograms per cubic meter (ug/m3),,0.0600907029478458,,218,AirPhoton SS5i Sampler with BGI cyclone inlet and 25mm stretched Teflon filter,FTIR,Ambient local,,/Users/ahmadjalil/github/aethmodular/research/filter_combine/FilterBased_ChemSpecPM25_CHTS.csv,ec9a6c24308cb050a58472350a75689bc865751b1ac784a2f02e7bd56cedae61,"# File Updated: 2025-07-29
# Data version 3.0
# Site: Beijing, China",CHTS-0834,ChemSpec_218,True,True,both competing concentration values already present in earlier CSV; upstream role unresolved,False,c91542c705254dd7e7e7271bc36789388d225dc3,a6fda4ea34e7c6d5f3c058ccd56e23d36c2afe07fee3dd8ee9072a80eeae197f
14111,CHTS,40.004,116.326,,CHTS-0835,2024-01-12,PM2.5,,,,ChemSpec_218,,,ChemSpec_EC_PM2.5,,4.12,0.0600907029478458,,,ChemSpec,ug/m3,ug/m3,,CHTS-0835,2024-01-12,4.12,0.060090702948,11319,CHTS,40.004,116.326,92.0,CHTS-0835,2024,1,12,9.0,2024,1,13,9.0,24.0,28203,EC PM2.5,4.12,Micrograms per cubic meter (ug/m3),,0.0600907029478458,,218,AirPhoton SS5i Sampler with BGI cyclone inlet and 25mm stretched Teflon filter,FTIR,Ambient local,,/Users/ahmadjalil/github/aethmodular/research/filter_combine/FilterBased_ChemSpecPM25_CHTS.csv,ec9a6c24308cb050a58472350a75689bc865751b1ac784a2f02e7bd56cedae61,"# File Updated: 2025-07-29
# Data version 3.0
# Site: Beijing, China",CHTS-0835,ChemSpec_218,True,True,both competing concentration values already present in earlier CSV; upstream role unresolved,False,c91542c705254dd7e7e7271bc36789388d225dc3,a6fda4ea34e7c6d5f3c058ccd56e23d36c2afe07fee3dd8ee9072a80eeae197f
14112,CHTS,40.004,116.326,,CHTS-0835,2024-01-12,PM2.5,,,,ChemSpec_218,,,ChemSpec_EC_PM2.5,,0.06,0.0600907029478458,,,ChemSpec,ug/m3,ug/m3,,CHTS-0835,2024-01-12,0.06,0.060090702948,11320,CHTS,40.004,116.326,92.0,CHTS-0835,2024,1,12,9.0,2024,1,13,9.0,24.0,28203,EC PM2.5,0.06,Micrograms per cubic meter (ug/m3),,0.0600907029478458,,218,AirPhoton SS5i Sampler with BGI cyclone inlet and 25mm stretched Teflon filter,FTIR,Ambient local,,/Users/ahmadjalil/github/aethmodular/research/filter_combine/FilterBased_ChemSpecPM25_CHTS.csv,ec9a6c24308cb050a58472350a75689bc865751b1ac784a2f02e7bd56cedae61,"# File Updated: 2025-07-29
# Data version 3.0
# Site: Beijing, China",CHTS-0835,ChemSpec_218,True,True,both competing concentration values already present in earlier CSV; upstream role unresolved,False,c91542c705254dd7e7e7271bc36789388d225dc3,a6fda4ea34e7c6d5f3c058ccd56e23d36c2afe07fee3dd8ee9072a80eeae197f
14173,CHTS,40.004,116.326,,CHTS-0836,2024-01-15,PM2.5,,,,ChemSpec_218,,,ChemSpec_EC_PM2.5,,1.38,0.0589225589225589,,,ChemSpec,ug/m3,ug/m3,,CHTS-0836,2024-01-15,1.38,0.058922558923,11364,CHTS,40.004,116.326,92.0,CHTS-0836,2024,1,15,9.0,2024,1,16,9.0,24.0,28203,EC PM2.5,1.38,Micrograms per cubic meter (ug/m3),,0.0589225589225589,,218,AirPhoton SS5i Sampler with BGI cyclone inlet and 25mm stretched Teflon filter,FTIR,Ambient local,,/Users/ahmadjalil/github/aethmodular/research/filter_combine/FilterBased_ChemSpecPM25_CHTS.csv,ec9a6c24308cb050a58472350a75689bc865751b1ac784a2f02e7bd56cedae61,"# File Updated: 2025-07-29
# Data version 3.0
# Site: Beijing, China",CHTS-0836,ChemSpec_218,True,True,both competing concentration values already present in earlier CSV; upstream role unresolved,False,c91542c705254dd7e7e7271bc36789388d225dc3,a6fda4ea34e7c6d5f3c058ccd56e23d36c2afe07fee3dd8ee9072a80eeae197f
14174,CHTS,40.004,116.326,,CHTS-0836,2024-01-15,PM2.5,,,,ChemSpec_218,,,ChemSpec_EC_PM2.5,,0.06,0.0589225589225589,,,ChemSpec,ug/m3,ug/m3,,CHTS-0836,2024-01-15,0.06,0.058922558923,11365,CHTS,40.004,116.326,92.0,CHTS-0836,2024,1,15,9.0,2024,1,16,9.0,24.0,28203,EC PM2.5,0.06,Micrograms per cubic meter (ug/m3),,0.0589225589225589,,218,AirPhoton SS5i Sampler with BGI cyclone inlet and 25mm stretched Teflon filter,FTIR,Ambient local,,/Users/ahmadjalil/github/aethmodular/research/filter_combine/FilterBased_ChemSpecPM25_CHTS.csv,ec9a6c24308cb050a58472350a75689bc865751b1ac784a2f02e7bd56cedae61,"# File Updated: 2025-07-29
# Data version 3.0
# Site: Beijing, China",CHTS-0836,ChemSpec_218,True,True,both competing concentration values already present in earlier CSV; upstream role unresolved,False,c91542c705254dd7e7e7271bc36789388d225dc3,a6fda4ea34e7c6d5f3c058ccd56e23d36c2afe07fee3dd8ee9072a80eeae197f
14237,CHTS,40.004,116.326,,CHTS-0837,2024-01-18,PM2.5,,,,ChemSpec_218,,,ChemSpec_EC_PM2.5,,3.31,0.0600907029478458,,,ChemSpec,ug/m3,ug/m3,,CHTS-0837,2024-01-18,3.31,0.060090702948,11411,CHTS,40.004,116.326,92.0,CHTS-0837,2024,1,18,9.0,2024,1,19,9.0,24.0,28203,EC PM2.5,3.31,Micrograms per cubic meter (ug/m3),,0.0600907029478458,,218,AirPhoton SS5i Sampler with BGI cyclone inlet and 25mm stretched Teflon filter,FTIR,Ambient local,,/Users/ahmadjalil/github/aethmodular/research/filter_combine/FilterBased_ChemSpecPM25_CHTS.csv,ec9a6c24308cb050a58472350a75689bc865751b1ac784a2f02e7bd56cedae61,"# File Updated: 2025-07-29
# Data version 3.0
# Site: Beijing, China",CHTS-0837,ChemSpec_218,True,True,both competing concentration values already present in earlier CSV; upstream role unresolved,False,c91542c705254dd7e7e7271bc36789388d225dc3,a6fda4ea34e7c6d5f3c058ccd56e23d36c2afe07fee3dd8ee9072a80eeae197f
14238,CHTS,40.004,116.326,,CHTS-0837,2024-01-18,PM2.5,,,,ChemSpec_218,,,ChemSpec_EC_PM2.5,,0.06,0.0600907029478458,,,ChemSpec,ug/m3,ug/m3,,CHTS-0837,2024-01-18,0.06,0.060090702948,11412,CHTS,40.004,116.326,92.0,CHTS-0837,2024,1,18,9.0,2024,1,19,9.0,24.0,28203,EC PM2.5,0.06,Micrograms per cubic meter (ug/m3),,0.0600907029478458,,218,AirPhoton SS5i Sampler with BGI cyclone inlet and 25mm stretched Teflon filter,FTIR,Ambient local,,/Users/ahmadjalil/github/aethmodular/research/filter_combine/FilterBased_ChemSpecPM25_CHTS.csv,ec9a6c24308cb050a58472350a75689bc865751b1ac784a2f02e7bd56cedae61,"# File Updated: 2025-07-29
# Data version 3.0
# Site: Beijing, China",CHTS-0837,ChemSpec_218,True,True,both competing concentration values already present in earlier CSV; upstream role unresolved,False,c91542c705254dd7e7e7271bc36789388d225dc3,a6fda4ea34e7c6d5f3c058ccd56e23d36c2afe07fee3dd8ee9072a80eeae197f
14301,CHTS,40.004,116.326,,CHTS-0838,2024-01-21,PM2.5,,,,ChemSpec_218,,,ChemSpec_EC_PM2.5,,0.49,0.0589225589225589,,,ChemSpec,ug/m3,ug/m3,,CHTS-0838,2024-01-21,0.49,0.058922558923,11458,CHTS,40.004,116.326,92.0,CHTS-0838,2024,1,21,9.0,2024,1,22,9.0,24.0,28203,EC PM2.5,0.49,Micrograms per cubic meter (ug/m3),,0.0589225589225589,,218,AirPhoton SS5i Sampler with BGI cyclone inlet and 25mm stretched Teflon filter,FTIR,Ambient local,,/Users/ahmadjalil/github/aethmodular/research/filter_combine/FilterBased_ChemSpecPM25_CHTS.csv,ec9a6c24308cb050a58472350a75689bc865751b1ac784a2f02e7bd56cedae61,"# File Updated: 2025-07-29
# Data version 3.0
# Site: Beijing, China",CHTS-0838,ChemSpec_218,True,True,both competing concentration values already present in earlier CSV; upstream role unresolved,False,c91542c705254dd7e7e7271bc36789388d225dc3,a6fda4ea34e7c6d5f3c058ccd56e23d36c2afe07fee3dd8ee9072a80eeae197f
14302,CHTS,40.004,116.326,,CHTS-0838,2024-01-21,PM2.5,,,,ChemSpec_218,,,ChemSpec_EC_PM2.5,,0.06,0.0589225589225589,,,ChemSpec,ug/m3,ug/m3,,CHTS-0838,2024-01-21,0.06,0.058922558923,11459,CHTS,40.004,116.326,92.0,CHTS-0838,2024,1,21,9.0,2024,1,22,9.0,24.0,28203,EC PM2.5,0.06,Micrograms per cubic meter (ug/m3),,0.0589225589225589,,218,AirPhoton SS5i Sampler with BGI cyclone inlet and 25mm stretched Teflon filter,FTIR,Ambient local,,/Users/ahmadjalil/github/aethmodular/research/filter_combine/FilterBased_ChemSpecPM25_CHTS.csv,ec9a6c24308cb050a58472350a75689bc865751b1ac784a2f02e7bd56cedae61,"# File Updated: 2025-07-29
# Data version 3.0
# Site: Beijing, China",CHTS-0838,ChemSpec_218,True,True,both competing concentration values already present in earlier CSV; upstream role unresolved,False,c91542c705254dd7e7e7271bc36789388d225dc3,a6fda4ea34e7c6d5f3c058ccd56e23d36c2afe07fee3dd8ee9072a80eeae197f
14366,CHTS,40.004,116.326,,CHTS-0839,2024-01-24,PM2.5,,,,ChemSpec_218,,,ChemSpec_EC_PM2.5,,0.79,0.0600907029478458,,,ChemSpec,ug/m3,ug/m3,,CHTS-0839,2024-01-24,0.79,0.060090702948,11506,CHTS,40.004,116.326,92.0,CHTS-0839,2024,1,24,9.0,2024,1,25,9.0,24.0,28203,EC PM2.5,0.79,Micrograms per cubic meter (ug/m3),,0.0600907029478458,,218,AirPhoton SS5i Sampler with BGI cyclone inlet and 25mm stretched Teflon filter,FTIR,Ambient local,,/Users/ahmadjalil/github/aethmodular/research/filter_combine/FilterBased_ChemSpecPM25_CHTS.csv,ec9a6c24308cb050a58472350a75689bc865751b1ac784a2f02e7bd56cedae61,"# File Updated: 2025-07-29
# Data version 3.0
# Site: Beijing, China",CHTS-0839,ChemSpec_218,True,True,both competing concentration values already present in earlier CSV; upstream role unresolved,False,c91542c705254dd7e7e7271bc36789388d225dc3,a6fda4ea34e7c6d5f3c058ccd56e23d36c2afe07fee3dd8ee9072a80eeae197f
14367,CHTS,40.004,116.326,,CHTS-0839,2024-01-24,PM2.5,,,,ChemSpec_218,,,ChemSpec_EC_PM2.5,,0.06,0.0600907029478458,,,ChemSpec,ug/m3,ug/m3,,CHTS-0839,2024-01-24,0.06,0.060090702948,11507,CHTS,40.004,116.326,92.0,CHTS-0839,2024,1,24,9.0,2024,1,25,9.0,24.0,28203,EC PM2.5,0.06,Micrograms per cubic meter (ug/m3),,0.0600907029478458,,218,AirPhoton SS5i Sampler with BGI cyclone inlet and 25mm stretched Teflon filter,FTIR,Ambient local,,/Users/ahmadjalil/github/aethmodular/research/filter_combine/FilterBased_ChemSpecPM25_CHTS.csv,ec9a6c24308cb050a58472350a75689bc865751b1ac784a2f02e7bd56cedae61,"# File Updated: 2025-07-29
# Data version 3.0
# Site: Beijing, China",CHTS-0839,ChemSpec_218,True,True,both competing concentration values already present in earlier CSV; upstream role unresolved,False,c91542c705254dd7e7e7271bc36789388d225dc3,a6fda4ea34e7c6d5f3c058ccd56e23d36c2afe07fee3dd8ee9072a80eeae197f
14444,CHTS,40.004,116.326,,CHTS-0841,2024-01-27,PM2.5,,,,ChemSpec_218,,,ChemSpec_EC_PM2.5,,0.99,0.0600907029478458,,,ChemSpec,ug/m3,ug/m3,,CHTS-0841,2024-01-27,0.99,0.060090702948,11553,CHTS,40.004,116.326,92.0,CHTS-0841,2024,1,27,9.0,2024,1,28,9.0,24.0,28203,EC PM2.5,0.99,Micrograms per cubic meter (ug/m3),,0.0600907029478458,,218,AirPhoton SS5i Sampler with BGI cyclone inlet and 25mm stretched Teflon filter,FTIR,Ambient local,,/Users/ahmadjalil/github/aethmodular/research/filter_combine/FilterBased_ChemSpecPM25_CHTS.csv,ec9a6c24308cb050a58472350a75689bc865751b1ac784a2f02e7bd56cedae61,"# File Updated: 2025-07-29
# Data version 3.0
# Site: Beijing, China",CHTS-0841,ChemSpec_218,True,True,both competing concentration values already present in earlier CSV; upstream role unresolved,False,c91542c705254dd7e7e7271bc36789388d225dc3,a6fda4ea34e7c6d5f3c058ccd56e23d36c2afe07fee3dd8ee9072a80eeae197f
14445,CHTS,40.004,116.326,,CHTS-0841,2024-01-27,PM2.5,,,,ChemSpec_218,,,ChemSpec_EC_PM2.5,,0.06,0.0600907029478458,,,ChemSpec,ug/m3,ug/m3,,CHTS-0841,2024-01-27,0.06,0.060090702948,11554,CHTS,40.004,116.326,92.0,CHTS-0841,2024,1,27,9.0,2024,1,28,9.0,24.0,28203,EC PM2.5,0.06,Micrograms per cubic meter (ug/m3),,0.0600907029478458,,218,AirPhoton SS5i Sampler with BGI cyclone inlet and 25mm stretched Teflon filter,FTIR,Ambient local,,/Users/ahmadjalil/github/aethmodular/research/filter_combine/FilterBased_ChemSpecPM25_CHTS.csv,ec9a6c24308cb050a58472350a75689bc865751b1ac784a2f02e7bd56cedae61,"# File Updated: 2025-07-29
# Data version 3.0
# Site: Beijing, China",CHTS-0841,ChemSpec_218,True,True,both competing concentration values already present in earlier CSV; upstream role unresolved,False,c91542c705254dd7e7e7271bc36789388d225dc3,a6fda4ea34e7c6d5f3c058ccd56e23d36c2afe07fee3dd8ee9072a80eeae197f
14508,CHTS,40.004,116.326,,CHTS-0842,2024-01-29,PM2.5,,,,ChemSpec_218,,,ChemSpec_EC_PM2.5,,3.91,0.061282932416953,,,ChemSpec,ug/m3,ug/m3,,CHTS-0842,2024-01-29,3.91,0.061282932417,11599,CHTS,40.004,116.326,92.0,CHTS-0842,2024,1,29,9.0,2024,1,30,9.0,24.0,28203,EC PM2.5,3.91,Micrograms per cubic meter (ug/m3),,0.061282932416953,,218,AirPhoton SS5i Sampler with BGI cyclone inlet and 25mm stretched Teflon filter,FTIR,Ambient local,,/Users/ahmadjalil/github/aethmodular/research/filter_combine/FilterBased_ChemSpecPM25_CHTS.csv,ec9a6c24308cb050a58472350a75689bc865751b1ac784a2f02e7bd56cedae61,"# File Updated: 2025-07-29
# Data version 3.0
# Site: Beijing, China",CHTS-0842,ChemSpec_218,True,True,both competing concentration values already present in earlier CSV; upstream role unresolved,False,c91542c705254dd7e7e7271bc36789388d225dc3,a6fda4ea34e7c6d5f3c058ccd56e23d36c2afe07fee3dd8ee9072a80eeae197f
14509,CHTS,40.004,116.326,,CHTS-0842,2024-01-29,PM2.5,,,,ChemSpec_218,,,ChemSpec_EC_PM2.5,,0.06,0.061282932416953,,,ChemSpec,ug/m3,ug/m3,,CHTS-0842,2024-01-29,0.06,0.061282932417,11600,CHTS,40.004,116.326,92.0,CHTS-0842,2024,1,29,9.0,2024,1,30,9.0,24.0,28203,EC PM2.5,0.06,Micrograms per cubic meter (ug/m3),,0.061282932416953,,218,AirPhoton SS5i Sampler with BGI cyclone inlet and 25mm stretched Teflon filter,FTIR,Ambient local,,/Users/ahmadjalil/github/aethmodular/research/filter_combine/FilterBased_ChemSpecPM25_CHTS.csv,ec9a6c24308cb050a58472350a75689bc865751b1ac784a2f02e7bd56cedae61,"# File Updated: 2025-07-29
# Data version 3.0
# Site: Beijing, China",CHTS-0842,ChemSpec_218,True,True,both competing concentration values already present in earlier CSV; upstream role unresolved,False,c91542c705254dd7e7e7271bc36789388d225dc3,a6fda4ea34e7c6d5f3c058ccd56e23d36c2afe07fee3dd8ee9072a80eeae197f
14571,CHTS,40.004,116.326,,CHTS-0843,2024-02-01,PM2.5,,,,ChemSpec_218,,,ChemSpec_EC_PM2.5,,1.12,0.0600907029478458,,,ChemSpec,ug/m3,ug/m3,,CHTS-0843,2024-02-01,1.12,0.060090702948,11646,CHTS,40.004,116.326,92.0,CHTS-0843,2024,2,1,9.0,2024,2,2,9.0,24.0,28203,EC PM2.5,1.12,Micrograms per cubic meter (ug/m3),,0.0600907029478458,,218,AirPhoton SS5i Sampler with BGI cyclone inlet and 25mm stretched Teflon filter,FTIR,Ambient local,,/Users/ahmadjalil/github/aethmodular/research/filter_combine/FilterBased_ChemSpecPM25_CHTS.csv,ec9a6c24308cb050a58472350a75689bc865751b1ac784a2f02e7bd56cedae61,"# File Updated: 2025-07-29
# Data version 3.0
# Site: Beijing, China",CHTS-0843,ChemSpec_218,True,True,both competing concentration values already present in earlier CSV; upstream role unresolved,False,c91542c705254dd7e7e7271bc36789388d225dc3,a6fda4ea34e7c6d5f3c058ccd56e23d36c2afe07fee3dd8ee9072a80eeae197f
14572,CHTS,40.004,116.326,,CHTS-0843,2024-02-01,PM2.5,,,,ChemSpec_218,,,ChemSpec_EC_PM2.5,,0.06,0.0600907029478458,,,ChemSpec,ug/m3,ug/m3,,CHTS-0843,2024-02-01,0.06,0.060090702948,11647,CHTS,40.004,116.326,92.0,CHTS-0843,2024,2,1,9.0,2024,2,2,9.0,24.0,28203,EC PM2.5,0.06,Micrograms per cubic meter (ug/m3),,0.0600907029478458,,218,AirPhoton SS5i Sampler with BGI cyclone inlet and 25mm stretched Teflon filter,FTIR,Ambient local,,/Users/ahmadjalil/github/aethmodular/research/filter_combine/FilterBased_ChemSpecPM25_CHTS.csv,ec9a6c24308cb050a58472350a75689bc865751b1ac784a2f02e7bd56cedae61,"# File Updated: 2025-07-29
# Data version 3.0
# Site: Beijing, China",CHTS-0843,ChemSpec_218,True,True,both competing concentration values already present in earlier CSV; upstream role unresolved,False,c91542c705254dd7e7e7271bc36789388d225dc3,a6fda4ea34e7c6d5f3c058ccd56e23d36c2afe07fee3dd8ee9072a80eeae197f
14635,CHTS,40.004,116.326,,CHTS-0844,2024-02-04,PM2.5,,,,ChemSpec_218,,,ChemSpec_EC_PM2.5,,3.51,0.061282932416953,,,ChemSpec,ug/m3,ug/m3,,CHTS-0844,2024-02-04,3.51,0.061282932417,11693,CHTS,40.004,116.326,92.0,CHTS-0844,2024,2,4,9.0,2024,2,5,9.0,24.0,28203,EC PM2.5,3.51,Micrograms per cubic meter (ug/m3),,0.061282932416953,,218,AirPhoton SS5i Sampler with BGI cyclone inlet and 25mm stretched Teflon filter,FTIR,Ambient local,,/Users/ahmadjalil/github/aethmodular/research/filter_combine/FilterBased_ChemSpecPM25_CHTS.csv,ec9a6c24308cb050a58472350a75689bc865751b1ac784a2f02e7bd56cedae61,"# File Updated: 2025-07-29
# Data version 3.0
# Site: Beijing, China",CHTS-0844,ChemSpec_218,True,True,both competing concentration values already present in earlier CSV; upstream role unresolved,False,c91542c705254dd7e7e7271bc36789388d225dc3,a6fda4ea34e7c6d5f3c058ccd56e23d36c2afe07fee3dd8ee9072a80eeae197f
14636,CHTS,40.004,116.326,,CHTS-0844,2024-02-04,PM2.5,,,,ChemSpec_218,,,ChemSpec_EC_PM2.5,,0.06,0.061282932416953,,,ChemSpec,ug/m3,ug/m3,,CHTS-0844,2024-02-04,0.06,0.061282932417,11694,CHTS,40.004,116.326,92.0,CHTS-0844,2024,2,4,9.0,2024,2,5,9.0,24.0,28203,EC PM2.5,0.06,Micrograms per cubic meter (ug/m3),,0.061282932416953,,218,AirPhoton SS5i Sampler with BGI cyclone inlet and 25mm stretched Teflon filter,FTIR,Ambient local,,/Users/ahmadjalil/github/aethmodular/research/filter_combine/FilterBased_ChemSpecPM25_CHTS.csv,ec9a6c24308cb050a58472350a75689bc865751b1ac784a2f02e7bd56cedae61,"# File Updated: 2025-07-29
# Data version 3.0
# Site: Beijing, China",CHTS-0844,ChemSpec_218,True,True,both competing concentration values already present in earlier CSV; upstream role unresolved,False,c91542c705254dd7e7e7271bc36789388d225dc3,a6fda4ea34e7c6d5f3c058ccd56e23d36c2afe07fee3dd8ee9072a80eeae197f
14698,CHTS,40.004,116.326,,CHTS-0845,2024-02-07,PM2.5,,,,ChemSpec_218,,,ChemSpec_EC_PM2.5,,0.65,0.061282932416953,,,ChemSpec,ug/m3,ug/m3,,CHTS-0845,2024-02-07,0.65,0.061282932417,11739,CHTS,40.004,116.326,92.0,CHTS-0845,2024,2,7,9.0,2024,2,8,9.0,24.0,28203,EC PM2.5,0.65,Micrograms per cubic meter (ug/m3),,0.061282932416953,,218,AirPhoton SS5i Sampler with BGI cyclone inlet and 25mm stretched Teflon filter,FTIR,Ambient local,,/Users/ahmadjalil/github/aethmodular/research/filter_combine/FilterBased_ChemSpecPM25_CHTS.csv,ec9a6c24308cb050a58472350a75689bc865751b1ac784a2f02e7bd56cedae61,"# File Updated: 2025-07-29
# Data version 3.0
# Site: Beijing, China",CHTS-0845,ChemSpec_218,True,True,both competing concentration values already present in earlier CSV; upstream role unresolved,False,c91542c705254dd7e7e7271bc36789388d225dc3,a6fda4ea34e7c6d5f3c058ccd56e23d36c2afe07fee3dd8ee9072a80eeae197f
14699,CHTS,40.004,116.326,,CHTS-0845,2024-02-07,PM2.5,,,,ChemSpec_218,,,ChemSpec_EC_PM2.5,,0.06,0.061282932416953,,,ChemSpec,ug/m3,ug/m3,,CHTS-0845,2024-02-07,0.06,0.061282932417,11740,CHTS,40.004,116.326,92.0,CHTS-0845,2024,2,7,9.0,2024,2,8,9.0,24.0,28203,EC PM2.5,0.06,Micrograms per cubic meter (ug/m3),,0.061282932416953,,218,AirPhoton SS5i Sampler with BGI cyclone inlet and 25mm stretched Teflon filter,FTIR,Ambient local,,/Users/ahmadjalil/github/aethmodular/research/filter_combine/FilterBased_ChemSpecPM25_CHTS.csv,ec9a6c24308cb050a58472350a75689bc865751b1ac784a2f02e7bd56cedae61,"# File Updated: 2025-07-29
# Data version 3.0
# Site: Beijing, China",CHTS-0845,ChemSpec_218,True,True,both competing concentration values already present in earlier CSV; upstream role unresolved,False,c91542c705254dd7e7e7271bc36789388d225dc3,a6fda4ea34e7c6d5f3c058ccd56e23d36c2afe07fee3dd8ee9072a80eeae197f
14762,CHTS,40.004,116.326,,CHTS-0846,2024-02-10,PM2.5,,,,ChemSpec_218,,,ChemSpec_EC_PM2.5,,0.17,0.0600907029478458,,,ChemSpec,ug/m3,ug/m3,,CHTS-0846,2024-02-10,0.17,0.060090702948,11785,CHTS,40.004,116.326,92.0,CHTS-0846,2024,2,10,9.0,2024,2,11,9.0,24.0,28203,EC PM2.5,0.17,Micrograms per cubic meter (ug/m3),,0.0600907029478458,,218,AirPhoton SS5i Sampler with BGI cyclone inlet and 25mm stretched Teflon filter,FTIR,Ambient local,,/Users/ahmadjalil/github/aethmodular/research/filter_combine/FilterBased_ChemSpecPM25_CHTS.csv,ec9a6c24308cb050a58472350a75689bc865751b1ac784a2f02e7bd56cedae61,"# File Updated: 2025-07-29
# Data version 3.0
# Site: Beijing, China",CHTS-0846,ChemSpec_218,True,True,both competing concentration values already present in earlier CSV; upstream role unresolved,False,c91542c705254dd7e7e7271bc36789388d225dc3,a6fda4ea34e7c6d5f3c058ccd56e23d36c2afe07fee3dd8ee9072a80eeae197f
14763,CHTS,40.004,116.326,,CHTS-0846,2024-02-10,PM2.5,,,,ChemSpec_218,,,ChemSpec_EC_PM2.5,,0.06,0.0600907029478458,,,ChemSpec,ug/m3,ug/m3,,CHTS-0846,2024-02-10,0.06,0.060090702948,11786,CHTS,40.004,116.326,92.0,CHTS-0846,2024,2,10,9.0,2024,2,11,9.0,24.0,28203,EC PM2.5,0.06,Micrograms per cubic meter (ug/m3),,0.0600907029478458,,218,AirPhoton SS5i Sampler with BGI cyclone inlet and 25mm stretched Teflon filter,FTIR,Ambient local,,/Users/ahmadjalil/github/aethmodular/research/filter_combine/FilterBased_ChemSpecPM25_CHTS.csv,ec9a6c24308cb050a58472350a75689bc865751b1ac784a2f02e7bd56cedae61,"# File Updated: 2025-07-29
# Data version 3.0
# Site: Beijing, China",CHTS-0846,ChemSpec_218,True,True,both competing concentration values already present in earlier CSV; upstream role unresolved,False,c91542c705254dd7e7e7271bc36789388d225dc3,a6fda4ea34e7c6d5f3c058ccd56e23d36c2afe07fee3dd8ee9072a80eeae197f
14825,CHTS,40.004,116.326,,CHTS-0847,2024-02-13,PM2.5,,,,ChemSpec_218,,,ChemSpec_EC_PM2.5,,1.93,0.061282932416953,,,ChemSpec,ug/m3,ug/m3,,CHTS-0847,2024-02-13,1.93,0.061282932417,11831,CHTS,40.004,116.326,92.0,CHTS-0847,2024,2,13,9.0,2024,2,14,9.0,24.0,28203,EC PM2.5,1.93,Micrograms per cubic meter (ug/m3),,0.061282932416953,,218,AirPhoton SS5i Sampler with BGI cyclone inlet and 25mm stretched Teflon filter,FTIR,Ambient local,,/Users/ahmadjalil/github/aethmodular/research/filter_combine/FilterBased_ChemSpecPM25_CHTS.csv,ec9a6c24308cb050a58472350a75689bc865751b1ac784a2f02e7bd56cedae61,"# File Updated: 2025-07-29
# Data version 3.0
# Site: Beijing, China",CHTS-0847,ChemSpec_218,True,True,both competing concentration values already present in earlier CSV; upstream role unresolved,False,c91542c705254dd7e7e7271bc36789388d225dc3,a6fda4ea34e7c6d5f3c058ccd56e23d36c2afe07fee3dd8ee9072a80eeae197f
14826,CHTS,40.004,116.326,,CHTS-0847,2024-02-13,PM2.5,,,,ChemSpec_218,,,ChemSpec_EC_PM2.5,,0.06,0.061282932416953,,,ChemSpec,ug/m3,ug/m3,,CHTS-0847,2024-02-13,0.06,0.061282932417,11832,CHTS,40.004,116.326,92.0,CHTS-0847,2024,2,13,9.0,2024,2,14,9.0,24.0,28203,EC PM2.5,0.06,Micrograms per cubic meter (ug/m3),,0.061282932416953,,218,AirPhoton SS5i Sampler with BGI cyclone inlet and 25mm stretched Teflon filter,FTIR,Ambient local,,/Users/ahmadjalil/github/aethmodular/research/filter_combine/FilterBased_ChemSpecPM25_CHTS.csv,ec9a6c24308cb050a58472350a75689bc865751b1ac784a2f02e7bd56cedae61,"# File Updated: 2025-07-29
# Data version 3.0
# Site: Beijing, China",CHTS-0847,ChemSpec_218,True,True,both competing concentration values already present in earlier CSV; upstream role unresolved,False,c91542c705254dd7e7e7271bc36789388d225dc3,a6fda4ea34e7c6d5f3c058ccd56e23d36c2afe07fee3dd8ee9072a80eeae197f
14901,CHTS,40.004,116.326,,CHTS-0849,2024-02-16,PM2.5,,,,ChemSpec_218,,,ChemSpec_EC_PM2.5,,2.37,0.061282932416953,,,ChemSpec,ug/m3,ug/m3,,CHTS-0849,2024-02-16,2.37,0.061282932417,11877,CHTS,40.004,116.326,92.0,CHTS-0849,2024,2,16,9.0,2024,2,17,9.0,24.0,28203,EC PM2.5,2.37,Micrograms per cubic meter (ug/m3),,0.061282932416953,,218,AirPhoton SS5i Sampler with BGI cyclone inlet and 25mm stretched Teflon filter,FTIR,Ambient local,,/Users/ahmadjalil/github/aethmodular/research/filter_combine/FilterBased_ChemSpecPM25_CHTS.csv,ec9a6c24308cb050a58472350a75689bc865751b1ac784a2f02e7bd56cedae61,"# File Updated: 2025-07-29
# Data version 3.0
# Site: Beijing, China",CHTS-0849,ChemSpec_218,True,True,both competing concentration values already present in earlier CSV; upstream role unresolved,False,c91542c705254dd7e7e7271bc36789388d225dc3,a6fda4ea34e7c6d5f3c058ccd56e23d36c2afe07fee3dd8ee9072a80eeae197f
14902,CHTS,40.004,116.326,,CHTS-0849,2024-02-16,PM2.5,,,,ChemSpec_218,,,ChemSpec_EC_PM2.5,,0.06,0.061282932416953,,,ChemSpec,ug/m3,ug/m3,,CHTS-0849,2024-02-16,0.06,0.061282932417,11878,CHTS,40.004,116.326,92.0,CHTS-0849,2024,2,16,9.0,2024,2,17,9.0,24.0,28203,EC PM2.5,0.06,Micrograms per cubic meter (ug/m3),,0.061282932416953,,218,AirPhoton SS5i Sampler with BGI cyclone inlet and 25mm stretched Teflon filter,FTIR,Ambient local,,/Users/ahmadjalil/github/aethmodular/research/filter_combine/FilterBased_ChemSpecPM25_CHTS.csv,ec9a6c24308cb050a58472350a75689bc865751b1ac784a2f02e7bd56cedae61,"# File Updated: 2025-07-29
# Data version 3.0
# Site: Beijing, China",CHTS-0849,ChemSpec_218,True,True,both competing concentration values already present in earlier CSV; upstream role unresolved,False,c91542c705254dd7e7e7271bc36789388d225dc3,a6fda4ea34e7c6d5f3c058ccd56e23d36c2afe07fee3dd8ee9072a80eeae197f
14963,CHTS,40.004,116.326,,CHTS-0850,2024-05-07,PM2.5,,,,ChemSpec_218,,,ChemSpec_EC_PM2.5,,2.19,0.061282932416953,,,ChemSpec,ug/m3,ug/m3,,CHTS-0850,2024-05-07,2.19,0.061282932417,12256,CHTS,40.004,116.326,92.0,CHTS-0850,2024,5,7,9.0,2024,5,8,9.0,24.0,28203,EC PM2.5,2.19,Micrograms per cubic meter (ug/m3),,0.061282932416953,,218,AirPhoton SS5i Sampler with BGI cyclone inlet and 25mm stretched Teflon filter,FTIR,Ambient local,,/Users/ahmadjalil/github/aethmodular/research/filter_combine/FilterBased_ChemSpecPM25_CHTS.csv,ec9a6c24308cb050a58472350a75689bc865751b1ac784a2f02e7bd56cedae61,"# File Updated: 2025-07-29
# Data version 3.0
# Site: Beijing, China",CHTS-0850,ChemSpec_218,True,True,both competing concentration values already present in earlier CSV; upstream role unresolved,False,c91542c705254dd7e7e7271bc36789388d225dc3,a6fda4ea34e7c6d5f3c058ccd56e23d36c2afe07fee3dd8ee9072a80eeae197f
14964,CHTS,40.004,116.326,,CHTS-0850,2024-05-07,PM2.5,,,,ChemSpec_218,,,ChemSpec_EC_PM2.5,,0.06,0.061282932416953,,,ChemSpec,ug/m3,ug/m3,,CHTS-0850,2024-05-07,0.06,0.061282932417,12257,CHTS,40.004,116.326,92.0,CHTS-0850,2024,5,7,9.0,2024,5,8,9.0,24.0,28203,EC PM2.5,0.06,Micrograms per cubic meter (ug/m3),,0.061282932416953,,218,AirPhoton SS5i Sampler with BGI cyclone inlet and 25mm stretched Teflon filter,FTIR,Ambient local,,/Users/ahmadjalil/github/aethmodular/research/filter_combine/FilterBased_ChemSpecPM25_CHTS.csv,ec9a6c24308cb050a58472350a75689bc865751b1ac784a2f02e7bd56cedae61,"# File Updated: 2025-07-29
# Data version 3.0
# Site: Beijing, China",CHTS-0850,ChemSpec_218,True,True,both competing concentration values already present in earlier CSV; upstream role unresolved,False,c91542c705254dd7e7e7271bc36789388d225dc3,a6fda4ea34e7c6d5f3c058ccd56e23d36c2afe07fee3dd8ee9072a80eeae197f
15027,CHTS,40.004,116.326,,CHTS-0851,2024-05-10,PM2.5,,,,ChemSpec_218,,,ChemSpec_EC_PM2.5,,1.16,0.061282932416953,,,ChemSpec,ug/m3,ug/m3,,CHTS-0851,2024-05-10,1.16,0.061282932417,12304,CHTS,40.004,116.326,92.0,CHTS-0851,2024,5,10,9.0,2024,5,11,9.0,24.0,28203,EC PM2.5,1.16,Micrograms per cubic meter (ug/m3),,0.061282932416953,,218,AirPhoton SS5i Sampler with BGI cyclone inlet and 25mm stretched Teflon filter,FTIR,Ambient local,,/Users/ahmadjalil/github/aethmodular/research/filter_combine/FilterBased_ChemSpecPM25_CHTS.csv,ec9a6c24308cb050a58472350a75689bc865751b1ac784a2f02e7bd56cedae61,"# File Updated: 2025-07-29
# Data version 3.0
# Site: Beijing, China",CHTS-0851,ChemSpec_218,True,True,both competing concentration values already present in earlier CSV; upstream role unresolved,False,c91542c705254dd7e7e7271bc36789388d225dc3,a6fda4ea34e7c6d5f3c058ccd56e23d36c2afe07fee3dd8ee9072a80eeae197f
15028,CHTS,40.004,116.326,,CHTS-0851,2024-05-10,PM2.5,,,,ChemSpec_218,,,ChemSpec_EC_PM2.5,,0.06,0.061282932416953,,,ChemSpec,ug/m3,ug/m3,,CHTS-0851,2024-05-10,0.06,0.061282932417,12305,CHTS,40.004,116.326,92.0,CHTS-0851,2024,5,10,9.0,2024,5,11,9.0,24.0,28203,EC PM2.5,0.06,Micrograms per cubic meter (ug/m3),,0.061282932416953,,218,AirPhoton SS5i Sampler with BGI cyclone inlet and 25mm stretched Teflon filter,FTIR,Ambient local,,/Users/ahmadjalil/github/aethmodular/research/filter_combine/FilterBased_ChemSpecPM25_CHTS.csv,ec9a6c24308cb050a58472350a75689bc865751b1ac784a2f02e7bd56cedae61,"# File Updated: 2025-07-29
# Data version 3.0
# Site: Beijing, China",CHTS-0851,ChemSpec_218,True,True,both competing concentration values already present in earlier CSV; upstream role unresolved,False,c91542c705254dd7e7e7271bc36789388d225dc3,a6fda4ea34e7c6d5f3c058ccd56e23d36c2afe07fee3dd8ee9072a80eeae197f
15091,CHTS,40.004,116.326,,CHTS-0852,2024-05-13,PM2.5,,,,ChemSpec_218,,,ChemSpec_EC_PM2.5,,1.36,0.061282932416953,,,ChemSpec,ug/m3,ug/m3,,CHTS-0852,2024-05-13,1.36,0.061282932417,12351,CHTS,40.004,116.326,92.0,CHTS-0852,2024,5,13,9.0,2024,5,14,9.0,24.0,28203,EC PM2.5,1.36,Micrograms per cubic meter (ug/m3),,0.061282932416953,,218,AirPhoton SS5i Sampler with BGI cyclone inlet and 25mm stretched Teflon filter,FTIR,Ambient local,,/Users/ahmadjalil/github/aethmodular/research/filter_combine/FilterBased_ChemSpecPM25_CHTS.csv,ec9a6c24308cb050a58472350a75689bc865751b1ac784a2f02e7bd56cedae61,"# File Updated: 2025-07-29
# Data version 3.0
# Site: Beijing, China",CHTS-0852,ChemSpec_218,True,True,both competing concentration values already present in earlier CSV; upstream role unresolved,False,c91542c705254dd7e7e7271bc36789388d225dc3,a6fda4ea34e7c6d5f3c058ccd56e23d36c2afe07fee3dd8ee9072a80eeae197f
15092,CHTS,40.004,116.326,,CHTS-0852,2024-05-13,PM2.5,,,,ChemSpec_218,,,ChemSpec_EC_PM2.5,,0.06,0.061282932416953,,,ChemSpec,ug/m3,ug/m3,,CHTS-0852,2024-05-13,0.06,0.061282932417,12352,CHTS,40.004,116.326,92.0,CHTS-0852,2024,5,13,9.0,2024,5,14,9.0,24.0,28203,EC PM2.5,0.06,Micrograms per cubic meter (ug/m3),,0.061282932416953,,218,AirPhoton SS5i Sampler with BGI cyclone inlet and 25mm stretched Teflon filter,FTIR,Ambient local,,/Users/ahmadjalil/github/aethmodular/research/filter_combine/FilterBased_ChemSpecPM25_CHTS.csv,ec9a6c24308cb050a58472350a75689bc865751b1ac784a2f02e7bd56cedae61,"# File Updated: 2025-07-29
# Data version 3.0
# Site: Beijing, China",CHTS-0852,ChemSpec_218,True,True,both competing concentration values already present in earlier CSV; upstream role unresolved,False,c91542c705254dd7e7e7271bc36789388d225dc3,a6fda4ea34e7c6d5f3c058ccd56e23d36c2afe07fee3dd8ee9072a80eeae197f
15155,CHTS,40.004,116.326,,CHTS-0853,2024-05-16,PM2.5,,,,ChemSpec_218,,,ChemSpec_EC_PM2.5,,1.8,0.061282932416953,,,ChemSpec,ug/m3,ug/m3,,CHTS-0853,2024-05-16,1.8,0.061282932417,12398,CHTS,40.004,116.326,92.0,CHTS-0853,2024,5,16,9.0,2024,5,17,9.0,24.0,28203,EC PM2.5,1.8,Micrograms per cubic meter (ug/m3),,0.061282932416953,,218,AirPhoton SS5i Sampler with BGI cyclone inlet and 25mm stretched Teflon filter,FTIR,Ambient local,,/Users/ahmadjalil/github/aethmodular/research/filter_combine/FilterBased_ChemSpecPM25_CHTS.csv,ec9a6c24308cb050a58472350a75689bc865751b1ac784a2f02e7bd56cedae61,"# File Updated: 2025-07-29
# Data version 3.0
# Site: Beijing, China",CHTS-0853,ChemSpec_218,True,True,both competing concentration values already present in earlier CSV; upstream role unresolved,False,c91542c705254dd7e7e7271bc36789388d225dc3,a6fda4ea34e7c6d5f3c058ccd56e23d36c2afe07fee3dd8ee9072a80eeae197f
15156,CHTS,40.004,116.326,,CHTS-0853,2024-05-16,PM2.5,,,,ChemSpec_218,,,ChemSpec_EC_PM2.5,,0.06,0.061282932416953,,,ChemSpec,ug/m3,ug/m3,,CHTS-0853,2024-05-16,0.06,0.061282932417,12399,CHTS,40.004,116.326,92.0,CHTS-0853,2024,5,16,9.0,2024,5,17,9.0,24.0,28203,EC PM2.5,0.06,Micrograms per cubic meter (ug/m3),,0.061282932416953,,218,AirPhoton SS5i Sampler with BGI cyclone inlet and 25mm stretched Teflon filter,FTIR,Ambient local,,/Users/ahmadjalil/github/aethmodular/research/filter_combine/FilterBased_ChemSpecPM25_CHTS.csv,ec9a6c24308cb050a58472350a75689bc865751b1ac784a2f02e7bd56cedae61,"# File Updated: 2025-07-29
# Data version 3.0
# Site: Beijing, China",CHTS-0853,ChemSpec_218,True,True,both competing concentration values already present in earlier CSV; upstream role unresolved,False,c91542c705254dd7e7e7271bc36789388d225dc3,a6fda4ea34e7c6d5f3c058ccd56e23d36c2afe07fee3dd8ee9072a80eeae197f
15219,CHTS,40.004,116.326,,CHTS-0854,2024-05-19,PM2.5,,,,ChemSpec_218,,,ChemSpec_EC_PM2.5,,1.36,0.061282932416953,,,ChemSpec,ug/m3,ug/m3,,CHTS-0854,2024-05-19,1.36,0.061282932417,12444,CHTS,40.004,116.326,92.0,CHTS-0854,2024,5,19,9.0,2024,5,20,9.0,24.0,28203,EC PM2.5,1.36,Micrograms per cubic meter (ug/m3),,0.061282932416953,,218,AirPhoton SS5i Sampler with BGI cyclone inlet and 25mm stretched Teflon filter,FTIR,Ambient local,,/Users/ahmadjalil/github/aethmodular/research/filter_combine/FilterBased_ChemSpecPM25_CHTS.csv,ec9a6c24308cb050a58472350a75689bc865751b1ac784a2f02e7bd56cedae61,"# File Updated: 2025-07-29
# Data version 3.0
# Site: Beijing, China",CHTS-0854,ChemSpec_218,True,True,both competing concentration values already present in earlier CSV; upstream role unresolved,False,c91542c705254dd7e7e7271bc36789388d225dc3,a6fda4ea34e7c6d5f3c058ccd56e23d36c2afe07fee3dd8ee9072a80eeae197f
15220,CHTS,40.004,116.326,,CHTS-0854,2024-05-19,PM2.5,,,,ChemSpec_218,,,ChemSpec_EC_PM2.5,,0.06,0.061282932416953,,,ChemSpec,ug/m3,ug/m3,,CHTS-0854,2024-05-19,0.06,0.061282932417,12445,CHTS,40.004,116.326,92.0,CHTS-0854,2024,5,19,9.0,2024,5,20,9.0,24.0,28203,EC PM2.5,0.06,Micrograms per cubic meter (ug/m3),,0.061282932416953,,218,AirPhoton SS5i Sampler with BGI cyclone inlet and 25mm stretched Teflon filter,FTIR,Ambient local,,/Users/ahmadjalil/github/aethmodular/research/filter_combine/FilterBased_ChemSpecPM25_CHTS.csv,ec9a6c24308cb050a58472350a75689bc865751b1ac784a2f02e7bd56cedae61,"# File Updated: 2025-07-29
# Data version 3.0
# Site: Beijing, China",CHTS-0854,ChemSpec_218,True,True,both competing concentration values already present in earlier CSV; upstream role unresolved,False,c91542c705254dd7e7e7271bc36789388d225dc3,a6fda4ea34e7c6d5f3c058ccd56e23d36c2afe07fee3dd8ee9072a80eeae197f
15282,CHTS,40.004,116.326,,CHTS-0855,2024-05-22,PM2.5,,,,ChemSpec_218,,,ChemSpec_EC_PM2.5,,3.39,0.061282932416953,,,ChemSpec,ug/m3,ug/m3,,CHTS-0855,2024-05-22,3.39,0.061282932417,12490,CHTS,40.004,116.326,92.0,CHTS-0855,2024,5,22,9.0,2024,5,23,9.0,24.0,28203,EC PM2.5,3.39,Micrograms per cubic meter (ug/m3),,0.061282932416953,,218,AirPhoton SS5i Sampler with BGI cyclone inlet and 25mm stretched Teflon filter,FTIR,Ambient local,,/Users/ahmadjalil/github/aethmodular/research/filter_combine/FilterBased_ChemSpecPM25_CHTS.csv,ec9a6c24308cb050a58472350a75689bc865751b1ac784a2f02e7bd56cedae61,"# File Updated: 2025-07-29
# Data version 3.0
# Site: Beijing, China",CHTS-0855,ChemSpec_218,True,True,both competing concentration values already present in earlier CSV; upstream role unresolved,False,c91542c705254dd7e7e7271bc36789388d225dc3,a6fda4ea34e7c6d5f3c058ccd56e23d36c2afe07fee3dd8ee9072a80eeae197f
15283,CHTS,40.004,116.326,,CHTS-0855,2024-05-22,PM2.5,,,,ChemSpec_218,,,ChemSpec_EC_PM2.5,,0.06,0.061282932416953,,,ChemSpec,ug/m3,ug/m3,,CHTS-0855,2024-05-22,0.06,0.061282932417,12491,CHTS,40.004,116.326,92.0,CHTS-0855,2024,5,22,9.0,2024,5,23,9.0,24.0,28203,EC PM2.5,0.06,Micrograms per cubic meter (ug/m3),,0.061282932416953,,218,AirPhoton SS5i Sampler with BGI cyclone inlet and 25mm stretched Teflon filter,FTIR,Ambient local,,/Users/ahmadjalil/github/aethmodular/research/filter_combine/FilterBased_ChemSpecPM25_CHTS.csv,ec9a6c24308cb050a58472350a75689bc865751b1ac784a2f02e7bd56cedae61,"# File Updated: 2025-07-29
# Data version 3.0
# Site: Beijing, China",CHTS-0855,ChemSpec_218,True,True,both competing concentration values already present in earlier CSV; upstream role unresolved,False,c91542c705254dd7e7e7271bc36789388d225dc3,a6fda4ea34e7c6d5f3c058ccd56e23d36c2afe07fee3dd8ee9072a80eeae197f
15360,CHTS,40.004,116.326,,CHTS-0857,2024-05-25,PM2.5,,,,ChemSpec_218,,,ChemSpec_EC_PM2.5,,0.75,0.0626446759259259,,,ChemSpec,ug/m3,ug/m3,,CHTS-0857,2024-05-25,0.75,0.062644675926,12537,CHTS,40.004,116.326,92.0,CHTS-0857,2024,5,25,9.0,2024,5,26,9.0,24.0,28203,EC PM2.5,0.75,Micrograms per cubic meter (ug/m3),,0.0626446759259259,,218,AirPhoton SS5i Sampler with BGI cyclone inlet and 25mm stretched Teflon filter,FTIR,Ambient local,,/Users/ahmadjalil/github/aethmodular/research/filter_combine/FilterBased_ChemSpecPM25_CHTS.csv,ec9a6c24308cb050a58472350a75689bc865751b1ac784a2f02e7bd56cedae61,"# File Updated: 2025-07-29
# Data version 3.0
# Site: Beijing, China",CHTS-0857,ChemSpec_218,True,True,both competing concentration values already present in earlier CSV; upstream role unresolved,False,c91542c705254dd7e7e7271bc36789388d225dc3,a6fda4ea34e7c6d5f3c058ccd56e23d36c2afe07fee3dd8ee9072a80eeae197f
15361,CHTS,40.004,116.326,,CHTS-0857,2024-05-25,PM2.5,,,,ChemSpec_218,,,ChemSpec_EC_PM2.5,,0.06,0.0626446759259259,,,ChemSpec,ug/m3,ug/m3,,CHTS-0857,2024-05-25,0.06,0.062644675926,12538,CHTS,40.004,116.326,92.0,CHTS-0857,2024,5,25,9.0,2024,5,26,9.0,24.0,28203,EC PM2.5,0.06,Micrograms per cubic meter (ug/m3),,0.0626446759259259,,218,AirPhoton SS5i Sampler with BGI cyclone inlet and 25mm stretched Teflon filter,FTIR,Ambient local,,/Users/ahmadjalil/github/aethmodular/research/filter_combine/FilterBased_ChemSpecPM25_CHTS.csv,ec9a6c24308cb050a58472350a75689bc865751b1ac784a2f02e7bd56cedae61,"# File Updated: 2025-07-29
# Data version 3.0
# Site: Beijing, China",CHTS-0857,ChemSpec_218,True,True,both competing concentration values already present in earlier CSV; upstream role unresolved,False,c91542c705254dd7e7e7271bc36789388d225dc3,a6fda4ea34e7c6d5f3c058ccd56e23d36c2afe07fee3dd8ee9072a80eeae197f
15423,CHTS,40.004,116.326,,CHTS-0858,2024-05-28,PM2.5,,,,ChemSpec_218,,,ChemSpec_EC_PM2.5,,1.8,0.0638888888888888,,,ChemSpec,ug/m3,ug/m3,,CHTS-0858,2024-05-28,1.8,0.063888888889,12583,CHTS,40.004,116.326,92.0,CHTS-0858,2024,5,28,9.0,2024,5,29,9.0,24.0,28203,EC PM2.5,1.8,Micrograms per cubic meter (ug/m3),,0.0638888888888888,,218,AirPhoton SS5i Sampler with BGI cyclone inlet and 25mm stretched Teflon filter,FTIR,Ambient local,,/Users/ahmadjalil/github/aethmodular/research/filter_combine/FilterBased_ChemSpecPM25_CHTS.csv,ec9a6c24308cb050a58472350a75689bc865751b1ac784a2f02e7bd56cedae61,"# File Updated: 2025-07-29
# Data version 3.0
# Site: Beijing, China",CHTS-0858,ChemSpec_218,True,True,both competing concentration values already present in earlier CSV; upstream role unresolved,False,c91542c705254dd7e7e7271bc36789388d225dc3,a6fda4ea34e7c6d5f3c058ccd56e23d36c2afe07fee3dd8ee9072a80eeae197f
15424,CHTS,40.004,116.326,,CHTS-0858,2024-05-28,PM2.5,,,,ChemSpec_218,,,ChemSpec_EC_PM2.5,,0.06,0.0638888888888888,,,ChemSpec,ug/m3,ug/m3,,CHTS-0858,2024-05-28,0.06,0.063888888889,12584,CHTS,40.004,116.326,92.0,CHTS-0858,2024,5,28,9.0,2024,5,29,9.0,24.0,28203,EC PM2.5,0.06,Micrograms per cubic meter (ug/m3),,0.0638888888888888,,218,AirPhoton SS5i Sampler with BGI cyclone inlet and 25mm stretched Teflon filter,FTIR,Ambient local,,/Users/ahmadjalil/github/aethmodular/research/filter_combine/FilterBased_ChemSpecPM25_CHTS.csv,ec9a6c24308cb050a58472350a75689bc865751b1ac784a2f02e7bd56cedae61,"# File Updated: 2025-07-29
# Data version 3.0
# Site: Beijing, China",CHTS-0858,ChemSpec_218,True,True,both competing concentration values already present in earlier CSV; upstream role unresolved,False,c91542c705254dd7e7e7271bc36789388d225dc3,a6fda4ea34e7c6d5f3c058ccd56e23d36c2afe07fee3dd8ee9072a80eeae197f
15485,CHTS,40.004,116.326,,CHTS-0859,2024-05-31,PM2.5,,,,ChemSpec_218,,,ChemSpec_EC_PM2.5,,0.63,0.0638888888888888,,,ChemSpec,ug/m3,ug/m3,,CHTS-0859,2024-05-31,0.63,0.063888888889,12629,CHTS,40.004,116.326,92.0,CHTS-0859,2024,5,31,9.0,2024,6,1,9.0,24.0,28203,EC PM2.5,0.63,Micrograms per cubic meter (ug/m3),,0.0638888888888888,,218,AirPhoton SS5i Sampler with BGI cyclone inlet and 25mm stretched Teflon filter,FTIR,Ambient local,,/Users/ahmadjalil/github/aethmodular/research/filter_combine/FilterBased_ChemSpecPM25_CHTS.csv,ec9a6c24308cb050a58472350a75689bc865751b1ac784a2f02e7bd56cedae61,"# File Updated: 2025-07-29
# Data version 3.0
# Site: Beijing, China",CHTS-0859,ChemSpec_218,True,True,both competing concentration values already present in earlier CSV; upstream role unresolved,False,c91542c705254dd7e7e7271bc36789388d225dc3,a6fda4ea34e7c6d5f3c058ccd56e23d36c2afe07fee3dd8ee9072a80eeae197f
15486,CHTS,40.004,116.326,,CHTS-0859,2024-05-31,PM2.5,,,,ChemSpec_218,,,ChemSpec_EC_PM2.5,,0.06,0.0638888888888888,,,ChemSpec,ug/m3,ug/m3,,CHTS-0859,2024-05-31,0.06,0.063888888889,12630,CHTS,40.004,116.326,92.0,CHTS-0859,2024,5,31,9.0,2024,6,1,9.0,24.0,28203,EC PM2.5,0.06,Micrograms per cubic meter (ug/m3),,0.0638888888888888,,218,AirPhoton SS5i Sampler with BGI cyclone inlet and 25mm stretched Teflon filter,FTIR,Ambient local,,/Users/ahmadjalil/github/aethmodular/research/filter_combine/FilterBased_ChemSpecPM25_CHTS.csv,ec9a6c24308cb050a58472350a75689bc865751b1ac784a2f02e7bd56cedae61,"# File Updated: 2025-07-29
# Data version 3.0
# Site: Beijing, China",CHTS-0859,ChemSpec_218,True,True,both competing concentration values already present in earlier CSV; upstream role unresolved,False,c91542c705254dd7e7e7271bc36789388d225dc3,a6fda4ea34e7c6d5f3c058ccd56e23d36c2afe07fee3dd8ee9072a80eeae197f
15549,CHTS,40.004,116.326,,CHTS-0860,2024-06-03,PM2.5,,,,ChemSpec_218,,,ChemSpec_EC_PM2.5,,1.48,0.0653073286052009,,,ChemSpec,ug/m3,ug/m3,,CHTS-0860,2024-06-03,1.48,0.065307328605,12675,CHTS,40.004,116.326,92.0,CHTS-0860,2024,6,3,9.0,2024,6,4,9.0,24.0,28203,EC PM2.5,1.48,Micrograms per cubic meter (ug/m3),,0.0653073286052009,,218,AirPhoton SS5i Sampler with BGI cyclone inlet and 25mm stretched Teflon filter,FTIR,Ambient local,,/Users/ahmadjalil/github/aethmodular/research/filter_combine/FilterBased_ChemSpecPM25_CHTS.csv,ec9a6c24308cb050a58472350a75689bc865751b1ac784a2f02e7bd56cedae61,"# File Updated: 2025-07-29
# Data version 3.0
# Site: Beijing, China",CHTS-0860,ChemSpec_218,True,True,both competing concentration values already present in earlier CSV; upstream role unresolved,False,c91542c705254dd7e7e7271bc36789388d225dc3,a6fda4ea34e7c6d5f3c058ccd56e23d36c2afe07fee3dd8ee9072a80eeae197f
15550,CHTS,40.004,116.326,,CHTS-0860,2024-06-03,PM2.5,,,,ChemSpec_218,,,ChemSpec_EC_PM2.5,,0.07,0.0653073286052009,,,ChemSpec,ug/m3,ug/m3,,CHTS-0860,2024-06-03,0.07,0.065307328605,12676,CHTS,40.004,116.326,92.0,CHTS-0860,2024,6,3,9.0,2024,6,4,9.0,24.0,28203,EC PM2.5,0.07,Micrograms per cubic meter (ug/m3),,0.0653073286052009,,218,AirPhoton SS5i Sampler with BGI cyclone inlet and 25mm stretched Teflon filter,FTIR,Ambient local,,/Users/ahmadjalil/github/aethmodular/research/filter_combine/FilterBased_ChemSpecPM25_CHTS.csv,ec9a6c24308cb050a58472350a75689bc865751b1ac784a2f02e7bd56cedae61,"# File Updated: 2025-07-29
# Data version 3.0
# Site: Beijing, China",CHTS-0860,ChemSpec_218,True,True,both competing concentration values already present in earlier CSV; upstream role unresolved,False,c91542c705254dd7e7e7271bc36789388d225dc3,a6fda4ea34e7c6d5f3c058ccd56e23d36c2afe07fee3dd8ee9072a80eeae197f
15611,CHTS,40.004,116.326,,CHTS-0861,2024-06-06,PM2.5,,,,ChemSpec_218,,,ChemSpec_EC_PM2.5,,3.35,0.0682367149758454,,,ChemSpec,ug/m3,ug/m3,,CHTS-0861,2024-06-06,3.35,0.068236714976,12720,CHTS,40.004,116.326,92.0,CHTS-0861,2024,6,6,9.0,2024,6,7,9.0,24.0,28203,EC PM2.5,3.35,Micrograms per cubic meter (ug/m3),,0.0682367149758454,,218,AirPhoton SS5i Sampler with BGI cyclone inlet and 25mm stretched Teflon filter,FTIR,Ambient local,,/Users/ahmadjalil/github/aethmodular/research/filter_combine/FilterBased_ChemSpecPM25_CHTS.csv,ec9a6c24308cb050a58472350a75689bc865751b1ac784a2f02e7bd56cedae61,"# File Updated: 2025-07-29
# Data version 3.0
# Site: Beijing, China",CHTS-0861,ChemSpec_218,True,True,both competing concentration values already present in earlier CSV; upstream role unresolved,False,c91542c705254dd7e7e7271bc36789388d225dc3,a6fda4ea34e7c6d5f3c058ccd56e23d36c2afe07fee3dd8ee9072a80eeae197f
15612,CHTS,40.004,116.326,,CHTS-0861,2024-06-06,PM2.5,,,,ChemSpec_218,,,ChemSpec_EC_PM2.5,,0.07,0.0682367149758454,,,ChemSpec,ug/m3,ug/m3,,CHTS-0861,2024-06-06,0.07,0.068236714976,12721,CHTS,40.004,116.326,92.0,CHTS-0861,2024,6,6,9.0,2024,6,7,9.0,24.0,28203,EC PM2.5,0.07,Micrograms per cubic meter (ug/m3),,0.0682367149758454,,218,AirPhoton SS5i Sampler with BGI cyclone inlet and 25mm stretched Teflon filter,FTIR,Ambient local,,/Users/ahmadjalil/github/aethmodular/research/filter_combine/FilterBased_ChemSpecPM25_CHTS.csv,ec9a6c24308cb050a58472350a75689bc865751b1ac784a2f02e7bd56cedae61,"# File Updated: 2025-07-29
# Data version 3.0
# Site: Beijing, China",CHTS-0861,ChemSpec_218,True,True,both competing concentration values already present in earlier CSV; upstream role unresolved,False,c91542c705254dd7e7e7271bc36789388d225dc3,a6fda4ea34e7c6d5f3c058ccd56e23d36c2afe07fee3dd8ee9072a80eeae197f
15672,CHTS,40.004,116.326,,CHTS-0862,2024-06-09,PM2.5,,,,ChemSpec_218,,,ChemSpec_EC_PM2.5,,1.32,0.0638888888888888,,,ChemSpec,ug/m3,ug/m3,,CHTS-0862,2024-06-09,1.32,0.063888888889,12765,CHTS,40.004,116.326,92.0,CHTS-0862,2024,6,9,9.0,2024,6,10,9.0,24.0,28203,EC PM2.5,1.32,Micrograms per cubic meter (ug/m3),,0.0638888888888888,,218,AirPhoton SS5i Sampler with BGI cyclone inlet and 25mm stretched Teflon filter,FTIR,Ambient local,,/Users/ahmadjalil/github/aethmodular/research/filter_combine/FilterBased_ChemSpecPM25_CHTS.csv,ec9a6c24308cb050a58472350a75689bc865751b1ac784a2f02e7bd56cedae61,"# File Updated: 2025-07-29
# Data version 3.0
# Site: Beijing, China",CHTS-0862,ChemSpec_218,True,True,both competing concentration values already present in earlier CSV; upstream role unresolved,False,c91542c705254dd7e7e7271bc36789388d225dc3,a6fda4ea34e7c6d5f3c058ccd56e23d36c2afe07fee3dd8ee9072a80eeae197f
15673,CHTS,40.004,116.326,,CHTS-0862,2024-06-09,PM2.5,,,,ChemSpec_218,,,ChemSpec_EC_PM2.5,,0.06,0.0638888888888888,,,ChemSpec,ug/m3,ug/m3,,CHTS-0862,2024-06-09,0.06,0.063888888889,12766,CHTS,40.004,116.326,92.0,CHTS-0862,2024,6,9,9.0,2024,6,10,9.0,24.0,28203,EC PM2.5,0.06,Micrograms per cubic meter (ug/m3),,0.0638888888888888,,218,AirPhoton SS5i Sampler with BGI cyclone inlet and 25mm stretched Teflon filter,FTIR,Ambient local,,/Users/ahmadjalil/github/aethmodular/research/filter_combine/FilterBased_ChemSpecPM25_CHTS.csv,ec9a6c24308cb050a58472350a75689bc865751b1ac784a2f02e7bd56cedae61,"# File Updated: 2025-07-29
# Data version 3.0
# Site: Beijing, China",CHTS-0862,ChemSpec_218,True,True,both competing concentration values already present in earlier CSV; upstream role unresolved,False,c91542c705254dd7e7e7271bc36789388d225dc3,a6fda4ea34e7c6d5f3c058ccd56e23d36c2afe07fee3dd8ee9072a80eeae197f
15732,CHTS,40.004,116.326,,CHTS-0863,2024-06-12,PM2.5,,,,ChemSpec_218,,,ChemSpec_EC_PM2.5,,1.27,0.0638888888888888,,,ChemSpec,ug/m3,ug/m3,,CHTS-0863,2024-06-12,1.27,0.063888888889,12808,CHTS,40.004,116.326,92.0,CHTS-0863,2024,6,12,9.0,2024,6,13,9.0,24.0,28203,EC PM2.5,1.27,Micrograms per cubic meter (ug/m3),,0.0638888888888888,,218,AirPhoton SS5i Sampler with BGI cyclone inlet and 25mm stretched Teflon filter,FTIR,Ambient local,,/Users/ahmadjalil/github/aethmodular/research/filter_combine/FilterBased_ChemSpecPM25_CHTS.csv,ec9a6c24308cb050a58472350a75689bc865751b1ac784a2f02e7bd56cedae61,"# File Updated: 2025-07-29
# Data version 3.0
# Site: Beijing, China",CHTS-0863,ChemSpec_218,True,True,both competing concentration values already present in earlier CSV; upstream role unresolved,False,c91542c705254dd7e7e7271bc36789388d225dc3,a6fda4ea34e7c6d5f3c058ccd56e23d36c2afe07fee3dd8ee9072a80eeae197f
15733,CHTS,40.004,116.326,,CHTS-0863,2024-06-12,PM2.5,,,,ChemSpec_218,,,ChemSpec_EC_PM2.5,,0.06,0.0638888888888888,,,ChemSpec,ug/m3,ug/m3,,CHTS-0863,2024-06-12,0.06,0.063888888889,12809,CHTS,40.004,116.326,92.0,CHTS-0863,2024,6,12,9.0,2024,6,13,9.0,24.0,28203,EC PM2.5,0.06,Micrograms per cubic meter (ug/m3),,0.0638888888888888,,218,AirPhoton SS5i Sampler with BGI cyclone inlet and 25mm stretched Teflon filter,FTIR,Ambient local,,/Users/ahmadjalil/github/aethmodular/research/filter_combine/FilterBased_ChemSpecPM25_CHTS.csv,ec9a6c24308cb050a58472350a75689bc865751b1ac784a2f02e7bd56cedae61,"# File Updated: 2025-07-29
# Data version 3.0
# Site: Beijing, China",CHTS-0863,ChemSpec_218,True,True,both competing concentration values already present in earlier CSV; upstream role unresolved,False,c91542c705254dd7e7e7271bc36789388d225dc3,a6fda4ea34e7c6d5f3c058ccd56e23d36c2afe07fee3dd8ee9072a80eeae197f
15807,CHTS,40.004,116.326,,CHTS-0865,2024-06-15,PM2.5,,,,ChemSpec_218,,,ChemSpec_EC_PM2.5,,1.15,0.0667562724014337,,,ChemSpec,ug/m3,ug/m3,,CHTS-0865,2024-06-15,1.15,0.066756272401,12852,CHTS,40.004,116.326,92.0,CHTS-0865,2024,6,15,9.0,2024,6,16,9.0,24.0,28203,EC PM2.5,1.15,Micrograms per cubic meter (ug/m3),,0.0667562724014337,,218,AirPhoton SS5i Sampler with BGI cyclone inlet and 25mm stretched Teflon filter,FTIR,Ambient local,,/Users/ahmadjalil/github/aethmodular/research/filter_combine/FilterBased_ChemSpecPM25_CHTS.csv,ec9a6c24308cb050a58472350a75689bc865751b1ac784a2f02e7bd56cedae61,"# File Updated: 2025-07-29
# Data version 3.0
# Site: Beijing, China",CHTS-0865,ChemSpec_218,True,True,both competing concentration values already present in earlier CSV; upstream role unresolved,False,c91542c705254dd7e7e7271bc36789388d225dc3,a6fda4ea34e7c6d5f3c058ccd56e23d36c2afe07fee3dd8ee9072a80eeae197f
15808,CHTS,40.004,116.326,,CHTS-0865,2024-06-15,PM2.5,,,,ChemSpec_218,,,ChemSpec_EC_PM2.5,,0.07,0.0667562724014337,,,ChemSpec,ug/m3,ug/m3,,CHTS-0865,2024-06-15,0.07,0.066756272401,12853,CHTS,40.004,116.326,92.0,CHTS-0865,2024,6,15,9.0,2024,6,16,9.0,24.0,28203,EC PM2.5,0.07,Micrograms per cubic meter (ug/m3),,0.0667562724014337,,218,AirPhoton SS5i Sampler with BGI cyclone inlet and 25mm stretched Teflon filter,FTIR,Ambient local,,/Users/ahmadjalil/github/aethmodular/research/filter_combine/FilterBased_ChemSpecPM25_CHTS.csv,ec9a6c24308cb050a58472350a75689bc865751b1ac784a2f02e7bd56cedae61,"# File Updated: 2025-07-29
# Data version 3.0
# Site: Beijing, China",CHTS-0865,ChemSpec_218,True,True,both competing concentration values already present in earlier CSV; upstream role unresolved,False,c91542c705254dd7e7e7271bc36789388d225dc3,a6fda4ea34e7c6d5f3c058ccd56e23d36c2afe07fee3dd8ee9072a80eeae197f
15870,CHTS,40.004,116.326,,CHTS-0866,2024-06-26,PM2.5,,,,ChemSpec_218,,,ChemSpec_EC_PM2.5,,1.93,0.0667562724014337,,,ChemSpec,ug/m3,ug/m3,,CHTS-0866,2024-06-26,1.93,0.066756272401,12897,CHTS,40.004,116.326,92.0,CHTS-0866,2024,6,26,9.0,2024,7,4,9.0,24.0,28203,EC PM2.5,1.93,Micrograms per cubic meter (ug/m3),,0.0667562724014337,,218,AirPhoton SS5i Sampler with BGI cyclone inlet and 25mm stretched Teflon filter,FTIR,Ambient local,,/Users/ahmadjalil/github/aethmodular/research/filter_combine/FilterBased_ChemSpecPM25_CHTS.csv,ec9a6c24308cb050a58472350a75689bc865751b1ac784a2f02e7bd56cedae61,"# File Updated: 2025-07-29
# Data version 3.0
# Site: Beijing, China",CHTS-0866,ChemSpec_218,True,True,both competing concentration values already present in earlier CSV; upstream role unresolved,False,c91542c705254dd7e7e7271bc36789388d225dc3,a6fda4ea34e7c6d5f3c058ccd56e23d36c2afe07fee3dd8ee9072a80eeae197f
15871,CHTS,40.004,116.326,,CHTS-0866,2024-06-26,PM2.5,,,,ChemSpec_218,,,ChemSpec_EC_PM2.5,,0.07,0.0667562724014337,,,ChemSpec,ug/m3,ug/m3,,CHTS-0866,2024-06-26,0.07,0.066756272401,12898,CHTS,40.004,116.326,92.0,CHTS-0866,2024,6,26,9.0,2024,7,4,9.0,24.0,28203,EC PM2.5,0.07,Micrograms per cubic meter (ug/m3),,0.0667562724014337,,218,AirPhoton SS5i Sampler with BGI cyclone inlet and 25mm stretched Teflon filter,FTIR,Ambient local,,/Users/ahmadjalil/github/aethmodular/research/filter_combine/FilterBased_ChemSpecPM25_CHTS.csv,ec9a6c24308cb050a58472350a75689bc865751b1ac784a2f02e7bd56cedae61,"# File Updated: 2025-07-29
# Data version 3.0
# Site: Beijing, China",CHTS-0866,ChemSpec_218,True,True,both competing concentration values already present in earlier CSV; upstream role unresolved,False,c91542c705254dd7e7e7271bc36789388d225dc3,a6fda4ea34e7c6d5f3c058ccd56e23d36c2afe07fee3dd8ee9072a80eeae197f
15934,CHTS,40.004,116.326,,CHTS-0867,2024-07-05,PM2.5,,,,ChemSpec_218,,,ChemSpec_EC_PM2.5,,2.75,0.0667562724014337,,,ChemSpec,ug/m3,ug/m3,,CHTS-0867,2024-07-05,2.75,0.066756272401,12944,CHTS,40.004,116.326,92.0,CHTS-0867,2024,7,5,9.0,2024,7,13,9.0,24.0,28203,EC PM2.5,2.75,Micrograms per cubic meter (ug/m3),,0.0667562724014337,,218,AirPhoton SS5i Sampler with BGI cyclone inlet and 25mm stretched Teflon filter,FTIR,Ambient local,,/Users/ahmadjalil/github/aethmodular/research/filter_combine/FilterBased_ChemSpecPM25_CHTS.csv,ec9a6c24308cb050a58472350a75689bc865751b1ac784a2f02e7bd56cedae61,"# File Updated: 2025-07-29
# Data version 3.0
# Site: Beijing, China",CHTS-0867,ChemSpec_218,True,True,both competing concentration values already present in earlier CSV; upstream role unresolved,False,c91542c705254dd7e7e7271bc36789388d225dc3,a6fda4ea34e7c6d5f3c058ccd56e23d36c2afe07fee3dd8ee9072a80eeae197f
15935,CHTS,40.004,116.326,,CHTS-0867,2024-07-05,PM2.5,,,,ChemSpec_218,,,ChemSpec_EC_PM2.5,,0.07,0.0667562724014337,,,ChemSpec,ug/m3,ug/m3,,CHTS-0867,2024-07-05,0.07,0.066756272401,12945,CHTS,40.004,116.326,92.0,CHTS-0867,2024,7,5,9.0,2024,7,13,9.0,24.0,28203,EC PM2.5,0.07,Micrograms per cubic meter (ug/m3),,0.0667562724014337,,218,AirPhoton SS5i Sampler with BGI cyclone inlet and 25mm stretched Teflon filter,FTIR,Ambient local,,/Users/ahmadjalil/github/aethmodular/research/filter_combine/FilterBased_ChemSpecPM25_CHTS.csv,ec9a6c24308cb050a58472350a75689bc865751b1ac784a2f02e7bd56cedae61,"# File Updated: 2025-07-29
# Data version 3.0
# Site: Beijing, China",CHTS-0867,ChemSpec_218,True,True,both competing concentration values already present in earlier CSV; upstream role unresolved,False,c91542c705254dd7e7e7271bc36789388d225dc3,a6fda4ea34e7c6d5f3c058ccd56e23d36c2afe07fee3dd8ee9072a80eeae197f
15998,CHTS,40.004,116.326,,CHTS-0868,2024-07-14,PM2.5,,,,ChemSpec_218,,,ChemSpec_EC_PM2.5,,1.52,0.0667562724014337,,,ChemSpec,ug/m3,ug/m3,,CHTS-0868,2024-07-14,1.52,0.066756272401,12991,CHTS,40.004,116.326,92.0,CHTS-0868,2024,7,14,9.0,2024,7,22,9.0,24.0,28203,EC PM2.5,1.52,Micrograms per cubic meter (ug/m3),,0.0667562724014337,,218,AirPhoton SS5i Sampler with BGI cyclone inlet and 25mm stretched Teflon filter,FTIR,Ambient local,,/Users/ahmadjalil/github/aethmodular/research/filter_combine/FilterBased_ChemSpecPM25_CHTS.csv,ec9a6c24308cb050a58472350a75689bc865751b1ac784a2f02e7bd56cedae61,"# File Updated: 2025-07-29
# Data version 3.0
# Site: Beijing, China",CHTS-0868,ChemSpec_218,True,True,both competing concentration values already present in earlier CSV; upstream role unresolved,False,c91542c705254dd7e7e7271bc36789388d225dc3,a6fda4ea34e7c6d5f3c058ccd56e23d36c2afe07fee3dd8ee9072a80eeae197f
15999,CHTS,40.004,116.326,,CHTS-0868,2024-07-14,PM2.5,,,,ChemSpec_218,,,ChemSpec_EC_PM2.5,,0.07,0.0667562724014337,,,ChemSpec,ug/m3,ug/m3,,CHTS-0868,2024-07-14,0.07,0.066756272401,12992,CHTS,40.004,116.326,92.0,CHTS-0868,2024,7,14,9.0,2024,7,22,9.0,24.0,28203,EC PM2.5,0.07,Micrograms per cubic meter (ug/m3),,0.0667562724014337,,218,AirPhoton SS5i Sampler with BGI cyclone inlet and 25mm stretched Teflon filter,FTIR,Ambient local,,/Users/ahmadjalil/github/aethmodular/research/filter_combine/FilterBased_ChemSpecPM25_CHTS.csv,ec9a6c24308cb050a58472350a75689bc865751b1ac784a2f02e7bd56cedae61,"# File Updated: 2025-07-29
# Data version 3.0
# Site: Beijing, China",CHTS-0868,ChemSpec_218,True,True,both competing concentration values already present in earlier CSV; upstream role unresolved,False,c91542c705254dd7e7e7271bc36789388d225dc3,a6fda4ea34e7c6d5f3c058ccd56e23d36c2afe07fee3dd8ee9072a80eeae197f
16062,CHTS,40.004,116.326,,CHTS-0869,2024-07-23,PM2.5,,,,ChemSpec_218,,,ChemSpec_EC_PM2.5,,1.26,0.0682367149758454,,,ChemSpec,ug/m3,ug/m3,,CHTS-0869,2024-07-23,1.26,0.068236714976,13038,CHTS,40.004,116.326,92.0,CHTS-0869,2024,7,23,9.0,2024,7,31,9.0,24.0,28203,EC PM2.5,1.26,Micrograms per cubic meter (ug/m3),,0.0682367149758454,,218,AirPhoton SS5i Sampler with BGI cyclone inlet and 25mm stretched Teflon filter,FTIR,Ambient local,,/Users/ahmadjalil/github/aethmodular/research/filter_combine/FilterBased_ChemSpecPM25_CHTS.csv,ec9a6c24308cb050a58472350a75689bc865751b1ac784a2f02e7bd56cedae61,"# File Updated: 2025-07-29
# Data version 3.0
# Site: Beijing, China",CHTS-0869,ChemSpec_218,True,True,both competing concentration values already present in earlier CSV; upstream role unresolved,False,c91542c705254dd7e7e7271bc36789388d225dc3,a6fda4ea34e7c6d5f3c058ccd56e23d36c2afe07fee3dd8ee9072a80eeae197f
16063,CHTS,40.004,116.326,,CHTS-0869,2024-07-23,PM2.5,,,,ChemSpec_218,,,ChemSpec_EC_PM2.5,,0.07,0.0682367149758454,,,ChemSpec,ug/m3,ug/m3,,CHTS-0869,2024-07-23,0.07,0.068236714976,13039,CHTS,40.004,116.326,92.0,CHTS-0869,2024,7,23,9.0,2024,7,31,9.0,24.0,28203,EC PM2.5,0.07,Micrograms per cubic meter (ug/m3),,0.0682367149758454,,218,AirPhoton SS5i Sampler with BGI cyclone inlet and 25mm stretched Teflon filter,FTIR,Ambient local,,/Users/ahmadjalil/github/aethmodular/research/filter_combine/FilterBased_ChemSpecPM25_CHTS.csv,ec9a6c24308cb050a58472350a75689bc865751b1ac784a2f02e7bd56cedae61,"# File Updated: 2025-07-29
# Data version 3.0
# Site: Beijing, China",CHTS-0869,ChemSpec_218,True,True,both competing concentration values already present in earlier CSV; upstream role unresolved,False,c91542c705254dd7e7e7271bc36789388d225dc3,a6fda4ea34e7c6d5f3c058ccd56e23d36c2afe07fee3dd8ee9072a80eeae197f
16126,CHTS,40.004,116.326,,CHTS-0870,2024-08-01,PM2.5,,,,ChemSpec_218,,,ChemSpec_EC_PM2.5,,1.5,0.0697496947496947,,,ChemSpec,ug/m3,ug/m3,,CHTS-0870,2024-08-01,1.5,0.06974969475,13085,CHTS,40.004,116.326,92.0,CHTS-0870,2024,8,1,9.0,2024,8,9,9.0,24.0,28203,EC PM2.5,1.5,Micrograms per cubic meter (ug/m3),,0.0697496947496947,,218,AirPhoton SS5i Sampler with BGI cyclone inlet and 25mm stretched Teflon filter,FTIR,Ambient local,,/Users/ahmadjalil/github/aethmodular/research/filter_combine/FilterBased_ChemSpecPM25_CHTS.csv,ec9a6c24308cb050a58472350a75689bc865751b1ac784a2f02e7bd56cedae61,"# File Updated: 2025-07-29
# Data version 3.0
# Site: Beijing, China",CHTS-0870,ChemSpec_218,True,True,both competing concentration values already present in earlier CSV; upstream role unresolved,False,c91542c705254dd7e7e7271bc36789388d225dc3,a6fda4ea34e7c6d5f3c058ccd56e23d36c2afe07fee3dd8ee9072a80eeae197f
16127,CHTS,40.004,116.326,,CHTS-0870,2024-08-01,PM2.5,,,,ChemSpec_218,,,ChemSpec_EC_PM2.5,,0.07,0.0697496947496947,,,ChemSpec,ug/m3,ug/m3,,CHTS-0870,2024-08-01,0.07,0.06974969475,13086,CHTS,40.004,116.326,92.0,CHTS-0870,2024,8,1,9.0,2024,8,9,9.0,24.0,28203,EC PM2.5,0.07,Micrograms per cubic meter (ug/m3),,0.0697496947496947,,218,AirPhoton SS5i Sampler with BGI cyclone inlet and 25mm stretched Teflon filter,FTIR,Ambient local,,/Users/ahmadjalil/github/aethmodular/research/filter_combine/FilterBased_ChemSpecPM25_CHTS.csv,ec9a6c24308cb050a58472350a75689bc865751b1ac784a2f02e7bd56cedae61,"# File Updated: 2025-07-29
# Data version 3.0
# Site: Beijing, China",CHTS-0870,ChemSpec_218,True,True,both competing concentration values already present in earlier CSV; upstream role unresolved,False,c91542c705254dd7e7e7271bc36789388d225dc3,a6fda4ea34e7c6d5f3c058ccd56e23d36c2afe07fee3dd8ee9072a80eeae197f
16189,CHTS,40.004,116.326,,CHTS-0871,2024-08-10,PM2.5,,,,ChemSpec_218,,,ChemSpec_EC_PM2.5,,0.97,0.0667562724014337,,,ChemSpec,ug/m3,ug/m3,,CHTS-0871,2024-08-10,0.97,0.066756272401,13131,CHTS,40.004,116.326,92.0,CHTS-0871,2024,8,10,9.0,2024,8,18,9.0,24.0,28203,EC PM2.5,0.97,Micrograms per cubic meter (ug/m3),,0.0667562724014337,,218,AirPhoton SS5i Sampler with BGI cyclone inlet and 25mm stretched Teflon filter,FTIR,Ambient local,,/Users/ahmadjalil/github/aethmodular/research/filter_combine/FilterBased_ChemSpecPM25_CHTS.csv,ec9a6c24308cb050a58472350a75689bc865751b1ac784a2f02e7bd56cedae61,"# File Updated: 2025-07-29
# Data version 3.0
# Site: Beijing, China",CHTS-0871,ChemSpec_218,True,True,both competing concentration values already present in earlier CSV; upstream role unresolved,False,c91542c705254dd7e7e7271bc36789388d225dc3,a6fda4ea34e7c6d5f3c058ccd56e23d36c2afe07fee3dd8ee9072a80eeae197f
16190,CHTS,40.004,116.326,,CHTS-0871,2024-08-10,PM2.5,,,,ChemSpec_218,,,ChemSpec_EC_PM2.5,,0.07,0.0667562724014337,,,ChemSpec,ug/m3,ug/m3,,CHTS-0871,2024-08-10,0.07,0.066756272401,13132,CHTS,40.004,116.326,92.0,CHTS-0871,2024,8,10,9.0,2024,8,18,9.0,24.0,28203,EC PM2.5,0.07,Micrograms per cubic meter (ug/m3),,0.0667562724014337,,218,AirPhoton SS5i Sampler with BGI cyclone inlet and 25mm stretched Teflon filter,FTIR,Ambient local,,/Users/ahmadjalil/github/aethmodular/research/filter_combine/FilterBased_ChemSpecPM25_CHTS.csv,ec9a6c24308cb050a58472350a75689bc865751b1ac784a2f02e7bd56cedae61,"# File Updated: 2025-07-29
# Data version 3.0
# Site: Beijing, China",CHTS-0871,ChemSpec_218,True,True,both competing concentration values already present in earlier CSV; upstream role unresolved,False,c91542c705254dd7e7e7271bc36789388d225dc3,a6fda4ea34e7c6d5f3c058ccd56e23d36c2afe07fee3dd8ee9072a80eeae197f
16284,CHTS,40.004,116.326,,CHTS-0874,2024-08-22,PM2.5,,,,ChemSpec_218,,,ChemSpec_EC_PM2.5,,1.45,0.0744949494949494,,,ChemSpec,ug/m3,ug/m3,,CHTS-0874,2024-08-22,1.45,0.074494949495,13179,CHTS,40.004,116.326,92.0,CHTS-0874,2024,8,22,9.0,2024,8,30,9.0,24.0,28203,EC PM2.5,1.45,Micrograms per cubic meter (ug/m3),,0.0744949494949494,,218,AirPhoton SS5i Sampler with BGI cyclone inlet and 25mm stretched Teflon filter,FTIR,Ambient local,,/Users/ahmadjalil/github/aethmodular/research/filter_combine/FilterBased_ChemSpecPM25_CHTS.csv,ec9a6c24308cb050a58472350a75689bc865751b1ac784a2f02e7bd56cedae61,"# File Updated: 2025-07-29
# Data version 3.0
# Site: Beijing, China",CHTS-0874,ChemSpec_218,True,True,both competing concentration values already present in earlier CSV; upstream role unresolved,False,c91542c705254dd7e7e7271bc36789388d225dc3,a6fda4ea34e7c6d5f3c058ccd56e23d36c2afe07fee3dd8ee9072a80eeae197f
16285,CHTS,40.004,116.326,,CHTS-0874,2024-08-22,PM2.5,,,,ChemSpec_218,,,ChemSpec_EC_PM2.5,,0.07,0.0744949494949494,,,ChemSpec,ug/m3,ug/m3,,CHTS-0874,2024-08-22,0.07,0.074494949495,13180,CHTS,40.004,116.326,92.0,CHTS-0874,2024,8,22,9.0,2024,8,30,9.0,24.0,28203,EC PM2.5,0.07,Micrograms per cubic meter (ug/m3),,0.0744949494949494,,218,AirPhoton SS5i Sampler with BGI cyclone inlet and 25mm stretched Teflon filter,FTIR,Ambient local,,/Users/ahmadjalil/github/aethmodular/research/filter_combine/FilterBased_ChemSpecPM25_CHTS.csv,ec9a6c24308cb050a58472350a75689bc865751b1ac784a2f02e7bd56cedae61,"# File Updated: 2025-07-29
# Data version 3.0
# Site: Beijing, China",CHTS-0874,ChemSpec_218,True,True,both competing concentration values already present in earlier CSV; upstream role unresolved,False,c91542c705254dd7e7e7271bc36789388d225dc3,a6fda4ea34e7c6d5f3c058ccd56e23d36c2afe07fee3dd8ee9072a80eeae197f
16348,CHTS,40.004,116.326,,CHTS-0875,2024-08-31,PM2.5,,,,ChemSpec_218,,,ChemSpec_EC_PM2.5,,1.44,0.0744949494949494,,,ChemSpec,ug/m3,ug/m3,,CHTS-0875,2024-08-31,1.44,0.074494949495,13226,CHTS,40.004,116.326,92.0,CHTS-0875,2024,8,31,9.0,2024,9,8,9.0,24.0,28203,EC PM2.5,1.44,Micrograms per cubic meter (ug/m3),,0.0744949494949494,,218,AirPhoton SS5i Sampler with BGI cyclone inlet and 25mm stretched Teflon filter,FTIR,Ambient local,,/Users/ahmadjalil/github/aethmodular/research/filter_combine/FilterBased_ChemSpecPM25_CHTS.csv,ec9a6c24308cb050a58472350a75689bc865751b1ac784a2f02e7bd56cedae61,"# File Updated: 2025-07-29
# Data version 3.0
# Site: Beijing, China",CHTS-0875,ChemSpec_218,True,True,both competing concentration values already present in earlier CSV; upstream role unresolved,False,c91542c705254dd7e7e7271bc36789388d225dc3,a6fda4ea34e7c6d5f3c058ccd56e23d36c2afe07fee3dd8ee9072a80eeae197f
16349,CHTS,40.004,116.326,,CHTS-0875,2024-08-31,PM2.5,,,,ChemSpec_218,,,ChemSpec_EC_PM2.5,,0.07,0.0744949494949494,,,ChemSpec,ug/m3,ug/m3,,CHTS-0875,2024-08-31,0.07,0.074494949495,13227,CHTS,40.004,116.326,92.0,CHTS-0875,2024,8,31,9.0,2024,9,8,9.0,24.0,28203,EC PM2.5,0.07,Micrograms per cubic meter (ug/m3),,0.0744949494949494,,218,AirPhoton SS5i Sampler with BGI cyclone inlet and 25mm stretched Teflon filter,FTIR,Ambient local,,/Users/ahmadjalil/github/aethmodular/research/filter_combine/FilterBased_ChemSpecPM25_CHTS.csv,ec9a6c24308cb050a58472350a75689bc865751b1ac784a2f02e7bd56cedae61,"# File Updated: 2025-07-29
# Data version 3.0
# Site: Beijing, China",CHTS-0875,ChemSpec_218,True,True,both competing concentration values already present in earlier CSV; upstream role unresolved,False,c91542c705254dd7e7e7271bc36789388d225dc3,a6fda4ea34e7c6d5f3c058ccd56e23d36c2afe07fee3dd8ee9072a80eeae197f
16413,CHTS,40.004,116.326,,CHTS-0876,2024-09-09,PM2.5,,,,ChemSpec_218,,,ChemSpec_EC_PM2.5,,1.18,0.0744949494949494,,,ChemSpec,ug/m3,ug/m3,,CHTS-0876,2024-09-09,1.18,0.074494949495,13274,CHTS,40.004,116.326,92.0,CHTS-0876,2024,9,9,9.0,2024,9,17,9.0,24.0,28203,EC PM2.5,1.18,Micrograms per cubic meter (ug/m3),,0.0744949494949494,,218,AirPhoton SS5i Sampler with BGI cyclone inlet and 25mm stretched Teflon filter,FTIR,Ambient local,,/Users/ahmadjalil/github/aethmodular/research/filter_combine/FilterBased_ChemSpecPM25_CHTS.csv,ec9a6c24308cb050a58472350a75689bc865751b1ac784a2f02e7bd56cedae61,"# File Updated: 2025-07-29
# Data version 3.0
# Site: Beijing, China",CHTS-0876,ChemSpec_218,True,True,both competing concentration values already present in earlier CSV; upstream role unresolved,False,c91542c705254dd7e7e7271bc36789388d225dc3,a6fda4ea34e7c6d5f3c058ccd56e23d36c2afe07fee3dd8ee9072a80eeae197f
16414,CHTS,40.004,116.326,,CHTS-0876,2024-09-09,PM2.5,,,,ChemSpec_218,,,ChemSpec_EC_PM2.5,,0.07,0.0744949494949494,,,ChemSpec,ug/m3,ug/m3,,CHTS-0876,2024-09-09,0.07,0.074494949495,13275,CHTS,40.004,116.326,92.0,CHTS-0876,2024,9,9,9.0,2024,9,17,9.0,24.0,28203,EC PM2.5,0.07,Micrograms per cubic meter (ug/m3),,0.0744949494949494,,218,AirPhoton SS5i Sampler with BGI cyclone inlet and 25mm stretched Teflon filter,FTIR,Ambient local,,/Users/ahmadjalil/github/aethmodular/research/filter_combine/FilterBased_ChemSpecPM25_CHTS.csv,ec9a6c24308cb050a58472350a75689bc865751b1ac784a2f02e7bd56cedae61,"# File Updated: 2025-07-29
# Data version 3.0
# Site: Beijing, China",CHTS-0876,ChemSpec_218,True,True,both competing concentration values already present in earlier CSV; upstream role unresolved,False,c91542c705254dd7e7e7271bc36789388d225dc3,a6fda4ea34e7c6d5f3c058ccd56e23d36c2afe07fee3dd8ee9072a80eeae197f
16477,CHTS,40.004,116.326,,CHTS-0877,2024-09-18,PM2.5,,,,ChemSpec_218,,,ChemSpec_EC_PM2.5,,1.83,0.076309067688378,,,ChemSpec,ug/m3,ug/m3,,CHTS-0877,2024-09-18,1.83,0.076309067688,13321,CHTS,40.004,116.326,92.0,CHTS-0877,2024,9,18,9.0,2024,9,26,9.0,24.0,28203,EC PM2.5,1.83,Micrograms per cubic meter (ug/m3),,0.076309067688378,,218,AirPhoton SS5i Sampler with BGI cyclone inlet and 25mm stretched Teflon filter,FTIR,Ambient local,,/Users/ahmadjalil/github/aethmodular/research/filter_combine/FilterBased_ChemSpecPM25_CHTS.csv,ec9a6c24308cb050a58472350a75689bc865751b1ac784a2f02e7bd56cedae61,"# File Updated: 2025-07-29
# Data version 3.0
# Site: Beijing, China",CHTS-0877,ChemSpec_218,True,True,both competing concentration values already present in earlier CSV; upstream role unresolved,False,c91542c705254dd7e7e7271bc36789388d225dc3,a6fda4ea34e7c6d5f3c058ccd56e23d36c2afe07fee3dd8ee9072a80eeae197f
16478,CHTS,40.004,116.326,,CHTS-0877,2024-09-18,PM2.5,,,,ChemSpec_218,,,ChemSpec_EC_PM2.5,,0.08,0.076309067688378,,,ChemSpec,ug/m3,ug/m3,,CHTS-0877,2024-09-18,0.08,0.076309067688,13322,CHTS,40.004,116.326,92.0,CHTS-0877,2024,9,18,9.0,2024,9,26,9.0,24.0,28203,EC PM2.5,0.08,Micrograms per cubic meter (ug/m3),,0.076309067688378,,218,AirPhoton SS5i Sampler with BGI cyclone inlet and 25mm stretched Teflon filter,FTIR,Ambient local,,/Users/ahmadjalil/github/aethmodular/research/filter_combine/FilterBased_ChemSpecPM25_CHTS.csv,ec9a6c24308cb050a58472350a75689bc865751b1ac784a2f02e7bd56cedae61,"# File Updated: 2025-07-29
# Data version 3.0
# Site: Beijing, China",CHTS-0877,ChemSpec_218,True,True,both competing concentration values already present in earlier CSV; upstream role unresolved,False,c91542c705254dd7e7e7271bc36789388d225dc3,a6fda4ea34e7c6d5f3c058ccd56e23d36c2afe07fee3dd8ee9072a80eeae197f
16542,CHTS,40.004,116.326,,CHTS-0878,2024-09-27,PM2.5,,,,ChemSpec_218,,,ChemSpec_EC_PM2.5,,2.16,0.076309067688378,,,ChemSpec,ug/m3,ug/m3,,CHTS-0878,2024-09-27,2.16,0.076309067688,13369,CHTS,40.004,116.326,92.0,CHTS-0878,2024,9,27,9.0,2024,10,5,9.0,24.0,28203,EC PM2.5,2.16,Micrograms per cubic meter (ug/m3),,0.076309067688378,,218,AirPhoton SS5i Sampler with BGI cyclone inlet and 25mm stretched Teflon filter,FTIR,Ambient local,,/Users/ahmadjalil/github/aethmodular/research/filter_combine/FilterBased_ChemSpecPM25_CHTS.csv,ec9a6c24308cb050a58472350a75689bc865751b1ac784a2f02e7bd56cedae61,"# File Updated: 2025-07-29
# Data version 3.0
# Site: Beijing, China",CHTS-0878,ChemSpec_218,True,True,both competing concentration values already present in earlier CSV; upstream role unresolved,False,c91542c705254dd7e7e7271bc36789388d225dc3,a6fda4ea34e7c6d5f3c058ccd56e23d36c2afe07fee3dd8ee9072a80eeae197f
16543,CHTS,40.004,116.326,,CHTS-0878,2024-09-27,PM2.5,,,,ChemSpec_218,,,ChemSpec_EC_PM2.5,,0.08,0.076309067688378,,,ChemSpec,ug/m3,ug/m3,,CHTS-0878,2024-09-27,0.08,0.076309067688,13370,CHTS,40.004,116.326,92.0,CHTS-0878,2024,9,27,9.0,2024,10,5,9.0,24.0,28203,EC PM2.5,0.08,Micrograms per cubic meter (ug/m3),,0.076309067688378,,218,AirPhoton SS5i Sampler with BGI cyclone inlet and 25mm stretched Teflon filter,FTIR,Ambient local,,/Users/ahmadjalil/github/aethmodular/research/filter_combine/FilterBased_ChemSpecPM25_CHTS.csv,ec9a6c24308cb050a58472350a75689bc865751b1ac784a2f02e7bd56cedae61,"# File Updated: 2025-07-29
# Data version 3.0
# Site: Beijing, China",CHTS-0878,ChemSpec_218,True,True,both competing concentration values already present in earlier CSV; upstream role unresolved,False,c91542c705254dd7e7e7271bc36789388d225dc3,a6fda4ea34e7c6d5f3c058ccd56e23d36c2afe07fee3dd8ee9072a80eeae197f
16606,CHTS,40.004,116.326,,CHTS-0879,2024-10-06,PM2.5,,,,ChemSpec_218,,,ChemSpec_EC_PM2.5,,3.05,0.076309067688378,,,ChemSpec,ug/m3,ug/m3,,CHTS-0879,2024-10-06,3.05,0.076309067688,13416,CHTS,40.004,116.326,92.0,CHTS-0879,2024,10,6,9.0,2024,10,14,9.0,24.0,28203,EC PM2.5,3.05,Micrograms per cubic meter (ug/m3),,0.076309067688378,,218,AirPhoton SS5i Sampler with BGI cyclone inlet and 25mm stretched Teflon filter,FTIR,Ambient local,,/Users/ahmadjalil/github/aethmodular/research/filter_combine/FilterBased_ChemSpecPM25_CHTS.csv,ec9a6c24308cb050a58472350a75689bc865751b1ac784a2f02e7bd56cedae61,"# File Updated: 2025-07-29
# Data version 3.0
# Site: Beijing, China",CHTS-0879,ChemSpec_218,True,True,both competing concentration values already present in earlier CSV; upstream role unresolved,False,c91542c705254dd7e7e7271bc36789388d225dc3,a6fda4ea34e7c6d5f3c058ccd56e23d36c2afe07fee3dd8ee9072a80eeae197f
16607,CHTS,40.004,116.326,,CHTS-0879,2024-10-06,PM2.5,,,,ChemSpec_218,,,ChemSpec_EC_PM2.5,,0.08,0.076309067688378,,,ChemSpec,ug/m3,ug/m3,,CHTS-0879,2024-10-06,0.08,0.076309067688,13417,CHTS,40.004,116.326,92.0,CHTS-0879,2024,10,6,9.0,2024,10,14,9.0,24.0,28203,EC PM2.5,0.08,Micrograms per cubic meter (ug/m3),,0.076309067688378,,218,AirPhoton SS5i Sampler with BGI cyclone inlet and 25mm stretched Teflon filter,FTIR,Ambient local,,/Users/ahmadjalil/github/aethmodular/research/filter_combine/FilterBased_ChemSpecPM25_CHTS.csv,ec9a6c24308cb050a58472350a75689bc865751b1ac784a2f02e7bd56cedae61,"# File Updated: 2025-07-29
# Data version 3.0
# Site: Beijing, China",CHTS-0879,ChemSpec_218,True,True,both competing concentration values already present in earlier CSV; upstream role unresolved,False,c91542c705254dd7e7e7271bc36789388d225dc3,a6fda4ea34e7c6d5f3c058ccd56e23d36c2afe07fee3dd8ee9072a80eeae197f
17200,ETAD,9.0106,38.8207,,ETAD-0017,2022-12-07,PM2.5,,,,ChemSpec_218,,,ChemSpec_EC_PM2.5,,2.55,0.0685971324149564,,SGP,ChemSpec,ug/m3,ug/m3,,ETAD-0017,2022-12-07,2.55,0.068597132415,36,ETAD,9.0106,38.8207,2370.0,ETAD-0017,2022,12,7,9.0,2022,12,8,9.0,24.0,28203,EC PM2.5,2.55,Micrograms per cubic meter (ug/m3),,0.0685971324149564,,218,AirPhoton SS5i Sampler with BGI cyclone inlet and 25mm stretched Teflon filter,FTIR,Ambient local,SGP,/Users/ahmadjalil/github/aethmodular/research/filter_combine/FilterBased_ChemSpecPM25_ETAD.csv,a9f87a16ca07030aaeaf3b0d67c1c5fe3f0d209c34a3a51b365e6a8724f33020,"# File Updated: 2025-07-29
# Data version 3.0
# Site: Addis Ababa, Ethiopia",ETAD-0017,ChemSpec_218,True,True,both competing concentration values already present in earlier CSV; upstream role unresolved,False,c91542c705254dd7e7e7271bc36789388d225dc3,a6fda4ea34e7c6d5f3c058ccd56e23d36c2afe07fee3dd8ee9072a80eeae197f
17201,ETAD,9.0106,38.8207,,ETAD-0017,2022-12-07,PM2.5,,,,ChemSpec_218,,,ChemSpec_EC_PM2.5,,0.07,0.0685971324149564,,SGP,ChemSpec,ug/m3,ug/m3,,ETAD-0017,2022-12-07,0.07,0.068597132415,37,ETAD,9.0106,38.8207,2370.0,ETAD-0017,2022,12,7,9.0,2022,12,8,9.0,24.0,28203,EC PM2.5,0.07,Micrograms per cubic meter (ug/m3),,0.0685971324149564,,218,AirPhoton SS5i Sampler with BGI cyclone inlet and 25mm stretched Teflon filter,FTIR,Ambient local,SGP,/Users/ahmadjalil/github/aethmodular/research/filter_combine/FilterBased_ChemSpecPM25_ETAD.csv,a9f87a16ca07030aaeaf3b0d67c1c5fe3f0d209c34a3a51b365e6a8724f33020,"# File Updated: 2025-07-29
# Data version 3.0
# Site: Addis Ababa, Ethiopia",ETAD-0017,ChemSpec_218,True,True,both competing concentration values already present in earlier CSV; upstream role unresolved,False,c91542c705254dd7e7e7271bc36789388d225dc3,a6fda4ea34e7c6d5f3c058ccd56e23d36c2afe07fee3dd8ee9072a80eeae197f
17258,ETAD,9.0106,38.8207,,ETAD-0018,2022-12-10,PM2.5,,,,ChemSpec_218,,,ChemSpec_EC_PM2.5,,2.78,0.0685971324149564,,SGP,ChemSpec,ug/m3,ug/m3,,ETAD-0018,2022-12-10,2.78,0.068597132415,76,ETAD,9.0106,38.8207,2370.0,ETAD-0018,2022,12,10,9.0,2022,12,11,9.0,24.0,28203,EC PM2.5,2.78,Micrograms per cubic meter (ug/m3),,0.0685971324149564,,218,AirPhoton SS5i Sampler with BGI cyclone inlet and 25mm stretched Teflon filter,FTIR,Ambient local,SGP,/Users/ahmadjalil/github/aethmodular/research/filter_combine/FilterBased_ChemSpecPM25_ETAD.csv,a9f87a16ca07030aaeaf3b0d67c1c5fe3f0d209c34a3a51b365e6a8724f33020,"# File Updated: 2025-07-29
# Data version 3.0
# Site: Addis Ababa, Ethiopia",ETAD-0018,ChemSpec_218,True,True,both competing concentration values already present in earlier CSV; upstream role unresolved,False,c91542c705254dd7e7e7271bc36789388d225dc3,a6fda4ea34e7c6d5f3c058ccd56e23d36c2afe07fee3dd8ee9072a80eeae197f
17259,ETAD,9.0106,38.8207,,ETAD-0018,2022-12-10,PM2.5,,,,ChemSpec_218,,,ChemSpec_EC_PM2.5,,0.07,0.0685971324149564,,SGP,ChemSpec,ug/m3,ug/m3,,ETAD-0018,2022-12-10,0.07,0.068597132415,77,ETAD,9.0106,38.8207,2370.0,ETAD-0018,2022,12,10,9.0,2022,12,11,9.0,24.0,28203,EC PM2.5,0.07,Micrograms per cubic meter (ug/m3),,0.0685971324149564,,218,AirPhoton SS5i Sampler with BGI cyclone inlet and 25mm stretched Teflon filter,FTIR,Ambient local,SGP,/Users/ahmadjalil/github/aethmodular/research/filter_combine/FilterBased_ChemSpecPM25_ETAD.csv,a9f87a16ca07030aaeaf3b0d67c1c5fe3f0d209c34a3a51b365e6a8724f33020,"# File Updated: 2025-07-29
# Data version 3.0
# Site: Addis Ababa, Ethiopia",ETAD-0018,ChemSpec_218,True,True,both competing concentration values already present in earlier CSV; upstream role unresolved,False,c91542c705254dd7e7e7271bc36789388d225dc3,a6fda4ea34e7c6d5f3c058ccd56e23d36c2afe07fee3dd8ee9072a80eeae197f
17315,ETAD,9.0106,38.8207,,ETAD-0019,2022-12-13,PM2.5,,,,ChemSpec_218,,,ChemSpec_EC_PM2.5,,3.05,0.0685971324149564,,SGP,ChemSpec,ug/m3,ug/m3,,ETAD-0019,2022-12-13,3.05,0.068597132415,117,ETAD,9.0106,38.8207,2370.0,ETAD-0019,2022,12,13,9.0,2022,12,14,9.0,24.0,28203,EC PM2.5,3.05,Micrograms per cubic meter (ug/m3),,0.0685971324149564,,218,AirPhoton SS5i Sampler with BGI cyclone inlet and 25mm stretched Teflon filter,FTIR,Ambient local,SGP,/Users/ahmadjalil/github/aethmodular/research/filter_combine/FilterBased_ChemSpecPM25_ETAD.csv,a9f87a16ca07030aaeaf3b0d67c1c5fe3f0d209c34a3a51b365e6a8724f33020,"# File Updated: 2025-07-29
# Data version 3.0
# Site: Addis Ababa, Ethiopia",ETAD-0019,ChemSpec_218,True,True,both competing concentration values already present in earlier CSV; upstream role unresolved,False,c91542c705254dd7e7e7271bc36789388d225dc3,a6fda4ea34e7c6d5f3c058ccd56e23d36c2afe07fee3dd8ee9072a80eeae197f
17316,ETAD,9.0106,38.8207,,ETAD-0019,2022-12-13,PM2.5,,,,ChemSpec_218,,,ChemSpec_EC_PM2.5,,0.07,0.0685971324149564,,SGP,ChemSpec,ug/m3,ug/m3,,ETAD-0019,2022-12-13,0.07,0.068597132415,118,ETAD,9.0106,38.8207,2370.0,ETAD-0019,2022,12,13,9.0,2022,12,14,9.0,24.0,28203,EC PM2.5,0.07,Micrograms per cubic meter (ug/m3),,0.0685971324149564,,218,AirPhoton SS5i Sampler with BGI cyclone inlet and 25mm stretched Teflon filter,FTIR,Ambient local,SGP,/Users/ahmadjalil/github/aethmodular/research/filter_combine/FilterBased_ChemSpecPM25_ETAD.csv,a9f87a16ca07030aaeaf3b0d67c1c5fe3f0d209c34a3a51b365e6a8724f33020,"# File Updated: 2025-07-29
# Data version 3.0
# Site: Addis Ababa, Ethiopia",ETAD-0019,ChemSpec_218,True,True,both competing concentration values already present in earlier CSV; upstream role unresolved,False,c91542c705254dd7e7e7271bc36789388d225dc3,a6fda4ea34e7c6d5f3c058ccd56e23d36c2afe07fee3dd8ee9072a80eeae197f
17373,ETAD,9.0106,38.8207,,ETAD-0020,2022-12-16,PM2.5,,,,ChemSpec_218,,,ChemSpec_EC_PM2.5,,3.04,0.0685971324149564,,SGP,ChemSpec,ug/m3,ug/m3,,ETAD-0020,2022-12-16,3.04,0.068597132415,158,ETAD,9.0106,38.8207,2370.0,ETAD-0020,2022,12,16,9.0,2022,12,17,9.0,24.0,28203,EC PM2.5,3.04,Micrograms per cubic meter (ug/m3),,0.0685971324149564,,218,AirPhoton SS5i Sampler with BGI cyclone inlet and 25mm stretched Teflon filter,FTIR,Ambient local,SGP,/Users/ahmadjalil/github/aethmodular/research/filter_combine/FilterBased_ChemSpecPM25_ETAD.csv,a9f87a16ca07030aaeaf3b0d67c1c5fe3f0d209c34a3a51b365e6a8724f33020,"# File Updated: 2025-07-29
# Data version 3.0
# Site: Addis Ababa, Ethiopia",ETAD-0020,ChemSpec_218,True,True,both competing concentration values already present in earlier CSV; upstream role unresolved,False,c91542c705254dd7e7e7271bc36789388d225dc3,a6fda4ea34e7c6d5f3c058ccd56e23d36c2afe07fee3dd8ee9072a80eeae197f
17374,ETAD,9.0106,38.8207,,ETAD-0020,2022-12-16,PM2.5,,,,ChemSpec_218,,,ChemSpec_EC_PM2.5,,0.07,0.0685971324149564,,SGP,ChemSpec,ug/m3,ug/m3,,ETAD-0020,2022-12-16,0.07,0.068597132415,159,ETAD,9.0106,38.8207,2370.0,ETAD-0020,2022,12,16,9.0,2022,12,17,9.0,24.0,28203,EC PM2.5,0.07,Micrograms per cubic meter (ug/m3),,0.0685971324149564,,218,AirPhoton SS5i Sampler with BGI cyclone inlet and 25mm stretched Teflon filter,FTIR,Ambient local,SGP,/Users/ahmadjalil/github/aethmodular/research/filter_combine/FilterBased_ChemSpecPM25_ETAD.csv,a9f87a16ca07030aaeaf3b0d67c1c5fe3f0d209c34a3a51b365e6a8724f33020,"# File Updated: 2025-07-29
# Data version 3.0
# Site: Addis Ababa, Ethiopia",ETAD-0020,ChemSpec_218,True,True,both competing concentration values already present in earlier CSV; upstream role unresolved,False,c91542c705254dd7e7e7271bc36789388d225dc3,a6fda4ea34e7c6d5f3c058ccd56e23d36c2afe07fee3dd8ee9072a80eeae197f
17431,ETAD,9.0106,38.8207,,ETAD-0021,2022-12-19,PM2.5,,,,ChemSpec_218,,,ChemSpec_EC_PM2.5,,4.44,0.0685971324149564,,SGP,ChemSpec,ug/m3,ug/m3,,ETAD-0021,2022-12-19,4.44,0.068597132415,199,ETAD,9.0106,38.8207,2370.0,ETAD-0021,2022,12,19,9.0,2022,12,20,9.0,24.0,28203,EC PM2.5,4.44,Micrograms per cubic meter (ug/m3),,0.0685971324149564,,218,AirPhoton SS5i Sampler with BGI cyclone inlet and 25mm stretched Teflon filter,FTIR,Ambient local,SGP,/Users/ahmadjalil/github/aethmodular/research/filter_combine/FilterBased_ChemSpecPM25_ETAD.csv,a9f87a16ca07030aaeaf3b0d67c1c5fe3f0d209c34a3a51b365e6a8724f33020,"# File Updated: 2025-07-29
# Data version 3.0
# Site: Addis Ababa, Ethiopia",ETAD-0021,ChemSpec_218,True,True,both competing concentration values already present in earlier CSV; upstream role unresolved,False,c91542c705254dd7e7e7271bc36789388d225dc3,a6fda4ea34e7c6d5f3c058ccd56e23d36c2afe07fee3dd8ee9072a80eeae197f
17432,ETAD,9.0106,38.8207,,ETAD-0021,2022-12-19,PM2.5,,,,ChemSpec_218,,,ChemSpec_EC_PM2.5,,0.07,0.0685971324149564,,SGP,ChemSpec,ug/m3,ug/m3,,ETAD-0021,2022-12-19,0.07,0.068597132415,200,ETAD,9.0106,38.8207,2370.0,ETAD-0021,2022,12,19,9.0,2022,12,20,9.0,24.0,28203,EC PM2.5,0.07,Micrograms per cubic meter (ug/m3),,0.0685971324149564,,218,AirPhoton SS5i Sampler with BGI cyclone inlet and 25mm stretched Teflon filter,FTIR,Ambient local,SGP,/Users/ahmadjalil/github/aethmodular/research/filter_combine/FilterBased_ChemSpecPM25_ETAD.csv,a9f87a16ca07030aaeaf3b0d67c1c5fe3f0d209c34a3a51b365e6a8724f33020,"# File Updated: 2025-07-29
# Data version 3.0
# Site: Addis Ababa, Ethiopia",ETAD-0021,ChemSpec_218,True,True,both competing concentration values already present in earlier CSV; upstream role unresolved,False,c91542c705254dd7e7e7271bc36789388d225dc3,a6fda4ea34e7c6d5f3c058ccd56e23d36c2afe07fee3dd8ee9072a80eeae197f
17489,ETAD,9.0106,38.8207,,ETAD-0022,2022-12-22,PM2.5,,,,ChemSpec_218,,,ChemSpec_EC_PM2.5,,4.15,0.0685971324149564,,SGP,ChemSpec,ug/m3,ug/m3,,ETAD-0022,2022-12-22,4.15,0.068597132415,240,ETAD,9.0106,38.8207,2370.0,ETAD-0022,2022,12,22,9.0,2022,12,23,9.0,24.0,28203,EC PM2.5,4.15,Micrograms per cubic meter (ug/m3),,0.0685971324149564,,218,AirPhoton SS5i Sampler with BGI cyclone inlet and 25mm stretched Teflon filter,FTIR,Ambient local,SGP,/Users/ahmadjalil/github/aethmodular/research/filter_combine/FilterBased_ChemSpecPM25_ETAD.csv,a9f87a16ca07030aaeaf3b0d67c1c5fe3f0d209c34a3a51b365e6a8724f33020,"# File Updated: 2025-07-29
# Data version 3.0
# Site: Addis Ababa, Ethiopia",ETAD-0022,ChemSpec_218,True,True,both competing concentration values already present in earlier CSV; upstream role unresolved,False,c91542c705254dd7e7e7271bc36789388d225dc3,a6fda4ea34e7c6d5f3c058ccd56e23d36c2afe07fee3dd8ee9072a80eeae197f
17490,ETAD,9.0106,38.8207,,ETAD-0022,2022-12-22,PM2.5,,,,ChemSpec_218,,,ChemSpec_EC_PM2.5,,0.07,0.0685971324149564,,SGP,ChemSpec,ug/m3,ug/m3,,ETAD-0022,2022-12-22,0.07,0.068597132415,241,ETAD,9.0106,38.8207,2370.0,ETAD-0022,2022,12,22,9.0,2022,12,23,9.0,24.0,28203,EC PM2.5,0.07,Micrograms per cubic meter (ug/m3),,0.0685971324149564,,218,AirPhoton SS5i Sampler with BGI cyclone inlet and 25mm stretched Teflon filter,FTIR,Ambient local,SGP,/Users/ahmadjalil/github/aethmodular/research/filter_combine/FilterBased_ChemSpecPM25_ETAD.csv,a9f87a16ca07030aaeaf3b0d67c1c5fe3f0d209c34a3a51b365e6a8724f33020,"# File Updated: 2025-07-29
# Data version 3.0
# Site: Addis Ababa, Ethiopia",ETAD-0022,ChemSpec_218,True,True,both competing concentration values already present in earlier CSV; upstream role unresolved,False,c91542c705254dd7e7e7271bc36789388d225dc3,a6fda4ea34e7c6d5f3c058ccd56e23d36c2afe07fee3dd8ee9072a80eeae197f
17561,ETAD,9.0106,38.8207,,ETAD-0024,2022-12-25,PM2.5,,,,ChemSpec_218,,,ChemSpec_EC_PM2.5,,2.76,0.0723361247473289,,SGP,ChemSpec,ug/m3,ug/m3,,ETAD-0024,2022-12-25,2.76,0.072336124747,281,ETAD,9.0106,38.8207,2370.0,ETAD-0024,2022,12,25,9.0,2022,12,26,9.0,24.0,28203,EC PM2.5,2.76,Micrograms per cubic meter (ug/m3),,0.0723361247473289,,218,AirPhoton SS5i Sampler with BGI cyclone inlet and 25mm stretched Teflon filter,FTIR,Ambient local,SGP,/Users/ahmadjalil/github/aethmodular/research/filter_combine/FilterBased_ChemSpecPM25_ETAD.csv,a9f87a16ca07030aaeaf3b0d67c1c5fe3f0d209c34a3a51b365e6a8724f33020,"# File Updated: 2025-07-29
# Data version 3.0
# Site: Addis Ababa, Ethiopia",ETAD-0024,ChemSpec_218,True,True,both competing concentration values already present in earlier CSV; upstream role unresolved,False,c91542c705254dd7e7e7271bc36789388d225dc3,a6fda4ea34e7c6d5f3c058ccd56e23d36c2afe07fee3dd8ee9072a80eeae197f
17562,ETAD,9.0106,38.8207,,ETAD-0024,2022-12-25,PM2.5,,,,ChemSpec_218,,,ChemSpec_EC_PM2.5,,0.07,0.0723361247473289,,SGP,ChemSpec,ug/m3,ug/m3,,ETAD-0024,2022-12-25,0.07,0.072336124747,282,ETAD,9.0106,38.8207,2370.0,ETAD-0024,2022,12,25,9.0,2022,12,26,9.0,24.0,28203,EC PM2.5,0.07,Micrograms per cubic meter (ug/m3),,0.0723361247473289,,218,AirPhoton SS5i Sampler with BGI cyclone inlet and 25mm stretched Teflon filter,FTIR,Ambient local,SGP,/Users/ahmadjalil/github/aethmodular/research/filter_combine/FilterBased_ChemSpecPM25_ETAD.csv,a9f87a16ca07030aaeaf3b0d67c1c5fe3f0d209c34a3a51b365e6a8724f33020,"# File Updated: 2025-07-29
# Data version 3.0
# Site: Addis Ababa, Ethiopia",ETAD-0024,ChemSpec_218,True,True,both competing concentration values already present in earlier CSV; upstream role unresolved,False,c91542c705254dd7e7e7271bc36789388d225dc3,a6fda4ea34e7c6d5f3c058ccd56e23d36c2afe07fee3dd8ee9072a80eeae197f
17835,ETAD,9.0106,38.8207,,ETAD-0037,2023-01-09,PM2.5,,,,ChemSpec_218,,,ChemSpec_EC_PM2.5,,0.69,0.0703002703856553,,,ChemSpec,ug/m3,ug/m3,,ETAD-0037,2023-01-09,0.69,0.070300270386,471,ETAD,9.0106,38.8207,2370.0,ETAD-0037,2023,1,9,9.0,2023,1,10,9.0,24.0,28203,EC PM2.5,0.69,Micrograms per cubic meter (ug/m3),,0.0703002703856553,,218,AirPhoton SS5i Sampler with BGI cyclone inlet and 25mm stretched Teflon filter,FTIR,Ambient local,,/Users/ahmadjalil/github/aethmodular/research/filter_combine/FilterBased_ChemSpecPM25_ETAD.csv,a9f87a16ca07030aaeaf3b0d67c1c5fe3f0d209c34a3a51b365e6a8724f33020,"# File Updated: 2025-07-29
# Data version 3.0
# Site: Addis Ababa, Ethiopia",ETAD-0037,ChemSpec_218,True,True,both competing concentration values already present in earlier CSV; upstream role unresolved,False,c91542c705254dd7e7e7271bc36789388d225dc3,a6fda4ea34e7c6d5f3c058ccd56e23d36c2afe07fee3dd8ee9072a80eeae197f
17836,ETAD,9.0106,38.8207,,ETAD-0037,2023-01-09,PM2.5,,,,ChemSpec_218,,,ChemSpec_EC_PM2.5,,0.07,0.0703002703856553,,,ChemSpec,ug/m3,ug/m3,,ETAD-0037,2023-01-09,0.07,0.070300270386,472,ETAD,9.0106,38.8207,2370.0,ETAD-0037,2023,1,9,9.0,2023,1,10,9.0,24.0,28203,EC PM2.5,0.07,Micrograms per cubic meter (ug/m3),,0.0703002703856553,,218,AirPhoton SS5i Sampler with BGI cyclone inlet and 25mm stretched Teflon filter,FTIR,Ambient local,,/Users/ahmadjalil/github/aethmodular/research/filter_combine/FilterBased_ChemSpecPM25_ETAD.csv,a9f87a16ca07030aaeaf3b0d67c1c5fe3f0d209c34a3a51b365e6a8724f33020,"# File Updated: 2025-07-29
# Data version 3.0
# Site: Addis Ababa, Ethiopia",ETAD-0037,ChemSpec_218,True,True,both competing concentration values already present in earlier CSV; upstream role unresolved,False,c91542c705254dd7e7e7271bc36789388d225dc3,a6fda4ea34e7c6d5f3c058ccd56e23d36c2afe07fee3dd8ee9072a80eeae197f
18016,ETAD,9.0106,38.8207,,ETAD-0041,2023-02-10,PM2.5,,,,ChemSpec_218,,,ChemSpec_EC_PM2.5,,3.26,0.0641478662680076,,,ChemSpec,ug/m3,ug/m3,,ETAD-0041,2023-02-10,3.26,0.064147866268,837,ETAD,9.0106,38.8207,2370.0,ETAD-0041,2023,2,10,7.25,2023,2,11,7.25,24.0,28203,EC PM2.5,3.26,Micrograms per cubic meter (ug/m3),,0.0641478662680076,,218,AirPhoton SS5i Sampler with BGI cyclone inlet and 25mm stretched Teflon filter,FTIR,Ambient local,,/Users/ahmadjalil/github/aethmodular/research/filter_combine/FilterBased_ChemSpecPM25_ETAD.csv,a9f87a16ca07030aaeaf3b0d67c1c5fe3f0d209c34a3a51b365e6a8724f33020,"# File Updated: 2025-07-29
# Data version 3.0
# Site: Addis Ababa, Ethiopia",ETAD-0041,ChemSpec_218,True,True,both competing concentration values already present in earlier CSV; upstream role unresolved,False,c91542c705254dd7e7e7271bc36789388d225dc3,a6fda4ea34e7c6d5f3c058ccd56e23d36c2afe07fee3dd8ee9072a80eeae197f
18017,ETAD,9.0106,38.8207,,ETAD-0041,2023-02-10,PM2.5,,,,ChemSpec_218,,,ChemSpec_EC_PM2.5,,0.06,0.0641478662680076,,,ChemSpec,ug/m3,ug/m3,,ETAD-0041,2023-02-10,0.06,0.064147866268,838,ETAD,9.0106,38.8207,2370.0,ETAD-0041,2023,2,10,7.25,2023,2,11,7.25,24.0,28203,EC PM2.5,0.06,Micrograms per cubic meter (ug/m3),,0.0641478662680076,,218,AirPhoton SS5i Sampler with BGI cyclone inlet and 25mm stretched Teflon filter,FTIR,Ambient local,,/Users/ahmadjalil/github/aethmodular/research/filter_combine/FilterBased_ChemSpecPM25_ETAD.csv,a9f87a16ca07030aaeaf3b0d67c1c5fe3f0d209c34a3a51b365e6a8724f33020,"# File Updated: 2025-07-29
# Data version 3.0
# Site: Addis Ababa, Ethiopia",ETAD-0041,ChemSpec_218,True,True,both competing concentration values already present in earlier CSV; upstream role unresolved,False,c91542c705254dd7e7e7271bc36789388d225dc3,a6fda4ea34e7c6d5f3c058ccd56e23d36c2afe07fee3dd8ee9072a80eeae197f
18074,ETAD,9.0106,38.8207,,ETAD-0042,2023-02-13,PM2.5,,,,ChemSpec_218,,,ChemSpec_EC_PM2.5,,2.32,0.0641478662680076,,,ChemSpec,ug/m3,ug/m3,,ETAD-0042,2023-02-13,2.32,0.064147866268,878,ETAD,9.0106,38.8207,2370.0,ETAD-0042,2023,2,13,7.25,2023,2,14,7.25,24.0,28203,EC PM2.5,2.32,Micrograms per cubic meter (ug/m3),,0.0641478662680076,,218,AirPhoton SS5i Sampler with BGI cyclone inlet and 25mm stretched Teflon filter,FTIR,Ambient local,,/Users/ahmadjalil/github/aethmodular/research/filter_combine/FilterBased_ChemSpecPM25_ETAD.csv,a9f87a16ca07030aaeaf3b0d67c1c5fe3f0d209c34a3a51b365e6a8724f33020,"# File Updated: 2025-07-29
# Data version 3.0
# Site: Addis Ababa, Ethiopia",ETAD-0042,ChemSpec_218,True,True,both competing concentration values already present in earlier CSV; upstream role unresolved,False,c91542c705254dd7e7e7271bc36789388d225dc3,a6fda4ea34e7c6d5f3c058ccd56e23d36c2afe07fee3dd8ee9072a80eeae197f
18075,ETAD,9.0106,38.8207,,ETAD-0042,2023-02-13,PM2.5,,,,ChemSpec_218,,,ChemSpec_EC_PM2.5,,0.06,0.0641478662680076,,,ChemSpec,ug/m3,ug/m3,,ETAD-0042,2023-02-13,0.06,0.064147866268,879,ETAD,9.0106,38.8207,2370.0,ETAD-0042,2023,2,13,7.25,2023,2,14,7.25,24.0,28203,EC PM2.5,0.06,Micrograms per cubic meter (ug/m3),,0.0641478662680076,,218,AirPhoton SS5i Sampler with BGI cyclone inlet and 25mm stretched Teflon filter,FTIR,Ambient local,,/Users/ahmadjalil/github/aethmodular/research/filter_combine/FilterBased_ChemSpecPM25_ETAD.csv,a9f87a16ca07030aaeaf3b0d67c1c5fe3f0d209c34a3a51b365e6a8724f33020,"# File Updated: 2025-07-29
# Data version 3.0
# Site: Addis Ababa, Ethiopia",ETAD-0042,ChemSpec_218,True,True,both competing concentration values already present in earlier CSV; upstream role unresolved,False,c91542c705254dd7e7e7271bc36789388d225dc3,a6fda4ea34e7c6d5f3c058ccd56e23d36c2afe07fee3dd8ee9072a80eeae197f
18132,ETAD,9.0106,38.8207,,ETAD-0043,2023-02-16,PM2.5,,,,ChemSpec_218,,,ChemSpec_EC_PM2.5,,3.71,0.0655940594059405,,,ChemSpec,ug/m3,ug/m3,,ETAD-0043,2023-02-16,3.71,0.065594059406,919,ETAD,9.0106,38.8207,2370.0,ETAD-0043,2023,2,16,7.25,2023,2,17,7.25,24.0,28203,EC PM2.5,3.71,Micrograms per cubic meter (ug/m3),,0.0655940594059405,,218,AirPhoton SS5i Sampler with BGI cyclone inlet and 25mm stretched Teflon filter,FTIR,Ambient local,,/Users/ahmadjalil/github/aethmodular/research/filter_combine/FilterBased_ChemSpecPM25_ETAD.csv,a9f87a16ca07030aaeaf3b0d67c1c5fe3f0d209c34a3a51b365e6a8724f33020,"# File Updated: 2025-07-29
# Data version 3.0
# Site: Addis Ababa, Ethiopia",ETAD-0043,ChemSpec_218,True,True,both competing concentration values already present in earlier CSV; upstream role unresolved,False,c91542c705254dd7e7e7271bc36789388d225dc3,a6fda4ea34e7c6d5f3c058ccd56e23d36c2afe07fee3dd8ee9072a80eeae197f
18133,ETAD,9.0106,38.8207,,ETAD-0043,2023-02-16,PM2.5,,,,ChemSpec_218,,,ChemSpec_EC_PM2.5,,0.07,0.0655940594059405,,,ChemSpec,ug/m3,ug/m3,,ETAD-0043,2023-02-16,0.07,0.065594059406,920,ETAD,9.0106,38.8207,2370.0,ETAD-0043,2023,2,16,7.25,2023,2,17,7.25,24.0,28203,EC PM2.5,0.07,Micrograms per cubic meter (ug/m3),,0.0655940594059405,,218,AirPhoton SS5i Sampler with BGI cyclone inlet and 25mm stretched Teflon filter,FTIR,Ambient local,,/Users/ahmadjalil/github/aethmodular/research/filter_combine/FilterBased_ChemSpecPM25_ETAD.csv,a9f87a16ca07030aaeaf3b0d67c1c5fe3f0d209c34a3a51b365e6a8724f33020,"# File Updated: 2025-07-29
# Data version 3.0
# Site: Addis Ababa, Ethiopia",ETAD-0043,ChemSpec_218,True,True,both competing concentration values already present in earlier CSV; upstream role unresolved,False,c91542c705254dd7e7e7271bc36789388d225dc3,a6fda4ea34e7c6d5f3c058ccd56e23d36c2afe07fee3dd8ee9072a80eeae197f
18190,ETAD,9.0106,38.8207,,ETAD-0044,2023-02-19,PM2.5,,,,ChemSpec_218,,,ChemSpec_EC_PM2.5,,3.93,0.0641478662680076,,,ChemSpec,ug/m3,ug/m3,,ETAD-0044,2023-02-19,3.93,0.064147866268,960,ETAD,9.0106,38.8207,2370.0,ETAD-0044,2023,2,19,7.25,2023,2,20,7.25,24.0,28203,EC PM2.5,3.93,Micrograms per cubic meter (ug/m3),,0.0641478662680076,,218,AirPhoton SS5i Sampler with BGI cyclone inlet and 25mm stretched Teflon filter,FTIR,Ambient local,,/Users/ahmadjalil/github/aethmodular/research/filter_combine/FilterBased_ChemSpecPM25_ETAD.csv,a9f87a16ca07030aaeaf3b0d67c1c5fe3f0d209c34a3a51b365e6a8724f33020,"# File Updated: 2025-07-29
# Data version 3.0
# Site: Addis Ababa, Ethiopia",ETAD-0044,ChemSpec_218,True,True,both competing concentration values already present in earlier CSV; upstream role unresolved,False,c91542c705254dd7e7e7271bc36789388d225dc3,a6fda4ea34e7c6d5f3c058ccd56e23d36c2afe07fee3dd8ee9072a80eeae197f
18191,ETAD,9.0106,38.8207,,ETAD-0044,2023-02-19,PM2.5,,,,ChemSpec_218,,,ChemSpec_EC_PM2.5,,0.06,0.0641478662680076,,,ChemSpec,ug/m3,ug/m3,,ETAD-0044,2023-02-19,0.06,0.064147866268,961,ETAD,9.0106,38.8207,2370.0,ETAD-0044,2023,2,19,7.25,2023,2,20,7.25,24.0,28203,EC PM2.5,0.06,Micrograms per cubic meter (ug/m3),,0.0641478662680076,,218,AirPhoton SS5i Sampler with BGI cyclone inlet and 25mm stretched Teflon filter,FTIR,Ambient local,,/Users/ahmadjalil/github/aethmodular/research/filter_combine/FilterBased_ChemSpecPM25_ETAD.csv,a9f87a16ca07030aaeaf3b0d67c1c5fe3f0d209c34a3a51b365e6a8724f33020,"# File Updated: 2025-07-29
# Data version 3.0
# Site: Addis Ababa, Ethiopia",ETAD-0044,ChemSpec_218,True,True,both competing concentration values already present in earlier CSV; upstream role unresolved,False,c91542c705254dd7e7e7271bc36789388d225dc3,a6fda4ea34e7c6d5f3c058ccd56e23d36c2afe07fee3dd8ee9072a80eeae197f
18248,ETAD,9.0106,38.8207,,ETAD-0045,2023-02-22,PM2.5,,,,ChemSpec_218,,,ChemSpec_EC_PM2.5,,3.29,0.0641478662680076,,,ChemSpec,ug/m3,ug/m3,,ETAD-0045,2023-02-22,3.29,0.064147866268,1001,ETAD,9.0106,38.8207,2370.0,ETAD-0045,2023,2,22,7.25,2023,2,23,7.25,24.0,28203,EC PM2.5,3.29,Micrograms per cubic meter (ug/m3),,0.0641478662680076,,218,AirPhoton SS5i Sampler with BGI cyclone inlet and 25mm stretched Teflon filter,FTIR,Ambient local,,/Users/ahmadjalil/github/aethmodular/research/filter_combine/FilterBased_ChemSpecPM25_ETAD.csv,a9f87a16ca07030aaeaf3b0d67c1c5fe3f0d209c34a3a51b365e6a8724f33020,"# File Updated: 2025-07-29
# Data version 3.0
# Site: Addis Ababa, Ethiopia",ETAD-0045,ChemSpec_218,True,True,both competing concentration values already present in earlier CSV; upstream role unresolved,False,c91542c705254dd7e7e7271bc36789388d225dc3,a6fda4ea34e7c6d5f3c058ccd56e23d36c2afe07fee3dd8ee9072a80eeae197f
18249,ETAD,9.0106,38.8207,,ETAD-0045,2023-02-22,PM2.5,,,,ChemSpec_218,,,ChemSpec_EC_PM2.5,,0.06,0.0641478662680076,,,ChemSpec,ug/m3,ug/m3,,ETAD-0045,2023-02-22,0.06,0.064147866268,1002,ETAD,9.0106,38.8207,2370.0,ETAD-0045,2023,2,22,7.25,2023,2,23,7.25,24.0,28203,EC PM2.5,0.06,Micrograms per cubic meter (ug/m3),,0.0641478662680076,,218,AirPhoton SS5i Sampler with BGI cyclone inlet and 25mm stretched Teflon filter,FTIR,Ambient local,,/Users/ahmadjalil/github/aethmodular/research/filter_combine/FilterBased_ChemSpecPM25_ETAD.csv,a9f87a16ca07030aaeaf3b0d67c1c5fe3f0d209c34a3a51b365e6a8724f33020,"# File Updated: 2025-07-29
# Data version 3.0
# Site: Addis Ababa, Ethiopia",ETAD-0045,ChemSpec_218,True,True,both competing concentration values already present in earlier CSV; upstream role unresolved,False,c91542c705254dd7e7e7271bc36789388d225dc3,a6fda4ea34e7c6d5f3c058ccd56e23d36c2afe07fee3dd8ee9072a80eeae197f
18306,ETAD,9.0106,38.8207,,ETAD-0046,2023-02-25,PM2.5,,,,ChemSpec_218,,,ChemSpec_EC_PM2.5,,2.7,0.0641478662680076,,,ChemSpec,ug/m3,ug/m3,,ETAD-0046,2023-02-25,2.7,0.064147866268,1042,ETAD,9.0106,38.8207,2370.0,ETAD-0046,2023,2,25,7.25,2023,2,26,7.25,24.0,28203,EC PM2.5,2.7,Micrograms per cubic meter (ug/m3),,0.0641478662680076,,218,AirPhoton SS5i Sampler with BGI cyclone inlet and 25mm stretched Teflon filter,FTIR,Ambient local,,/Users/ahmadjalil/github/aethmodular/research/filter_combine/FilterBased_ChemSpecPM25_ETAD.csv,a9f87a16ca07030aaeaf3b0d67c1c5fe3f0d209c34a3a51b365e6a8724f33020,"# File Updated: 2025-07-29
# Data version 3.0
# Site: Addis Ababa, Ethiopia",ETAD-0046,ChemSpec_218,True,True,both competing concentration values already present in earlier CSV; upstream role unresolved,False,c91542c705254dd7e7e7271bc36789388d225dc3,a6fda4ea34e7c6d5f3c058ccd56e23d36c2afe07fee3dd8ee9072a80eeae197f
18307,ETAD,9.0106,38.8207,,ETAD-0046,2023-02-25,PM2.5,,,,ChemSpec_218,,,ChemSpec_EC_PM2.5,,0.06,0.0641478662680076,,,ChemSpec,ug/m3,ug/m3,,ETAD-0046,2023-02-25,0.06,0.064147866268,1043,ETAD,9.0106,38.8207,2370.0,ETAD-0046,2023,2,25,7.25,2023,2,26,7.25,24.0,28203,EC PM2.5,0.06,Micrograms per cubic meter (ug/m3),,0.0641478662680076,,218,AirPhoton SS5i Sampler with BGI cyclone inlet and 25mm stretched Teflon filter,FTIR,Ambient local,,/Users/ahmadjalil/github/aethmodular/research/filter_combine/FilterBased_ChemSpecPM25_ETAD.csv,a9f87a16ca07030aaeaf3b0d67c1c5fe3f0d209c34a3a51b365e6a8724f33020,"# File Updated: 2025-07-29
# Data version 3.0
# Site: Addis Ababa, Ethiopia",ETAD-0046,ChemSpec_218,True,True,both competing concentration values already present in earlier CSV; upstream role unresolved,False,c91542c705254dd7e7e7271bc36789388d225dc3,a6fda4ea34e7c6d5f3c058ccd56e23d36c2afe07fee3dd8ee9072a80eeae197f
18392,ETAD,9.0106,38.8207,,ETAD-0049,2023-03-04,PM2.5,,,,ChemSpec_218,,,ChemSpec_EC_PM2.5,,2.76,0.0655940594059405,,,ChemSpec,ug/m3,ug/m3,,ETAD-0049,2023-03-04,2.76,0.065594059406,1083,ETAD,9.0106,38.8207,2370.0,ETAD-0049,2023,3,4,9.0,2023,3,5,9.0,24.0,28203,EC PM2.5,2.76,Micrograms per cubic meter (ug/m3),,0.0655940594059405,,218,AirPhoton SS5i Sampler with BGI cyclone inlet and 25mm stretched Teflon filter,FTIR,Ambient local,,/Users/ahmadjalil/github/aethmodular/research/filter_combine/FilterBased_ChemSpecPM25_ETAD.csv,a9f87a16ca07030aaeaf3b0d67c1c5fe3f0d209c34a3a51b365e6a8724f33020,"# File Updated: 2025-07-29
# Data version 3.0
# Site: Addis Ababa, Ethiopia",ETAD-0049,ChemSpec_218,True,True,both competing concentration values already present in earlier CSV; upstream role unresolved,False,c91542c705254dd7e7e7271bc36789388d225dc3,a6fda4ea34e7c6d5f3c058ccd56e23d36c2afe07fee3dd8ee9072a80eeae197f
18393,ETAD,9.0106,38.8207,,ETAD-0049,2023-03-04,PM2.5,,,,ChemSpec_218,,,ChemSpec_EC_PM2.5,,0.07,0.0655940594059405,,,ChemSpec,ug/m3,ug/m3,,ETAD-0049,2023-03-04,0.07,0.065594059406,1084,ETAD,9.0106,38.8207,2370.0,ETAD-0049,2023,3,4,9.0,2023,3,5,9.0,24.0,28203,EC PM2.5,0.07,Micrograms per cubic meter (ug/m3),,0.0655940594059405,,218,AirPhoton SS5i Sampler with BGI cyclone inlet and 25mm stretched Teflon filter,FTIR,Ambient local,,/Users/ahmadjalil/github/aethmodular/research/filter_combine/FilterBased_ChemSpecPM25_ETAD.csv,a9f87a16ca07030aaeaf3b0d67c1c5fe3f0d209c34a3a51b365e6a8724f33020,"# File Updated: 2025-07-29
# Data version 3.0
# Site: Addis Ababa, Ethiopia",ETAD-0049,ChemSpec_218,True,True,both competing concentration values already present in earlier CSV; upstream role unresolved,False,c91542c705254dd7e7e7271bc36789388d225dc3,a6fda4ea34e7c6d5f3c058ccd56e23d36c2afe07fee3dd8ee9072a80eeae197f
18450,ETAD,9.0106,38.8207,,ETAD-0050,2023-03-07,PM2.5,,,,ChemSpec_218,,,ChemSpec_EC_PM2.5,,3.55,0.0655940594059405,,,ChemSpec,ug/m3,ug/m3,,ETAD-0050,2023-03-07,3.55,0.065594059406,1124,ETAD,9.0106,38.8207,2370.0,ETAD-0050,2023,3,7,9.0,2023,3,8,9.0,24.0,28203,EC PM2.5,3.55,Micrograms per cubic meter (ug/m3),,0.0655940594059405,,218,AirPhoton SS5i Sampler with BGI cyclone inlet and 25mm stretched Teflon filter,FTIR,Ambient local,,/Users/ahmadjalil/github/aethmodular/research/filter_combine/FilterBased_ChemSpecPM25_ETAD.csv,a9f87a16ca07030aaeaf3b0d67c1c5fe3f0d209c34a3a51b365e6a8724f33020,"# File Updated: 2025-07-29
# Data version 3.0
# Site: Addis Ababa, Ethiopia",ETAD-0050,ChemSpec_218,True,True,both competing concentration values already present in earlier CSV; upstream role unresolved,False,c91542c705254dd7e7e7271bc36789388d225dc3,a6fda4ea34e7c6d5f3c058ccd56e23d36c2afe07fee3dd8ee9072a80eeae197f
18451,ETAD,9.0106,38.8207,,ETAD-0050,2023-03-07,PM2.5,,,,ChemSpec_218,,,ChemSpec_EC_PM2.5,,0.07,0.0655940594059405,,,ChemSpec,ug/m3,ug/m3,,ETAD-0050,2023-03-07,0.07,0.065594059406,1125,ETAD,9.0106,38.8207,2370.0,ETAD-0050,2023,3,7,9.0,2023,3,8,9.0,24.0,28203,EC PM2.5,0.07,Micrograms per cubic meter (ug/m3),,0.0655940594059405,,218,AirPhoton SS5i Sampler with BGI cyclone inlet and 25mm stretched Teflon filter,FTIR,Ambient local,,/Users/ahmadjalil/github/aethmodular/research/filter_combine/FilterBased_ChemSpecPM25_ETAD.csv,a9f87a16ca07030aaeaf3b0d67c1c5fe3f0d209c34a3a51b365e6a8724f33020,"# File Updated: 2025-07-29
# Data version 3.0
# Site: Addis Ababa, Ethiopia",ETAD-0050,ChemSpec_218,True,True,both competing concentration values already present in earlier CSV; upstream role unresolved,False,c91542c705254dd7e7e7271bc36789388d225dc3,a6fda4ea34e7c6d5f3c058ccd56e23d36c2afe07fee3dd8ee9072a80eeae197f
18508,ETAD,9.0106,38.8207,,ETAD-0051,2023-03-10,PM2.5,,,,ChemSpec_218,,,ChemSpec_EC_PM2.5,,5.18,0.0655940594059405,,,ChemSpec,ug/m3,ug/m3,,ETAD-0051,2023-03-10,5.18,0.065594059406,1165,ETAD,9.0106,38.8207,2370.0,ETAD-0051,2023,3,10,9.0,2023,3,11,9.0,24.0,28203,EC PM2.5,5.18,Micrograms per cubic meter (ug/m3),,0.0655940594059405,,218,AirPhoton SS5i Sampler with BGI cyclone inlet and 25mm stretched Teflon filter,FTIR,Ambient local,,/Users/ahmadjalil/github/aethmodular/research/filter_combine/FilterBased_ChemSpecPM25_ETAD.csv,a9f87a16ca07030aaeaf3b0d67c1c5fe3f0d209c34a3a51b365e6a8724f33020,"# File Updated: 2025-07-29
# Data version 3.0
# Site: Addis Ababa, Ethiopia",ETAD-0051,ChemSpec_218,True,True,both competing concentration values already present in earlier CSV; upstream role unresolved,False,c91542c705254dd7e7e7271bc36789388d225dc3,a6fda4ea34e7c6d5f3c058ccd56e23d36c2afe07fee3dd8ee9072a80eeae197f
18509,ETAD,9.0106,38.8207,,ETAD-0051,2023-03-10,PM2.5,,,,ChemSpec_218,,,ChemSpec_EC_PM2.5,,0.07,0.0655940594059405,,,ChemSpec,ug/m3,ug/m3,,ETAD-0051,2023-03-10,0.07,0.065594059406,1166,ETAD,9.0106,38.8207,2370.0,ETAD-0051,2023,3,10,9.0,2023,3,11,9.0,24.0,28203,EC PM2.5,0.07,Micrograms per cubic meter (ug/m3),,0.0655940594059405,,218,AirPhoton SS5i Sampler with BGI cyclone inlet and 25mm stretched Teflon filter,FTIR,Ambient local,,/Users/ahmadjalil/github/aethmodular/research/filter_combine/FilterBased_ChemSpecPM25_ETAD.csv,a9f87a16ca07030aaeaf3b0d67c1c5fe3f0d209c34a3a51b365e6a8724f33020,"# File Updated: 2025-07-29
# Data version 3.0
# Site: Addis Ababa, Ethiopia",ETAD-0051,ChemSpec_218,True,True,both competing concentration values already present in earlier CSV; upstream role unresolved,False,c91542c705254dd7e7e7271bc36789388d225dc3,a6fda4ea34e7c6d5f3c058ccd56e23d36c2afe07fee3dd8ee9072a80eeae197f
18566,ETAD,9.0106,38.8207,,ETAD-0052,2023-03-13,PM2.5,,,,ChemSpec_218,,,ChemSpec_EC_PM2.5,,4.97,0.0655940594059405,,,ChemSpec,ug/m3,ug/m3,,ETAD-0052,2023-03-13,4.97,0.065594059406,1206,ETAD,9.0106,38.8207,2370.0,ETAD-0052,2023,3,13,9.0,2023,3,14,9.0,24.0,28203,EC PM2.5,4.97,Micrograms per cubic meter (ug/m3),,0.0655940594059405,,218,AirPhoton SS5i Sampler with BGI cyclone inlet and 25mm stretched Teflon filter,FTIR,Ambient local,,/Users/ahmadjalil/github/aethmodular/research/filter_combine/FilterBased_ChemSpecPM25_ETAD.csv,a9f87a16ca07030aaeaf3b0d67c1c5fe3f0d209c34a3a51b365e6a8724f33020,"# File Updated: 2025-07-29
# Data version 3.0
# Site: Addis Ababa, Ethiopia",ETAD-0052,ChemSpec_218,True,True,both competing concentration values already present in earlier CSV; upstream role unresolved,False,c91542c705254dd7e7e7271bc36789388d225dc3,a6fda4ea34e7c6d5f3c058ccd56e23d36c2afe07fee3dd8ee9072a80eeae197f
18567,ETAD,9.0106,38.8207,,ETAD-0052,2023-03-13,PM2.5,,,,ChemSpec_218,,,ChemSpec_EC_PM2.5,,0.07,0.0655940594059405,,,ChemSpec,ug/m3,ug/m3,,ETAD-0052,2023-03-13,0.07,0.065594059406,1207,ETAD,9.0106,38.8207,2370.0,ETAD-0052,2023,3,13,9.0,2023,3,14,9.0,24.0,28203,EC PM2.5,0.07,Micrograms per cubic meter (ug/m3),,0.0655940594059405,,218,AirPhoton SS5i Sampler with BGI cyclone inlet and 25mm stretched Teflon filter,FTIR,Ambient local,,/Users/ahmadjalil/github/aethmodular/research/filter_combine/FilterBased_ChemSpecPM25_ETAD.csv,a9f87a16ca07030aaeaf3b0d67c1c5fe3f0d209c34a3a51b365e6a8724f33020,"# File Updated: 2025-07-29
# Data version 3.0
# Site: Addis Ababa, Ethiopia",ETAD-0052,ChemSpec_218,True,True,both competing concentration values already present in earlier CSV; upstream role unresolved,False,c91542c705254dd7e7e7271bc36789388d225dc3,a6fda4ea34e7c6d5f3c058ccd56e23d36c2afe07fee3dd8ee9072a80eeae197f
18624,ETAD,9.0106,38.8207,,ETAD-0053,2023-03-16,PM2.5,,,,ChemSpec_218,,,ChemSpec_EC_PM2.5,,4.06,0.0641478662680076,,,ChemSpec,ug/m3,ug/m3,,ETAD-0053,2023-03-16,4.06,0.064147866268,1247,ETAD,9.0106,38.8207,2370.0,ETAD-0053,2023,3,16,9.0,2023,3,17,9.0,24.0,28203,EC PM2.5,4.06,Micrograms per cubic meter (ug/m3),,0.0641478662680076,,218,AirPhoton SS5i Sampler with BGI cyclone inlet and 25mm stretched Teflon filter,FTIR,Ambient local,,/Users/ahmadjalil/github/aethmodular/research/filter_combine/FilterBased_ChemSpecPM25_ETAD.csv,a9f87a16ca07030aaeaf3b0d67c1c5fe3f0d209c34a3a51b365e6a8724f33020,"# File Updated: 2025-07-29
# Data version 3.0
# Site: Addis Ababa, Ethiopia",ETAD-0053,ChemSpec_218,True,True,both competing concentration values already present in earlier CSV; upstream role unresolved,False,c91542c705254dd7e7e7271bc36789388d225dc3,a6fda4ea34e7c6d5f3c058ccd56e23d36c2afe07fee3dd8ee9072a80eeae197f
18625,ETAD,9.0106,38.8207,,ETAD-0053,2023-03-16,PM2.5,,,,ChemSpec_218,,,ChemSpec_EC_PM2.5,,0.06,0.0641478662680076,,,ChemSpec,ug/m3,ug/m3,,ETAD-0053,2023-03-16,0.06,0.064147866268,1248,ETAD,9.0106,38.8207,2370.0,ETAD-0053,2023,3,16,9.0,2023,3,17,9.0,24.0,28203,EC PM2.5,0.06,Micrograms per cubic meter (ug/m3),,0.0641478662680076,,218,AirPhoton SS5i Sampler with BGI cyclone inlet and 25mm stretched Teflon filter,FTIR,Ambient local,,/Users/ahmadjalil/github/aethmodular/research/filter_combine/FilterBased_ChemSpecPM25_ETAD.csv,a9f87a16ca07030aaeaf3b0d67c1c5fe3f0d209c34a3a51b365e6a8724f33020,"# File Updated: 2025-07-29
# Data version 3.0
# Site: Addis Ababa, Ethiopia",ETAD-0053,ChemSpec_218,True,True,both competing concentration values already present in earlier CSV; upstream role unresolved,False,c91542c705254dd7e7e7271bc36789388d225dc3,a6fda4ea34e7c6d5f3c058ccd56e23d36c2afe07fee3dd8ee9072a80eeae197f
18682,ETAD,9.0106,38.8207,,ETAD-0054,2023-03-19,PM2.5,,,,ChemSpec_218,,,ChemSpec_EC_PM2.5,,4.64,0.0641478662680076,,,ChemSpec,ug/m3,ug/m3,,ETAD-0054,2023-03-19,4.64,0.064147866268,1288,ETAD,9.0106,38.8207,2370.0,ETAD-0054,2023,3,19,9.0,2023,3,20,9.0,24.0,28203,EC PM2.5,4.64,Micrograms per cubic meter (ug/m3),,0.0641478662680076,,218,AirPhoton SS5i Sampler with BGI cyclone inlet and 25mm stretched Teflon filter,FTIR,Ambient local,,/Users/ahmadjalil/github/aethmodular/research/filter_combine/FilterBased_ChemSpecPM25_ETAD.csv,a9f87a16ca07030aaeaf3b0d67c1c5fe3f0d209c34a3a51b365e6a8724f33020,"# File Updated: 2025-07-29
# Data version 3.0
# Site: Addis Ababa, Ethiopia",ETAD-0054,ChemSpec_218,True,True,both competing concentration values already present in earlier CSV; upstream role unresolved,False,c91542c705254dd7e7e7271bc36789388d225dc3,a6fda4ea34e7c6d5f3c058ccd56e23d36c2afe07fee3dd8ee9072a80eeae197f
18683,ETAD,9.0106,38.8207,,ETAD-0054,2023-03-19,PM2.5,,,,ChemSpec_218,,,ChemSpec_EC_PM2.5,,0.06,0.0641478662680076,,,ChemSpec,ug/m3,ug/m3,,ETAD-0054,2023-03-19,0.06,0.064147866268,1289,ETAD,9.0106,38.8207,2370.0,ETAD-0054,2023,3,19,9.0,2023,3,20,9.0,24.0,28203,EC PM2.5,0.06,Micrograms per cubic meter (ug/m3),,0.0641478662680076,,218,AirPhoton SS5i Sampler with BGI cyclone inlet and 25mm stretched Teflon filter,FTIR,Ambient local,,/Users/ahmadjalil/github/aethmodular/research/filter_combine/FilterBased_ChemSpecPM25_ETAD.csv,a9f87a16ca07030aaeaf3b0d67c1c5fe3f0d209c34a3a51b365e6a8724f33020,"# File Updated: 2025-07-29
# Data version 3.0
# Site: Addis Ababa, Ethiopia",ETAD-0054,ChemSpec_218,True,True,both competing concentration values already present in earlier CSV; upstream role unresolved,False,c91542c705254dd7e7e7271bc36789388d225dc3,a6fda4ea34e7c6d5f3c058ccd56e23d36c2afe07fee3dd8ee9072a80eeae197f
18754,ETAD,9.0106,38.8207,,ETAD-0056,2023-03-22,PM2.5,,,,ChemSpec_218,,,ChemSpec_EC_PM2.5,,3.55,0.0655940594059405,,,ChemSpec,ug/m3,ug/m3,,ETAD-0056,2023-03-22,3.55,0.065594059406,1329,ETAD,9.0106,38.8207,2370.0,ETAD-0056,2023,3,22,9.0,2023,3,23,9.0,24.0,28203,EC PM2.5,3.55,Micrograms per cubic meter (ug/m3),,0.0655940594059405,,218,AirPhoton SS5i Sampler with BGI cyclone inlet and 25mm stretched Teflon filter,FTIR,Ambient local,,/Users/ahmadjalil/github/aethmodular/research/filter_combine/FilterBased_ChemSpecPM25_ETAD.csv,a9f87a16ca07030aaeaf3b0d67c1c5fe3f0d209c34a3a51b365e6a8724f33020,"# File Updated: 2025-07-29
# Data version 3.0
# Site: Addis Ababa, Ethiopia",ETAD-0056,ChemSpec_218,True,True,both competing concentration values already present in earlier CSV; upstream role unresolved,False,c91542c705254dd7e7e7271bc36789388d225dc3,a6fda4ea34e7c6d5f3c058ccd56e23d36c2afe07fee3dd8ee9072a80eeae197f
18755,ETAD,9.0106,38.8207,,ETAD-0056,2023-03-22,PM2.5,,,,ChemSpec_218,,,ChemSpec_EC_PM2.5,,0.07,0.0655940594059405,,,ChemSpec,ug/m3,ug/m3,,ETAD-0056,2023-03-22,0.07,0.065594059406,1330,ETAD,9.0106,38.8207,2370.0,ETAD-0056,2023,3,22,9.0,2023,3,23,9.0,24.0,28203,EC PM2.5,0.07,Micrograms per cubic meter (ug/m3),,0.0655940594059405,,218,AirPhoton SS5i Sampler with BGI cyclone inlet and 25mm stretched Teflon filter,FTIR,Ambient local,,/Users/ahmadjalil/github/aethmodular/research/filter_combine/FilterBased_ChemSpecPM25_ETAD.csv,a9f87a16ca07030aaeaf3b0d67c1c5fe3f0d209c34a3a51b365e6a8724f33020,"# File Updated: 2025-07-29
# Data version 3.0
# Site: Addis Ababa, Ethiopia",ETAD-0056,ChemSpec_218,True,True,both competing concentration values already present in earlier CSV; upstream role unresolved,False,c91542c705254dd7e7e7271bc36789388d225dc3,a6fda4ea34e7c6d5f3c058ccd56e23d36c2afe07fee3dd8ee9072a80eeae197f
18812,ETAD,9.0106,38.8207,,ETAD-0057,2023-03-29,PM2.5,,,,ChemSpec_218,,,ChemSpec_EC_PM2.5,,6.63,0.0565181518151815,,,ChemSpec,ug/m3,ug/m3,,ETAD-0057,2023-03-29,6.63,0.056518151815,1370,ETAD,9.0106,38.8207,2370.0,ETAD-0057,2023,3,29,9.0,2023,3,30,9.0,24.0,28203,EC PM2.5,6.63,Micrograms per cubic meter (ug/m3),,0.0565181518151815,,218,AirPhoton SS5i Sampler with BGI cyclone inlet and 25mm stretched Teflon filter,FTIR,Ambient local,,/Users/ahmadjalil/github/aethmodular/research/filter_combine/FilterBased_ChemSpecPM25_ETAD.csv,a9f87a16ca07030aaeaf3b0d67c1c5fe3f0d209c34a3a51b365e6a8724f33020,"# File Updated: 2025-07-29
# Data version 3.0
# Site: Addis Ababa, Ethiopia",ETAD-0057,ChemSpec_218,True,True,both competing concentration values already present in earlier CSV; upstream role unresolved,False,c91542c705254dd7e7e7271bc36789388d225dc3,a6fda4ea34e7c6d5f3c058ccd56e23d36c2afe07fee3dd8ee9072a80eeae197f
18813,ETAD,9.0106,38.8207,,ETAD-0057,2023-03-29,PM2.5,,,,ChemSpec_218,,,ChemSpec_EC_PM2.5,,0.06,0.0565181518151815,,,ChemSpec,ug/m3,ug/m3,,ETAD-0057,2023-03-29,0.06,0.056518151815,1371,ETAD,9.0106,38.8207,2370.0,ETAD-0057,2023,3,29,9.0,2023,3,30,9.0,24.0,28203,EC PM2.5,0.06,Micrograms per cubic meter (ug/m3),,0.0565181518151815,,218,AirPhoton SS5i Sampler with BGI cyclone inlet and 25mm stretched Teflon filter,FTIR,Ambient local,,/Users/ahmadjalil/github/aethmodular/research/filter_combine/FilterBased_ChemSpecPM25_ETAD.csv,a9f87a16ca07030aaeaf3b0d67c1c5fe3f0d209c34a3a51b365e6a8724f33020,"# File Updated: 2025-07-29
# Data version 3.0
# Site: Addis Ababa, Ethiopia",ETAD-0057,ChemSpec_218,True,True,both competing concentration values already present in earlier CSV; upstream role unresolved,False,c91542c705254dd7e7e7271bc36789388d225dc3,a6fda4ea34e7c6d5f3c058ccd56e23d36c2afe07fee3dd8ee9072a80eeae197f
18870,ETAD,9.0106,38.8207,,ETAD-0058,2023-04-01,PM2.5,,,,ChemSpec_218,,,ChemSpec_EC_PM2.5,,3.6,0.0565181518151815,,,ChemSpec,ug/m3,ug/m3,,ETAD-0058,2023-04-01,3.6,0.056518151815,1411,ETAD,9.0106,38.8207,2370.0,ETAD-0058,2023,4,1,9.0,2023,4,2,9.0,24.0,28203,EC PM2.5,3.6,Micrograms per cubic meter (ug/m3),,0.0565181518151815,,218,AirPhoton SS5i Sampler with BGI cyclone inlet and 25mm stretched Teflon filter,FTIR,Ambient local,,/Users/ahmadjalil/github/aethmodular/research/filter_combine/FilterBased_ChemSpecPM25_ETAD.csv,a9f87a16ca07030aaeaf3b0d67c1c5fe3f0d209c34a3a51b365e6a8724f33020,"# File Updated: 2025-07-29
# Data version 3.0
# Site: Addis Ababa, Ethiopia",ETAD-0058,ChemSpec_218,True,True,both competing concentration values already present in earlier CSV; upstream role unresolved,False,c91542c705254dd7e7e7271bc36789388d225dc3,a6fda4ea34e7c6d5f3c058ccd56e23d36c2afe07fee3dd8ee9072a80eeae197f
18871,ETAD,9.0106,38.8207,,ETAD-0058,2023-04-01,PM2.5,,,,ChemSpec_218,,,ChemSpec_EC_PM2.5,,0.06,0.0565181518151815,,,ChemSpec,ug/m3,ug/m3,,ETAD-0058,2023-04-01,0.06,0.056518151815,1412,ETAD,9.0106,38.8207,2370.0,ETAD-0058,2023,4,1,9.0,2023,4,2,9.0,24.0,28203,EC PM2.5,0.06,Micrograms per cubic meter (ug/m3),,0.0565181518151815,,218,AirPhoton SS5i Sampler with BGI cyclone inlet and 25mm stretched Teflon filter,FTIR,Ambient local,,/Users/ahmadjalil/github/aethmodular/research/filter_combine/FilterBased_ChemSpecPM25_ETAD.csv,a9f87a16ca07030aaeaf3b0d67c1c5fe3f0d209c34a3a51b365e6a8724f33020,"# File Updated: 2025-07-29
# Data version 3.0
# Site: Addis Ababa, Ethiopia",ETAD-0058,ChemSpec_218,True,True,both competing concentration values already present in earlier CSV; upstream role unresolved,False,c91542c705254dd7e7e7271bc36789388d225dc3,a6fda4ea34e7c6d5f3c058ccd56e23d36c2afe07fee3dd8ee9072a80eeae197f
18928,ETAD,9.0106,38.8207,,ETAD-0059,2023-04-04,PM2.5,,,,ChemSpec_218,,,ChemSpec_EC_PM2.5,,3.31,0.0565181518151815,,,ChemSpec,ug/m3,ug/m3,,ETAD-0059,2023-04-04,3.31,0.056518151815,1452,ETAD,9.0106,38.8207,2370.0,ETAD-0059,2023,4,4,9.0,2023,4,5,9.0,24.0,28203,EC PM2.5,3.31,Micrograms per cubic meter (ug/m3),,0.0565181518151815,,218,AirPhoton SS5i Sampler with BGI cyclone inlet and 25mm stretched Teflon filter,FTIR,Ambient local,,/Users/ahmadjalil/github/aethmodular/research/filter_combine/FilterBased_ChemSpecPM25_ETAD.csv,a9f87a16ca07030aaeaf3b0d67c1c5fe3f0d209c34a3a51b365e6a8724f33020,"# File Updated: 2025-07-29
# Data version 3.0
# Site: Addis Ababa, Ethiopia",ETAD-0059,ChemSpec_218,True,True,both competing concentration values already present in earlier CSV; upstream role unresolved,False,c91542c705254dd7e7e7271bc36789388d225dc3,a6fda4ea34e7c6d5f3c058ccd56e23d36c2afe07fee3dd8ee9072a80eeae197f
18929,ETAD,9.0106,38.8207,,ETAD-0059,2023-04-04,PM2.5,,,,ChemSpec_218,,,ChemSpec_EC_PM2.5,,0.06,0.0565181518151815,,,ChemSpec,ug/m3,ug/m3,,ETAD-0059,2023-04-04,0.06,0.056518151815,1453,ETAD,9.0106,38.8207,2370.0,ETAD-0059,2023,4,4,9.0,2023,4,5,9.0,24.0,28203,EC PM2.5,0.06,Micrograms per cubic meter (ug/m3),,0.0565181518151815,,218,AirPhoton SS5i Sampler with BGI cyclone inlet and 25mm stretched Teflon filter,FTIR,Ambient local,,/Users/ahmadjalil/github/aethmodular/research/filter_combine/FilterBased_ChemSpecPM25_ETAD.csv,a9f87a16ca07030aaeaf3b0d67c1c5fe3f0d209c34a3a51b365e6a8724f33020,"# File Updated: 2025-07-29
# Data version 3.0
# Site: Addis Ababa, Ethiopia",ETAD-0059,ChemSpec_218,True,True,both competing concentration values already present in earlier CSV; upstream role unresolved,False,c91542c705254dd7e7e7271bc36789388d225dc3,a6fda4ea34e7c6d5f3c058ccd56e23d36c2afe07fee3dd8ee9072a80eeae197f
18986,ETAD,9.0106,38.8207,,ETAD-0060,2023-04-07,PM2.5,,,,ChemSpec_218,,,ChemSpec_EC_PM2.5,,2.97,0.0565181518151815,,,ChemSpec,ug/m3,ug/m3,,ETAD-0060,2023-04-07,2.97,0.056518151815,1493,ETAD,9.0106,38.8207,2370.0,ETAD-0060,2023,4,7,9.0,2023,4,8,9.0,24.0,28203,EC PM2.5,2.97,Micrograms per cubic meter (ug/m3),,0.0565181518151815,,218,AirPhoton SS5i Sampler with BGI cyclone inlet and 25mm stretched Teflon filter,FTIR,Ambient local,,/Users/ahmadjalil/github/aethmodular/research/filter_combine/FilterBased_ChemSpecPM25_ETAD.csv,a9f87a16ca07030aaeaf3b0d67c1c5fe3f0d209c34a3a51b365e6a8724f33020,"# File Updated: 2025-07-29
# Data version 3.0
# Site: Addis Ababa, Ethiopia",ETAD-0060,ChemSpec_218,True,True,both competing concentration values already present in earlier CSV; upstream role unresolved,False,c91542c705254dd7e7e7271bc36789388d225dc3,a6fda4ea34e7c6d5f3c058ccd56e23d36c2afe07fee3dd8ee9072a80eeae197f
18987,ETAD,9.0106,38.8207,,ETAD-0060,2023-04-07,PM2.5,,,,ChemSpec_218,,,ChemSpec_EC_PM2.5,,0.06,0.0565181518151815,,,ChemSpec,ug/m3,ug/m3,,ETAD-0060,2023-04-07,0.06,0.056518151815,1494,ETAD,9.0106,38.8207,2370.0,ETAD-0060,2023,4,7,9.0,2023,4,8,9.0,24.0,28203,EC PM2.5,0.06,Micrograms per cubic meter (ug/m3),,0.0565181518151815,,218,AirPhoton SS5i Sampler with BGI cyclone inlet and 25mm stretched Teflon filter,FTIR,Ambient local,,/Users/ahmadjalil/github/aethmodular/research/filter_combine/FilterBased_ChemSpecPM25_ETAD.csv,a9f87a16ca07030aaeaf3b0d67c1c5fe3f0d209c34a3a51b365e6a8724f33020,"# File Updated: 2025-07-29
# Data version 3.0
# Site: Addis Ababa, Ethiopia",ETAD-0060,ChemSpec_218,True,True,both competing concentration values already present in earlier CSV; upstream role unresolved,False,c91542c705254dd7e7e7271bc36789388d225dc3,a6fda4ea34e7c6d5f3c058ccd56e23d36c2afe07fee3dd8ee9072a80eeae197f
19044,ETAD,9.0106,38.8207,,ETAD-0061,2023-04-10,PM2.5,,,,ChemSpec_218,,,ChemSpec_EC_PM2.5,,2.73,0.0565181518151815,,,ChemSpec,ug/m3,ug/m3,,ETAD-0061,2023-04-10,2.73,0.056518151815,1534,ETAD,9.0106,38.8207,2370.0,ETAD-0061,2023,4,10,9.0,2023,4,11,9.0,24.0,28203,EC PM2.5,2.73,Micrograms per cubic meter (ug/m3),,0.0565181518151815,,218,AirPhoton SS5i Sampler with BGI cyclone inlet and 25mm stretched Teflon filter,FTIR,Ambient local,,/Users/ahmadjalil/github/aethmodular/research/filter_combine/FilterBased_ChemSpecPM25_ETAD.csv,a9f87a16ca07030aaeaf3b0d67c1c5fe3f0d209c34a3a51b365e6a8724f33020,"# File Updated: 2025-07-29
# Data version 3.0
# Site: Addis Ababa, Ethiopia",ETAD-0061,ChemSpec_218,True,True,both competing concentration values already present in earlier CSV; upstream role unresolved,False,c91542c705254dd7e7e7271bc36789388d225dc3,a6fda4ea34e7c6d5f3c058ccd56e23d36c2afe07fee3dd8ee9072a80eeae197f
19045,ETAD,9.0106,38.8207,,ETAD-0061,2023-04-10,PM2.5,,,,ChemSpec_218,,,ChemSpec_EC_PM2.5,,0.06,0.0565181518151815,,,ChemSpec,ug/m3,ug/m3,,ETAD-0061,2023-04-10,0.06,0.056518151815,1535,ETAD,9.0106,38.8207,2370.0,ETAD-0061,2023,4,10,9.0,2023,4,11,9.0,24.0,28203,EC PM2.5,0.06,Micrograms per cubic meter (ug/m3),,0.0565181518151815,,218,AirPhoton SS5i Sampler with BGI cyclone inlet and 25mm stretched Teflon filter,FTIR,Ambient local,,/Users/ahmadjalil/github/aethmodular/research/filter_combine/FilterBased_ChemSpecPM25_ETAD.csv,a9f87a16ca07030aaeaf3b0d67c1c5fe3f0d209c34a3a51b365e6a8724f33020,"# File Updated: 2025-07-29
# Data version 3.0
# Site: Addis Ababa, Ethiopia",ETAD-0061,ChemSpec_218,True,True,both competing concentration values already present in earlier CSV; upstream role unresolved,False,c91542c705254dd7e7e7271bc36789388d225dc3,a6fda4ea34e7c6d5f3c058ccd56e23d36c2afe07fee3dd8ee9072a80eeae197f
19102,ETAD,9.0106,38.8207,,ETAD-0062,2023-04-13,PM2.5,,,,ChemSpec_218,,,ChemSpec_EC_PM2.5,,3.76,0.0565181518151815,,,ChemSpec,ug/m3,ug/m3,,ETAD-0062,2023-04-13,3.76,0.056518151815,1574,ETAD,9.0106,38.8207,2370.0,ETAD-0062,2023,4,13,9.0,2023,4,14,9.0,24.0,28203,EC PM2.5,3.76,Micrograms per cubic meter (ug/m3),,0.0565181518151815,,218,AirPhoton SS5i Sampler with BGI cyclone inlet and 25mm stretched Teflon filter,FTIR,Ambient local,,/Users/ahmadjalil/github/aethmodular/research/filter_combine/FilterBased_ChemSpecPM25_ETAD.csv,a9f87a16ca07030aaeaf3b0d67c1c5fe3f0d209c34a3a51b365e6a8724f33020,"# File Updated: 2025-07-29
# Data version 3.0
# Site: Addis Ababa, Ethiopia",ETAD-0062,ChemSpec_218,True,True,both competing concentration values already present in earlier CSV; upstream role unresolved,False,c91542c705254dd7e7e7271bc36789388d225dc3,a6fda4ea34e7c6d5f3c058ccd56e23d36c2afe07fee3dd8ee9072a80eeae197f
19103,ETAD,9.0106,38.8207,,ETAD-0062,2023-04-13,PM2.5,,,,ChemSpec_218,,,ChemSpec_EC_PM2.5,,0.06,0.0565181518151815,,,ChemSpec,ug/m3,ug/m3,,ETAD-0062,2023-04-13,0.06,0.056518151815,1575,ETAD,9.0106,38.8207,2370.0,ETAD-0062,2023,4,13,9.0,2023,4,14,9.0,24.0,28203,EC PM2.5,0.06,Micrograms per cubic meter (ug/m3),,0.0565181518151815,,218,AirPhoton SS5i Sampler with BGI cyclone inlet and 25mm stretched Teflon filter,FTIR,Ambient local,,/Users/ahmadjalil/github/aethmodular/research/filter_combine/FilterBased_ChemSpecPM25_ETAD.csv,a9f87a16ca07030aaeaf3b0d67c1c5fe3f0d209c34a3a51b365e6a8724f33020,"# File Updated: 2025-07-29
# Data version 3.0
# Site: Addis Ababa, Ethiopia",ETAD-0062,ChemSpec_218,True,True,both competing concentration values already present in earlier CSV; upstream role unresolved,False,c91542c705254dd7e7e7271bc36789388d225dc3,a6fda4ea34e7c6d5f3c058ccd56e23d36c2afe07fee3dd8ee9072a80eeae197f
19173,ETAD,9.0106,38.8207,,ETAD-0064,2023-04-16,PM2.5,,,,ChemSpec_218,,,ChemSpec_EC_PM2.5,,1.9,0.0565181518151815,,,ChemSpec,ug/m3,ug/m3,,ETAD-0064,2023-04-16,1.9,0.056518151815,1614,ETAD,9.0106,38.8207,2370.0,ETAD-0064,2023,4,16,9.0,2023,4,17,9.0,24.0,28203,EC PM2.5,1.9,Micrograms per cubic meter (ug/m3),,0.0565181518151815,,218,AirPhoton SS5i Sampler with BGI cyclone inlet and 25mm stretched Teflon filter,FTIR,Ambient local,,/Users/ahmadjalil/github/aethmodular/research/filter_combine/FilterBased_ChemSpecPM25_ETAD.csv,a9f87a16ca07030aaeaf3b0d67c1c5fe3f0d209c34a3a51b365e6a8724f33020,"# File Updated: 2025-07-29
# Data version 3.0
# Site: Addis Ababa, Ethiopia",ETAD-0064,ChemSpec_218,True,True,both competing concentration values already present in earlier CSV; upstream role unresolved,False,c91542c705254dd7e7e7271bc36789388d225dc3,a6fda4ea34e7c6d5f3c058ccd56e23d36c2afe07fee3dd8ee9072a80eeae197f
19174,ETAD,9.0106,38.8207,,ETAD-0064,2023-04-16,PM2.5,,,,ChemSpec_218,,,ChemSpec_EC_PM2.5,,0.06,0.0565181518151815,,,ChemSpec,ug/m3,ug/m3,,ETAD-0064,2023-04-16,0.06,0.056518151815,1615,ETAD,9.0106,38.8207,2370.0,ETAD-0064,2023,4,16,9.0,2023,4,17,9.0,24.0,28203,EC PM2.5,0.06,Micrograms per cubic meter (ug/m3),,0.0565181518151815,,218,AirPhoton SS5i Sampler with BGI cyclone inlet and 25mm stretched Teflon filter,FTIR,Ambient local,,/Users/ahmadjalil/github/aethmodular/research/filter_combine/FilterBased_ChemSpecPM25_ETAD.csv,a9f87a16ca07030aaeaf3b0d67c1c5fe3f0d209c34a3a51b365e6a8724f33020,"# File Updated: 2025-07-29
# Data version 3.0
# Site: Addis Ababa, Ethiopia",ETAD-0064,ChemSpec_218,True,True,both competing concentration values already present in earlier CSV; upstream role unresolved,False,c91542c705254dd7e7e7271bc36789388d225dc3,a6fda4ea34e7c6d5f3c058ccd56e23d36c2afe07fee3dd8ee9072a80eeae197f
19230,ETAD,9.0106,38.8207,,ETAD-0065,2023-04-21,PM2.5,,,,ChemSpec_218,,,ChemSpec_EC_PM2.5,,4.34,0.0565181518151815,,,ChemSpec,ug/m3,ug/m3,,ETAD-0065,2023-04-21,4.34,0.056518151815,1655,ETAD,9.0106,38.8207,2370.0,ETAD-0065,2023,4,21,9.0,2023,4,22,9.0,24.0,28203,EC PM2.5,4.34,Micrograms per cubic meter (ug/m3),,0.0565181518151815,,218,AirPhoton SS5i Sampler with BGI cyclone inlet and 25mm stretched Teflon filter,FTIR,Ambient local,,/Users/ahmadjalil/github/aethmodular/research/filter_combine/FilterBased_ChemSpecPM25_ETAD.csv,a9f87a16ca07030aaeaf3b0d67c1c5fe3f0d209c34a3a51b365e6a8724f33020,"# File Updated: 2025-07-29
# Data version 3.0
# Site: Addis Ababa, Ethiopia",ETAD-0065,ChemSpec_218,True,True,both competing concentration values already present in earlier CSV; upstream role unresolved,False,c91542c705254dd7e7e7271bc36789388d225dc3,a6fda4ea34e7c6d5f3c058ccd56e23d36c2afe07fee3dd8ee9072a80eeae197f
19231,ETAD,9.0106,38.8207,,ETAD-0065,2023-04-21,PM2.5,,,,ChemSpec_218,,,ChemSpec_EC_PM2.5,,0.06,0.0565181518151815,,,ChemSpec,ug/m3,ug/m3,,ETAD-0065,2023-04-21,0.06,0.056518151815,1656,ETAD,9.0106,38.8207,2370.0,ETAD-0065,2023,4,21,9.0,2023,4,22,9.0,24.0,28203,EC PM2.5,0.06,Micrograms per cubic meter (ug/m3),,0.0565181518151815,,218,AirPhoton SS5i Sampler with BGI cyclone inlet and 25mm stretched Teflon filter,FTIR,Ambient local,,/Users/ahmadjalil/github/aethmodular/research/filter_combine/FilterBased_ChemSpecPM25_ETAD.csv,a9f87a16ca07030aaeaf3b0d67c1c5fe3f0d209c34a3a51b365e6a8724f33020,"# File Updated: 2025-07-29
# Data version 3.0
# Site: Addis Ababa, Ethiopia",ETAD-0065,ChemSpec_218,True,True,both competing concentration values already present in earlier CSV; upstream role unresolved,False,c91542c705254dd7e7e7271bc36789388d225dc3,a6fda4ea34e7c6d5f3c058ccd56e23d36c2afe07fee3dd8ee9072a80eeae197f
19288,ETAD,9.0106,38.8207,,ETAD-0066,2023-04-24,PM2.5,,,,ChemSpec_218,,,ChemSpec_EC_PM2.5,,4.14,0.0565181518151815,,,ChemSpec,ug/m3,ug/m3,,ETAD-0066,2023-04-24,4.14,0.056518151815,1696,ETAD,9.0106,38.8207,2370.0,ETAD-0066,2023,4,24,9.0,2023,4,25,9.0,24.0,28203,EC PM2.5,4.14,Micrograms per cubic meter (ug/m3),,0.0565181518151815,,218,AirPhoton SS5i Sampler with BGI cyclone inlet and 25mm stretched Teflon filter,FTIR,Ambient local,,/Users/ahmadjalil/github/aethmodular/research/filter_combine/FilterBased_ChemSpecPM25_ETAD.csv,a9f87a16ca07030aaeaf3b0d67c1c5fe3f0d209c34a3a51b365e6a8724f33020,"# File Updated: 2025-07-29
# Data version 3.0
# Site: Addis Ababa, Ethiopia",ETAD-0066,ChemSpec_218,True,True,both competing concentration values already present in earlier CSV; upstream role unresolved,False,c91542c705254dd7e7e7271bc36789388d225dc3,a6fda4ea34e7c6d5f3c058ccd56e23d36c2afe07fee3dd8ee9072a80eeae197f
19289,ETAD,9.0106,38.8207,,ETAD-0066,2023-04-24,PM2.5,,,,ChemSpec_218,,,ChemSpec_EC_PM2.5,,0.06,0.0565181518151815,,,ChemSpec,ug/m3,ug/m3,,ETAD-0066,2023-04-24,0.06,0.056518151815,1697,ETAD,9.0106,38.8207,2370.0,ETAD-0066,2023,4,24,9.0,2023,4,25,9.0,24.0,28203,EC PM2.5,0.06,Micrograms per cubic meter (ug/m3),,0.0565181518151815,,218,AirPhoton SS5i Sampler with BGI cyclone inlet and 25mm stretched Teflon filter,FTIR,Ambient local,,/Users/ahmadjalil/github/aethmodular/research/filter_combine/FilterBased_ChemSpecPM25_ETAD.csv,a9f87a16ca07030aaeaf3b0d67c1c5fe3f0d209c34a3a51b365e6a8724f33020,"# File Updated: 2025-07-29
# Data version 3.0
# Site: Addis Ababa, Ethiopia",ETAD-0066,ChemSpec_218,True,True,both competing concentration values already present in earlier CSV; upstream role unresolved,False,c91542c705254dd7e7e7271bc36789388d225dc3,a6fda4ea34e7c6d5f3c058ccd56e23d36c2afe07fee3dd8ee9072a80eeae197f
19346,ETAD,9.0106,38.8207,,ETAD-0067,2023-04-27,PM2.5,,,,ChemSpec_218,,,ChemSpec_EC_PM2.5,,9.56,0.0565181518151815,,,ChemSpec,ug/m3,ug/m3,,ETAD-0067,2023-04-27,9.56,0.056518151815,1737,ETAD,9.0106,38.8207,2370.0,ETAD-0067,2023,4,27,9.0,2023,4,28,9.0,24.0,28203,EC PM2.5,9.56,Micrograms per cubic meter (ug/m3),,0.0565181518151815,,218,AirPhoton SS5i Sampler with BGI cyclone inlet and 25mm stretched Teflon filter,FTIR,Ambient local,,/Users/ahmadjalil/github/aethmodular/research/filter_combine/FilterBased_ChemSpecPM25_ETAD.csv,a9f87a16ca07030aaeaf3b0d67c1c5fe3f0d209c34a3a51b365e6a8724f33020,"# File Updated: 2025-07-29
# Data version 3.0
# Site: Addis Ababa, Ethiopia",ETAD-0067,ChemSpec_218,True,True,both competing concentration values already present in earlier CSV; upstream role unresolved,False,c91542c705254dd7e7e7271bc36789388d225dc3,a6fda4ea34e7c6d5f3c058ccd56e23d36c2afe07fee3dd8ee9072a80eeae197f
19347,ETAD,9.0106,38.8207,,ETAD-0067,2023-04-27,PM2.5,,,,ChemSpec_218,,,ChemSpec_EC_PM2.5,,0.06,0.0565181518151815,,,ChemSpec,ug/m3,ug/m3,,ETAD-0067,2023-04-27,0.06,0.056518151815,1738,ETAD,9.0106,38.8207,2370.0,ETAD-0067,2023,4,27,9.0,2023,4,28,9.0,24.0,28203,EC PM2.5,0.06,Micrograms per cubic meter (ug/m3),,0.0565181518151815,,218,AirPhoton SS5i Sampler with BGI cyclone inlet and 25mm stretched Teflon filter,FTIR,Ambient local,,/Users/ahmadjalil/github/aethmodular/research/filter_combine/FilterBased_ChemSpecPM25_ETAD.csv,a9f87a16ca07030aaeaf3b0d67c1c5fe3f0d209c34a3a51b365e6a8724f33020,"# File Updated: 2025-07-29
# Data version 3.0
# Site: Addis Ababa, Ethiopia",ETAD-0067,ChemSpec_218,True,True,both competing concentration values already present in earlier CSV; upstream role unresolved,False,c91542c705254dd7e7e7271bc36789388d225dc3,a6fda4ea34e7c6d5f3c058ccd56e23d36c2afe07fee3dd8ee9072a80eeae197f
19404,ETAD,9.0106,38.8207,,ETAD-0068,2023-04-30,PM2.5,,,,ChemSpec_218,,,ChemSpec_EC_PM2.5,,6.34,0.0565181518151815,,,ChemSpec,ug/m3,ug/m3,,ETAD-0068,2023-04-30,6.34,0.056518151815,1778,ETAD,9.0106,38.8207,2370.0,ETAD-0068,2023,4,30,9.0,2023,5,1,9.0,24.0,28203,EC PM2.5,6.34,Micrograms per cubic meter (ug/m3),,0.0565181518151815,,218,AirPhoton SS5i Sampler with BGI cyclone inlet and 25mm stretched Teflon filter,FTIR,Ambient local,,/Users/ahmadjalil/github/aethmodular/research/filter_combine/FilterBased_ChemSpecPM25_ETAD.csv,a9f87a16ca07030aaeaf3b0d67c1c5fe3f0d209c34a3a51b365e6a8724f33020,"# File Updated: 2025-07-29
# Data version 3.0
# Site: Addis Ababa, Ethiopia",ETAD-0068,ChemSpec_218,True,True,both competing concentration values already present in earlier CSV; upstream role unresolved,False,c91542c705254dd7e7e7271bc36789388d225dc3,a6fda4ea34e7c6d5f3c058ccd56e23d36c2afe07fee3dd8ee9072a80eeae197f
19405,ETAD,9.0106,38.8207,,ETAD-0068,2023-04-30,PM2.5,,,,ChemSpec_218,,,ChemSpec_EC_PM2.5,,0.06,0.0565181518151815,,,ChemSpec,ug/m3,ug/m3,,ETAD-0068,2023-04-30,0.06,0.056518151815,1779,ETAD,9.0106,38.8207,2370.0,ETAD-0068,2023,4,30,9.0,2023,5,1,9.0,24.0,28203,EC PM2.5,0.06,Micrograms per cubic meter (ug/m3),,0.0565181518151815,,218,AirPhoton SS5i Sampler with BGI cyclone inlet and 25mm stretched Teflon filter,FTIR,Ambient local,,/Users/ahmadjalil/github/aethmodular/research/filter_combine/FilterBased_ChemSpecPM25_ETAD.csv,a9f87a16ca07030aaeaf3b0d67c1c5fe3f0d209c34a3a51b365e6a8724f33020,"# File Updated: 2025-07-29
# Data version 3.0
# Site: Addis Ababa, Ethiopia",ETAD-0068,ChemSpec_218,True,True,both competing concentration values already present in earlier CSV; upstream role unresolved,False,c91542c705254dd7e7e7271bc36789388d225dc3,a6fda4ea34e7c6d5f3c058ccd56e23d36c2afe07fee3dd8ee9072a80eeae197f
19462,ETAD,9.0106,38.8207,,ETAD-0069,2023-05-03,PM2.5,,,,ChemSpec_218,,,ChemSpec_EC_PM2.5,,5.98,0.0565181518151815,,,ChemSpec,ug/m3,ug/m3,,ETAD-0069,2023-05-03,5.98,0.056518151815,1819,ETAD,9.0106,38.8207,2370.0,ETAD-0069,2023,5,3,9.0,2023,5,4,9.0,24.0,28203,EC PM2.5,5.98,Micrograms per cubic meter (ug/m3),,0.0565181518151815,,218,AirPhoton SS5i Sampler with BGI cyclone inlet and 25mm stretched Teflon filter,FTIR,Ambient local,,/Users/ahmadjalil/github/aethmodular/research/filter_combine/FilterBased_ChemSpecPM25_ETAD.csv,a9f87a16ca07030aaeaf3b0d67c1c5fe3f0d209c34a3a51b365e6a8724f33020,"# File Updated: 2025-07-29
# Data version 3.0
# Site: Addis Ababa, Ethiopia",ETAD-0069,ChemSpec_218,True,True,both competing concentration values already present in earlier CSV; upstream role unresolved,False,c91542c705254dd7e7e7271bc36789388d225dc3,a6fda4ea34e7c6d5f3c058ccd56e23d36c2afe07fee3dd8ee9072a80eeae197f
19463,ETAD,9.0106,38.8207,,ETAD-0069,2023-05-03,PM2.5,,,,ChemSpec_218,,,ChemSpec_EC_PM2.5,,0.06,0.0565181518151815,,,ChemSpec,ug/m3,ug/m3,,ETAD-0069,2023-05-03,0.06,0.056518151815,1820,ETAD,9.0106,38.8207,2370.0,ETAD-0069,2023,5,3,9.0,2023,5,4,9.0,24.0,28203,EC PM2.5,0.06,Micrograms per cubic meter (ug/m3),,0.0565181518151815,,218,AirPhoton SS5i Sampler with BGI cyclone inlet and 25mm stretched Teflon filter,FTIR,Ambient local,,/Users/ahmadjalil/github/aethmodular/research/filter_combine/FilterBased_ChemSpecPM25_ETAD.csv,a9f87a16ca07030aaeaf3b0d67c1c5fe3f0d209c34a3a51b365e6a8724f33020,"# File Updated: 2025-07-29
# Data version 3.0
# Site: Addis Ababa, Ethiopia",ETAD-0069,ChemSpec_218,True,True,both competing concentration values already present in earlier CSV; upstream role unresolved,False,c91542c705254dd7e7e7271bc36789388d225dc3,a6fda4ea34e7c6d5f3c058ccd56e23d36c2afe07fee3dd8ee9072a80eeae197f
19520,ETAD,9.0106,38.8207,,ETAD-0070,2023-05-06,PM2.5,,,,ChemSpec_218,,,ChemSpec_EC_PM2.5,,9.6,0.0565181518151815,,,ChemSpec,ug/m3,ug/m3,,ETAD-0070,2023-05-06,9.6,0.056518151815,1860,ETAD,9.0106,38.8207,2370.0,ETAD-0070,2023,5,6,9.0,2023,5,7,9.0,24.0,28203,EC PM2.5,9.6,Micrograms per cubic meter (ug/m3),,0.0565181518151815,,218,AirPhoton SS5i Sampler with BGI cyclone inlet and 25mm stretched Teflon filter,FTIR,Ambient local,,/Users/ahmadjalil/github/aethmodular/research/filter_combine/FilterBased_ChemSpecPM25_ETAD.csv,a9f87a16ca07030aaeaf3b0d67c1c5fe3f0d209c34a3a51b365e6a8724f33020,"# File Updated: 2025-07-29
# Data version 3.0
# Site: Addis Ababa, Ethiopia",ETAD-0070,ChemSpec_218,True,True,both competing concentration values already present in earlier CSV; upstream role unresolved,False,c91542c705254dd7e7e7271bc36789388d225dc3,a6fda4ea34e7c6d5f3c058ccd56e23d36c2afe07fee3dd8ee9072a80eeae197f
19521,ETAD,9.0106,38.8207,,ETAD-0070,2023-05-06,PM2.5,,,,ChemSpec_218,,,ChemSpec_EC_PM2.5,,0.06,0.0565181518151815,,,ChemSpec,ug/m3,ug/m3,,ETAD-0070,2023-05-06,0.06,0.056518151815,1861,ETAD,9.0106,38.8207,2370.0,ETAD-0070,2023,5,6,9.0,2023,5,7,9.0,24.0,28203,EC PM2.5,0.06,Micrograms per cubic meter (ug/m3),,0.0565181518151815,,218,AirPhoton SS5i Sampler with BGI cyclone inlet and 25mm stretched Teflon filter,FTIR,Ambient local,,/Users/ahmadjalil/github/aethmodular/research/filter_combine/FilterBased_ChemSpecPM25_ETAD.csv,a9f87a16ca07030aaeaf3b0d67c1c5fe3f0d209c34a3a51b365e6a8724f33020,"# File Updated: 2025-07-29
# Data version 3.0
# Site: Addis Ababa, Ethiopia",ETAD-0070,ChemSpec_218,True,True,both competing concentration values already present in earlier CSV; upstream role unresolved,False,c91542c705254dd7e7e7271bc36789388d225dc3,a6fda4ea34e7c6d5f3c058ccd56e23d36c2afe07fee3dd8ee9072a80eeae197f
19592,ETAD,9.0106,38.8207,,ETAD-0072,2023-05-09,PM2.5,,,,ChemSpec_218,,,ChemSpec_EC_PM2.5,,8.19,0.0592457078525189,,,ChemSpec,ug/m3,ug/m3,,ETAD-0072,2023-05-09,8.19,0.059245707853,1901,ETAD,9.0106,38.8207,2370.0,ETAD-0072,2023,5,9,9.0,2023,5,10,9.0,24.0,28203,EC PM2.5,8.19,Micrograms per cubic meter (ug/m3),,0.0592457078525189,,218,AirPhoton SS5i Sampler with BGI cyclone inlet and 25mm stretched Teflon filter,FTIR,Ambient local,,/Users/ahmadjalil/github/aethmodular/research/filter_combine/FilterBased_ChemSpecPM25_ETAD.csv,a9f87a16ca07030aaeaf3b0d67c1c5fe3f0d209c34a3a51b365e6a8724f33020,"# File Updated: 2025-07-29
# Data version 3.0
# Site: Addis Ababa, Ethiopia",ETAD-0072,ChemSpec_218,True,True,both competing concentration values already present in earlier CSV; upstream role unresolved,False,c91542c705254dd7e7e7271bc36789388d225dc3,a6fda4ea34e7c6d5f3c058ccd56e23d36c2afe07fee3dd8ee9072a80eeae197f
19593,ETAD,9.0106,38.8207,,ETAD-0072,2023-05-09,PM2.5,,,,ChemSpec_218,,,ChemSpec_EC_PM2.5,,0.06,0.0592457078525189,,,ChemSpec,ug/m3,ug/m3,,ETAD-0072,2023-05-09,0.06,0.059245707853,1902,ETAD,9.0106,38.8207,2370.0,ETAD-0072,2023,5,9,9.0,2023,5,10,9.0,24.0,28203,EC PM2.5,0.06,Micrograms per cubic meter (ug/m3),,0.0592457078525189,,218,AirPhoton SS5i Sampler with BGI cyclone inlet and 25mm stretched Teflon filter,FTIR,Ambient local,,/Users/ahmadjalil/github/aethmodular/research/filter_combine/FilterBased_ChemSpecPM25_ETAD.csv,a9f87a16ca07030aaeaf3b0d67c1c5fe3f0d209c34a3a51b365e6a8724f33020,"# File Updated: 2025-07-29
# Data version 3.0
# Site: Addis Ababa, Ethiopia",ETAD-0072,ChemSpec_218,True,True,both competing concentration values already present in earlier CSV; upstream role unresolved,False,c91542c705254dd7e7e7271bc36789388d225dc3,a6fda4ea34e7c6d5f3c058ccd56e23d36c2afe07fee3dd8ee9072a80eeae197f
19650,ETAD,9.0106,38.8207,,ETAD-0073,2023-05-17,PM2.5,,,,ChemSpec_218,,,ChemSpec_EC_PM2.5,,9.22,0.0565181518151815,,,ChemSpec,ug/m3,ug/m3,,ETAD-0073,2023-05-17,9.22,0.056518151815,1941,ETAD,9.0106,38.8207,2370.0,ETAD-0073,2023,5,17,9.0,2023,5,18,9.0,24.0,28203,EC PM2.5,9.22,Micrograms per cubic meter (ug/m3),,0.0565181518151815,,218,AirPhoton SS5i Sampler with BGI cyclone inlet and 25mm stretched Teflon filter,FTIR,Ambient local,,/Users/ahmadjalil/github/aethmodular/research/filter_combine/FilterBased_ChemSpecPM25_ETAD.csv,a9f87a16ca07030aaeaf3b0d67c1c5fe3f0d209c34a3a51b365e6a8724f33020,"# File Updated: 2025-07-29
# Data version 3.0
# Site: Addis Ababa, Ethiopia",ETAD-0073,ChemSpec_218,True,True,both competing concentration values already present in earlier CSV; upstream role unresolved,False,c91542c705254dd7e7e7271bc36789388d225dc3,a6fda4ea34e7c6d5f3c058ccd56e23d36c2afe07fee3dd8ee9072a80eeae197f
19651,ETAD,9.0106,38.8207,,ETAD-0073,2023-05-17,PM2.5,,,,ChemSpec_218,,,ChemSpec_EC_PM2.5,,0.06,0.0565181518151815,,,ChemSpec,ug/m3,ug/m3,,ETAD-0073,2023-05-17,0.06,0.056518151815,1942,ETAD,9.0106,38.8207,2370.0,ETAD-0073,2023,5,17,9.0,2023,5,18,9.0,24.0,28203,EC PM2.5,0.06,Micrograms per cubic meter (ug/m3),,0.0565181518151815,,218,AirPhoton SS5i Sampler with BGI cyclone inlet and 25mm stretched Teflon filter,FTIR,Ambient local,,/Users/ahmadjalil/github/aethmodular/research/filter_combine/FilterBased_ChemSpecPM25_ETAD.csv,a9f87a16ca07030aaeaf3b0d67c1c5fe3f0d209c34a3a51b365e6a8724f33020,"# File Updated: 2025-07-29
# Data version 3.0
# Site: Addis Ababa, Ethiopia",ETAD-0073,ChemSpec_218,True,True,both competing concentration values already present in earlier CSV; upstream role unresolved,False,c91542c705254dd7e7e7271bc36789388d225dc3,a6fda4ea34e7c6d5f3c058ccd56e23d36c2afe07fee3dd8ee9072a80eeae197f
19707,ETAD,9.0106,38.8207,,ETAD-0074,2023-05-20,PM2.5,,,,ChemSpec_218,,,ChemSpec_EC_PM2.5,,6.19,0.0565181518151815,,,ChemSpec,ug/m3,ug/m3,,ETAD-0074,2023-05-20,6.19,0.056518151815,1982,ETAD,9.0106,38.8207,2370.0,ETAD-0074,2023,5,20,9.0,2023,5,21,9.0,24.0,28203,EC PM2.5,6.19,Micrograms per cubic meter (ug/m3),,0.0565181518151815,,218,AirPhoton SS5i Sampler with BGI cyclone inlet and 25mm stretched Teflon filter,FTIR,Ambient local,,/Users/ahmadjalil/github/aethmodular/research/filter_combine/FilterBased_ChemSpecPM25_ETAD.csv,a9f87a16ca07030aaeaf3b0d67c1c5fe3f0d209c34a3a51b365e6a8724f33020,"# File Updated: 2025-07-29
# Data version 3.0
# Site: Addis Ababa, Ethiopia",ETAD-0074,ChemSpec_218,True,True,both competing concentration values already present in earlier CSV; upstream role unresolved,False,c91542c705254dd7e7e7271bc36789388d225dc3,a6fda4ea34e7c6d5f3c058ccd56e23d36c2afe07fee3dd8ee9072a80eeae197f
19708,ETAD,9.0106,38.8207,,ETAD-0074,2023-05-20,PM2.5,,,,ChemSpec_218,,,ChemSpec_EC_PM2.5,,0.06,0.0565181518151815,,,ChemSpec,ug/m3,ug/m3,,ETAD-0074,2023-05-20,0.06,0.056518151815,1983,ETAD,9.0106,38.8207,2370.0,ETAD-0074,2023,5,20,9.0,2023,5,21,9.0,24.0,28203,EC PM2.5,0.06,Micrograms per cubic meter (ug/m3),,0.0565181518151815,,218,AirPhoton SS5i Sampler with BGI cyclone inlet and 25mm stretched Teflon filter,FTIR,Ambient local,,/Users/ahmadjalil/github/aethmodular/research/filter_combine/FilterBased_ChemSpecPM25_ETAD.csv,a9f87a16ca07030aaeaf3b0d67c1c5fe3f0d209c34a3a51b365e6a8724f33020,"# File Updated: 2025-07-29
# Data version 3.0
# Site: Addis Ababa, Ethiopia",ETAD-0074,ChemSpec_218,True,True,both competing concentration values already present in earlier CSV; upstream role unresolved,False,c91542c705254dd7e7e7271bc36789388d225dc3,a6fda4ea34e7c6d5f3c058ccd56e23d36c2afe07fee3dd8ee9072a80eeae197f
19765,ETAD,9.0106,38.8207,,ETAD-0075,2023-05-23,PM2.5,,,,ChemSpec_218,,,ChemSpec_EC_PM2.5,,4.79,0.0565181518151815,,,ChemSpec,ug/m3,ug/m3,,ETAD-0075,2023-05-23,4.79,0.056518151815,2023,ETAD,9.0106,38.8207,2370.0,ETAD-0075,2023,5,23,9.0,2023,5,24,9.0,24.0,28203,EC PM2.5,4.79,Micrograms per cubic meter (ug/m3),,0.0565181518151815,,218,AirPhoton SS5i Sampler with BGI cyclone inlet and 25mm stretched Teflon filter,FTIR,Ambient local,,/Users/ahmadjalil/github/aethmodular/research/filter_combine/FilterBased_ChemSpecPM25_ETAD.csv,a9f87a16ca07030aaeaf3b0d67c1c5fe3f0d209c34a3a51b365e6a8724f33020,"# File Updated: 2025-07-29
# Data version 3.0
# Site: Addis Ababa, Ethiopia",ETAD-0075,ChemSpec_218,True,True,both competing concentration values already present in earlier CSV; upstream role unresolved,False,c91542c705254dd7e7e7271bc36789388d225dc3,a6fda4ea34e7c6d5f3c058ccd56e23d36c2afe07fee3dd8ee9072a80eeae197f
19766,ETAD,9.0106,38.8207,,ETAD-0075,2023-05-23,PM2.5,,,,ChemSpec_218,,,ChemSpec_EC_PM2.5,,0.06,0.0565181518151815,,,ChemSpec,ug/m3,ug/m3,,ETAD-0075,2023-05-23,0.06,0.056518151815,2024,ETAD,9.0106,38.8207,2370.0,ETAD-0075,2023,5,23,9.0,2023,5,24,9.0,24.0,28203,EC PM2.5,0.06,Micrograms per cubic meter (ug/m3),,0.0565181518151815,,218,AirPhoton SS5i Sampler with BGI cyclone inlet and 25mm stretched Teflon filter,FTIR,Ambient local,,/Users/ahmadjalil/github/aethmodular/research/filter_combine/FilterBased_ChemSpecPM25_ETAD.csv,a9f87a16ca07030aaeaf3b0d67c1c5fe3f0d209c34a3a51b365e6a8724f33020,"# File Updated: 2025-07-29
# Data version 3.0
# Site: Addis Ababa, Ethiopia",ETAD-0075,ChemSpec_218,True,True,both competing concentration values already present in earlier CSV; upstream role unresolved,False,c91542c705254dd7e7e7271bc36789388d225dc3,a6fda4ea34e7c6d5f3c058ccd56e23d36c2afe07fee3dd8ee9072a80eeae197f
19823,ETAD,9.0106,38.8207,,ETAD-0076,2023-05-26,PM2.5,,,,ChemSpec_218,,,ChemSpec_EC_PM2.5,,3.94,0.0565181518151815,,,ChemSpec,ug/m3,ug/m3,,ETAD-0076,2023-05-26,3.94,0.056518151815,2064,ETAD,9.0106,38.8207,2370.0,ETAD-0076,2023,5,26,9.0,2023,5,27,9.0,24.0,28203,EC PM2.5,3.94,Micrograms per cubic meter (ug/m3),,0.0565181518151815,,218,AirPhoton SS5i Sampler with BGI cyclone inlet and 25mm stretched Teflon filter,FTIR,Ambient local,,/Users/ahmadjalil/github/aethmodular/research/filter_combine/FilterBased_ChemSpecPM25_ETAD.csv,a9f87a16ca07030aaeaf3b0d67c1c5fe3f0d209c34a3a51b365e6a8724f33020,"# File Updated: 2025-07-29
# Data version 3.0
# Site: Addis Ababa, Ethiopia",ETAD-0076,ChemSpec_218,True,True,both competing concentration values already present in earlier CSV; upstream role unresolved,False,c91542c705254dd7e7e7271bc36789388d225dc3,a6fda4ea34e7c6d5f3c058ccd56e23d36c2afe07fee3dd8ee9072a80eeae197f
19824,ETAD,9.0106,38.8207,,ETAD-0076,2023-05-26,PM2.5,,,,ChemSpec_218,,,ChemSpec_EC_PM2.5,,0.06,0.0565181518151815,,,ChemSpec,ug/m3,ug/m3,,ETAD-0076,2023-05-26,0.06,0.056518151815,2065,ETAD,9.0106,38.8207,2370.0,ETAD-0076,2023,5,26,9.0,2023,5,27,9.0,24.0,28203,EC PM2.5,0.06,Micrograms per cubic meter (ug/m3),,0.0565181518151815,,218,AirPhoton SS5i Sampler with BGI cyclone inlet and 25mm stretched Teflon filter,FTIR,Ambient local,,/Users/ahmadjalil/github/aethmodular/research/filter_combine/FilterBased_ChemSpecPM25_ETAD.csv,a9f87a16ca07030aaeaf3b0d67c1c5fe3f0d209c34a3a51b365e6a8724f33020,"# File Updated: 2025-07-29
# Data version 3.0
# Site: Addis Ababa, Ethiopia",ETAD-0076,ChemSpec_218,True,True,both competing concentration values already present in earlier CSV; upstream role unresolved,False,c91542c705254dd7e7e7271bc36789388d225dc3,a6fda4ea34e7c6d5f3c058ccd56e23d36c2afe07fee3dd8ee9072a80eeae197f
19881,ETAD,9.0106,38.8207,,ETAD-0077,2023-05-29,PM2.5,,,,ChemSpec_218,,,ChemSpec_EC_PM2.5,,4.94,0.0565181518151815,,,ChemSpec,ug/m3,ug/m3,,ETAD-0077,2023-05-29,4.94,0.056518151815,2105,ETAD,9.0106,38.8207,2370.0,ETAD-0077,2023,5,29,9.0,2023,5,30,9.0,24.0,28203,EC PM2.5,4.94,Micrograms per cubic meter (ug/m3),,0.0565181518151815,,218,AirPhoton SS5i Sampler with BGI cyclone inlet and 25mm stretched Teflon filter,FTIR,Ambient local,,/Users/ahmadjalil/github/aethmodular/research/filter_combine/FilterBased_ChemSpecPM25_ETAD.csv,a9f87a16ca07030aaeaf3b0d67c1c5fe3f0d209c34a3a51b365e6a8724f33020,"# File Updated: 2025-07-29
# Data version 3.0
# Site: Addis Ababa, Ethiopia",ETAD-0077,ChemSpec_218,True,True,both competing concentration values already present in earlier CSV; upstream role unresolved,False,c91542c705254dd7e7e7271bc36789388d225dc3,a6fda4ea34e7c6d5f3c058ccd56e23d36c2afe07fee3dd8ee9072a80eeae197f
19882,ETAD,9.0106,38.8207,,ETAD-0077,2023-05-29,PM2.5,,,,ChemSpec_218,,,ChemSpec_EC_PM2.5,,0.06,0.0565181518151815,,,ChemSpec,ug/m3,ug/m3,,ETAD-0077,2023-05-29,0.06,0.056518151815,2106,ETAD,9.0106,38.8207,2370.0,ETAD-0077,2023,5,29,9.0,2023,5,30,9.0,24.0,28203,EC PM2.5,0.06,Micrograms per cubic meter (ug/m3),,0.0565181518151815,,218,AirPhoton SS5i Sampler with BGI cyclone inlet and 25mm stretched Teflon filter,FTIR,Ambient local,,/Users/ahmadjalil/github/aethmodular/research/filter_combine/FilterBased_ChemSpecPM25_ETAD.csv,a9f87a16ca07030aaeaf3b0d67c1c5fe3f0d209c34a3a51b365e6a8724f33020,"# File Updated: 2025-07-29
# Data version 3.0
# Site: Addis Ababa, Ethiopia",ETAD-0077,ChemSpec_218,True,True,both competing concentration values already present in earlier CSV; upstream role unresolved,False,c91542c705254dd7e7e7271bc36789388d225dc3,a6fda4ea34e7c6d5f3c058ccd56e23d36c2afe07fee3dd8ee9072a80eeae197f
19939,ETAD,9.0106,38.8207,,ETAD-0078,2023-06-01,PM2.5,,,,ChemSpec_218,,,ChemSpec_EC_PM2.5,,3.79,0.0565181518151815,,,ChemSpec,ug/m3,ug/m3,,ETAD-0078,2023-06-01,3.79,0.056518151815,2146,ETAD,9.0106,38.8207,2370.0,ETAD-0078,2023,6,1,9.0,2023,6,2,9.0,24.0,28203,EC PM2.5,3.79,Micrograms per cubic meter (ug/m3),,0.0565181518151815,,218,AirPhoton SS5i Sampler with BGI cyclone inlet and 25mm stretched Teflon filter,FTIR,Ambient local,,/Users/ahmadjalil/github/aethmodular/research/filter_combine/FilterBased_ChemSpecPM25_ETAD.csv,a9f87a16ca07030aaeaf3b0d67c1c5fe3f0d209c34a3a51b365e6a8724f33020,"# File Updated: 2025-07-29
# Data version 3.0
# Site: Addis Ababa, Ethiopia",ETAD-0078,ChemSpec_218,True,True,both competing concentration values already present in earlier CSV; upstream role unresolved,False,c91542c705254dd7e7e7271bc36789388d225dc3,a6fda4ea34e7c6d5f3c058ccd56e23d36c2afe07fee3dd8ee9072a80eeae197f
19940,ETAD,9.0106,38.8207,,ETAD-0078,2023-06-01,PM2.5,,,,ChemSpec_218,,,ChemSpec_EC_PM2.5,,0.06,0.0565181518151815,,,ChemSpec,ug/m3,ug/m3,,ETAD-0078,2023-06-01,0.06,0.056518151815,2147,ETAD,9.0106,38.8207,2370.0,ETAD-0078,2023,6,1,9.0,2023,6,2,9.0,24.0,28203,EC PM2.5,0.06,Micrograms per cubic meter (ug/m3),,0.0565181518151815,,218,AirPhoton SS5i Sampler with BGI cyclone inlet and 25mm stretched Teflon filter,FTIR,Ambient local,,/Users/ahmadjalil/github/aethmodular/research/filter_combine/FilterBased_ChemSpecPM25_ETAD.csv,a9f87a16ca07030aaeaf3b0d67c1c5fe3f0d209c34a3a51b365e6a8724f33020,"# File Updated: 2025-07-29
# Data version 3.0
# Site: Addis Ababa, Ethiopia",ETAD-0078,ChemSpec_218,True,True,both competing concentration values already present in earlier CSV; upstream role unresolved,False,c91542c705254dd7e7e7271bc36789388d225dc3,a6fda4ea34e7c6d5f3c058ccd56e23d36c2afe07fee3dd8ee9072a80eeae197f
20011,ETAD,9.0106,38.8207,,ETAD-0080,2023-06-04,PM2.5,,,,ChemSpec_218,,,ChemSpec_EC_PM2.5,,3.35,0.0592457078525189,,,ChemSpec,ug/m3,ug/m3,,ETAD-0080,2023-06-04,3.35,0.059245707853,2187,ETAD,9.0106,38.8207,2370.0,ETAD-0080,2023,6,4,9.0,2023,6,5,9.0,24.0,28203,EC PM2.5,3.35,Micrograms per cubic meter (ug/m3),,0.0592457078525189,,218,AirPhoton SS5i Sampler with BGI cyclone inlet and 25mm stretched Teflon filter,FTIR,Ambient local,,/Users/ahmadjalil/github/aethmodular/research/filter_combine/FilterBased_ChemSpecPM25_ETAD.csv,a9f87a16ca07030aaeaf3b0d67c1c5fe3f0d209c34a3a51b365e6a8724f33020,"# File Updated: 2025-07-29
# Data version 3.0
# Site: Addis Ababa, Ethiopia",ETAD-0080,ChemSpec_218,True,True,both competing concentration values already present in earlier CSV; upstream role unresolved,False,c91542c705254dd7e7e7271bc36789388d225dc3,a6fda4ea34e7c6d5f3c058ccd56e23d36c2afe07fee3dd8ee9072a80eeae197f
20012,ETAD,9.0106,38.8207,,ETAD-0080,2023-06-04,PM2.5,,,,ChemSpec_218,,,ChemSpec_EC_PM2.5,,0.06,0.0592457078525189,,,ChemSpec,ug/m3,ug/m3,,ETAD-0080,2023-06-04,0.06,0.059245707853,2188,ETAD,9.0106,38.8207,2370.0,ETAD-0080,2023,6,4,9.0,2023,6,5,9.0,24.0,28203,EC PM2.5,0.06,Micrograms per cubic meter (ug/m3),,0.0592457078525189,,218,AirPhoton SS5i Sampler with BGI cyclone inlet and 25mm stretched Teflon filter,FTIR,Ambient local,,/Users/ahmadjalil/github/aethmodular/research/filter_combine/FilterBased_ChemSpecPM25_ETAD.csv,a9f87a16ca07030aaeaf3b0d67c1c5fe3f0d209c34a3a51b365e6a8724f33020,"# File Updated: 2025-07-29
# Data version 3.0
# Site: Addis Ababa, Ethiopia",ETAD-0080,ChemSpec_218,True,True,both competing concentration values already present in earlier CSV; upstream role unresolved,False,c91542c705254dd7e7e7271bc36789388d225dc3,a6fda4ea34e7c6d5f3c058ccd56e23d36c2afe07fee3dd8ee9072a80eeae197f
20069,ETAD,9.0106,38.8207,,ETAD-0081,2023-06-07,PM2.5,,,,ChemSpec_218,,,ChemSpec_EC_PM2.5,,9.84,0.0577777777777777,,,ChemSpec,ug/m3,ug/m3,,ETAD-0081,2023-06-07,9.84,0.057777777778,2228,ETAD,9.0106,38.8207,2370.0,ETAD-0081,2023,6,7,9.0,2023,6,8,9.0,24.0,28203,EC PM2.5,9.84,Micrograms per cubic meter (ug/m3),,0.0577777777777777,,218,AirPhoton SS5i Sampler with BGI cyclone inlet and 25mm stretched Teflon filter,FTIR,Ambient local,,/Users/ahmadjalil/github/aethmodular/research/filter_combine/FilterBased_ChemSpecPM25_ETAD.csv,a9f87a16ca07030aaeaf3b0d67c1c5fe3f0d209c34a3a51b365e6a8724f33020,"# File Updated: 2025-07-29
# Data version 3.0
# Site: Addis Ababa, Ethiopia",ETAD-0081,ChemSpec_218,True,True,both competing concentration values already present in earlier CSV; upstream role unresolved,False,c91542c705254dd7e7e7271bc36789388d225dc3,a6fda4ea34e7c6d5f3c058ccd56e23d36c2afe07fee3dd8ee9072a80eeae197f
20070,ETAD,9.0106,38.8207,,ETAD-0081,2023-06-07,PM2.5,,,,ChemSpec_218,,,ChemSpec_EC_PM2.5,,0.06,0.0577777777777777,,,ChemSpec,ug/m3,ug/m3,,ETAD-0081,2023-06-07,0.06,0.057777777778,2229,ETAD,9.0106,38.8207,2370.0,ETAD-0081,2023,6,7,9.0,2023,6,8,9.0,24.0,28203,EC PM2.5,0.06,Micrograms per cubic meter (ug/m3),,0.0577777777777777,,218,AirPhoton SS5i Sampler with BGI cyclone inlet and 25mm stretched Teflon filter,FTIR,Ambient local,,/Users/ahmadjalil/github/aethmodular/research/filter_combine/FilterBased_ChemSpecPM25_ETAD.csv,a9f87a16ca07030aaeaf3b0d67c1c5fe3f0d209c34a3a51b365e6a8724f33020,"# File Updated: 2025-07-29
# Data version 3.0
# Site: Addis Ababa, Ethiopia",ETAD-0081,ChemSpec_218,True,True,both competing concentration values already present in earlier CSV; upstream role unresolved,False,c91542c705254dd7e7e7271bc36789388d225dc3,a6fda4ea34e7c6d5f3c058ccd56e23d36c2afe07fee3dd8ee9072a80eeae197f
20127,ETAD,9.0106,38.8207,,ETAD-0082,2023-06-10,PM2.5,,,,ChemSpec_218,,,ChemSpec_EC_PM2.5,,7.07,0.0577777777777777,,,ChemSpec,ug/m3,ug/m3,,ETAD-0082,2023-06-10,7.07,0.057777777778,2269,ETAD,9.0106,38.8207,2370.0,ETAD-0082,2023,6,10,9.0,2023,6,11,9.0,24.0,28203,EC PM2.5,7.07,Micrograms per cubic meter (ug/m3),,0.0577777777777777,,218,AirPhoton SS5i Sampler with BGI cyclone inlet and 25mm stretched Teflon filter,FTIR,Ambient local,,/Users/ahmadjalil/github/aethmodular/research/filter_combine/FilterBased_ChemSpecPM25_ETAD.csv,a9f87a16ca07030aaeaf3b0d67c1c5fe3f0d209c34a3a51b365e6a8724f33020,"# File Updated: 2025-07-29
# Data version 3.0
# Site: Addis Ababa, Ethiopia",ETAD-0082,ChemSpec_218,True,True,both competing concentration values already present in earlier CSV; upstream role unresolved,False,c91542c705254dd7e7e7271bc36789388d225dc3,a6fda4ea34e7c6d5f3c058ccd56e23d36c2afe07fee3dd8ee9072a80eeae197f
20128,ETAD,9.0106,38.8207,,ETAD-0082,2023-06-10,PM2.5,,,,ChemSpec_218,,,ChemSpec_EC_PM2.5,,0.06,0.0577777777777777,,,ChemSpec,ug/m3,ug/m3,,ETAD-0082,2023-06-10,0.06,0.057777777778,2270,ETAD,9.0106,38.8207,2370.0,ETAD-0082,2023,6,10,9.0,2023,6,11,9.0,24.0,28203,EC PM2.5,0.06,Micrograms per cubic meter (ug/m3),,0.0577777777777777,,218,AirPhoton SS5i Sampler with BGI cyclone inlet and 25mm stretched Teflon filter,FTIR,Ambient local,,/Users/ahmadjalil/github/aethmodular/research/filter_combine/FilterBased_ChemSpecPM25_ETAD.csv,a9f87a16ca07030aaeaf3b0d67c1c5fe3f0d209c34a3a51b365e6a8724f33020,"# File Updated: 2025-07-29
# Data version 3.0
# Site: Addis Ababa, Ethiopia",ETAD-0082,ChemSpec_218,True,True,both competing concentration values already present in earlier CSV; upstream role unresolved,False,c91542c705254dd7e7e7271bc36789388d225dc3,a6fda4ea34e7c6d5f3c058ccd56e23d36c2afe07fee3dd8ee9072a80eeae197f
20185,ETAD,9.0106,38.8207,,ETAD-0083,2023-06-13,PM2.5,,,,ChemSpec_218,,,ChemSpec_EC_PM2.5,,6.73,0.0577777777777777,,,ChemSpec,ug/m3,ug/m3,,ETAD-0083,2023-06-13,6.73,0.057777777778,2309,ETAD,9.0106,38.8207,2370.0,ETAD-0083,2023,6,13,9.0,2023,6,14,9.0,24.0,28203,EC PM2.5,6.73,Micrograms per cubic meter (ug/m3),,0.0577777777777777,,218,AirPhoton SS5i Sampler with BGI cyclone inlet and 25mm stretched Teflon filter,FTIR,Ambient local,,/Users/ahmadjalil/github/aethmodular/research/filter_combine/FilterBased_ChemSpecPM25_ETAD.csv,a9f87a16ca07030aaeaf3b0d67c1c5fe3f0d209c34a3a51b365e6a8724f33020,"# File Updated: 2025-07-29
# Data version 3.0
# Site: Addis Ababa, Ethiopia",ETAD-0083,ChemSpec_218,True,True,both competing concentration values already present in earlier CSV; upstream role unresolved,False,c91542c705254dd7e7e7271bc36789388d225dc3,a6fda4ea34e7c6d5f3c058ccd56e23d36c2afe07fee3dd8ee9072a80eeae197f
20186,ETAD,9.0106,38.8207,,ETAD-0083,2023-06-13,PM2.5,,,,ChemSpec_218,,,ChemSpec_EC_PM2.5,,0.06,0.0577777777777777,,,ChemSpec,ug/m3,ug/m3,,ETAD-0083,2023-06-13,0.06,0.057777777778,2310,ETAD,9.0106,38.8207,2370.0,ETAD-0083,2023,6,13,9.0,2023,6,14,9.0,24.0,28203,EC PM2.5,0.06,Micrograms per cubic meter (ug/m3),,0.0577777777777777,,218,AirPhoton SS5i Sampler with BGI cyclone inlet and 25mm stretched Teflon filter,FTIR,Ambient local,,/Users/ahmadjalil/github/aethmodular/research/filter_combine/FilterBased_ChemSpecPM25_ETAD.csv,a9f87a16ca07030aaeaf3b0d67c1c5fe3f0d209c34a3a51b365e6a8724f33020,"# File Updated: 2025-07-29
# Data version 3.0
# Site: Addis Ababa, Ethiopia",ETAD-0083,ChemSpec_218,True,True,both competing concentration values already present in earlier CSV; upstream role unresolved,False,c91542c705254dd7e7e7271bc36789388d225dc3,a6fda4ea34e7c6d5f3c058ccd56e23d36c2afe07fee3dd8ee9072a80eeae197f
20242,ETAD,9.0106,38.8207,,ETAD-0084,2023-06-16,PM2.5,,,,ChemSpec_218,,,ChemSpec_EC_PM2.5,,6.55,0.0577777777777777,,,ChemSpec,ug/m3,ug/m3,,ETAD-0084,2023-06-16,6.55,0.057777777778,2350,ETAD,9.0106,38.8207,2370.0,ETAD-0084,2023,6,16,9.0,2023,6,17,9.0,24.0,28203,EC PM2.5,6.55,Micrograms per cubic meter (ug/m3),,0.0577777777777777,,218,AirPhoton SS5i Sampler with BGI cyclone inlet and 25mm stretched Teflon filter,FTIR,Ambient local,,/Users/ahmadjalil/github/aethmodular/research/filter_combine/FilterBased_ChemSpecPM25_ETAD.csv,a9f87a16ca07030aaeaf3b0d67c1c5fe3f0d209c34a3a51b365e6a8724f33020,"# File Updated: 2025-07-29
# Data version 3.0
# Site: Addis Ababa, Ethiopia",ETAD-0084,ChemSpec_218,True,True,both competing concentration values already present in earlier CSV; upstream role unresolved,False,c91542c705254dd7e7e7271bc36789388d225dc3,a6fda4ea34e7c6d5f3c058ccd56e23d36c2afe07fee3dd8ee9072a80eeae197f
20243,ETAD,9.0106,38.8207,,ETAD-0084,2023-06-16,PM2.5,,,,ChemSpec_218,,,ChemSpec_EC_PM2.5,,0.06,0.0577777777777777,,,ChemSpec,ug/m3,ug/m3,,ETAD-0084,2023-06-16,0.06,0.057777777778,2351,ETAD,9.0106,38.8207,2370.0,ETAD-0084,2023,6,16,9.0,2023,6,17,9.0,24.0,28203,EC PM2.5,0.06,Micrograms per cubic meter (ug/m3),,0.0577777777777777,,218,AirPhoton SS5i Sampler with BGI cyclone inlet and 25mm stretched Teflon filter,FTIR,Ambient local,,/Users/ahmadjalil/github/aethmodular/research/filter_combine/FilterBased_ChemSpecPM25_ETAD.csv,a9f87a16ca07030aaeaf3b0d67c1c5fe3f0d209c34a3a51b365e6a8724f33020,"# File Updated: 2025-07-29
# Data version 3.0
# Site: Addis Ababa, Ethiopia",ETAD-0084,ChemSpec_218,True,True,both competing concentration values already present in earlier CSV; upstream role unresolved,False,c91542c705254dd7e7e7271bc36789388d225dc3,a6fda4ea34e7c6d5f3c058ccd56e23d36c2afe07fee3dd8ee9072a80eeae197f
20300,ETAD,9.0106,38.8207,,ETAD-0085,2023-06-19,PM2.5,,,,ChemSpec_218,,,ChemSpec_EC_PM2.5,,9.71,0.0577777777777777,,,ChemSpec,ug/m3,ug/m3,,ETAD-0085,2023-06-19,9.71,0.057777777778,2391,ETAD,9.0106,38.8207,2370.0,ETAD-0085,2023,6,19,9.0,2023,6,20,9.0,24.0,28203,EC PM2.5,9.71,Micrograms per cubic meter (ug/m3),,0.0577777777777777,,218,AirPhoton SS5i Sampler with BGI cyclone inlet and 25mm stretched Teflon filter,FTIR,Ambient local,,/Users/ahmadjalil/github/aethmodular/research/filter_combine/FilterBased_ChemSpecPM25_ETAD.csv,a9f87a16ca07030aaeaf3b0d67c1c5fe3f0d209c34a3a51b365e6a8724f33020,"# File Updated: 2025-07-29
# Data version 3.0
# Site: Addis Ababa, Ethiopia",ETAD-0085,ChemSpec_218,True,True,both competing concentration values already present in earlier CSV; upstream role unresolved,False,c91542c705254dd7e7e7271bc36789388d225dc3,a6fda4ea34e7c6d5f3c058ccd56e23d36c2afe07fee3dd8ee9072a80eeae197f
20301,ETAD,9.0106,38.8207,,ETAD-0085,2023-06-19,PM2.5,,,,ChemSpec_218,,,ChemSpec_EC_PM2.5,,0.06,0.0577777777777777,,,ChemSpec,ug/m3,ug/m3,,ETAD-0085,2023-06-19,0.06,0.057777777778,2392,ETAD,9.0106,38.8207,2370.0,ETAD-0085,2023,6,19,9.0,2023,6,20,9.0,24.0,28203,EC PM2.5,0.06,Micrograms per cubic meter (ug/m3),,0.0577777777777777,,218,AirPhoton SS5i Sampler with BGI cyclone inlet and 25mm stretched Teflon filter,FTIR,Ambient local,,/Users/ahmadjalil/github/aethmodular/research/filter_combine/FilterBased_ChemSpecPM25_ETAD.csv,a9f87a16ca07030aaeaf3b0d67c1c5fe3f0d209c34a3a51b365e6a8724f33020,"# File Updated: 2025-07-29
# Data version 3.0
# Site: Addis Ababa, Ethiopia",ETAD-0085,ChemSpec_218,True,True,both competing concentration values already present in earlier CSV; upstream role unresolved,False,c91542c705254dd7e7e7271bc36789388d225dc3,a6fda4ea34e7c6d5f3c058ccd56e23d36c2afe07fee3dd8ee9072a80eeae197f
20358,ETAD,9.0106,38.8207,,ETAD-0086,2023-06-22,PM2.5,,,,ChemSpec_218,,,ChemSpec_EC_PM2.5,,7.72,0.0577777777777777,,,ChemSpec,ug/m3,ug/m3,,ETAD-0086,2023-06-22,7.72,0.057777777778,2432,ETAD,9.0106,38.8207,2370.0,ETAD-0086,2023,6,22,9.0,2023,6,23,9.0,24.0,28203,EC PM2.5,7.72,Micrograms per cubic meter (ug/m3),,0.0577777777777777,,218,AirPhoton SS5i Sampler with BGI cyclone inlet and 25mm stretched Teflon filter,FTIR,Ambient local,,/Users/ahmadjalil/github/aethmodular/research/filter_combine/FilterBased_ChemSpecPM25_ETAD.csv,a9f87a16ca07030aaeaf3b0d67c1c5fe3f0d209c34a3a51b365e6a8724f33020,"# File Updated: 2025-07-29
# Data version 3.0
# Site: Addis Ababa, Ethiopia",ETAD-0086,ChemSpec_218,True,True,both competing concentration values already present in earlier CSV; upstream role unresolved,False,c91542c705254dd7e7e7271bc36789388d225dc3,a6fda4ea34e7c6d5f3c058ccd56e23d36c2afe07fee3dd8ee9072a80eeae197f
20359,ETAD,9.0106,38.8207,,ETAD-0086,2023-06-22,PM2.5,,,,ChemSpec_218,,,ChemSpec_EC_PM2.5,,0.06,0.0577777777777777,,,ChemSpec,ug/m3,ug/m3,,ETAD-0086,2023-06-22,0.06,0.057777777778,2433,ETAD,9.0106,38.8207,2370.0,ETAD-0086,2023,6,22,9.0,2023,6,23,9.0,24.0,28203,EC PM2.5,0.06,Micrograms per cubic meter (ug/m3),,0.0577777777777777,,218,AirPhoton SS5i Sampler with BGI cyclone inlet and 25mm stretched Teflon filter,FTIR,Ambient local,,/Users/ahmadjalil/github/aethmodular/research/filter_combine/FilterBased_ChemSpecPM25_ETAD.csv,a9f87a16ca07030aaeaf3b0d67c1c5fe3f0d209c34a3a51b365e6a8724f33020,"# File Updated: 2025-07-29
# Data version 3.0
# Site: Addis Ababa, Ethiopia",ETAD-0086,ChemSpec_218,True,True,both competing concentration values already present in earlier CSV; upstream role unresolved,False,c91542c705254dd7e7e7271bc36789388d225dc3,a6fda4ea34e7c6d5f3c058ccd56e23d36c2afe07fee3dd8ee9072a80eeae197f
20430,ETAD,9.0106,38.8207,,ETAD-0088,2023-06-25,PM2.5,,,,ChemSpec_218,,,ChemSpec_EC_PM2.5,,7.53,0.0577777777777777,,,ChemSpec,ug/m3,ug/m3,,ETAD-0088,2023-06-25,7.53,0.057777777778,2472,ETAD,9.0106,38.8207,2370.0,ETAD-0088,2023,6,25,9.0,2023,6,26,9.0,24.0,28203,EC PM2.5,7.53,Micrograms per cubic meter (ug/m3),,0.0577777777777777,,218,AirPhoton SS5i Sampler with BGI cyclone inlet and 25mm stretched Teflon filter,FTIR,Ambient local,,/Users/ahmadjalil/github/aethmodular/research/filter_combine/FilterBased_ChemSpecPM25_ETAD.csv,a9f87a16ca07030aaeaf3b0d67c1c5fe3f0d209c34a3a51b365e6a8724f33020,"# File Updated: 2025-07-29
# Data version 3.0
# Site: Addis Ababa, Ethiopia",ETAD-0088,ChemSpec_218,True,True,both competing concentration values already present in earlier CSV; upstream role unresolved,False,c91542c705254dd7e7e7271bc36789388d225dc3,a6fda4ea34e7c6d5f3c058ccd56e23d36c2afe07fee3dd8ee9072a80eeae197f
20431,ETAD,9.0106,38.8207,,ETAD-0088,2023-06-25,PM2.5,,,,ChemSpec_218,,,ChemSpec_EC_PM2.5,,0.06,0.0577777777777777,,,ChemSpec,ug/m3,ug/m3,,ETAD-0088,2023-06-25,0.06,0.057777777778,2473,ETAD,9.0106,38.8207,2370.0,ETAD-0088,2023,6,25,9.0,2023,6,26,9.0,24.0,28203,EC PM2.5,0.06,Micrograms per cubic meter (ug/m3),,0.0577777777777777,,218,AirPhoton SS5i Sampler with BGI cyclone inlet and 25mm stretched Teflon filter,FTIR,Ambient local,,/Users/ahmadjalil/github/aethmodular/research/filter_combine/FilterBased_ChemSpecPM25_ETAD.csv,a9f87a16ca07030aaeaf3b0d67c1c5fe3f0d209c34a3a51b365e6a8724f33020,"# File Updated: 2025-07-29
# Data version 3.0
# Site: Addis Ababa, Ethiopia",ETAD-0088,ChemSpec_218,True,True,both competing concentration values already present in earlier CSV; upstream role unresolved,False,c91542c705254dd7e7e7271bc36789388d225dc3,a6fda4ea34e7c6d5f3c058ccd56e23d36c2afe07fee3dd8ee9072a80eeae197f
20487,ETAD,9.0106,38.8207,,ETAD-0089,2023-06-28,PM2.5,,,,ChemSpec_218,,,ChemSpec_EC_PM2.5,,5.12,0.0565181518151815,,,ChemSpec,ug/m3,ug/m3,,ETAD-0089,2023-06-28,5.12,0.056518151815,2513,ETAD,9.0106,38.8207,2370.0,ETAD-0089,2023,6,28,9.0,2023,6,29,9.0,24.0,28203,EC PM2.5,5.12,Micrograms per cubic meter (ug/m3),,0.0565181518151815,,218,AirPhoton SS5i Sampler with BGI cyclone inlet and 25mm stretched Teflon filter,FTIR,Ambient local,,/Users/ahmadjalil/github/aethmodular/research/filter_combine/FilterBased_ChemSpecPM25_ETAD.csv,a9f87a16ca07030aaeaf3b0d67c1c5fe3f0d209c34a3a51b365e6a8724f33020,"# File Updated: 2025-07-29
# Data version 3.0
# Site: Addis Ababa, Ethiopia",ETAD-0089,ChemSpec_218,True,True,both competing concentration values already present in earlier CSV; upstream role unresolved,False,c91542c705254dd7e7e7271bc36789388d225dc3,a6fda4ea34e7c6d5f3c058ccd56e23d36c2afe07fee3dd8ee9072a80eeae197f
20488,ETAD,9.0106,38.8207,,ETAD-0089,2023-06-28,PM2.5,,,,ChemSpec_218,,,ChemSpec_EC_PM2.5,,0.06,0.0565181518151815,,,ChemSpec,ug/m3,ug/m3,,ETAD-0089,2023-06-28,0.06,0.056518151815,2514,ETAD,9.0106,38.8207,2370.0,ETAD-0089,2023,6,28,9.0,2023,6,29,9.0,24.0,28203,EC PM2.5,0.06,Micrograms per cubic meter (ug/m3),,0.0565181518151815,,218,AirPhoton SS5i Sampler with BGI cyclone inlet and 25mm stretched Teflon filter,FTIR,Ambient local,,/Users/ahmadjalil/github/aethmodular/research/filter_combine/FilterBased_ChemSpecPM25_ETAD.csv,a9f87a16ca07030aaeaf3b0d67c1c5fe3f0d209c34a3a51b365e6a8724f33020,"# File Updated: 2025-07-29
# Data version 3.0
# Site: Addis Ababa, Ethiopia",ETAD-0089,ChemSpec_218,True,True,both competing concentration values already present in earlier CSV; upstream role unresolved,False,c91542c705254dd7e7e7271bc36789388d225dc3,a6fda4ea34e7c6d5f3c058ccd56e23d36c2afe07fee3dd8ee9072a80eeae197f
20545,ETAD,9.0106,38.8207,,ETAD-0090,2023-07-01,PM2.5,,,,ChemSpec_218,,,ChemSpec_EC_PM2.5,,9.6,0.0578340052829139,,,ChemSpec,ug/m3,ug/m3,,ETAD-0090,2023-07-01,9.6,0.057834005283,2554,ETAD,9.0106,38.8207,2370.0,ETAD-0090,2023,7,1,9.0,2023,7,2,9.0,24.0,28203,EC PM2.5,9.6,Micrograms per cubic meter (ug/m3),,0.0578340052829139,,218,AirPhoton SS5i Sampler with BGI cyclone inlet and 25mm stretched Teflon filter,FTIR,Ambient local,,/Users/ahmadjalil/github/aethmodular/research/filter_combine/FilterBased_ChemSpecPM25_ETAD.csv,a9f87a16ca07030aaeaf3b0d67c1c5fe3f0d209c34a3a51b365e6a8724f33020,"# File Updated: 2025-07-29
# Data version 3.0
# Site: Addis Ababa, Ethiopia",ETAD-0090,ChemSpec_218,True,True,both competing concentration values already present in earlier CSV; upstream role unresolved,False,c91542c705254dd7e7e7271bc36789388d225dc3,a6fda4ea34e7c6d5f3c058ccd56e23d36c2afe07fee3dd8ee9072a80eeae197f
20546,ETAD,9.0106,38.8207,,ETAD-0090,2023-07-01,PM2.5,,,,ChemSpec_218,,,ChemSpec_EC_PM2.5,,0.06,0.0578340052829139,,,ChemSpec,ug/m3,ug/m3,,ETAD-0090,2023-07-01,0.06,0.057834005283,2555,ETAD,9.0106,38.8207,2370.0,ETAD-0090,2023,7,1,9.0,2023,7,2,9.0,24.0,28203,EC PM2.5,0.06,Micrograms per cubic meter (ug/m3),,0.0578340052829139,,218,AirPhoton SS5i Sampler with BGI cyclone inlet and 25mm stretched Teflon filter,FTIR,Ambient local,,/Users/ahmadjalil/github/aethmodular/research/filter_combine/FilterBased_ChemSpecPM25_ETAD.csv,a9f87a16ca07030aaeaf3b0d67c1c5fe3f0d209c34a3a51b365e6a8724f33020,"# File Updated: 2025-07-29
# Data version 3.0
# Site: Addis Ababa, Ethiopia",ETAD-0090,ChemSpec_218,True,True,both competing concentration values already present in earlier CSV; upstream role unresolved,False,c91542c705254dd7e7e7271bc36789388d225dc3,a6fda4ea34e7c6d5f3c058ccd56e23d36c2afe07fee3dd8ee9072a80eeae197f
20603,ETAD,9.0106,38.8207,,ETAD-0091,2023-07-04,PM2.5,,,,ChemSpec_218,,,ChemSpec_EC_PM2.5,,3.97,0.0565181518151815,,,ChemSpec,ug/m3,ug/m3,,ETAD-0091,2023-07-04,3.97,0.056518151815,2592,ETAD,9.0106,38.8207,2370.0,ETAD-0091,2023,7,4,9.0,2023,7,5,9.0,24.0,28203,EC PM2.5,3.97,Micrograms per cubic meter (ug/m3),,0.0565181518151815,,218,AirPhoton SS5i Sampler with BGI cyclone inlet and 25mm stretched Teflon filter,FTIR,Ambient local,,/Users/ahmadjalil/github/aethmodular/research/filter_combine/FilterBased_ChemSpecPM25_ETAD.csv,a9f87a16ca07030aaeaf3b0d67c1c5fe3f0d209c34a3a51b365e6a8724f33020,"# File Updated: 2025-07-29
# Data version 3.0
# Site: Addis Ababa, Ethiopia",ETAD-0091,ChemSpec_218,True,True,both competing concentration values already present in earlier CSV; upstream role unresolved,False,c91542c705254dd7e7e7271bc36789388d225dc3,a6fda4ea34e7c6d5f3c058ccd56e23d36c2afe07fee3dd8ee9072a80eeae197f
20604,ETAD,9.0106,38.8207,,ETAD-0091,2023-07-04,PM2.5,,,,ChemSpec_218,,,ChemSpec_EC_PM2.5,,0.06,0.0565181518151815,,,ChemSpec,ug/m3,ug/m3,,ETAD-0091,2023-07-04,0.06,0.056518151815,2593,ETAD,9.0106,38.8207,2370.0,ETAD-0091,2023,7,4,9.0,2023,7,5,9.0,24.0,28203,EC PM2.5,0.06,Micrograms per cubic meter (ug/m3),,0.0565181518151815,,218,AirPhoton SS5i Sampler with BGI cyclone inlet and 25mm stretched Teflon filter,FTIR,Ambient local,,/Users/ahmadjalil/github/aethmodular/research/filter_combine/FilterBased_ChemSpecPM25_ETAD.csv,a9f87a16ca07030aaeaf3b0d67c1c5fe3f0d209c34a3a51b365e6a8724f33020,"# File Updated: 2025-07-29
# Data version 3.0
# Site: Addis Ababa, Ethiopia",ETAD-0091,ChemSpec_218,True,True,both competing concentration values already present in earlier CSV; upstream role unresolved,False,c91542c705254dd7e7e7271bc36789388d225dc3,a6fda4ea34e7c6d5f3c058ccd56e23d36c2afe07fee3dd8ee9072a80eeae197f
20658,ETAD,9.0106,38.8207,,ETAD-0092,2023-07-07,PM2.5,,,,ChemSpec_218,,,ChemSpec_EC_PM2.5,,7.25,0.0565181518151815,,,ChemSpec,ug/m3,ug/m3,,ETAD-0092,2023-07-07,7.25,0.056518151815,2633,ETAD,9.0106,38.8207,2370.0,ETAD-0092,2023,7,7,9.0,2023,7,8,9.0,24.0,28203,EC PM2.5,7.25,Micrograms per cubic meter (ug/m3),,0.0565181518151815,,218,AirPhoton SS5i Sampler with BGI cyclone inlet and 25mm stretched Teflon filter,FTIR,Ambient local,,/Users/ahmadjalil/github/aethmodular/research/filter_combine/FilterBased_ChemSpecPM25_ETAD.csv,a9f87a16ca07030aaeaf3b0d67c1c5fe3f0d209c34a3a51b365e6a8724f33020,"# File Updated: 2025-07-29
# Data version 3.0
# Site: Addis Ababa, Ethiopia",ETAD-0092,ChemSpec_218,True,True,both competing concentration values already present in earlier CSV; upstream role unresolved,False,c91542c705254dd7e7e7271bc36789388d225dc3,a6fda4ea34e7c6d5f3c058ccd56e23d36c2afe07fee3dd8ee9072a80eeae197f
20659,ETAD,9.0106,38.8207,,ETAD-0092,2023-07-07,PM2.5,,,,ChemSpec_218,,,ChemSpec_EC_PM2.5,,0.06,0.0565181518151815,,,ChemSpec,ug/m3,ug/m3,,ETAD-0092,2023-07-07,0.06,0.056518151815,2634,ETAD,9.0106,38.8207,2370.0,ETAD-0092,2023,7,7,9.0,2023,7,8,9.0,24.0,28203,EC PM2.5,0.06,Micrograms per cubic meter (ug/m3),,0.0565181518151815,,218,AirPhoton SS5i Sampler with BGI cyclone inlet and 25mm stretched Teflon filter,FTIR,Ambient local,,/Users/ahmadjalil/github/aethmodular/research/filter_combine/FilterBased_ChemSpecPM25_ETAD.csv,a9f87a16ca07030aaeaf3b0d67c1c5fe3f0d209c34a3a51b365e6a8724f33020,"# File Updated: 2025-07-29
# Data version 3.0
# Site: Addis Ababa, Ethiopia",ETAD-0092,ChemSpec_218,True,True,both competing concentration values already present in earlier CSV; upstream role unresolved,False,c91542c705254dd7e7e7271bc36789388d225dc3,a6fda4ea34e7c6d5f3c058ccd56e23d36c2afe07fee3dd8ee9072a80eeae197f
20716,ETAD,9.0106,38.8207,,ETAD-0093,2023-07-10,PM2.5,,,,ChemSpec_218,,,ChemSpec_EC_PM2.5,,9.0,0.0565181518151815,,,ChemSpec,ug/m3,ug/m3,,ETAD-0093,2023-07-10,9.0,0.056518151815,2674,ETAD,9.0106,38.8207,2370.0,ETAD-0093,2023,7,10,9.0,2023,7,11,9.0,24.0,28203,EC PM2.5,9.0,Micrograms per cubic meter (ug/m3),,0.0565181518151815,,218,AirPhoton SS5i Sampler with BGI cyclone inlet and 25mm stretched Teflon filter,FTIR,Ambient local,,/Users/ahmadjalil/github/aethmodular/research/filter_combine/FilterBased_ChemSpecPM25_ETAD.csv,a9f87a16ca07030aaeaf3b0d67c1c5fe3f0d209c34a3a51b365e6a8724f33020,"# File Updated: 2025-07-29
# Data version 3.0
# Site: Addis Ababa, Ethiopia",ETAD-0093,ChemSpec_218,True,True,both competing concentration values already present in earlier CSV; upstream role unresolved,False,c91542c705254dd7e7e7271bc36789388d225dc3,a6fda4ea34e7c6d5f3c058ccd56e23d36c2afe07fee3dd8ee9072a80eeae197f
20717,ETAD,9.0106,38.8207,,ETAD-0093,2023-07-10,PM2.5,,,,ChemSpec_218,,,ChemSpec_EC_PM2.5,,0.06,0.0565181518151815,,,ChemSpec,ug/m3,ug/m3,,ETAD-0093,2023-07-10,0.06,0.056518151815,2675,ETAD,9.0106,38.8207,2370.0,ETAD-0093,2023,7,10,9.0,2023,7,11,9.0,24.0,28203,EC PM2.5,0.06,Micrograms per cubic meter (ug/m3),,0.0565181518151815,,218,AirPhoton SS5i Sampler with BGI cyclone inlet and 25mm stretched Teflon filter,FTIR,Ambient local,,/Users/ahmadjalil/github/aethmodular/research/filter_combine/FilterBased_ChemSpecPM25_ETAD.csv,a9f87a16ca07030aaeaf3b0d67c1c5fe3f0d209c34a3a51b365e6a8724f33020,"# File Updated: 2025-07-29
# Data version 3.0
# Site: Addis Ababa, Ethiopia",ETAD-0093,ChemSpec_218,True,True,both competing concentration values already present in earlier CSV; upstream role unresolved,False,c91542c705254dd7e7e7271bc36789388d225dc3,a6fda4ea34e7c6d5f3c058ccd56e23d36c2afe07fee3dd8ee9072a80eeae197f
20774,ETAD,9.0106,38.8207,,ETAD-0094,2023-07-13,PM2.5,,,,ChemSpec_218,,,ChemSpec_EC_PM2.5,,8.59,0.0571388850271096,,,ChemSpec,ug/m3,ug/m3,,ETAD-0094,2023-07-13,8.59,0.057138885027,2715,ETAD,9.0106,38.8207,2370.0,ETAD-0094,2023,7,13,9.0,2023,7,14,9.0,24.0,28203,EC PM2.5,8.59,Micrograms per cubic meter (ug/m3),,0.0571388850271096,,218,AirPhoton SS5i Sampler with BGI cyclone inlet and 25mm stretched Teflon filter,FTIR,Ambient local,,/Users/ahmadjalil/github/aethmodular/research/filter_combine/FilterBased_ChemSpecPM25_ETAD.csv,a9f87a16ca07030aaeaf3b0d67c1c5fe3f0d209c34a3a51b365e6a8724f33020,"# File Updated: 2025-07-29
# Data version 3.0
# Site: Addis Ababa, Ethiopia",ETAD-0094,ChemSpec_218,True,True,both competing concentration values already present in earlier CSV; upstream role unresolved,False,c91542c705254dd7e7e7271bc36789388d225dc3,a6fda4ea34e7c6d5f3c058ccd56e23d36c2afe07fee3dd8ee9072a80eeae197f
20775,ETAD,9.0106,38.8207,,ETAD-0094,2023-07-13,PM2.5,,,,ChemSpec_218,,,ChemSpec_EC_PM2.5,,0.06,0.0571388850271096,,,ChemSpec,ug/m3,ug/m3,,ETAD-0094,2023-07-13,0.06,0.057138885027,2716,ETAD,9.0106,38.8207,2370.0,ETAD-0094,2023,7,13,9.0,2023,7,14,9.0,24.0,28203,EC PM2.5,0.06,Micrograms per cubic meter (ug/m3),,0.0571388850271096,,218,AirPhoton SS5i Sampler with BGI cyclone inlet and 25mm stretched Teflon filter,FTIR,Ambient local,,/Users/ahmadjalil/github/aethmodular/research/filter_combine/FilterBased_ChemSpecPM25_ETAD.csv,a9f87a16ca07030aaeaf3b0d67c1c5fe3f0d209c34a3a51b365e6a8724f33020,"# File Updated: 2025-07-29
# Data version 3.0
# Site: Addis Ababa, Ethiopia",ETAD-0094,ChemSpec_218,True,True,both competing concentration values already present in earlier CSV; upstream role unresolved,False,c91542c705254dd7e7e7271bc36789388d225dc3,a6fda4ea34e7c6d5f3c058ccd56e23d36c2afe07fee3dd8ee9072a80eeae197f
20846,ETAD,9.0106,38.8207,,ETAD-0096,2023-07-16,PM2.5,,,,ChemSpec_218,,,ChemSpec_EC_PM2.5,,5.95,0.0585291255387181,,,ChemSpec,ug/m3,ug/m3,,ETAD-0096,2023-07-16,5.95,0.058529125539,2756,ETAD,9.0106,38.8207,2370.0,ETAD-0096,2023,7,16,9.0,2023,7,17,9.0,24.0,28203,EC PM2.5,5.95,Micrograms per cubic meter (ug/m3),,0.0585291255387181,,218,AirPhoton SS5i Sampler with BGI cyclone inlet and 25mm stretched Teflon filter,FTIR,Ambient local,,/Users/ahmadjalil/github/aethmodular/research/filter_combine/FilterBased_ChemSpecPM25_ETAD.csv,a9f87a16ca07030aaeaf3b0d67c1c5fe3f0d209c34a3a51b365e6a8724f33020,"# File Updated: 2025-07-29
# Data version 3.0
# Site: Addis Ababa, Ethiopia",ETAD-0096,ChemSpec_218,True,True,both competing concentration values already present in earlier CSV; upstream role unresolved,False,c91542c705254dd7e7e7271bc36789388d225dc3,a6fda4ea34e7c6d5f3c058ccd56e23d36c2afe07fee3dd8ee9072a80eeae197f
20847,ETAD,9.0106,38.8207,,ETAD-0096,2023-07-16,PM2.5,,,,ChemSpec_218,,,ChemSpec_EC_PM2.5,,0.06,0.0585291255387181,,,ChemSpec,ug/m3,ug/m3,,ETAD-0096,2023-07-16,0.06,0.058529125539,2757,ETAD,9.0106,38.8207,2370.0,ETAD-0096,2023,7,16,9.0,2023,7,17,9.0,24.0,28203,EC PM2.5,0.06,Micrograms per cubic meter (ug/m3),,0.0585291255387181,,218,AirPhoton SS5i Sampler with BGI cyclone inlet and 25mm stretched Teflon filter,FTIR,Ambient local,,/Users/ahmadjalil/github/aethmodular/research/filter_combine/FilterBased_ChemSpecPM25_ETAD.csv,a9f87a16ca07030aaeaf3b0d67c1c5fe3f0d209c34a3a51b365e6a8724f33020,"# File Updated: 2025-07-29
# Data version 3.0
# Site: Addis Ababa, Ethiopia",ETAD-0096,ChemSpec_218,True,True,both competing concentration values already present in earlier CSV; upstream role unresolved,False,c91542c705254dd7e7e7271bc36789388d225dc3,a6fda4ea34e7c6d5f3c058ccd56e23d36c2afe07fee3dd8ee9072a80eeae197f
20904,ETAD,9.0106,38.8207,,ETAD-0097,2023-07-21,PM2.5,,,,ChemSpec_218,,,ChemSpec_EC_PM2.5,,5.25,0.0583058305830583,,,ChemSpec,ug/m3,ug/m3,,ETAD-0097,2023-07-21,5.25,0.058305830583,2796,ETAD,9.0106,38.8207,2370.0,ETAD-0097,2023,7,21,9.0,2023,7,22,9.0,24.0,28203,EC PM2.5,5.25,Micrograms per cubic meter (ug/m3),,0.0583058305830583,,218,AirPhoton SS5i Sampler with BGI cyclone inlet and 25mm stretched Teflon filter,FTIR,Ambient local,,/Users/ahmadjalil/github/aethmodular/research/filter_combine/FilterBased_ChemSpecPM25_ETAD.csv,a9f87a16ca07030aaeaf3b0d67c1c5fe3f0d209c34a3a51b365e6a8724f33020,"# File Updated: 2025-07-29
# Data version 3.0
# Site: Addis Ababa, Ethiopia",ETAD-0097,ChemSpec_218,True,True,both competing concentration values already present in earlier CSV; upstream role unresolved,False,c91542c705254dd7e7e7271bc36789388d225dc3,a6fda4ea34e7c6d5f3c058ccd56e23d36c2afe07fee3dd8ee9072a80eeae197f
20905,ETAD,9.0106,38.8207,,ETAD-0097,2023-07-21,PM2.5,,,,ChemSpec_218,,,ChemSpec_EC_PM2.5,,0.06,0.0583058305830583,,,ChemSpec,ug/m3,ug/m3,,ETAD-0097,2023-07-21,0.06,0.058305830583,2797,ETAD,9.0106,38.8207,2370.0,ETAD-0097,2023,7,21,9.0,2023,7,22,9.0,24.0,28203,EC PM2.5,0.06,Micrograms per cubic meter (ug/m3),,0.0583058305830583,,218,AirPhoton SS5i Sampler with BGI cyclone inlet and 25mm stretched Teflon filter,FTIR,Ambient local,,/Users/ahmadjalil/github/aethmodular/research/filter_combine/FilterBased_ChemSpecPM25_ETAD.csv,a9f87a16ca07030aaeaf3b0d67c1c5fe3f0d209c34a3a51b365e6a8724f33020,"# File Updated: 2025-07-29
# Data version 3.0
# Site: Addis Ababa, Ethiopia",ETAD-0097,ChemSpec_218,True,True,both competing concentration values already present in earlier CSV; upstream role unresolved,False,c91542c705254dd7e7e7271bc36789388d225dc3,a6fda4ea34e7c6d5f3c058ccd56e23d36c2afe07fee3dd8ee9072a80eeae197f
20961,ETAD,9.0106,38.8207,,ETAD-0098,2023-07-24,PM2.5,,,,ChemSpec_218,,,ChemSpec_EC_PM2.5,,9.53,0.0589461976922007,,,ChemSpec,ug/m3,ug/m3,,ETAD-0098,2023-07-24,9.53,0.058946197692,2837,ETAD,9.0106,38.8207,2370.0,ETAD-0098,2023,7,24,9.0,2023,7,25,9.0,24.0,28203,EC PM2.5,9.53,Micrograms per cubic meter (ug/m3),,0.0589461976922007,,218,AirPhoton SS5i Sampler with BGI cyclone inlet and 25mm stretched Teflon filter,FTIR,Ambient local,,/Users/ahmadjalil/github/aethmodular/research/filter_combine/FilterBased_ChemSpecPM25_ETAD.csv,a9f87a16ca07030aaeaf3b0d67c1c5fe3f0d209c34a3a51b365e6a8724f33020,"# File Updated: 2025-07-29
# Data version 3.0
# Site: Addis Ababa, Ethiopia",ETAD-0098,ChemSpec_218,True,True,both competing concentration values already present in earlier CSV; upstream role unresolved,False,c91542c705254dd7e7e7271bc36789388d225dc3,a6fda4ea34e7c6d5f3c058ccd56e23d36c2afe07fee3dd8ee9072a80eeae197f
20962,ETAD,9.0106,38.8207,,ETAD-0098,2023-07-24,PM2.5,,,,ChemSpec_218,,,ChemSpec_EC_PM2.5,,0.06,0.0589461976922007,,,ChemSpec,ug/m3,ug/m3,,ETAD-0098,2023-07-24,0.06,0.058946197692,2838,ETAD,9.0106,38.8207,2370.0,ETAD-0098,2023,7,24,9.0,2023,7,25,9.0,24.0,28203,EC PM2.5,0.06,Micrograms per cubic meter (ug/m3),,0.0589461976922007,,218,AirPhoton SS5i Sampler with BGI cyclone inlet and 25mm stretched Teflon filter,FTIR,Ambient local,,/Users/ahmadjalil/github/aethmodular/research/filter_combine/FilterBased_ChemSpecPM25_ETAD.csv,a9f87a16ca07030aaeaf3b0d67c1c5fe3f0d209c34a3a51b365e6a8724f33020,"# File Updated: 2025-07-29
# Data version 3.0
# Site: Addis Ababa, Ethiopia",ETAD-0098,ChemSpec_218,True,True,both competing concentration values already present in earlier CSV; upstream role unresolved,False,c91542c705254dd7e7e7271bc36789388d225dc3,a6fda4ea34e7c6d5f3c058ccd56e23d36c2afe07fee3dd8ee9072a80eeae197f
21019,ETAD,9.0106,38.8207,,ETAD-0099,2023-07-27,PM2.5,,,,ChemSpec_218,,,ChemSpec_EC_PM2.5,,6.93,0.0583058305830583,,,ChemSpec,ug/m3,ug/m3,,ETAD-0099,2023-07-27,6.93,0.058305830583,2878,ETAD,9.0106,38.8207,2370.0,ETAD-0099,2023,7,27,9.0,2023,7,28,9.0,24.0,28203,EC PM2.5,6.93,Micrograms per cubic meter (ug/m3),,0.0583058305830583,,218,AirPhoton SS5i Sampler with BGI cyclone inlet and 25mm stretched Teflon filter,FTIR,Ambient local,,/Users/ahmadjalil/github/aethmodular/research/filter_combine/FilterBased_ChemSpecPM25_ETAD.csv,a9f87a16ca07030aaeaf3b0d67c1c5fe3f0d209c34a3a51b365e6a8724f33020,"# File Updated: 2025-07-29
# Data version 3.0
# Site: Addis Ababa, Ethiopia",ETAD-0099,ChemSpec_218,True,True,both competing concentration values already present in earlier CSV; upstream role unresolved,False,c91542c705254dd7e7e7271bc36789388d225dc3,a6fda4ea34e7c6d5f3c058ccd56e23d36c2afe07fee3dd8ee9072a80eeae197f
21020,ETAD,9.0106,38.8207,,ETAD-0099,2023-07-27,PM2.5,,,,ChemSpec_218,,,ChemSpec_EC_PM2.5,,0.06,0.0583058305830583,,,ChemSpec,ug/m3,ug/m3,,ETAD-0099,2023-07-27,0.06,0.058305830583,2879,ETAD,9.0106,38.8207,2370.0,ETAD-0099,2023,7,27,9.0,2023,7,28,9.0,24.0,28203,EC PM2.5,0.06,Micrograms per cubic meter (ug/m3),,0.0583058305830583,,218,AirPhoton SS5i Sampler with BGI cyclone inlet and 25mm stretched Teflon filter,FTIR,Ambient local,,/Users/ahmadjalil/github/aethmodular/research/filter_combine/FilterBased_ChemSpecPM25_ETAD.csv,a9f87a16ca07030aaeaf3b0d67c1c5fe3f0d209c34a3a51b365e6a8724f33020,"# File Updated: 2025-07-29
# Data version 3.0
# Site: Addis Ababa, Ethiopia",ETAD-0099,ChemSpec_218,True,True,both competing concentration values already present in earlier CSV; upstream role unresolved,False,c91542c705254dd7e7e7271bc36789388d225dc3,a6fda4ea34e7c6d5f3c058ccd56e23d36c2afe07fee3dd8ee9072a80eeae197f
21077,ETAD,9.0106,38.8207,,ETAD-0100,2023-07-30,PM2.5,,,,ChemSpec_218,,,ChemSpec_EC_PM2.5,,6.95,0.0583058305830583,,,ChemSpec,ug/m3,ug/m3,,ETAD-0100,2023-07-30,6.95,0.058305830583,2916,ETAD,9.0106,38.8207,2370.0,ETAD-0100,2023,7,30,9.0,2023,7,31,9.0,24.0,28203,EC PM2.5,6.95,Micrograms per cubic meter (ug/m3),,0.0583058305830583,,218,AirPhoton SS5i Sampler with BGI cyclone inlet and 25mm stretched Teflon filter,FTIR,Ambient local,,/Users/ahmadjalil/github/aethmodular/research/filter_combine/FilterBased_ChemSpecPM25_ETAD.csv,a9f87a16ca07030aaeaf3b0d67c1c5fe3f0d209c34a3a51b365e6a8724f33020,"# File Updated: 2025-07-29
# Data version 3.0
# Site: Addis Ababa, Ethiopia",ETAD-0100,ChemSpec_218,True,True,both competing concentration values already present in earlier CSV; upstream role unresolved,False,c91542c705254dd7e7e7271bc36789388d225dc3,a6fda4ea34e7c6d5f3c058ccd56e23d36c2afe07fee3dd8ee9072a80eeae197f
21078,ETAD,9.0106,38.8207,,ETAD-0100,2023-07-30,PM2.5,,,,ChemSpec_218,,,ChemSpec_EC_PM2.5,,0.06,0.0583058305830583,,,ChemSpec,ug/m3,ug/m3,,ETAD-0100,2023-07-30,0.06,0.058305830583,2917,ETAD,9.0106,38.8207,2370.0,ETAD-0100,2023,7,30,9.0,2023,7,31,9.0,24.0,28203,EC PM2.5,0.06,Micrograms per cubic meter (ug/m3),,0.0583058305830583,,218,AirPhoton SS5i Sampler with BGI cyclone inlet and 25mm stretched Teflon filter,FTIR,Ambient local,,/Users/ahmadjalil/github/aethmodular/research/filter_combine/FilterBased_ChemSpecPM25_ETAD.csv,a9f87a16ca07030aaeaf3b0d67c1c5fe3f0d209c34a3a51b365e6a8724f33020,"# File Updated: 2025-07-29
# Data version 3.0
# Site: Addis Ababa, Ethiopia",ETAD-0100,ChemSpec_218,True,True,both competing concentration values already present in earlier CSV; upstream role unresolved,False,c91542c705254dd7e7e7271bc36789388d225dc3,a6fda4ea34e7c6d5f3c058ccd56e23d36c2afe07fee3dd8ee9072a80eeae197f
21132,ETAD,9.0106,38.8207,,ETAD-0101,2023-08-02,PM2.5,,,,ChemSpec_218,,,ChemSpec_EC_PM2.5,,6.76,0.0583058305830583,,,ChemSpec,ug/m3,ug/m3,,ETAD-0101,2023-08-02,6.76,0.058305830583,2957,ETAD,9.0106,38.8207,2370.0,ETAD-0101,2023,8,2,9.0,2023,8,3,9.0,24.0,28203,EC PM2.5,6.76,Micrograms per cubic meter (ug/m3),,0.0583058305830583,,218,AirPhoton SS5i Sampler with BGI cyclone inlet and 25mm stretched Teflon filter,FTIR,Ambient local,,/Users/ahmadjalil/github/aethmodular/research/filter_combine/FilterBased_ChemSpecPM25_ETAD.csv,a9f87a16ca07030aaeaf3b0d67c1c5fe3f0d209c34a3a51b365e6a8724f33020,"# File Updated: 2025-07-29
# Data version 3.0
# Site: Addis Ababa, Ethiopia",ETAD-0101,ChemSpec_218,True,True,both competing concentration values already present in earlier CSV; upstream role unresolved,False,c91542c705254dd7e7e7271bc36789388d225dc3,a6fda4ea34e7c6d5f3c058ccd56e23d36c2afe07fee3dd8ee9072a80eeae197f
21133,ETAD,9.0106,38.8207,,ETAD-0101,2023-08-02,PM2.5,,,,ChemSpec_218,,,ChemSpec_EC_PM2.5,,0.06,0.0583058305830583,,,ChemSpec,ug/m3,ug/m3,,ETAD-0101,2023-08-02,0.06,0.058305830583,2958,ETAD,9.0106,38.8207,2370.0,ETAD-0101,2023,8,2,9.0,2023,8,3,9.0,24.0,28203,EC PM2.5,0.06,Micrograms per cubic meter (ug/m3),,0.0583058305830583,,218,AirPhoton SS5i Sampler with BGI cyclone inlet and 25mm stretched Teflon filter,FTIR,Ambient local,,/Users/ahmadjalil/github/aethmodular/research/filter_combine/FilterBased_ChemSpecPM25_ETAD.csv,a9f87a16ca07030aaeaf3b0d67c1c5fe3f0d209c34a3a51b365e6a8724f33020,"# File Updated: 2025-07-29
# Data version 3.0
# Site: Addis Ababa, Ethiopia",ETAD-0101,ChemSpec_218,True,True,both competing concentration values already present in earlier CSV; upstream role unresolved,False,c91542c705254dd7e7e7271bc36789388d225dc3,a6fda4ea34e7c6d5f3c058ccd56e23d36c2afe07fee3dd8ee9072a80eeae197f
21190,ETAD,9.0106,38.8207,,ETAD-0102,2023-08-05,PM2.5,,,,ChemSpec_218,,,ChemSpec_EC_PM2.5,,4.94,0.0583058305830583,,,ChemSpec,ug/m3,ug/m3,,ETAD-0102,2023-08-05,4.94,0.058305830583,2998,ETAD,9.0106,38.8207,2370.0,ETAD-0102,2023,8,5,9.0,2023,8,6,9.0,24.0,28203,EC PM2.5,4.94,Micrograms per cubic meter (ug/m3),,0.0583058305830583,,218,AirPhoton SS5i Sampler with BGI cyclone inlet and 25mm stretched Teflon filter,FTIR,Ambient local,,/Users/ahmadjalil/github/aethmodular/research/filter_combine/FilterBased_ChemSpecPM25_ETAD.csv,a9f87a16ca07030aaeaf3b0d67c1c5fe3f0d209c34a3a51b365e6a8724f33020,"# File Updated: 2025-07-29
# Data version 3.0
# Site: Addis Ababa, Ethiopia",ETAD-0102,ChemSpec_218,True,True,both competing concentration values already present in earlier CSV; upstream role unresolved,False,c91542c705254dd7e7e7271bc36789388d225dc3,a6fda4ea34e7c6d5f3c058ccd56e23d36c2afe07fee3dd8ee9072a80eeae197f
21191,ETAD,9.0106,38.8207,,ETAD-0102,2023-08-05,PM2.5,,,,ChemSpec_218,,,ChemSpec_EC_PM2.5,,0.06,0.0583058305830583,,,ChemSpec,ug/m3,ug/m3,,ETAD-0102,2023-08-05,0.06,0.058305830583,2999,ETAD,9.0106,38.8207,2370.0,ETAD-0102,2023,8,5,9.0,2023,8,6,9.0,24.0,28203,EC PM2.5,0.06,Micrograms per cubic meter (ug/m3),,0.0583058305830583,,218,AirPhoton SS5i Sampler with BGI cyclone inlet and 25mm stretched Teflon filter,FTIR,Ambient local,,/Users/ahmadjalil/github/aethmodular/research/filter_combine/FilterBased_ChemSpecPM25_ETAD.csv,a9f87a16ca07030aaeaf3b0d67c1c5fe3f0d209c34a3a51b365e6a8724f33020,"# File Updated: 2025-07-29
# Data version 3.0
# Site: Addis Ababa, Ethiopia",ETAD-0102,ChemSpec_218,True,True,both competing concentration values already present in earlier CSV; upstream role unresolved,False,c91542c705254dd7e7e7271bc36789388d225dc3,a6fda4ea34e7c6d5f3c058ccd56e23d36c2afe07fee3dd8ee9072a80eeae197f
21262,ETAD,9.0106,38.8207,,ETAD-0104,2023-08-08,PM2.5,,,,ChemSpec_218,,,ChemSpec_EC_PM2.5,,8.14,0.0609344216155361,,,ChemSpec,ug/m3,ug/m3,,ETAD-0104,2023-08-08,8.14,0.060934421616,3039,ETAD,9.0106,38.8207,2370.0,ETAD-0104,2023,8,8,9.0,2023,8,9,9.0,24.0,28203,EC PM2.5,8.14,Micrograms per cubic meter (ug/m3),,0.0609344216155361,,218,AirPhoton SS5i Sampler with BGI cyclone inlet and 25mm stretched Teflon filter,FTIR,Ambient local,,/Users/ahmadjalil/github/aethmodular/research/filter_combine/FilterBased_ChemSpecPM25_ETAD.csv,a9f87a16ca07030aaeaf3b0d67c1c5fe3f0d209c34a3a51b365e6a8724f33020,"# File Updated: 2025-07-29
# Data version 3.0
# Site: Addis Ababa, Ethiopia",ETAD-0104,ChemSpec_218,True,True,both competing concentration values already present in earlier CSV; upstream role unresolved,False,c91542c705254dd7e7e7271bc36789388d225dc3,a6fda4ea34e7c6d5f3c058ccd56e23d36c2afe07fee3dd8ee9072a80eeae197f
21263,ETAD,9.0106,38.8207,,ETAD-0104,2023-08-08,PM2.5,,,,ChemSpec_218,,,ChemSpec_EC_PM2.5,,0.06,0.0609344216155361,,,ChemSpec,ug/m3,ug/m3,,ETAD-0104,2023-08-08,0.06,0.060934421616,3040,ETAD,9.0106,38.8207,2370.0,ETAD-0104,2023,8,8,9.0,2023,8,9,9.0,24.0,28203,EC PM2.5,0.06,Micrograms per cubic meter (ug/m3),,0.0609344216155361,,218,AirPhoton SS5i Sampler with BGI cyclone inlet and 25mm stretched Teflon filter,FTIR,Ambient local,,/Users/ahmadjalil/github/aethmodular/research/filter_combine/FilterBased_ChemSpecPM25_ETAD.csv,a9f87a16ca07030aaeaf3b0d67c1c5fe3f0d209c34a3a51b365e6a8724f33020,"# File Updated: 2025-07-29
# Data version 3.0
# Site: Addis Ababa, Ethiopia",ETAD-0104,ChemSpec_218,True,True,both competing concentration values already present in earlier CSV; upstream role unresolved,False,c91542c705254dd7e7e7271bc36789388d225dc3,a6fda4ea34e7c6d5f3c058ccd56e23d36c2afe07fee3dd8ee9072a80eeae197f
21320,ETAD,9.0106,38.8207,,ETAD-0105,2023-08-16,PM2.5,,,,ChemSpec_218,,,ChemSpec_EC_PM2.5,,7.43,0.0578340052829139,,,ChemSpec,ug/m3,ug/m3,,ETAD-0105,2023-08-16,7.43,0.057834005283,3081,ETAD,9.0106,38.8207,2370.0,ETAD-0105,2023,8,16,9.0,2023,8,17,9.0,24.0,28203,EC PM2.5,7.43,Micrograms per cubic meter (ug/m3),,0.0578340052829139,,218,AirPhoton SS5i Sampler with BGI cyclone inlet and 25mm stretched Teflon filter,FTIR,Ambient local,,/Users/ahmadjalil/github/aethmodular/research/filter_combine/FilterBased_ChemSpecPM25_ETAD.csv,a9f87a16ca07030aaeaf3b0d67c1c5fe3f0d209c34a3a51b365e6a8724f33020,"# File Updated: 2025-07-29
# Data version 3.0
# Site: Addis Ababa, Ethiopia",ETAD-0105,ChemSpec_218,True,True,both competing concentration values already present in earlier CSV; upstream role unresolved,False,c91542c705254dd7e7e7271bc36789388d225dc3,a6fda4ea34e7c6d5f3c058ccd56e23d36c2afe07fee3dd8ee9072a80eeae197f
21321,ETAD,9.0106,38.8207,,ETAD-0105,2023-08-16,PM2.5,,,,ChemSpec_218,,,ChemSpec_EC_PM2.5,,0.06,0.0578340052829139,,,ChemSpec,ug/m3,ug/m3,,ETAD-0105,2023-08-16,0.06,0.057834005283,3082,ETAD,9.0106,38.8207,2370.0,ETAD-0105,2023,8,16,9.0,2023,8,17,9.0,24.0,28203,EC PM2.5,0.06,Micrograms per cubic meter (ug/m3),,0.0578340052829139,,218,AirPhoton SS5i Sampler with BGI cyclone inlet and 25mm stretched Teflon filter,FTIR,Ambient local,,/Users/ahmadjalil/github/aethmodular/research/filter_combine/FilterBased_ChemSpecPM25_ETAD.csv,a9f87a16ca07030aaeaf3b0d67c1c5fe3f0d209c34a3a51b365e6a8724f33020,"# File Updated: 2025-07-29
# Data version 3.0
# Site: Addis Ababa, Ethiopia",ETAD-0105,ChemSpec_218,True,True,both competing concentration values already present in earlier CSV; upstream role unresolved,False,c91542c705254dd7e7e7271bc36789388d225dc3,a6fda4ea34e7c6d5f3c058ccd56e23d36c2afe07fee3dd8ee9072a80eeae197f
21379,ETAD,9.0106,38.8207,,ETAD-0106,2023-08-19,PM2.5,,,,ChemSpec_218,,,ChemSpec_EC_PM2.5,,7.57,0.0578340052829139,,,ChemSpec,ug/m3,ug/m3,,ETAD-0106,2023-08-19,7.57,0.057834005283,3123,ETAD,9.0106,38.8207,2370.0,ETAD-0106,2023,8,19,9.0,2023,8,20,9.0,24.0,28203,EC PM2.5,7.57,Micrograms per cubic meter (ug/m3),,0.0578340052829139,,218,AirPhoton SS5i Sampler with BGI cyclone inlet and 25mm stretched Teflon filter,FTIR,Ambient local,,/Users/ahmadjalil/github/aethmodular/research/filter_combine/FilterBased_ChemSpecPM25_ETAD.csv,a9f87a16ca07030aaeaf3b0d67c1c5fe3f0d209c34a3a51b365e6a8724f33020,"# File Updated: 2025-07-29
# Data version 3.0
# Site: Addis Ababa, Ethiopia",ETAD-0106,ChemSpec_218,True,True,both competing concentration values already present in earlier CSV; upstream role unresolved,False,c91542c705254dd7e7e7271bc36789388d225dc3,a6fda4ea34e7c6d5f3c058ccd56e23d36c2afe07fee3dd8ee9072a80eeae197f
21380,ETAD,9.0106,38.8207,,ETAD-0106,2023-08-19,PM2.5,,,,ChemSpec_218,,,ChemSpec_EC_PM2.5,,0.06,0.0578340052829139,,,ChemSpec,ug/m3,ug/m3,,ETAD-0106,2023-08-19,0.06,0.057834005283,3124,ETAD,9.0106,38.8207,2370.0,ETAD-0106,2023,8,19,9.0,2023,8,20,9.0,24.0,28203,EC PM2.5,0.06,Micrograms per cubic meter (ug/m3),,0.0578340052829139,,218,AirPhoton SS5i Sampler with BGI cyclone inlet and 25mm stretched Teflon filter,FTIR,Ambient local,,/Users/ahmadjalil/github/aethmodular/research/filter_combine/FilterBased_ChemSpecPM25_ETAD.csv,a9f87a16ca07030aaeaf3b0d67c1c5fe3f0d209c34a3a51b365e6a8724f33020,"# File Updated: 2025-07-29
# Data version 3.0
# Site: Addis Ababa, Ethiopia",ETAD-0106,ChemSpec_218,True,True,both competing concentration values already present in earlier CSV; upstream role unresolved,False,c91542c705254dd7e7e7271bc36789388d225dc3,a6fda4ea34e7c6d5f3c058ccd56e23d36c2afe07fee3dd8ee9072a80eeae197f
21438,ETAD,9.0106,38.8207,,ETAD-0107,2023-08-22,PM2.5,,,,ChemSpec_218,,,ChemSpec_EC_PM2.5,,8.55,0.058980480269625,,,ChemSpec,ug/m3,ug/m3,,ETAD-0107,2023-08-22,8.55,0.05898048027,3165,ETAD,9.0106,38.8207,2370.0,ETAD-0107,2023,8,22,9.0,2023,8,23,9.0,24.0,28203,EC PM2.5,8.55,Micrograms per cubic meter (ug/m3),,0.058980480269625,,218,AirPhoton SS5i Sampler with BGI cyclone inlet and 25mm stretched Teflon filter,FTIR,Ambient local,,/Users/ahmadjalil/github/aethmodular/research/filter_combine/FilterBased_ChemSpecPM25_ETAD.csv,a9f87a16ca07030aaeaf3b0d67c1c5fe3f0d209c34a3a51b365e6a8724f33020,"# File Updated: 2025-07-29
# Data version 3.0
# Site: Addis Ababa, Ethiopia",ETAD-0107,ChemSpec_218,True,True,both competing concentration values already present in earlier CSV; upstream role unresolved,False,c91542c705254dd7e7e7271bc36789388d225dc3,a6fda4ea34e7c6d5f3c058ccd56e23d36c2afe07fee3dd8ee9072a80eeae197f
21439,ETAD,9.0106,38.8207,,ETAD-0107,2023-08-22,PM2.5,,,,ChemSpec_218,,,ChemSpec_EC_PM2.5,,0.06,0.058980480269625,,,ChemSpec,ug/m3,ug/m3,,ETAD-0107,2023-08-22,0.06,0.05898048027,3166,ETAD,9.0106,38.8207,2370.0,ETAD-0107,2023,8,22,9.0,2023,8,23,9.0,24.0,28203,EC PM2.5,0.06,Micrograms per cubic meter (ug/m3),,0.058980480269625,,218,AirPhoton SS5i Sampler with BGI cyclone inlet and 25mm stretched Teflon filter,FTIR,Ambient local,,/Users/ahmadjalil/github/aethmodular/research/filter_combine/FilterBased_ChemSpecPM25_ETAD.csv,a9f87a16ca07030aaeaf3b0d67c1c5fe3f0d209c34a3a51b365e6a8724f33020,"# File Updated: 2025-07-29
# Data version 3.0
# Site: Addis Ababa, Ethiopia",ETAD-0107,ChemSpec_218,True,True,both competing concentration values already present in earlier CSV; upstream role unresolved,False,c91542c705254dd7e7e7271bc36789388d225dc3,a6fda4ea34e7c6d5f3c058ccd56e23d36c2afe07fee3dd8ee9072a80eeae197f
21497,ETAD,9.0106,38.8207,,ETAD-0108,2023-08-25,PM2.5,,,,ChemSpec_218,,,ChemSpec_EC_PM2.5,,6.49,0.0578340052829139,,,ChemSpec,ug/m3,ug/m3,,ETAD-0108,2023-08-25,6.49,0.057834005283,3207,ETAD,9.0106,38.8207,2370.0,ETAD-0108,2023,8,25,9.0,2023,8,26,9.0,24.0,28203,EC PM2.5,6.49,Micrograms per cubic meter (ug/m3),,0.0578340052829139,,218,AirPhoton SS5i Sampler with BGI cyclone inlet and 25mm stretched Teflon filter,FTIR,Ambient local,,/Users/ahmadjalil/github/aethmodular/research/filter_combine/FilterBased_ChemSpecPM25_ETAD.csv,a9f87a16ca07030aaeaf3b0d67c1c5fe3f0d209c34a3a51b365e6a8724f33020,"# File Updated: 2025-07-29
# Data version 3.0
# Site: Addis Ababa, Ethiopia",ETAD-0108,ChemSpec_218,True,True,both competing concentration values already present in earlier CSV; upstream role unresolved,False,c91542c705254dd7e7e7271bc36789388d225dc3,a6fda4ea34e7c6d5f3c058ccd56e23d36c2afe07fee3dd8ee9072a80eeae197f
21498,ETAD,9.0106,38.8207,,ETAD-0108,2023-08-25,PM2.5,,,,ChemSpec_218,,,ChemSpec_EC_PM2.5,,0.06,0.0578340052829139,,,ChemSpec,ug/m3,ug/m3,,ETAD-0108,2023-08-25,0.06,0.057834005283,3208,ETAD,9.0106,38.8207,2370.0,ETAD-0108,2023,8,25,9.0,2023,8,26,9.0,24.0,28203,EC PM2.5,0.06,Micrograms per cubic meter (ug/m3),,0.0578340052829139,,218,AirPhoton SS5i Sampler with BGI cyclone inlet and 25mm stretched Teflon filter,FTIR,Ambient local,,/Users/ahmadjalil/github/aethmodular/research/filter_combine/FilterBased_ChemSpecPM25_ETAD.csv,a9f87a16ca07030aaeaf3b0d67c1c5fe3f0d209c34a3a51b365e6a8724f33020,"# File Updated: 2025-07-29
# Data version 3.0
# Site: Addis Ababa, Ethiopia",ETAD-0108,ChemSpec_218,True,True,both competing concentration values already present in earlier CSV; upstream role unresolved,False,c91542c705254dd7e7e7271bc36789388d225dc3,a6fda4ea34e7c6d5f3c058ccd56e23d36c2afe07fee3dd8ee9072a80eeae197f
21556,ETAD,9.0106,38.8207,,ETAD-0109,2023-08-28,PM2.5,,,,ChemSpec_218,,,ChemSpec_EC_PM2.5,,6.64,0.0578340052829139,,,ChemSpec,ug/m3,ug/m3,,ETAD-0109,2023-08-28,6.64,0.057834005283,3249,ETAD,9.0106,38.8207,2370.0,ETAD-0109,2023,8,28,9.0,2023,8,29,9.0,24.0,28203,EC PM2.5,6.64,Micrograms per cubic meter (ug/m3),,0.0578340052829139,,218,AirPhoton SS5i Sampler with BGI cyclone inlet and 25mm stretched Teflon filter,FTIR,Ambient local,,/Users/ahmadjalil/github/aethmodular/research/filter_combine/FilterBased_ChemSpecPM25_ETAD.csv,a9f87a16ca07030aaeaf3b0d67c1c5fe3f0d209c34a3a51b365e6a8724f33020,"# File Updated: 2025-07-29
# Data version 3.0
# Site: Addis Ababa, Ethiopia",ETAD-0109,ChemSpec_218,True,True,both competing concentration values already present in earlier CSV; upstream role unresolved,False,c91542c705254dd7e7e7271bc36789388d225dc3,a6fda4ea34e7c6d5f3c058ccd56e23d36c2afe07fee3dd8ee9072a80eeae197f
21557,ETAD,9.0106,38.8207,,ETAD-0109,2023-08-28,PM2.5,,,,ChemSpec_218,,,ChemSpec_EC_PM2.5,,0.06,0.0578340052829139,,,ChemSpec,ug/m3,ug/m3,,ETAD-0109,2023-08-28,0.06,0.057834005283,3250,ETAD,9.0106,38.8207,2370.0,ETAD-0109,2023,8,28,9.0,2023,8,29,9.0,24.0,28203,EC PM2.5,0.06,Micrograms per cubic meter (ug/m3),,0.0578340052829139,,218,AirPhoton SS5i Sampler with BGI cyclone inlet and 25mm stretched Teflon filter,FTIR,Ambient local,,/Users/ahmadjalil/github/aethmodular/research/filter_combine/FilterBased_ChemSpecPM25_ETAD.csv,a9f87a16ca07030aaeaf3b0d67c1c5fe3f0d209c34a3a51b365e6a8724f33020,"# File Updated: 2025-07-29
# Data version 3.0
# Site: Addis Ababa, Ethiopia",ETAD-0109,ChemSpec_218,True,True,both competing concentration values already present in earlier CSV; upstream role unresolved,False,c91542c705254dd7e7e7271bc36789388d225dc3,a6fda4ea34e7c6d5f3c058ccd56e23d36c2afe07fee3dd8ee9072a80eeae197f
21615,ETAD,9.0106,38.8207,,ETAD-0110,2023-08-31,PM2.5,,,,ChemSpec_218,,,ChemSpec_EC_PM2.5,,6.77,0.0578340052829139,,,ChemSpec,ug/m3,ug/m3,,ETAD-0110,2023-08-31,6.77,0.057834005283,3291,ETAD,9.0106,38.8207,2370.0,ETAD-0110,2023,8,31,9.0,2023,9,1,9.0,24.0,28203,EC PM2.5,6.77,Micrograms per cubic meter (ug/m3),,0.0578340052829139,,218,AirPhoton SS5i Sampler with BGI cyclone inlet and 25mm stretched Teflon filter,FTIR,Ambient local,,/Users/ahmadjalil/github/aethmodular/research/filter_combine/FilterBased_ChemSpecPM25_ETAD.csv,a9f87a16ca07030aaeaf3b0d67c1c5fe3f0d209c34a3a51b365e6a8724f33020,"# File Updated: 2025-07-29
# Data version 3.0
# Site: Addis Ababa, Ethiopia",ETAD-0110,ChemSpec_218,True,True,both competing concentration values already present in earlier CSV; upstream role unresolved,False,c91542c705254dd7e7e7271bc36789388d225dc3,a6fda4ea34e7c6d5f3c058ccd56e23d36c2afe07fee3dd8ee9072a80eeae197f
21616,ETAD,9.0106,38.8207,,ETAD-0110,2023-08-31,PM2.5,,,,ChemSpec_218,,,ChemSpec_EC_PM2.5,,0.06,0.0578340052829139,,,ChemSpec,ug/m3,ug/m3,,ETAD-0110,2023-08-31,0.06,0.057834005283,3292,ETAD,9.0106,38.8207,2370.0,ETAD-0110,2023,8,31,9.0,2023,9,1,9.0,24.0,28203,EC PM2.5,0.06,Micrograms per cubic meter (ug/m3),,0.0578340052829139,,218,AirPhoton SS5i Sampler with BGI cyclone inlet and 25mm stretched Teflon filter,FTIR,Ambient local,,/Users/ahmadjalil/github/aethmodular/research/filter_combine/FilterBased_ChemSpecPM25_ETAD.csv,a9f87a16ca07030aaeaf3b0d67c1c5fe3f0d209c34a3a51b365e6a8724f33020,"# File Updated: 2025-07-29
# Data version 3.0
# Site: Addis Ababa, Ethiopia",ETAD-0110,ChemSpec_218,True,True,both competing concentration values already present in earlier CSV; upstream role unresolved,False,c91542c705254dd7e7e7271bc36789388d225dc3,a6fda4ea34e7c6d5f3c058ccd56e23d36c2afe07fee3dd8ee9072a80eeae197f
21688,ETAD,9.0106,38.8207,,ETAD-0112,2023-09-03,PM2.5,,,,ChemSpec_218,,,ChemSpec_EC_PM2.5,,3.5,0.058980480269625,,,ChemSpec,ug/m3,ug/m3,,ETAD-0112,2023-09-03,3.5,0.05898048027,3333,ETAD,9.0106,38.8207,2370.0,ETAD-0112,2023,9,3,9.0,2023,9,4,9.0,24.0,28203,EC PM2.5,3.5,Micrograms per cubic meter (ug/m3),,0.058980480269625,,218,AirPhoton SS5i Sampler with BGI cyclone inlet and 25mm stretched Teflon filter,FTIR,Ambient local,,/Users/ahmadjalil/github/aethmodular/research/filter_combine/FilterBased_ChemSpecPM25_ETAD.csv,a9f87a16ca07030aaeaf3b0d67c1c5fe3f0d209c34a3a51b365e6a8724f33020,"# File Updated: 2025-07-29
# Data version 3.0
# Site: Addis Ababa, Ethiopia",ETAD-0112,ChemSpec_218,True,True,both competing concentration values already present in earlier CSV; upstream role unresolved,False,c91542c705254dd7e7e7271bc36789388d225dc3,a6fda4ea34e7c6d5f3c058ccd56e23d36c2afe07fee3dd8ee9072a80eeae197f
21689,ETAD,9.0106,38.8207,,ETAD-0112,2023-09-03,PM2.5,,,,ChemSpec_218,,,ChemSpec_EC_PM2.5,,0.06,0.058980480269625,,,ChemSpec,ug/m3,ug/m3,,ETAD-0112,2023-09-03,0.06,0.05898048027,3334,ETAD,9.0106,38.8207,2370.0,ETAD-0112,2023,9,3,9.0,2023,9,4,9.0,24.0,28203,EC PM2.5,0.06,Micrograms per cubic meter (ug/m3),,0.058980480269625,,218,AirPhoton SS5i Sampler with BGI cyclone inlet and 25mm stretched Teflon filter,FTIR,Ambient local,,/Users/ahmadjalil/github/aethmodular/research/filter_combine/FilterBased_ChemSpecPM25_ETAD.csv,a9f87a16ca07030aaeaf3b0d67c1c5fe3f0d209c34a3a51b365e6a8724f33020,"# File Updated: 2025-07-29
# Data version 3.0
# Site: Addis Ababa, Ethiopia",ETAD-0112,ChemSpec_218,True,True,both competing concentration values already present in earlier CSV; upstream role unresolved,False,c91542c705254dd7e7e7271bc36789388d225dc3,a6fda4ea34e7c6d5f3c058ccd56e23d36c2afe07fee3dd8ee9072a80eeae197f
21747,ETAD,9.0106,38.8207,,ETAD-0113,2023-09-06,PM2.5,,,,ChemSpec_218,,,ChemSpec_EC_PM2.5,,7.17,0.0565181518151815,,,ChemSpec,ug/m3,ug/m3,,ETAD-0113,2023-09-06,7.17,0.056518151815,3375,ETAD,9.0106,38.8207,2370.0,ETAD-0113,2023,9,6,9.0,2023,9,7,9.0,24.0,28203,EC PM2.5,7.17,Micrograms per cubic meter (ug/m3),,0.0565181518151815,,218,AirPhoton SS5i Sampler with BGI cyclone inlet and 25mm stretched Teflon filter,FTIR,Ambient local,,/Users/ahmadjalil/github/aethmodular/research/filter_combine/FilterBased_ChemSpecPM25_ETAD.csv,a9f87a16ca07030aaeaf3b0d67c1c5fe3f0d209c34a3a51b365e6a8724f33020,"# File Updated: 2025-07-29
# Data version 3.0
# Site: Addis Ababa, Ethiopia",ETAD-0113,ChemSpec_218,True,True,both competing concentration values already present in earlier CSV; upstream role unresolved,False,c91542c705254dd7e7e7271bc36789388d225dc3,a6fda4ea34e7c6d5f3c058ccd56e23d36c2afe07fee3dd8ee9072a80eeae197f
21748,ETAD,9.0106,38.8207,,ETAD-0113,2023-09-06,PM2.5,,,,ChemSpec_218,,,ChemSpec_EC_PM2.5,,0.06,0.0565181518151815,,,ChemSpec,ug/m3,ug/m3,,ETAD-0113,2023-09-06,0.06,0.056518151815,3376,ETAD,9.0106,38.8207,2370.0,ETAD-0113,2023,9,6,9.0,2023,9,7,9.0,24.0,28203,EC PM2.5,0.06,Micrograms per cubic meter (ug/m3),,0.0565181518151815,,218,AirPhoton SS5i Sampler with BGI cyclone inlet and 25mm stretched Teflon filter,FTIR,Ambient local,,/Users/ahmadjalil/github/aethmodular/research/filter_combine/FilterBased_ChemSpecPM25_ETAD.csv,a9f87a16ca07030aaeaf3b0d67c1c5fe3f0d209c34a3a51b365e6a8724f33020,"# File Updated: 2025-07-29
# Data version 3.0
# Site: Addis Ababa, Ethiopia",ETAD-0113,ChemSpec_218,True,True,both competing concentration values already present in earlier CSV; upstream role unresolved,False,c91542c705254dd7e7e7271bc36789388d225dc3,a6fda4ea34e7c6d5f3c058ccd56e23d36c2afe07fee3dd8ee9072a80eeae197f
21806,ETAD,9.0106,38.8207,,ETAD-0114,2023-09-09,PM2.5,,,,ChemSpec_218,,,ChemSpec_EC_PM2.5,,10.53,0.0578340052829139,,,ChemSpec,ug/m3,ug/m3,,ETAD-0114,2023-09-09,10.53,0.057834005283,3417,ETAD,9.0106,38.8207,2370.0,ETAD-0114,2023,9,9,9.0,2023,9,10,9.0,24.0,28203,EC PM2.5,10.53,Micrograms per cubic meter (ug/m3),,0.0578340052829139,,218,AirPhoton SS5i Sampler with BGI cyclone inlet and 25mm stretched Teflon filter,FTIR,Ambient local,,/Users/ahmadjalil/github/aethmodular/research/filter_combine/FilterBased_ChemSpecPM25_ETAD.csv,a9f87a16ca07030aaeaf3b0d67c1c5fe3f0d209c34a3a51b365e6a8724f33020,"# File Updated: 2025-07-29
# Data version 3.0
# Site: Addis Ababa, Ethiopia",ETAD-0114,ChemSpec_218,True,True,both competing concentration values already present in earlier CSV; upstream role unresolved,False,c91542c705254dd7e7e7271bc36789388d225dc3,a6fda4ea34e7c6d5f3c058ccd56e23d36c2afe07fee3dd8ee9072a80eeae197f
21807,ETAD,9.0106,38.8207,,ETAD-0114,2023-09-09,PM2.5,,,,ChemSpec_218,,,ChemSpec_EC_PM2.5,,0.06,0.0578340052829139,,,ChemSpec,ug/m3,ug/m3,,ETAD-0114,2023-09-09,0.06,0.057834005283,3418,ETAD,9.0106,38.8207,2370.0,ETAD-0114,2023,9,9,9.0,2023,9,10,9.0,24.0,28203,EC PM2.5,0.06,Micrograms per cubic meter (ug/m3),,0.0578340052829139,,218,AirPhoton SS5i Sampler with BGI cyclone inlet and 25mm stretched Teflon filter,FTIR,Ambient local,,/Users/ahmadjalil/github/aethmodular/research/filter_combine/FilterBased_ChemSpecPM25_ETAD.csv,a9f87a16ca07030aaeaf3b0d67c1c5fe3f0d209c34a3a51b365e6a8724f33020,"# File Updated: 2025-07-29
# Data version 3.0
# Site: Addis Ababa, Ethiopia",ETAD-0114,ChemSpec_218,True,True,both competing concentration values already present in earlier CSV; upstream role unresolved,False,c91542c705254dd7e7e7271bc36789388d225dc3,a6fda4ea34e7c6d5f3c058ccd56e23d36c2afe07fee3dd8ee9072a80eeae197f
21865,ETAD,9.0106,38.8207,,ETAD-0115,2023-09-12,PM2.5,,,,ChemSpec_218,,,ChemSpec_EC_PM2.5,,3.44,0.0553139440065235,,,ChemSpec,ug/m3,ug/m3,,ETAD-0115,2023-09-12,3.44,0.055313944007,3459,ETAD,9.0106,38.8207,2370.0,ETAD-0115,2023,9,12,9.0,2023,9,13,9.0,24.0,28203,EC PM2.5,3.44,Micrograms per cubic meter (ug/m3),,0.0553139440065235,,218,AirPhoton SS5i Sampler with BGI cyclone inlet and 25mm stretched Teflon filter,FTIR,Ambient local,,/Users/ahmadjalil/github/aethmodular/research/filter_combine/FilterBased_ChemSpecPM25_ETAD.csv,a9f87a16ca07030aaeaf3b0d67c1c5fe3f0d209c34a3a51b365e6a8724f33020,"# File Updated: 2025-07-29
# Data version 3.0
# Site: Addis Ababa, Ethiopia",ETAD-0115,ChemSpec_218,True,True,both competing concentration values already present in earlier CSV; upstream role unresolved,False,c91542c705254dd7e7e7271bc36789388d225dc3,a6fda4ea34e7c6d5f3c058ccd56e23d36c2afe07fee3dd8ee9072a80eeae197f
21866,ETAD,9.0106,38.8207,,ETAD-0115,2023-09-12,PM2.5,,,,ChemSpec_218,,,ChemSpec_EC_PM2.5,,0.06,0.0553139440065235,,,ChemSpec,ug/m3,ug/m3,,ETAD-0115,2023-09-12,0.06,0.055313944007,3460,ETAD,9.0106,38.8207,2370.0,ETAD-0115,2023,9,12,9.0,2023,9,13,9.0,24.0,28203,EC PM2.5,0.06,Micrograms per cubic meter (ug/m3),,0.0553139440065235,,218,AirPhoton SS5i Sampler with BGI cyclone inlet and 25mm stretched Teflon filter,FTIR,Ambient local,,/Users/ahmadjalil/github/aethmodular/research/filter_combine/FilterBased_ChemSpecPM25_ETAD.csv,a9f87a16ca07030aaeaf3b0d67c1c5fe3f0d209c34a3a51b365e6a8724f33020,"# File Updated: 2025-07-29
# Data version 3.0
# Site: Addis Ababa, Ethiopia",ETAD-0115,ChemSpec_218,True,True,both competing concentration values already present in earlier CSV; upstream role unresolved,False,c91542c705254dd7e7e7271bc36789388d225dc3,a6fda4ea34e7c6d5f3c058ccd56e23d36c2afe07fee3dd8ee9072a80eeae197f
21924,ETAD,9.0106,38.8207,,ETAD-0116,2023-09-15,PM2.5,,,,ChemSpec_218,,,ChemSpec_EC_PM2.5,,6.79,0.0553139440065235,,,ChemSpec,ug/m3,ug/m3,,ETAD-0116,2023-09-15,6.79,0.055313944007,3501,ETAD,9.0106,38.8207,2370.0,ETAD-0116,2023,9,15,9.0,2023,9,16,9.0,24.0,28203,EC PM2.5,6.79,Micrograms per cubic meter (ug/m3),,0.0553139440065235,,218,AirPhoton SS5i Sampler with BGI cyclone inlet and 25mm stretched Teflon filter,FTIR,Ambient local,,/Users/ahmadjalil/github/aethmodular/research/filter_combine/FilterBased_ChemSpecPM25_ETAD.csv,a9f87a16ca07030aaeaf3b0d67c1c5fe3f0d209c34a3a51b365e6a8724f33020,"# File Updated: 2025-07-29
# Data version 3.0
# Site: Addis Ababa, Ethiopia",ETAD-0116,ChemSpec_218,True,True,both competing concentration values already present in earlier CSV; upstream role unresolved,False,c91542c705254dd7e7e7271bc36789388d225dc3,a6fda4ea34e7c6d5f3c058ccd56e23d36c2afe07fee3dd8ee9072a80eeae197f
21925,ETAD,9.0106,38.8207,,ETAD-0116,2023-09-15,PM2.5,,,,ChemSpec_218,,,ChemSpec_EC_PM2.5,,0.06,0.0553139440065235,,,ChemSpec,ug/m3,ug/m3,,ETAD-0116,2023-09-15,0.06,0.055313944007,3502,ETAD,9.0106,38.8207,2370.0,ETAD-0116,2023,9,15,9.0,2023,9,16,9.0,24.0,28203,EC PM2.5,0.06,Micrograms per cubic meter (ug/m3),,0.0553139440065235,,218,AirPhoton SS5i Sampler with BGI cyclone inlet and 25mm stretched Teflon filter,FTIR,Ambient local,,/Users/ahmadjalil/github/aethmodular/research/filter_combine/FilterBased_ChemSpecPM25_ETAD.csv,a9f87a16ca07030aaeaf3b0d67c1c5fe3f0d209c34a3a51b365e6a8724f33020,"# File Updated: 2025-07-29
# Data version 3.0
# Site: Addis Ababa, Ethiopia",ETAD-0116,ChemSpec_218,True,True,both competing concentration values already present in earlier CSV; upstream role unresolved,False,c91542c705254dd7e7e7271bc36789388d225dc3,a6fda4ea34e7c6d5f3c058ccd56e23d36c2afe07fee3dd8ee9072a80eeae197f
21983,ETAD,9.0106,38.8207,,ETAD-0117,2023-09-18,PM2.5,,,,ChemSpec_218,,,ChemSpec_EC_PM2.5,,4.72,0.0553139440065235,,,ChemSpec,ug/m3,ug/m3,,ETAD-0117,2023-09-18,4.72,0.055313944007,3543,ETAD,9.0106,38.8207,2370.0,ETAD-0117,2023,9,18,9.0,2023,9,19,9.0,24.0,28203,EC PM2.5,4.72,Micrograms per cubic meter (ug/m3),,0.0553139440065235,,218,AirPhoton SS5i Sampler with BGI cyclone inlet and 25mm stretched Teflon filter,FTIR,Ambient local,,/Users/ahmadjalil/github/aethmodular/research/filter_combine/FilterBased_ChemSpecPM25_ETAD.csv,a9f87a16ca07030aaeaf3b0d67c1c5fe3f0d209c34a3a51b365e6a8724f33020,"# File Updated: 2025-07-29
# Data version 3.0
# Site: Addis Ababa, Ethiopia",ETAD-0117,ChemSpec_218,True,True,both competing concentration values already present in earlier CSV; upstream role unresolved,False,c91542c705254dd7e7e7271bc36789388d225dc3,a6fda4ea34e7c6d5f3c058ccd56e23d36c2afe07fee3dd8ee9072a80eeae197f
21984,ETAD,9.0106,38.8207,,ETAD-0117,2023-09-18,PM2.5,,,,ChemSpec_218,,,ChemSpec_EC_PM2.5,,0.06,0.0553139440065235,,,ChemSpec,ug/m3,ug/m3,,ETAD-0117,2023-09-18,0.06,0.055313944007,3544,ETAD,9.0106,38.8207,2370.0,ETAD-0117,2023,9,18,9.0,2023,9,19,9.0,24.0,28203,EC PM2.5,0.06,Micrograms per cubic meter (ug/m3),,0.0553139440065235,,218,AirPhoton SS5i Sampler with BGI cyclone inlet and 25mm stretched Teflon filter,FTIR,Ambient local,,/Users/ahmadjalil/github/aethmodular/research/filter_combine/FilterBased_ChemSpecPM25_ETAD.csv,a9f87a16ca07030aaeaf3b0d67c1c5fe3f0d209c34a3a51b365e6a8724f33020,"# File Updated: 2025-07-29
# Data version 3.0
# Site: Addis Ababa, Ethiopia",ETAD-0117,ChemSpec_218,True,True,both competing concentration values already present in earlier CSV; upstream role unresolved,False,c91542c705254dd7e7e7271bc36789388d225dc3,a6fda4ea34e7c6d5f3c058ccd56e23d36c2afe07fee3dd8ee9072a80eeae197f
22042,ETAD,9.0106,38.8207,,ETAD-0118,2023-09-21,PM2.5,,,,ChemSpec_218,,,ChemSpec_EC_PM2.5,,5.98,0.0565181518151815,,,ChemSpec,ug/m3,ug/m3,,ETAD-0118,2023-09-21,5.98,0.056518151815,3585,ETAD,9.0106,38.8207,2370.0,ETAD-0118,2023,9,21,9.0,2023,9,22,9.0,24.0,28203,EC PM2.5,5.98,Micrograms per cubic meter (ug/m3),,0.0565181518151815,,218,AirPhoton SS5i Sampler with BGI cyclone inlet and 25mm stretched Teflon filter,FTIR,Ambient local,,/Users/ahmadjalil/github/aethmodular/research/filter_combine/FilterBased_ChemSpecPM25_ETAD.csv,a9f87a16ca07030aaeaf3b0d67c1c5fe3f0d209c34a3a51b365e6a8724f33020,"# File Updated: 2025-07-29
# Data version 3.0
# Site: Addis Ababa, Ethiopia",ETAD-0118,ChemSpec_218,True,True,both competing concentration values already present in earlier CSV; upstream role unresolved,False,c91542c705254dd7e7e7271bc36789388d225dc3,a6fda4ea34e7c6d5f3c058ccd56e23d36c2afe07fee3dd8ee9072a80eeae197f
22043,ETAD,9.0106,38.8207,,ETAD-0118,2023-09-21,PM2.5,,,,ChemSpec_218,,,ChemSpec_EC_PM2.5,,0.06,0.0565181518151815,,,ChemSpec,ug/m3,ug/m3,,ETAD-0118,2023-09-21,0.06,0.056518151815,3586,ETAD,9.0106,38.8207,2370.0,ETAD-0118,2023,9,21,9.0,2023,9,22,9.0,24.0,28203,EC PM2.5,0.06,Micrograms per cubic meter (ug/m3),,0.0565181518151815,,218,AirPhoton SS5i Sampler with BGI cyclone inlet and 25mm stretched Teflon filter,FTIR,Ambient local,,/Users/ahmadjalil/github/aethmodular/research/filter_combine/FilterBased_ChemSpecPM25_ETAD.csv,a9f87a16ca07030aaeaf3b0d67c1c5fe3f0d209c34a3a51b365e6a8724f33020,"# File Updated: 2025-07-29
# Data version 3.0
# Site: Addis Ababa, Ethiopia",ETAD-0118,ChemSpec_218,True,True,both competing concentration values already present in earlier CSV; upstream role unresolved,False,c91542c705254dd7e7e7271bc36789388d225dc3,a6fda4ea34e7c6d5f3c058ccd56e23d36c2afe07fee3dd8ee9072a80eeae197f
22115,ETAD,9.0106,38.8207,,ETAD-0120,2023-09-24,PM2.5,,,,ChemSpec_218,,,ChemSpec_EC_PM2.5,,4.69,0.0565181518151815,,,ChemSpec,ug/m3,ug/m3,,ETAD-0120,2023-09-24,4.69,0.056518151815,3627,ETAD,9.0106,38.8207,2370.0,ETAD-0120,2023,9,24,9.0,2023,9,25,9.0,24.0,28203,EC PM2.5,4.69,Micrograms per cubic meter (ug/m3),,0.0565181518151815,,218,AirPhoton SS5i Sampler with BGI cyclone inlet and 25mm stretched Teflon filter,FTIR,Ambient local,,/Users/ahmadjalil/github/aethmodular/research/filter_combine/FilterBased_ChemSpecPM25_ETAD.csv,a9f87a16ca07030aaeaf3b0d67c1c5fe3f0d209c34a3a51b365e6a8724f33020,"# File Updated: 2025-07-29
# Data version 3.0
# Site: Addis Ababa, Ethiopia",ETAD-0120,ChemSpec_218,True,True,both competing concentration values already present in earlier CSV; upstream role unresolved,False,c91542c705254dd7e7e7271bc36789388d225dc3,a6fda4ea34e7c6d5f3c058ccd56e23d36c2afe07fee3dd8ee9072a80eeae197f
22116,ETAD,9.0106,38.8207,,ETAD-0120,2023-09-24,PM2.5,,,,ChemSpec_218,,,ChemSpec_EC_PM2.5,,0.06,0.0565181518151815,,,ChemSpec,ug/m3,ug/m3,,ETAD-0120,2023-09-24,0.06,0.056518151815,3628,ETAD,9.0106,38.8207,2370.0,ETAD-0120,2023,9,24,9.0,2023,9,25,9.0,24.0,28203,EC PM2.5,0.06,Micrograms per cubic meter (ug/m3),,0.0565181518151815,,218,AirPhoton SS5i Sampler with BGI cyclone inlet and 25mm stretched Teflon filter,FTIR,Ambient local,,/Users/ahmadjalil/github/aethmodular/research/filter_combine/FilterBased_ChemSpecPM25_ETAD.csv,a9f87a16ca07030aaeaf3b0d67c1c5fe3f0d209c34a3a51b365e6a8724f33020,"# File Updated: 2025-07-29
# Data version 3.0
# Site: Addis Ababa, Ethiopia",ETAD-0120,ChemSpec_218,True,True,both competing concentration values already present in earlier CSV; upstream role unresolved,False,c91542c705254dd7e7e7271bc36789388d225dc3,a6fda4ea34e7c6d5f3c058ccd56e23d36c2afe07fee3dd8ee9072a80eeae197f
22174,ETAD,9.0106,38.8207,,ETAD-0121,2023-09-27,PM2.5,,,,ChemSpec_218,,,ChemSpec_EC_PM2.5,,6.8,0.0578340052829139,,,ChemSpec,ug/m3,ug/m3,,ETAD-0121,2023-09-27,6.8,0.057834005283,3669,ETAD,9.0106,38.8207,2370.0,ETAD-0121,2023,9,27,9.0,2023,9,28,9.0,24.0,28203,EC PM2.5,6.8,Micrograms per cubic meter (ug/m3),,0.0578340052829139,,218,AirPhoton SS5i Sampler with BGI cyclone inlet and 25mm stretched Teflon filter,FTIR,Ambient local,,/Users/ahmadjalil/github/aethmodular/research/filter_combine/FilterBased_ChemSpecPM25_ETAD.csv,a9f87a16ca07030aaeaf3b0d67c1c5fe3f0d209c34a3a51b365e6a8724f33020,"# File Updated: 2025-07-29
# Data version 3.0
# Site: Addis Ababa, Ethiopia",ETAD-0121,ChemSpec_218,True,True,both competing concentration values already present in earlier CSV; upstream role unresolved,False,c91542c705254dd7e7e7271bc36789388d225dc3,a6fda4ea34e7c6d5f3c058ccd56e23d36c2afe07fee3dd8ee9072a80eeae197f
22175,ETAD,9.0106,38.8207,,ETAD-0121,2023-09-27,PM2.5,,,,ChemSpec_218,,,ChemSpec_EC_PM2.5,,0.06,0.0578340052829139,,,ChemSpec,ug/m3,ug/m3,,ETAD-0121,2023-09-27,0.06,0.057834005283,3670,ETAD,9.0106,38.8207,2370.0,ETAD-0121,2023,9,27,9.0,2023,9,28,9.0,24.0,28203,EC PM2.5,0.06,Micrograms per cubic meter (ug/m3),,0.0578340052829139,,218,AirPhoton SS5i Sampler with BGI cyclone inlet and 25mm stretched Teflon filter,FTIR,Ambient local,,/Users/ahmadjalil/github/aethmodular/research/filter_combine/FilterBased_ChemSpecPM25_ETAD.csv,a9f87a16ca07030aaeaf3b0d67c1c5fe3f0d209c34a3a51b365e6a8724f33020,"# File Updated: 2025-07-29
# Data version 3.0
# Site: Addis Ababa, Ethiopia",ETAD-0121,ChemSpec_218,True,True,both competing concentration values already present in earlier CSV; upstream role unresolved,False,c91542c705254dd7e7e7271bc36789388d225dc3,a6fda4ea34e7c6d5f3c058ccd56e23d36c2afe07fee3dd8ee9072a80eeae197f
22317,ETAD,9.0106,38.8207,,ETAD-0128,2023-10-15,PM2.5,,,,ChemSpec_218,,,ChemSpec_EC_PM2.5,,2.24,0.0592457078525189,,,ChemSpec,ug/m3,ug/m3,,ETAD-0128,2023-10-15,2.24,0.059245707853,3711,ETAD,9.0106,38.8207,2370.0,ETAD-0128,2023,10,15,9.0,2023,10,16,9.0,24.0,28203,EC PM2.5,2.24,Micrograms per cubic meter (ug/m3),,0.0592457078525189,,218,AirPhoton SS5i Sampler with BGI cyclone inlet and 25mm stretched Teflon filter,FTIR,Ambient local,,/Users/ahmadjalil/github/aethmodular/research/filter_combine/FilterBased_ChemSpecPM25_ETAD.csv,a9f87a16ca07030aaeaf3b0d67c1c5fe3f0d209c34a3a51b365e6a8724f33020,"# File Updated: 2025-07-29
# Data version 3.0
# Site: Addis Ababa, Ethiopia",ETAD-0128,ChemSpec_218,True,True,both competing concentration values already present in earlier CSV; upstream role unresolved,False,c91542c705254dd7e7e7271bc36789388d225dc3,a6fda4ea34e7c6d5f3c058ccd56e23d36c2afe07fee3dd8ee9072a80eeae197f
22318,ETAD,9.0106,38.8207,,ETAD-0128,2023-10-15,PM2.5,,,,ChemSpec_218,,,ChemSpec_EC_PM2.5,,0.06,0.0592457078525189,,,ChemSpec,ug/m3,ug/m3,,ETAD-0128,2023-10-15,0.06,0.059245707853,3712,ETAD,9.0106,38.8207,2370.0,ETAD-0128,2023,10,15,9.0,2023,10,16,9.0,24.0,28203,EC PM2.5,0.06,Micrograms per cubic meter (ug/m3),,0.0592457078525189,,218,AirPhoton SS5i Sampler with BGI cyclone inlet and 25mm stretched Teflon filter,FTIR,Ambient local,,/Users/ahmadjalil/github/aethmodular/research/filter_combine/FilterBased_ChemSpecPM25_ETAD.csv,a9f87a16ca07030aaeaf3b0d67c1c5fe3f0d209c34a3a51b365e6a8724f33020,"# File Updated: 2025-07-29
# Data version 3.0
# Site: Addis Ababa, Ethiopia",ETAD-0128,ChemSpec_218,True,True,both competing concentration values already present in earlier CSV; upstream role unresolved,False,c91542c705254dd7e7e7271bc36789388d225dc3,a6fda4ea34e7c6d5f3c058ccd56e23d36c2afe07fee3dd8ee9072a80eeae197f
22376,ETAD,9.0106,38.8207,,ETAD-0129,2023-10-18,PM2.5,,,,ChemSpec_218,,,ChemSpec_EC_PM2.5,,3.72,0.0565181518151815,,,ChemSpec,ug/m3,ug/m3,,ETAD-0129,2023-10-18,3.72,0.056518151815,3752,ETAD,9.0106,38.8207,2370.0,ETAD-0129,2023,10,18,9.0,2023,10,19,9.0,24.0,28203,EC PM2.5,3.72,Micrograms per cubic meter (ug/m3),,0.0565181518151815,,218,AirPhoton SS5i Sampler with BGI cyclone inlet and 25mm stretched Teflon filter,FTIR,Ambient local,,/Users/ahmadjalil/github/aethmodular/research/filter_combine/FilterBased_ChemSpecPM25_ETAD.csv,a9f87a16ca07030aaeaf3b0d67c1c5fe3f0d209c34a3a51b365e6a8724f33020,"# File Updated: 2025-07-29
# Data version 3.0
# Site: Addis Ababa, Ethiopia",ETAD-0129,ChemSpec_218,True,True,both competing concentration values already present in earlier CSV; upstream role unresolved,False,c91542c705254dd7e7e7271bc36789388d225dc3,a6fda4ea34e7c6d5f3c058ccd56e23d36c2afe07fee3dd8ee9072a80eeae197f
22377,ETAD,9.0106,38.8207,,ETAD-0129,2023-10-18,PM2.5,,,,ChemSpec_218,,,ChemSpec_EC_PM2.5,,0.06,0.0565181518151815,,,ChemSpec,ug/m3,ug/m3,,ETAD-0129,2023-10-18,0.06,0.056518151815,3753,ETAD,9.0106,38.8207,2370.0,ETAD-0129,2023,10,18,9.0,2023,10,19,9.0,24.0,28203,EC PM2.5,0.06,Micrograms per cubic meter (ug/m3),,0.0565181518151815,,218,AirPhoton SS5i Sampler with BGI cyclone inlet and 25mm stretched Teflon filter,FTIR,Ambient local,,/Users/ahmadjalil/github/aethmodular/research/filter_combine/FilterBased_ChemSpecPM25_ETAD.csv,a9f87a16ca07030aaeaf3b0d67c1c5fe3f0d209c34a3a51b365e6a8724f33020,"# File Updated: 2025-07-29
# Data version 3.0
# Site: Addis Ababa, Ethiopia",ETAD-0129,ChemSpec_218,True,True,both competing concentration values already present in earlier CSV; upstream role unresolved,False,c91542c705254dd7e7e7271bc36789388d225dc3,a6fda4ea34e7c6d5f3c058ccd56e23d36c2afe07fee3dd8ee9072a80eeae197f
22434,ETAD,9.0106,38.8207,,ETAD-0130,2023-10-21,PM2.5,,,,ChemSpec_218,,,ChemSpec_EC_PM2.5,,3.15,0.0565181518151815,,,ChemSpec,ug/m3,ug/m3,,ETAD-0130,2023-10-21,3.15,0.056518151815,3793,ETAD,9.0106,38.8207,2370.0,ETAD-0130,2023,10,21,9.0,2023,10,22,9.0,24.0,28203,EC PM2.5,3.15,Micrograms per cubic meter (ug/m3),,0.0565181518151815,,218,AirPhoton SS5i Sampler with BGI cyclone inlet and 25mm stretched Teflon filter,FTIR,Ambient local,,/Users/ahmadjalil/github/aethmodular/research/filter_combine/FilterBased_ChemSpecPM25_ETAD.csv,a9f87a16ca07030aaeaf3b0d67c1c5fe3f0d209c34a3a51b365e6a8724f33020,"# File Updated: 2025-07-29
# Data version 3.0
# Site: Addis Ababa, Ethiopia",ETAD-0130,ChemSpec_218,True,True,both competing concentration values already present in earlier CSV; upstream role unresolved,False,c91542c705254dd7e7e7271bc36789388d225dc3,a6fda4ea34e7c6d5f3c058ccd56e23d36c2afe07fee3dd8ee9072a80eeae197f
22435,ETAD,9.0106,38.8207,,ETAD-0130,2023-10-21,PM2.5,,,,ChemSpec_218,,,ChemSpec_EC_PM2.5,,0.06,0.0565181518151815,,,ChemSpec,ug/m3,ug/m3,,ETAD-0130,2023-10-21,0.06,0.056518151815,3794,ETAD,9.0106,38.8207,2370.0,ETAD-0130,2023,10,21,9.0,2023,10,22,9.0,24.0,28203,EC PM2.5,0.06,Micrograms per cubic meter (ug/m3),,0.0565181518151815,,218,AirPhoton SS5i Sampler with BGI cyclone inlet and 25mm stretched Teflon filter,FTIR,Ambient local,,/Users/ahmadjalil/github/aethmodular/research/filter_combine/FilterBased_ChemSpecPM25_ETAD.csv,a9f87a16ca07030aaeaf3b0d67c1c5fe3f0d209c34a3a51b365e6a8724f33020,"# File Updated: 2025-07-29
# Data version 3.0
# Site: Addis Ababa, Ethiopia",ETAD-0130,ChemSpec_218,True,True,both competing concentration values already present in earlier CSV; upstream role unresolved,False,c91542c705254dd7e7e7271bc36789388d225dc3,a6fda4ea34e7c6d5f3c058ccd56e23d36c2afe07fee3dd8ee9072a80eeae197f
22492,ETAD,9.0106,38.8207,,ETAD-0131,2023-10-24,PM2.5,,,,ChemSpec_218,,,ChemSpec_EC_PM2.5,,4.15,0.0565181518151815,,,ChemSpec,ug/m3,ug/m3,,ETAD-0131,2023-10-24,4.15,0.056518151815,3832,ETAD,9.0106,38.8207,2370.0,ETAD-0131,2023,10,24,9.0,2023,10,25,9.0,24.0,28203,EC PM2.5,4.15,Micrograms per cubic meter (ug/m3),,0.0565181518151815,,218,AirPhoton SS5i Sampler with BGI cyclone inlet and 25mm stretched Teflon filter,FTIR,Ambient local,,/Users/ahmadjalil/github/aethmodular/research/filter_combine/FilterBased_ChemSpecPM25_ETAD.csv,a9f87a16ca07030aaeaf3b0d67c1c5fe3f0d209c34a3a51b365e6a8724f33020,"# File Updated: 2025-07-29
# Data version 3.0
# Site: Addis Ababa, Ethiopia",ETAD-0131,ChemSpec_218,True,True,both competing concentration values already present in earlier CSV; upstream role unresolved,False,c91542c705254dd7e7e7271bc36789388d225dc3,a6fda4ea34e7c6d5f3c058ccd56e23d36c2afe07fee3dd8ee9072a80eeae197f
22493,ETAD,9.0106,38.8207,,ETAD-0131,2023-10-24,PM2.5,,,,ChemSpec_218,,,ChemSpec_EC_PM2.5,,0.06,0.0565181518151815,,,ChemSpec,ug/m3,ug/m3,,ETAD-0131,2023-10-24,0.06,0.056518151815,3833,ETAD,9.0106,38.8207,2370.0,ETAD-0131,2023,10,24,9.0,2023,10,25,9.0,24.0,28203,EC PM2.5,0.06,Micrograms per cubic meter (ug/m3),,0.0565181518151815,,218,AirPhoton SS5i Sampler with BGI cyclone inlet and 25mm stretched Teflon filter,FTIR,Ambient local,,/Users/ahmadjalil/github/aethmodular/research/filter_combine/FilterBased_ChemSpecPM25_ETAD.csv,a9f87a16ca07030aaeaf3b0d67c1c5fe3f0d209c34a3a51b365e6a8724f33020,"# File Updated: 2025-07-29
# Data version 3.0
# Site: Addis Ababa, Ethiopia",ETAD-0131,ChemSpec_218,True,True,both competing concentration values already present in earlier CSV; upstream role unresolved,False,c91542c705254dd7e7e7271bc36789388d225dc3,a6fda4ea34e7c6d5f3c058ccd56e23d36c2afe07fee3dd8ee9072a80eeae197f
22548,ETAD,9.0106,38.8207,,ETAD-0132,2023-10-27,PM2.5,,,,ChemSpec_218,,,ChemSpec_EC_PM2.5,,2.3,0.0565181518151815,,,ChemSpec,ug/m3,ug/m3,,ETAD-0132,2023-10-27,2.3,0.056518151815,3873,ETAD,9.0106,38.8207,2370.0,ETAD-0132,2023,10,27,9.0,2023,10,28,9.0,24.0,28203,EC PM2.5,2.3,Micrograms per cubic meter (ug/m3),,0.0565181518151815,,218,AirPhoton SS5i Sampler with BGI cyclone inlet and 25mm stretched Teflon filter,FTIR,Ambient local,,/Users/ahmadjalil/github/aethmodular/research/filter_combine/FilterBased_ChemSpecPM25_ETAD.csv,a9f87a16ca07030aaeaf3b0d67c1c5fe3f0d209c34a3a51b365e6a8724f33020,"# File Updated: 2025-07-29
# Data version 3.0
# Site: Addis Ababa, Ethiopia",ETAD-0132,ChemSpec_218,True,True,both competing concentration values already present in earlier CSV; upstream role unresolved,False,c91542c705254dd7e7e7271bc36789388d225dc3,a6fda4ea34e7c6d5f3c058ccd56e23d36c2afe07fee3dd8ee9072a80eeae197f
22549,ETAD,9.0106,38.8207,,ETAD-0132,2023-10-27,PM2.5,,,,ChemSpec_218,,,ChemSpec_EC_PM2.5,,0.06,0.0565181518151815,,,ChemSpec,ug/m3,ug/m3,,ETAD-0132,2023-10-27,0.06,0.056518151815,3874,ETAD,9.0106,38.8207,2370.0,ETAD-0132,2023,10,27,9.0,2023,10,28,9.0,24.0,28203,EC PM2.5,0.06,Micrograms per cubic meter (ug/m3),,0.0565181518151815,,218,AirPhoton SS5i Sampler with BGI cyclone inlet and 25mm stretched Teflon filter,FTIR,Ambient local,,/Users/ahmadjalil/github/aethmodular/research/filter_combine/FilterBased_ChemSpecPM25_ETAD.csv,a9f87a16ca07030aaeaf3b0d67c1c5fe3f0d209c34a3a51b365e6a8724f33020,"# File Updated: 2025-07-29
# Data version 3.0
# Site: Addis Ababa, Ethiopia",ETAD-0132,ChemSpec_218,True,True,both competing concentration values already present in earlier CSV; upstream role unresolved,False,c91542c705254dd7e7e7271bc36789388d225dc3,a6fda4ea34e7c6d5f3c058ccd56e23d36c2afe07fee3dd8ee9072a80eeae197f
22606,ETAD,9.0106,38.8207,,ETAD-0133,2023-10-30,PM2.5,,,,ChemSpec_218,,,ChemSpec_EC_PM2.5,,4.11,0.0553139440065235,,,ChemSpec,ug/m3,ug/m3,,ETAD-0133,2023-10-30,4.11,0.055313944007,3913,ETAD,9.0106,38.8207,2370.0,ETAD-0133,2023,10,30,9.0,2023,10,31,9.0,24.0,28203,EC PM2.5,4.11,Micrograms per cubic meter (ug/m3),,0.0553139440065235,,218,AirPhoton SS5i Sampler with BGI cyclone inlet and 25mm stretched Teflon filter,FTIR,Ambient local,,/Users/ahmadjalil/github/aethmodular/research/filter_combine/FilterBased_ChemSpecPM25_ETAD.csv,a9f87a16ca07030aaeaf3b0d67c1c5fe3f0d209c34a3a51b365e6a8724f33020,"# File Updated: 2025-07-29
# Data version 3.0
# Site: Addis Ababa, Ethiopia",ETAD-0133,ChemSpec_218,True,True,both competing concentration values already present in earlier CSV; upstream role unresolved,False,c91542c705254dd7e7e7271bc36789388d225dc3,a6fda4ea34e7c6d5f3c058ccd56e23d36c2afe07fee3dd8ee9072a80eeae197f
22607,ETAD,9.0106,38.8207,,ETAD-0133,2023-10-30,PM2.5,,,,ChemSpec_218,,,ChemSpec_EC_PM2.5,,0.06,0.0553139440065235,,,ChemSpec,ug/m3,ug/m3,,ETAD-0133,2023-10-30,0.06,0.055313944007,3914,ETAD,9.0106,38.8207,2370.0,ETAD-0133,2023,10,30,9.0,2023,10,31,9.0,24.0,28203,EC PM2.5,0.06,Micrograms per cubic meter (ug/m3),,0.0553139440065235,,218,AirPhoton SS5i Sampler with BGI cyclone inlet and 25mm stretched Teflon filter,FTIR,Ambient local,,/Users/ahmadjalil/github/aethmodular/research/filter_combine/FilterBased_ChemSpecPM25_ETAD.csv,a9f87a16ca07030aaeaf3b0d67c1c5fe3f0d209c34a3a51b365e6a8724f33020,"# File Updated: 2025-07-29
# Data version 3.0
# Site: Addis Ababa, Ethiopia",ETAD-0133,ChemSpec_218,True,True,both competing concentration values already present in earlier CSV; upstream role unresolved,False,c91542c705254dd7e7e7271bc36789388d225dc3,a6fda4ea34e7c6d5f3c058ccd56e23d36c2afe07fee3dd8ee9072a80eeae197f
22663,ETAD,9.0106,38.8207,,ETAD-0134,2023-11-02,PM2.5,,,,ChemSpec_218,,,ChemSpec_EC_PM2.5,,3.42,0.0565181518151815,,,ChemSpec,ug/m3,ug/m3,,ETAD-0134,2023-11-02,3.42,0.056518151815,3953,ETAD,9.0106,38.8207,2370.0,ETAD-0134,2023,11,2,9.0,2023,11,3,9.0,24.0,28203,EC PM2.5,3.42,Micrograms per cubic meter (ug/m3),,0.0565181518151815,,218,AirPhoton SS5i Sampler with BGI cyclone inlet and 25mm stretched Teflon filter,FTIR,Ambient local,,/Users/ahmadjalil/github/aethmodular/research/filter_combine/FilterBased_ChemSpecPM25_ETAD.csv,a9f87a16ca07030aaeaf3b0d67c1c5fe3f0d209c34a3a51b365e6a8724f33020,"# File Updated: 2025-07-29
# Data version 3.0
# Site: Addis Ababa, Ethiopia",ETAD-0134,ChemSpec_218,True,True,both competing concentration values already present in earlier CSV; upstream role unresolved,False,c91542c705254dd7e7e7271bc36789388d225dc3,a6fda4ea34e7c6d5f3c058ccd56e23d36c2afe07fee3dd8ee9072a80eeae197f
22664,ETAD,9.0106,38.8207,,ETAD-0134,2023-11-02,PM2.5,,,,ChemSpec_218,,,ChemSpec_EC_PM2.5,,0.06,0.0565181518151815,,,ChemSpec,ug/m3,ug/m3,,ETAD-0134,2023-11-02,0.06,0.056518151815,3954,ETAD,9.0106,38.8207,2370.0,ETAD-0134,2023,11,2,9.0,2023,11,3,9.0,24.0,28203,EC PM2.5,0.06,Micrograms per cubic meter (ug/m3),,0.0565181518151815,,218,AirPhoton SS5i Sampler with BGI cyclone inlet and 25mm stretched Teflon filter,FTIR,Ambient local,,/Users/ahmadjalil/github/aethmodular/research/filter_combine/FilterBased_ChemSpecPM25_ETAD.csv,a9f87a16ca07030aaeaf3b0d67c1c5fe3f0d209c34a3a51b365e6a8724f33020,"# File Updated: 2025-07-29
# Data version 3.0
# Site: Addis Ababa, Ethiopia",ETAD-0134,ChemSpec_218,True,True,both competing concentration values already present in earlier CSV; upstream role unresolved,False,c91542c705254dd7e7e7271bc36789388d225dc3,a6fda4ea34e7c6d5f3c058ccd56e23d36c2afe07fee3dd8ee9072a80eeae197f
22734,ETAD,9.0106,38.8207,,ETAD-0136,2023-11-05,PM2.5,,,,ChemSpec_218,,,ChemSpec_EC_PM2.5,,3.42,0.0565181518151815,,,ChemSpec,ug/m3,ug/m3,,ETAD-0136,2023-11-05,3.42,0.056518151815,3993,ETAD,9.0106,38.8207,2370.0,ETAD-0136,2023,11,5,9.0,2023,11,6,9.0,24.0,28203,EC PM2.5,3.42,Micrograms per cubic meter (ug/m3),,0.0565181518151815,,218,AirPhoton SS5i Sampler with BGI cyclone inlet and 25mm stretched Teflon filter,FTIR,Ambient local,,/Users/ahmadjalil/github/aethmodular/research/filter_combine/FilterBased_ChemSpecPM25_ETAD.csv,a9f87a16ca07030aaeaf3b0d67c1c5fe3f0d209c34a3a51b365e6a8724f33020,"# File Updated: 2025-07-29
# Data version 3.0
# Site: Addis Ababa, Ethiopia",ETAD-0136,ChemSpec_218,True,True,both competing concentration values already present in earlier CSV; upstream role unresolved,False,c91542c705254dd7e7e7271bc36789388d225dc3,a6fda4ea34e7c6d5f3c058ccd56e23d36c2afe07fee3dd8ee9072a80eeae197f
22735,ETAD,9.0106,38.8207,,ETAD-0136,2023-11-05,PM2.5,,,,ChemSpec_218,,,ChemSpec_EC_PM2.5,,0.06,0.0565181518151815,,,ChemSpec,ug/m3,ug/m3,,ETAD-0136,2023-11-05,0.06,0.056518151815,3994,ETAD,9.0106,38.8207,2370.0,ETAD-0136,2023,11,5,9.0,2023,11,6,9.0,24.0,28203,EC PM2.5,0.06,Micrograms per cubic meter (ug/m3),,0.0565181518151815,,218,AirPhoton SS5i Sampler with BGI cyclone inlet and 25mm stretched Teflon filter,FTIR,Ambient local,,/Users/ahmadjalil/github/aethmodular/research/filter_combine/FilterBased_ChemSpecPM25_ETAD.csv,a9f87a16ca07030aaeaf3b0d67c1c5fe3f0d209c34a3a51b365e6a8724f33020,"# File Updated: 2025-07-29
# Data version 3.0
# Site: Addis Ababa, Ethiopia",ETAD-0136,ChemSpec_218,True,True,both competing concentration values already present in earlier CSV; upstream role unresolved,False,c91542c705254dd7e7e7271bc36789388d225dc3,a6fda4ea34e7c6d5f3c058ccd56e23d36c2afe07fee3dd8ee9072a80eeae197f
22790,ETAD,9.0106,38.8207,,ETAD-0137,2023-11-08,PM2.5,,,,ChemSpec_218,,,ChemSpec_EC_PM2.5,,2.51,0.0565181518151815,,,ChemSpec,ug/m3,ug/m3,,ETAD-0137,2023-11-08,2.51,0.056518151815,4033,ETAD,9.0106,38.8207,2370.0,ETAD-0137,2023,11,8,9.0,2023,11,9,9.0,24.0,28203,EC PM2.5,2.51,Micrograms per cubic meter (ug/m3),,0.0565181518151815,,218,AirPhoton SS5i Sampler with BGI cyclone inlet and 25mm stretched Teflon filter,FTIR,Ambient local,,/Users/ahmadjalil/github/aethmodular/research/filter_combine/FilterBased_ChemSpecPM25_ETAD.csv,a9f87a16ca07030aaeaf3b0d67c1c5fe3f0d209c34a3a51b365e6a8724f33020,"# File Updated: 2025-07-29
# Data version 3.0
# Site: Addis Ababa, Ethiopia",ETAD-0137,ChemSpec_218,True,True,both competing concentration values already present in earlier CSV; upstream role unresolved,False,c91542c705254dd7e7e7271bc36789388d225dc3,a6fda4ea34e7c6d5f3c058ccd56e23d36c2afe07fee3dd8ee9072a80eeae197f
22791,ETAD,9.0106,38.8207,,ETAD-0137,2023-11-08,PM2.5,,,,ChemSpec_218,,,ChemSpec_EC_PM2.5,,0.06,0.0565181518151815,,,ChemSpec,ug/m3,ug/m3,,ETAD-0137,2023-11-08,0.06,0.056518151815,4034,ETAD,9.0106,38.8207,2370.0,ETAD-0137,2023,11,8,9.0,2023,11,9,9.0,24.0,28203,EC PM2.5,0.06,Micrograms per cubic meter (ug/m3),,0.0565181518151815,,218,AirPhoton SS5i Sampler with BGI cyclone inlet and 25mm stretched Teflon filter,FTIR,Ambient local,,/Users/ahmadjalil/github/aethmodular/research/filter_combine/FilterBased_ChemSpecPM25_ETAD.csv,a9f87a16ca07030aaeaf3b0d67c1c5fe3f0d209c34a3a51b365e6a8724f33020,"# File Updated: 2025-07-29
# Data version 3.0
# Site: Addis Ababa, Ethiopia",ETAD-0137,ChemSpec_218,True,True,both competing concentration values already present in earlier CSV; upstream role unresolved,False,c91542c705254dd7e7e7271bc36789388d225dc3,a6fda4ea34e7c6d5f3c058ccd56e23d36c2afe07fee3dd8ee9072a80eeae197f
22847,ETAD,9.0106,38.8207,,ETAD-0138,2023-11-11,PM2.5,,,,ChemSpec_218,,,ChemSpec_EC_PM2.5,,2.58,0.0565181518151815,,,ChemSpec,ug/m3,ug/m3,,ETAD-0138,2023-11-11,2.58,0.056518151815,4073,ETAD,9.0106,38.8207,2370.0,ETAD-0138,2023,11,11,9.0,2023,11,12,9.0,24.0,28203,EC PM2.5,2.58,Micrograms per cubic meter (ug/m3),,0.0565181518151815,,218,AirPhoton SS5i Sampler with BGI cyclone inlet and 25mm stretched Teflon filter,FTIR,Ambient local,,/Users/ahmadjalil/github/aethmodular/research/filter_combine/FilterBased_ChemSpecPM25_ETAD.csv,a9f87a16ca07030aaeaf3b0d67c1c5fe3f0d209c34a3a51b365e6a8724f33020,"# File Updated: 2025-07-29
# Data version 3.0
# Site: Addis Ababa, Ethiopia",ETAD-0138,ChemSpec_218,True,True,both competing concentration values already present in earlier CSV; upstream role unresolved,False,c91542c705254dd7e7e7271bc36789388d225dc3,a6fda4ea34e7c6d5f3c058ccd56e23d36c2afe07fee3dd8ee9072a80eeae197f
22848,ETAD,9.0106,38.8207,,ETAD-0138,2023-11-11,PM2.5,,,,ChemSpec_218,,,ChemSpec_EC_PM2.5,,0.06,0.0565181518151815,,,ChemSpec,ug/m3,ug/m3,,ETAD-0138,2023-11-11,0.06,0.056518151815,4074,ETAD,9.0106,38.8207,2370.0,ETAD-0138,2023,11,11,9.0,2023,11,12,9.0,24.0,28203,EC PM2.5,0.06,Micrograms per cubic meter (ug/m3),,0.0565181518151815,,218,AirPhoton SS5i Sampler with BGI cyclone inlet and 25mm stretched Teflon filter,FTIR,Ambient local,,/Users/ahmadjalil/github/aethmodular/research/filter_combine/FilterBased_ChemSpecPM25_ETAD.csv,a9f87a16ca07030aaeaf3b0d67c1c5fe3f0d209c34a3a51b365e6a8724f33020,"# File Updated: 2025-07-29
# Data version 3.0
# Site: Addis Ababa, Ethiopia",ETAD-0138,ChemSpec_218,True,True,both competing concentration values already present in earlier CSV; upstream role unresolved,False,c91542c705254dd7e7e7271bc36789388d225dc3,a6fda4ea34e7c6d5f3c058ccd56e23d36c2afe07fee3dd8ee9072a80eeae197f
22904,ETAD,9.0106,38.8207,,ETAD-0139,2023-11-14,PM2.5,,,,ChemSpec_218,,,ChemSpec_EC_PM2.5,,3.98,0.0565181518151815,,,ChemSpec,ug/m3,ug/m3,,ETAD-0139,2023-11-14,3.98,0.056518151815,4113,ETAD,9.0106,38.8207,2370.0,ETAD-0139,2023,11,14,9.0,2023,11,15,9.0,24.0,28203,EC PM2.5,3.98,Micrograms per cubic meter (ug/m3),,0.0565181518151815,,218,AirPhoton SS5i Sampler with BGI cyclone inlet and 25mm stretched Teflon filter,FTIR,Ambient local,,/Users/ahmadjalil/github/aethmodular/research/filter_combine/FilterBased_ChemSpecPM25_ETAD.csv,a9f87a16ca07030aaeaf3b0d67c1c5fe3f0d209c34a3a51b365e6a8724f33020,"# File Updated: 2025-07-29
# Data version 3.0
# Site: Addis Ababa, Ethiopia",ETAD-0139,ChemSpec_218,True,True,both competing concentration values already present in earlier CSV; upstream role unresolved,False,c91542c705254dd7e7e7271bc36789388d225dc3,a6fda4ea34e7c6d5f3c058ccd56e23d36c2afe07fee3dd8ee9072a80eeae197f
22905,ETAD,9.0106,38.8207,,ETAD-0139,2023-11-14,PM2.5,,,,ChemSpec_218,,,ChemSpec_EC_PM2.5,,0.06,0.0565181518151815,,,ChemSpec,ug/m3,ug/m3,,ETAD-0139,2023-11-14,0.06,0.056518151815,4114,ETAD,9.0106,38.8207,2370.0,ETAD-0139,2023,11,14,9.0,2023,11,15,9.0,24.0,28203,EC PM2.5,0.06,Micrograms per cubic meter (ug/m3),,0.0565181518151815,,218,AirPhoton SS5i Sampler with BGI cyclone inlet and 25mm stretched Teflon filter,FTIR,Ambient local,,/Users/ahmadjalil/github/aethmodular/research/filter_combine/FilterBased_ChemSpecPM25_ETAD.csv,a9f87a16ca07030aaeaf3b0d67c1c5fe3f0d209c34a3a51b365e6a8724f33020,"# File Updated: 2025-07-29
# Data version 3.0
# Site: Addis Ababa, Ethiopia",ETAD-0139,ChemSpec_218,True,True,both competing concentration values already present in earlier CSV; upstream role unresolved,False,c91542c705254dd7e7e7271bc36789388d225dc3,a6fda4ea34e7c6d5f3c058ccd56e23d36c2afe07fee3dd8ee9072a80eeae197f
22961,ETAD,9.0106,38.8207,,ETAD-0140,2023-11-17,PM2.5,,,,ChemSpec_218,,,ChemSpec_EC_PM2.5,,3.8,0.0565181518151815,,,ChemSpec,ug/m3,ug/m3,,ETAD-0140,2023-11-17,3.8,0.056518151815,4153,ETAD,9.0106,38.8207,2370.0,ETAD-0140,2023,11,17,9.0,2023,11,18,9.0,24.0,28203,EC PM2.5,3.8,Micrograms per cubic meter (ug/m3),,0.0565181518151815,,218,AirPhoton SS5i Sampler with BGI cyclone inlet and 25mm stretched Teflon filter,FTIR,Ambient local,,/Users/ahmadjalil/github/aethmodular/research/filter_combine/FilterBased_ChemSpecPM25_ETAD.csv,a9f87a16ca07030aaeaf3b0d67c1c5fe3f0d209c34a3a51b365e6a8724f33020,"# File Updated: 2025-07-29
# Data version 3.0
# Site: Addis Ababa, Ethiopia",ETAD-0140,ChemSpec_218,True,True,both competing concentration values already present in earlier CSV; upstream role unresolved,False,c91542c705254dd7e7e7271bc36789388d225dc3,a6fda4ea34e7c6d5f3c058ccd56e23d36c2afe07fee3dd8ee9072a80eeae197f
22962,ETAD,9.0106,38.8207,,ETAD-0140,2023-11-17,PM2.5,,,,ChemSpec_218,,,ChemSpec_EC_PM2.5,,0.06,0.0565181518151815,,,ChemSpec,ug/m3,ug/m3,,ETAD-0140,2023-11-17,0.06,0.056518151815,4154,ETAD,9.0106,38.8207,2370.0,ETAD-0140,2023,11,17,9.0,2023,11,18,9.0,24.0,28203,EC PM2.5,0.06,Micrograms per cubic meter (ug/m3),,0.0565181518151815,,218,AirPhoton SS5i Sampler with BGI cyclone inlet and 25mm stretched Teflon filter,FTIR,Ambient local,,/Users/ahmadjalil/github/aethmodular/research/filter_combine/FilterBased_ChemSpecPM25_ETAD.csv,a9f87a16ca07030aaeaf3b0d67c1c5fe3f0d209c34a3a51b365e6a8724f33020,"# File Updated: 2025-07-29
# Data version 3.0
# Site: Addis Ababa, Ethiopia",ETAD-0140,ChemSpec_218,True,True,both competing concentration values already present in earlier CSV; upstream role unresolved,False,c91542c705254dd7e7e7271bc36789388d225dc3,a6fda4ea34e7c6d5f3c058ccd56e23d36c2afe07fee3dd8ee9072a80eeae197f
23018,ETAD,9.0106,38.8207,,ETAD-0141,2023-11-20,PM2.5,,,,ChemSpec_218,,,ChemSpec_EC_PM2.5,,3.98,0.0565181518151815,,,ChemSpec,ug/m3,ug/m3,,ETAD-0141,2023-11-20,3.98,0.056518151815,4192,ETAD,9.0106,38.8207,2370.0,ETAD-0141,2023,11,20,9.0,2023,11,21,9.0,24.0,28203,EC PM2.5,3.98,Micrograms per cubic meter (ug/m3),,0.0565181518151815,,218,AirPhoton SS5i Sampler with BGI cyclone inlet and 25mm stretched Teflon filter,FTIR,Ambient local,,/Users/ahmadjalil/github/aethmodular/research/filter_combine/FilterBased_ChemSpecPM25_ETAD.csv,a9f87a16ca07030aaeaf3b0d67c1c5fe3f0d209c34a3a51b365e6a8724f33020,"# File Updated: 2025-07-29
# Data version 3.0
# Site: Addis Ababa, Ethiopia",ETAD-0141,ChemSpec_218,True,True,both competing concentration values already present in earlier CSV; upstream role unresolved,False,c91542c705254dd7e7e7271bc36789388d225dc3,a6fda4ea34e7c6d5f3c058ccd56e23d36c2afe07fee3dd8ee9072a80eeae197f
23019,ETAD,9.0106,38.8207,,ETAD-0141,2023-11-20,PM2.5,,,,ChemSpec_218,,,ChemSpec_EC_PM2.5,,0.06,0.0565181518151815,,,ChemSpec,ug/m3,ug/m3,,ETAD-0141,2023-11-20,0.06,0.056518151815,4193,ETAD,9.0106,38.8207,2370.0,ETAD-0141,2023,11,20,9.0,2023,11,21,9.0,24.0,28203,EC PM2.5,0.06,Micrograms per cubic meter (ug/m3),,0.0565181518151815,,218,AirPhoton SS5i Sampler with BGI cyclone inlet and 25mm stretched Teflon filter,FTIR,Ambient local,,/Users/ahmadjalil/github/aethmodular/research/filter_combine/FilterBased_ChemSpecPM25_ETAD.csv,a9f87a16ca07030aaeaf3b0d67c1c5fe3f0d209c34a3a51b365e6a8724f33020,"# File Updated: 2025-07-29
# Data version 3.0
# Site: Addis Ababa, Ethiopia",ETAD-0141,ChemSpec_218,True,True,both competing concentration values already present in earlier CSV; upstream role unresolved,False,c91542c705254dd7e7e7271bc36789388d225dc3,a6fda4ea34e7c6d5f3c058ccd56e23d36c2afe07fee3dd8ee9072a80eeae197f
23074,ETAD,9.0106,38.8207,,ETAD-0142,2023-11-23,PM2.5,,,,ChemSpec_218,,,ChemSpec_EC_PM2.5,,2.89,0.0565181518151815,,,ChemSpec,ug/m3,ug/m3,,ETAD-0142,2023-11-23,2.89,0.056518151815,4232,ETAD,9.0106,38.8207,2370.0,ETAD-0142,2023,11,23,9.0,2023,11,24,9.0,24.0,28203,EC PM2.5,2.89,Micrograms per cubic meter (ug/m3),,0.0565181518151815,,218,AirPhoton SS5i Sampler with BGI cyclone inlet and 25mm stretched Teflon filter,FTIR,Ambient local,,/Users/ahmadjalil/github/aethmodular/research/filter_combine/FilterBased_ChemSpecPM25_ETAD.csv,a9f87a16ca07030aaeaf3b0d67c1c5fe3f0d209c34a3a51b365e6a8724f33020,"# File Updated: 2025-07-29
# Data version 3.0
# Site: Addis Ababa, Ethiopia",ETAD-0142,ChemSpec_218,True,True,both competing concentration values already present in earlier CSV; upstream role unresolved,False,c91542c705254dd7e7e7271bc36789388d225dc3,a6fda4ea34e7c6d5f3c058ccd56e23d36c2afe07fee3dd8ee9072a80eeae197f
23075,ETAD,9.0106,38.8207,,ETAD-0142,2023-11-23,PM2.5,,,,ChemSpec_218,,,ChemSpec_EC_PM2.5,,0.06,0.0565181518151815,,,ChemSpec,ug/m3,ug/m3,,ETAD-0142,2023-11-23,0.06,0.056518151815,4233,ETAD,9.0106,38.8207,2370.0,ETAD-0142,2023,11,23,9.0,2023,11,24,9.0,24.0,28203,EC PM2.5,0.06,Micrograms per cubic meter (ug/m3),,0.0565181518151815,,218,AirPhoton SS5i Sampler with BGI cyclone inlet and 25mm stretched Teflon filter,FTIR,Ambient local,,/Users/ahmadjalil/github/aethmodular/research/filter_combine/FilterBased_ChemSpecPM25_ETAD.csv,a9f87a16ca07030aaeaf3b0d67c1c5fe3f0d209c34a3a51b365e6a8724f33020,"# File Updated: 2025-07-29
# Data version 3.0
# Site: Addis Ababa, Ethiopia",ETAD-0142,ChemSpec_218,True,True,both competing concentration values already present in earlier CSV; upstream role unresolved,False,c91542c705254dd7e7e7271bc36789388d225dc3,a6fda4ea34e7c6d5f3c058ccd56e23d36c2afe07fee3dd8ee9072a80eeae197f
23145,ETAD,9.0106,38.8207,,ETAD-0144,2023-11-26,PM2.5,,,,ChemSpec_218,,,ChemSpec_EC_PM2.5,,2.96,0.0565181518151815,,,ChemSpec,ug/m3,ug/m3,,ETAD-0144,2023-11-26,2.96,0.056518151815,4271,ETAD,9.0106,38.8207,2370.0,ETAD-0144,2023,11,26,9.0,2023,11,27,9.0,24.0,28203,EC PM2.5,2.96,Micrograms per cubic meter (ug/m3),,0.0565181518151815,,218,AirPhoton SS5i Sampler with BGI cyclone inlet and 25mm stretched Teflon filter,FTIR,Ambient local,,/Users/ahmadjalil/github/aethmodular/research/filter_combine/FilterBased_ChemSpecPM25_ETAD.csv,a9f87a16ca07030aaeaf3b0d67c1c5fe3f0d209c34a3a51b365e6a8724f33020,"# File Updated: 2025-07-29
# Data version 3.0
# Site: Addis Ababa, Ethiopia",ETAD-0144,ChemSpec_218,True,True,both competing concentration values already present in earlier CSV; upstream role unresolved,False,c91542c705254dd7e7e7271bc36789388d225dc3,a6fda4ea34e7c6d5f3c058ccd56e23d36c2afe07fee3dd8ee9072a80eeae197f
23146,ETAD,9.0106,38.8207,,ETAD-0144,2023-11-26,PM2.5,,,,ChemSpec_218,,,ChemSpec_EC_PM2.5,,0.06,0.0565181518151815,,,ChemSpec,ug/m3,ug/m3,,ETAD-0144,2023-11-26,0.06,0.056518151815,4272,ETAD,9.0106,38.8207,2370.0,ETAD-0144,2023,11,26,9.0,2023,11,27,9.0,24.0,28203,EC PM2.5,0.06,Micrograms per cubic meter (ug/m3),,0.0565181518151815,,218,AirPhoton SS5i Sampler with BGI cyclone inlet and 25mm stretched Teflon filter,FTIR,Ambient local,,/Users/ahmadjalil/github/aethmodular/research/filter_combine/FilterBased_ChemSpecPM25_ETAD.csv,a9f87a16ca07030aaeaf3b0d67c1c5fe3f0d209c34a3a51b365e6a8724f33020,"# File Updated: 2025-07-29
# Data version 3.0
# Site: Addis Ababa, Ethiopia",ETAD-0144,ChemSpec_218,True,True,both competing concentration values already present in earlier CSV; upstream role unresolved,False,c91542c705254dd7e7e7271bc36789388d225dc3,a6fda4ea34e7c6d5f3c058ccd56e23d36c2afe07fee3dd8ee9072a80eeae197f
23201,ETAD,9.0106,38.8207,,ETAD-0145,2023-11-29,PM2.5,,,,ChemSpec_218,,,ChemSpec_EC_PM2.5,,3.35,0.0565181518151815,,,ChemSpec,ug/m3,ug/m3,,ETAD-0145,2023-11-29,3.35,0.056518151815,4311,ETAD,9.0106,38.8207,2370.0,ETAD-0145,2023,11,29,9.0,2023,11,30,9.0,24.0,28203,EC PM2.5,3.35,Micrograms per cubic meter (ug/m3),,0.0565181518151815,,218,AirPhoton SS5i Sampler with BGI cyclone inlet and 25mm stretched Teflon filter,FTIR,Ambient local,,/Users/ahmadjalil/github/aethmodular/research/filter_combine/FilterBased_ChemSpecPM25_ETAD.csv,a9f87a16ca07030aaeaf3b0d67c1c5fe3f0d209c34a3a51b365e6a8724f33020,"# File Updated: 2025-07-29
# Data version 3.0
# Site: Addis Ababa, Ethiopia",ETAD-0145,ChemSpec_218,True,True,both competing concentration values already present in earlier CSV; upstream role unresolved,False,c91542c705254dd7e7e7271bc36789388d225dc3,a6fda4ea34e7c6d5f3c058ccd56e23d36c2afe07fee3dd8ee9072a80eeae197f
23202,ETAD,9.0106,38.8207,,ETAD-0145,2023-11-29,PM2.5,,,,ChemSpec_218,,,ChemSpec_EC_PM2.5,,0.06,0.0565181518151815,,,ChemSpec,ug/m3,ug/m3,,ETAD-0145,2023-11-29,0.06,0.056518151815,4312,ETAD,9.0106,38.8207,2370.0,ETAD-0145,2023,11,29,9.0,2023,11,30,9.0,24.0,28203,EC PM2.5,0.06,Micrograms per cubic meter (ug/m3),,0.0565181518151815,,218,AirPhoton SS5i Sampler with BGI cyclone inlet and 25mm stretched Teflon filter,FTIR,Ambient local,,/Users/ahmadjalil/github/aethmodular/research/filter_combine/FilterBased_ChemSpecPM25_ETAD.csv,a9f87a16ca07030aaeaf3b0d67c1c5fe3f0d209c34a3a51b365e6a8724f33020,"# File Updated: 2025-07-29
# Data version 3.0
# Site: Addis Ababa, Ethiopia",ETAD-0145,ChemSpec_218,True,True,both competing concentration values already present in earlier CSV; upstream role unresolved,False,c91542c705254dd7e7e7271bc36789388d225dc3,a6fda4ea34e7c6d5f3c058ccd56e23d36c2afe07fee3dd8ee9072a80eeae197f
23258,ETAD,9.0106,38.8207,,ETAD-0146,2023-12-02,PM2.5,,,,ChemSpec_218,,,ChemSpec_EC_PM2.5,,2.48,0.0578340052829139,,,ChemSpec,ug/m3,ug/m3,,ETAD-0146,2023-12-02,2.48,0.057834005283,4351,ETAD,9.0106,38.8207,2370.0,ETAD-0146,2023,12,2,9.0,2023,12,3,9.0,24.0,28203,EC PM2.5,2.48,Micrograms per cubic meter (ug/m3),,0.0578340052829139,,218,AirPhoton SS5i Sampler with BGI cyclone inlet and 25mm stretched Teflon filter,FTIR,Ambient local,,/Users/ahmadjalil/github/aethmodular/research/filter_combine/FilterBased_ChemSpecPM25_ETAD.csv,a9f87a16ca07030aaeaf3b0d67c1c5fe3f0d209c34a3a51b365e6a8724f33020,"# File Updated: 2025-07-29
# Data version 3.0
# Site: Addis Ababa, Ethiopia",ETAD-0146,ChemSpec_218,True,True,both competing concentration values already present in earlier CSV; upstream role unresolved,False,c91542c705254dd7e7e7271bc36789388d225dc3,a6fda4ea34e7c6d5f3c058ccd56e23d36c2afe07fee3dd8ee9072a80eeae197f
23259,ETAD,9.0106,38.8207,,ETAD-0146,2023-12-02,PM2.5,,,,ChemSpec_218,,,ChemSpec_EC_PM2.5,,0.06,0.0578340052829139,,,ChemSpec,ug/m3,ug/m3,,ETAD-0146,2023-12-02,0.06,0.057834005283,4352,ETAD,9.0106,38.8207,2370.0,ETAD-0146,2023,12,2,9.0,2023,12,3,9.0,24.0,28203,EC PM2.5,0.06,Micrograms per cubic meter (ug/m3),,0.0578340052829139,,218,AirPhoton SS5i Sampler with BGI cyclone inlet and 25mm stretched Teflon filter,FTIR,Ambient local,,/Users/ahmadjalil/github/aethmodular/research/filter_combine/FilterBased_ChemSpecPM25_ETAD.csv,a9f87a16ca07030aaeaf3b0d67c1c5fe3f0d209c34a3a51b365e6a8724f33020,"# File Updated: 2025-07-29
# Data version 3.0
# Site: Addis Ababa, Ethiopia",ETAD-0146,ChemSpec_218,True,True,both competing concentration values already present in earlier CSV; upstream role unresolved,False,c91542c705254dd7e7e7271bc36789388d225dc3,a6fda4ea34e7c6d5f3c058ccd56e23d36c2afe07fee3dd8ee9072a80eeae197f
23315,ETAD,9.0106,38.8207,,ETAD-0147,2023-12-05,PM2.5,,,,ChemSpec_218,,,ChemSpec_EC_PM2.5,,3.76,0.0565181518151815,,,ChemSpec,ug/m3,ug/m3,,ETAD-0147,2023-12-05,3.76,0.056518151815,4391,ETAD,9.0106,38.8207,2370.0,ETAD-0147,2023,12,5,9.0,2023,12,6,9.0,24.0,28203,EC PM2.5,3.76,Micrograms per cubic meter (ug/m3),,0.0565181518151815,,218,AirPhoton SS5i Sampler with BGI cyclone inlet and 25mm stretched Teflon filter,FTIR,Ambient local,,/Users/ahmadjalil/github/aethmodular/research/filter_combine/FilterBased_ChemSpecPM25_ETAD.csv,a9f87a16ca07030aaeaf3b0d67c1c5fe3f0d209c34a3a51b365e6a8724f33020,"# File Updated: 2025-07-29
# Data version 3.0
# Site: Addis Ababa, Ethiopia",ETAD-0147,ChemSpec_218,True,True,both competing concentration values already present in earlier CSV; upstream role unresolved,False,c91542c705254dd7e7e7271bc36789388d225dc3,a6fda4ea34e7c6d5f3c058ccd56e23d36c2afe07fee3dd8ee9072a80eeae197f
23316,ETAD,9.0106,38.8207,,ETAD-0147,2023-12-05,PM2.5,,,,ChemSpec_218,,,ChemSpec_EC_PM2.5,,0.06,0.0565181518151815,,,ChemSpec,ug/m3,ug/m3,,ETAD-0147,2023-12-05,0.06,0.056518151815,4392,ETAD,9.0106,38.8207,2370.0,ETAD-0147,2023,12,5,9.0,2023,12,6,9.0,24.0,28203,EC PM2.5,0.06,Micrograms per cubic meter (ug/m3),,0.0565181518151815,,218,AirPhoton SS5i Sampler with BGI cyclone inlet and 25mm stretched Teflon filter,FTIR,Ambient local,,/Users/ahmadjalil/github/aethmodular/research/filter_combine/FilterBased_ChemSpecPM25_ETAD.csv,a9f87a16ca07030aaeaf3b0d67c1c5fe3f0d209c34a3a51b365e6a8724f33020,"# File Updated: 2025-07-29
# Data version 3.0
# Site: Addis Ababa, Ethiopia",ETAD-0147,ChemSpec_218,True,True,both competing concentration values already present in earlier CSV; upstream role unresolved,False,c91542c705254dd7e7e7271bc36789388d225dc3,a6fda4ea34e7c6d5f3c058ccd56e23d36c2afe07fee3dd8ee9072a80eeae197f
23372,ETAD,9.0106,38.8207,,ETAD-0148,2023-12-08,PM2.5,,,,ChemSpec_218,,,ChemSpec_EC_PM2.5,,3.94,0.0565181518151815,,,ChemSpec,ug/m3,ug/m3,,ETAD-0148,2023-12-08,3.94,0.056518151815,4431,ETAD,9.0106,38.8207,2370.0,ETAD-0148,2023,12,8,9.0,2023,12,9,9.0,24.0,28203,EC PM2.5,3.94,Micrograms per cubic meter (ug/m3),,0.0565181518151815,,218,AirPhoton SS5i Sampler with BGI cyclone inlet and 25mm stretched Teflon filter,FTIR,Ambient local,,/Users/ahmadjalil/github/aethmodular/research/filter_combine/FilterBased_ChemSpecPM25_ETAD.csv,a9f87a16ca07030aaeaf3b0d67c1c5fe3f0d209c34a3a51b365e6a8724f33020,"# File Updated: 2025-07-29
# Data version 3.0
# Site: Addis Ababa, Ethiopia",ETAD-0148,ChemSpec_218,True,True,both competing concentration values already present in earlier CSV; upstream role unresolved,False,c91542c705254dd7e7e7271bc36789388d225dc3,a6fda4ea34e7c6d5f3c058ccd56e23d36c2afe07fee3dd8ee9072a80eeae197f
23373,ETAD,9.0106,38.8207,,ETAD-0148,2023-12-08,PM2.5,,,,ChemSpec_218,,,ChemSpec_EC_PM2.5,,0.06,0.0565181518151815,,,ChemSpec,ug/m3,ug/m3,,ETAD-0148,2023-12-08,0.06,0.056518151815,4432,ETAD,9.0106,38.8207,2370.0,ETAD-0148,2023,12,8,9.0,2023,12,9,9.0,24.0,28203,EC PM2.5,0.06,Micrograms per cubic meter (ug/m3),,0.0565181518151815,,218,AirPhoton SS5i Sampler with BGI cyclone inlet and 25mm stretched Teflon filter,FTIR,Ambient local,,/Users/ahmadjalil/github/aethmodular/research/filter_combine/FilterBased_ChemSpecPM25_ETAD.csv,a9f87a16ca07030aaeaf3b0d67c1c5fe3f0d209c34a3a51b365e6a8724f33020,"# File Updated: 2025-07-29
# Data version 3.0
# Site: Addis Ababa, Ethiopia",ETAD-0148,ChemSpec_218,True,True,both competing concentration values already present in earlier CSV; upstream role unresolved,False,c91542c705254dd7e7e7271bc36789388d225dc3,a6fda4ea34e7c6d5f3c058ccd56e23d36c2afe07fee3dd8ee9072a80eeae197f
23429,ETAD,9.0106,38.8207,,ETAD-0149,2023-12-11,PM2.5,,,,ChemSpec_218,,,ChemSpec_EC_PM2.5,,2.9,0.0578340052829139,,,ChemSpec,ug/m3,ug/m3,,ETAD-0149,2023-12-11,2.9,0.057834005283,4471,ETAD,9.0106,38.8207,2370.0,ETAD-0149,2023,12,11,9.0,2023,12,12,9.0,24.0,28203,EC PM2.5,2.9,Micrograms per cubic meter (ug/m3),,0.0578340052829139,,218,AirPhoton SS5i Sampler with BGI cyclone inlet and 25mm stretched Teflon filter,FTIR,Ambient local,,/Users/ahmadjalil/github/aethmodular/research/filter_combine/FilterBased_ChemSpecPM25_ETAD.csv,a9f87a16ca07030aaeaf3b0d67c1c5fe3f0d209c34a3a51b365e6a8724f33020,"# File Updated: 2025-07-29
# Data version 3.0
# Site: Addis Ababa, Ethiopia",ETAD-0149,ChemSpec_218,True,True,both competing concentration values already present in earlier CSV; upstream role unresolved,False,c91542c705254dd7e7e7271bc36789388d225dc3,a6fda4ea34e7c6d5f3c058ccd56e23d36c2afe07fee3dd8ee9072a80eeae197f
23430,ETAD,9.0106,38.8207,,ETAD-0149,2023-12-11,PM2.5,,,,ChemSpec_218,,,ChemSpec_EC_PM2.5,,0.06,0.0578340052829139,,,ChemSpec,ug/m3,ug/m3,,ETAD-0149,2023-12-11,0.06,0.057834005283,4472,ETAD,9.0106,38.8207,2370.0,ETAD-0149,2023,12,11,9.0,2023,12,12,9.0,24.0,28203,EC PM2.5,0.06,Micrograms per cubic meter (ug/m3),,0.0578340052829139,,218,AirPhoton SS5i Sampler with BGI cyclone inlet and 25mm stretched Teflon filter,FTIR,Ambient local,,/Users/ahmadjalil/github/aethmodular/research/filter_combine/FilterBased_ChemSpecPM25_ETAD.csv,a9f87a16ca07030aaeaf3b0d67c1c5fe3f0d209c34a3a51b365e6a8724f33020,"# File Updated: 2025-07-29
# Data version 3.0
# Site: Addis Ababa, Ethiopia",ETAD-0149,ChemSpec_218,True,True,both competing concentration values already present in earlier CSV; upstream role unresolved,False,c91542c705254dd7e7e7271bc36789388d225dc3,a6fda4ea34e7c6d5f3c058ccd56e23d36c2afe07fee3dd8ee9072a80eeae197f
23486,ETAD,9.0106,38.8207,,ETAD-0150,2023-12-14,PM2.5,,,,ChemSpec_218,,,ChemSpec_EC_PM2.5,,3.61,0.0578340052829139,,,ChemSpec,ug/m3,ug/m3,,ETAD-0150,2023-12-14,3.61,0.057834005283,4511,ETAD,9.0106,38.8207,2370.0,ETAD-0150,2023,12,14,9.0,2023,12,15,9.0,24.0,28203,EC PM2.5,3.61,Micrograms per cubic meter (ug/m3),,0.0578340052829139,,218,AirPhoton SS5i Sampler with BGI cyclone inlet and 25mm stretched Teflon filter,FTIR,Ambient local,,/Users/ahmadjalil/github/aethmodular/research/filter_combine/FilterBased_ChemSpecPM25_ETAD.csv,a9f87a16ca07030aaeaf3b0d67c1c5fe3f0d209c34a3a51b365e6a8724f33020,"# File Updated: 2025-07-29
# Data version 3.0
# Site: Addis Ababa, Ethiopia",ETAD-0150,ChemSpec_218,True,True,both competing concentration values already present in earlier CSV; upstream role unresolved,False,c91542c705254dd7e7e7271bc36789388d225dc3,a6fda4ea34e7c6d5f3c058ccd56e23d36c2afe07fee3dd8ee9072a80eeae197f
23487,ETAD,9.0106,38.8207,,ETAD-0150,2023-12-14,PM2.5,,,,ChemSpec_218,,,ChemSpec_EC_PM2.5,,0.06,0.0578340052829139,,,ChemSpec,ug/m3,ug/m3,,ETAD-0150,2023-12-14,0.06,0.057834005283,4512,ETAD,9.0106,38.8207,2370.0,ETAD-0150,2023,12,14,9.0,2023,12,15,9.0,24.0,28203,EC PM2.5,0.06,Micrograms per cubic meter (ug/m3),,0.0578340052829139,,218,AirPhoton SS5i Sampler with BGI cyclone inlet and 25mm stretched Teflon filter,FTIR,Ambient local,,/Users/ahmadjalil/github/aethmodular/research/filter_combine/FilterBased_ChemSpecPM25_ETAD.csv,a9f87a16ca07030aaeaf3b0d67c1c5fe3f0d209c34a3a51b365e6a8724f33020,"# File Updated: 2025-07-29
# Data version 3.0
# Site: Addis Ababa, Ethiopia",ETAD-0150,ChemSpec_218,True,True,both competing concentration values already present in earlier CSV; upstream role unresolved,False,c91542c705254dd7e7e7271bc36789388d225dc3,a6fda4ea34e7c6d5f3c058ccd56e23d36c2afe07fee3dd8ee9072a80eeae197f
23557,ETAD,9.0106,38.8207,,ETAD-0152,2023-12-17,PM2.5,,,,ChemSpec_218,,,ChemSpec_EC_PM2.5,,3.63,0.0565181518151815,,,ChemSpec,ug/m3,ug/m3,,ETAD-0152,2023-12-17,3.63,0.056518151815,4551,ETAD,9.0106,38.8207,2370.0,ETAD-0152,2023,12,17,9.0,2023,12,18,9.0,24.0,28203,EC PM2.5,3.63,Micrograms per cubic meter (ug/m3),,0.0565181518151815,,218,AirPhoton SS5i Sampler with BGI cyclone inlet and 25mm stretched Teflon filter,FTIR,Ambient local,,/Users/ahmadjalil/github/aethmodular/research/filter_combine/FilterBased_ChemSpecPM25_ETAD.csv,a9f87a16ca07030aaeaf3b0d67c1c5fe3f0d209c34a3a51b365e6a8724f33020,"# File Updated: 2025-07-29
# Data version 3.0
# Site: Addis Ababa, Ethiopia",ETAD-0152,ChemSpec_218,True,True,both competing concentration values already present in earlier CSV; upstream role unresolved,False,c91542c705254dd7e7e7271bc36789388d225dc3,a6fda4ea34e7c6d5f3c058ccd56e23d36c2afe07fee3dd8ee9072a80eeae197f
23558,ETAD,9.0106,38.8207,,ETAD-0152,2023-12-17,PM2.5,,,,ChemSpec_218,,,ChemSpec_EC_PM2.5,,0.06,0.0565181518151815,,,ChemSpec,ug/m3,ug/m3,,ETAD-0152,2023-12-17,0.06,0.056518151815,4552,ETAD,9.0106,38.8207,2370.0,ETAD-0152,2023,12,17,9.0,2023,12,18,9.0,24.0,28203,EC PM2.5,0.06,Micrograms per cubic meter (ug/m3),,0.0565181518151815,,218,AirPhoton SS5i Sampler with BGI cyclone inlet and 25mm stretched Teflon filter,FTIR,Ambient local,,/Users/ahmadjalil/github/aethmodular/research/filter_combine/FilterBased_ChemSpecPM25_ETAD.csv,a9f87a16ca07030aaeaf3b0d67c1c5fe3f0d209c34a3a51b365e6a8724f33020,"# File Updated: 2025-07-29
# Data version 3.0
# Site: Addis Ababa, Ethiopia",ETAD-0152,ChemSpec_218,True,True,both competing concentration values already present in earlier CSV; upstream role unresolved,False,c91542c705254dd7e7e7271bc36789388d225dc3,a6fda4ea34e7c6d5f3c058ccd56e23d36c2afe07fee3dd8ee9072a80eeae197f
23615,ETAD,9.0106,38.8207,,ETAD-0153,2023-12-20,PM2.5,,,,ChemSpec_218,,,ChemSpec_EC_PM2.5,,3.33,0.0565181518151815,,,ChemSpec,ug/m3,ug/m3,,ETAD-0153,2023-12-20,3.33,0.056518151815,4591,ETAD,9.0106,38.8207,2370.0,ETAD-0153,2023,12,20,9.0,2023,12,21,9.0,24.0,28203,EC PM2.5,3.33,Micrograms per cubic meter (ug/m3),,0.0565181518151815,,218,AirPhoton SS5i Sampler with BGI cyclone inlet and 25mm stretched Teflon filter,FTIR,Ambient local,,/Users/ahmadjalil/github/aethmodular/research/filter_combine/FilterBased_ChemSpecPM25_ETAD.csv,a9f87a16ca07030aaeaf3b0d67c1c5fe3f0d209c34a3a51b365e6a8724f33020,"# File Updated: 2025-07-29
# Data version 3.0
# Site: Addis Ababa, Ethiopia",ETAD-0153,ChemSpec_218,True,True,both competing concentration values already present in earlier CSV; upstream role unresolved,False,c91542c705254dd7e7e7271bc36789388d225dc3,a6fda4ea34e7c6d5f3c058ccd56e23d36c2afe07fee3dd8ee9072a80eeae197f
23616,ETAD,9.0106,38.8207,,ETAD-0153,2023-12-20,PM2.5,,,,ChemSpec_218,,,ChemSpec_EC_PM2.5,,0.06,0.0565181518151815,,,ChemSpec,ug/m3,ug/m3,,ETAD-0153,2023-12-20,0.06,0.056518151815,4592,ETAD,9.0106,38.8207,2370.0,ETAD-0153,2023,12,20,9.0,2023,12,21,9.0,24.0,28203,EC PM2.5,0.06,Micrograms per cubic meter (ug/m3),,0.0565181518151815,,218,AirPhoton SS5i Sampler with BGI cyclone inlet and 25mm stretched Teflon filter,FTIR,Ambient local,,/Users/ahmadjalil/github/aethmodular/research/filter_combine/FilterBased_ChemSpecPM25_ETAD.csv,a9f87a16ca07030aaeaf3b0d67c1c5fe3f0d209c34a3a51b365e6a8724f33020,"# File Updated: 2025-07-29
# Data version 3.0
# Site: Addis Ababa, Ethiopia",ETAD-0153,ChemSpec_218,True,True,both competing concentration values already present in earlier CSV; upstream role unresolved,False,c91542c705254dd7e7e7271bc36789388d225dc3,a6fda4ea34e7c6d5f3c058ccd56e23d36c2afe07fee3dd8ee9072a80eeae197f
23672,ETAD,9.0106,38.8207,,ETAD-0154,2023-12-23,PM2.5,,,,ChemSpec_218,,,ChemSpec_EC_PM2.5,,3.48,0.0565181518151815,,,ChemSpec,ug/m3,ug/m3,,ETAD-0154,2023-12-23,3.48,0.056518151815,4631,ETAD,9.0106,38.8207,2370.0,ETAD-0154,2023,12,23,9.0,2023,12,24,9.0,24.0,28203,EC PM2.5,3.48,Micrograms per cubic meter (ug/m3),,0.0565181518151815,,218,AirPhoton SS5i Sampler with BGI cyclone inlet and 25mm stretched Teflon filter,FTIR,Ambient local,,/Users/ahmadjalil/github/aethmodular/research/filter_combine/FilterBased_ChemSpecPM25_ETAD.csv,a9f87a16ca07030aaeaf3b0d67c1c5fe3f0d209c34a3a51b365e6a8724f33020,"# File Updated: 2025-07-29
# Data version 3.0
# Site: Addis Ababa, Ethiopia",ETAD-0154,ChemSpec_218,True,True,both competing concentration values already present in earlier CSV; upstream role unresolved,False,c91542c705254dd7e7e7271bc36789388d225dc3,a6fda4ea34e7c6d5f3c058ccd56e23d36c2afe07fee3dd8ee9072a80eeae197f
23673,ETAD,9.0106,38.8207,,ETAD-0154,2023-12-23,PM2.5,,,,ChemSpec_218,,,ChemSpec_EC_PM2.5,,0.06,0.0565181518151815,,,ChemSpec,ug/m3,ug/m3,,ETAD-0154,2023-12-23,0.06,0.056518151815,4632,ETAD,9.0106,38.8207,2370.0,ETAD-0154,2023,12,23,9.0,2023,12,24,9.0,24.0,28203,EC PM2.5,0.06,Micrograms per cubic meter (ug/m3),,0.0565181518151815,,218,AirPhoton SS5i Sampler with BGI cyclone inlet and 25mm stretched Teflon filter,FTIR,Ambient local,,/Users/ahmadjalil/github/aethmodular/research/filter_combine/FilterBased_ChemSpecPM25_ETAD.csv,a9f87a16ca07030aaeaf3b0d67c1c5fe3f0d209c34a3a51b365e6a8724f33020,"# File Updated: 2025-07-29
# Data version 3.0
# Site: Addis Ababa, Ethiopia",ETAD-0154,ChemSpec_218,True,True,both competing concentration values already present in earlier CSV; upstream role unresolved,False,c91542c705254dd7e7e7271bc36789388d225dc3,a6fda4ea34e7c6d5f3c058ccd56e23d36c2afe07fee3dd8ee9072a80eeae197f
23729,ETAD,9.0106,38.8207,,ETAD-0155,2023-12-26,PM2.5,,,,ChemSpec_218,,,ChemSpec_EC_PM2.5,,3.67,0.0565181518151815,,,ChemSpec,ug/m3,ug/m3,,ETAD-0155,2023-12-26,3.67,0.056518151815,4671,ETAD,9.0106,38.8207,2370.0,ETAD-0155,2023,12,26,9.0,2023,12,27,9.0,24.0,28203,EC PM2.5,3.67,Micrograms per cubic meter (ug/m3),,0.0565181518151815,,218,AirPhoton SS5i Sampler with BGI cyclone inlet and 25mm stretched Teflon filter,FTIR,Ambient local,,/Users/ahmadjalil/github/aethmodular/research/filter_combine/FilterBased_ChemSpecPM25_ETAD.csv,a9f87a16ca07030aaeaf3b0d67c1c5fe3f0d209c34a3a51b365e6a8724f33020,"# File Updated: 2025-07-29
# Data version 3.0
# Site: Addis Ababa, Ethiopia",ETAD-0155,ChemSpec_218,True,True,both competing concentration values already present in earlier CSV; upstream role unresolved,False,c91542c705254dd7e7e7271bc36789388d225dc3,a6fda4ea34e7c6d5f3c058ccd56e23d36c2afe07fee3dd8ee9072a80eeae197f
23730,ETAD,9.0106,38.8207,,ETAD-0155,2023-12-26,PM2.5,,,,ChemSpec_218,,,ChemSpec_EC_PM2.5,,0.06,0.0565181518151815,,,ChemSpec,ug/m3,ug/m3,,ETAD-0155,2023-12-26,0.06,0.056518151815,4672,ETAD,9.0106,38.8207,2370.0,ETAD-0155,2023,12,26,9.0,2023,12,27,9.0,24.0,28203,EC PM2.5,0.06,Micrograms per cubic meter (ug/m3),,0.0565181518151815,,218,AirPhoton SS5i Sampler with BGI cyclone inlet and 25mm stretched Teflon filter,FTIR,Ambient local,,/Users/ahmadjalil/github/aethmodular/research/filter_combine/FilterBased_ChemSpecPM25_ETAD.csv,a9f87a16ca07030aaeaf3b0d67c1c5fe3f0d209c34a3a51b365e6a8724f33020,"# File Updated: 2025-07-29
# Data version 3.0
# Site: Addis Ababa, Ethiopia",ETAD-0155,ChemSpec_218,True,True,both competing concentration values already present in earlier CSV; upstream role unresolved,False,c91542c705254dd7e7e7271bc36789388d225dc3,a6fda4ea34e7c6d5f3c058ccd56e23d36c2afe07fee3dd8ee9072a80eeae197f
23786,ETAD,9.0106,38.8207,,ETAD-0156,2023-12-29,PM2.5,,,,ChemSpec_218,,,ChemSpec_EC_PM2.5,,2.9,0.0565181518151815,,,ChemSpec,ug/m3,ug/m3,,ETAD-0156,2023-12-29,2.9,0.056518151815,4712,ETAD,9.0106,38.8207,2370.0,ETAD-0156,2023,12,29,9.0,2023,12,30,9.0,24.0,28203,EC PM2.5,2.9,Micrograms per cubic meter (ug/m3),,0.0565181518151815,,218,AirPhoton SS5i Sampler with BGI cyclone inlet and 25mm stretched Teflon filter,FTIR,Ambient local,,/Users/ahmadjalil/github/aethmodular/research/filter_combine/FilterBased_ChemSpecPM25_ETAD.csv,a9f87a16ca07030aaeaf3b0d67c1c5fe3f0d209c34a3a51b365e6a8724f33020,"# File Updated: 2025-07-29
# Data version 3.0
# Site: Addis Ababa, Ethiopia",ETAD-0156,ChemSpec_218,True,True,both competing concentration values already present in earlier CSV; upstream role unresolved,False,c91542c705254dd7e7e7271bc36789388d225dc3,a6fda4ea34e7c6d5f3c058ccd56e23d36c2afe07fee3dd8ee9072a80eeae197f
23787,ETAD,9.0106,38.8207,,ETAD-0156,2023-12-29,PM2.5,,,,ChemSpec_218,,,ChemSpec_EC_PM2.5,,0.06,0.0565181518151815,,,ChemSpec,ug/m3,ug/m3,,ETAD-0156,2023-12-29,0.06,0.056518151815,4713,ETAD,9.0106,38.8207,2370.0,ETAD-0156,2023,12,29,9.0,2023,12,30,9.0,24.0,28203,EC PM2.5,0.06,Micrograms per cubic meter (ug/m3),,0.0565181518151815,,218,AirPhoton SS5i Sampler with BGI cyclone inlet and 25mm stretched Teflon filter,FTIR,Ambient local,,/Users/ahmadjalil/github/aethmodular/research/filter_combine/FilterBased_ChemSpecPM25_ETAD.csv,a9f87a16ca07030aaeaf3b0d67c1c5fe3f0d209c34a3a51b365e6a8724f33020,"# File Updated: 2025-07-29
# Data version 3.0
# Site: Addis Ababa, Ethiopia",ETAD-0156,ChemSpec_218,True,True,both competing concentration values already present in earlier CSV; upstream role unresolved,False,c91542c705254dd7e7e7271bc36789388d225dc3,a6fda4ea34e7c6d5f3c058ccd56e23d36c2afe07fee3dd8ee9072a80eeae197f
23844,ETAD,9.0106,38.8207,,ETAD-0157,2024-01-01,PM2.5,,,,ChemSpec_218,,,ChemSpec_EC_PM2.5,,4.61,0.0565181518151815,,,ChemSpec,ug/m3,ug/m3,,ETAD-0157,2024-01-01,4.61,0.056518151815,4753,ETAD,9.0106,38.8207,2370.0,ETAD-0157,2024,1,1,9.0,2024,1,2,9.0,24.0,28203,EC PM2.5,4.61,Micrograms per cubic meter (ug/m3),,0.0565181518151815,,218,AirPhoton SS5i Sampler with BGI cyclone inlet and 25mm stretched Teflon filter,FTIR,Ambient local,,/Users/ahmadjalil/github/aethmodular/research/filter_combine/FilterBased_ChemSpecPM25_ETAD.csv,a9f87a16ca07030aaeaf3b0d67c1c5fe3f0d209c34a3a51b365e6a8724f33020,"# File Updated: 2025-07-29
# Data version 3.0
# Site: Addis Ababa, Ethiopia",ETAD-0157,ChemSpec_218,True,True,both competing concentration values already present in earlier CSV; upstream role unresolved,False,c91542c705254dd7e7e7271bc36789388d225dc3,a6fda4ea34e7c6d5f3c058ccd56e23d36c2afe07fee3dd8ee9072a80eeae197f
23845,ETAD,9.0106,38.8207,,ETAD-0157,2024-01-01,PM2.5,,,,ChemSpec_218,,,ChemSpec_EC_PM2.5,,0.06,0.0565181518151815,,,ChemSpec,ug/m3,ug/m3,,ETAD-0157,2024-01-01,0.06,0.056518151815,4754,ETAD,9.0106,38.8207,2370.0,ETAD-0157,2024,1,1,9.0,2024,1,2,9.0,24.0,28203,EC PM2.5,0.06,Micrograms per cubic meter (ug/m3),,0.0565181518151815,,218,AirPhoton SS5i Sampler with BGI cyclone inlet and 25mm stretched Teflon filter,FTIR,Ambient local,,/Users/ahmadjalil/github/aethmodular/research/filter_combine/FilterBased_ChemSpecPM25_ETAD.csv,a9f87a16ca07030aaeaf3b0d67c1c5fe3f0d209c34a3a51b365e6a8724f33020,"# File Updated: 2025-07-29
# Data version 3.0
# Site: Addis Ababa, Ethiopia",ETAD-0157,ChemSpec_218,True,True,both competing concentration values already present in earlier CSV; upstream role unresolved,False,c91542c705254dd7e7e7271bc36789388d225dc3,a6fda4ea34e7c6d5f3c058ccd56e23d36c2afe07fee3dd8ee9072a80eeae197f
23902,ETAD,9.0106,38.8207,,ETAD-0158,2024-01-04,PM2.5,,,,ChemSpec_218,,,ChemSpec_EC_PM2.5,,5.71,0.0565181518151815,,,ChemSpec,ug/m3,ug/m3,,ETAD-0158,2024-01-04,5.71,0.056518151815,4793,ETAD,9.0106,38.8207,2370.0,ETAD-0158,2024,1,4,9.0,2024,1,5,9.0,24.0,28203,EC PM2.5,5.71,Micrograms per cubic meter (ug/m3),,0.0565181518151815,,218,AirPhoton SS5i Sampler with BGI cyclone inlet and 25mm stretched Teflon filter,FTIR,Ambient local,,/Users/ahmadjalil/github/aethmodular/research/filter_combine/FilterBased_ChemSpecPM25_ETAD.csv,a9f87a16ca07030aaeaf3b0d67c1c5fe3f0d209c34a3a51b365e6a8724f33020,"# File Updated: 2025-07-29
# Data version 3.0
# Site: Addis Ababa, Ethiopia",ETAD-0158,ChemSpec_218,True,True,both competing concentration values already present in earlier CSV; upstream role unresolved,False,c91542c705254dd7e7e7271bc36789388d225dc3,a6fda4ea34e7c6d5f3c058ccd56e23d36c2afe07fee3dd8ee9072a80eeae197f
23903,ETAD,9.0106,38.8207,,ETAD-0158,2024-01-04,PM2.5,,,,ChemSpec_218,,,ChemSpec_EC_PM2.5,,0.06,0.0565181518151815,,,ChemSpec,ug/m3,ug/m3,,ETAD-0158,2024-01-04,0.06,0.056518151815,4794,ETAD,9.0106,38.8207,2370.0,ETAD-0158,2024,1,4,9.0,2024,1,5,9.0,24.0,28203,EC PM2.5,0.06,Micrograms per cubic meter (ug/m3),,0.0565181518151815,,218,AirPhoton SS5i Sampler with BGI cyclone inlet and 25mm stretched Teflon filter,FTIR,Ambient local,,/Users/ahmadjalil/github/aethmodular/research/filter_combine/FilterBased_ChemSpecPM25_ETAD.csv,a9f87a16ca07030aaeaf3b0d67c1c5fe3f0d209c34a3a51b365e6a8724f33020,"# File Updated: 2025-07-29
# Data version 3.0
# Site: Addis Ababa, Ethiopia",ETAD-0158,ChemSpec_218,True,True,both competing concentration values already present in earlier CSV; upstream role unresolved,False,c91542c705254dd7e7e7271bc36789388d225dc3,a6fda4ea34e7c6d5f3c058ccd56e23d36c2afe07fee3dd8ee9072a80eeae197f
23973,ETAD,9.0106,38.8207,,ETAD-0160,2024-01-07,PM2.5,,,,ChemSpec_218,,,ChemSpec_EC_PM2.5,,3.28,0.0565181518151815,,,ChemSpec,ug/m3,ug/m3,,ETAD-0160,2024-01-07,3.28,0.056518151815,4834,ETAD,9.0106,38.8207,2370.0,ETAD-0160,2024,1,7,9.0,2024,1,8,9.0,24.0,28203,EC PM2.5,3.28,Micrograms per cubic meter (ug/m3),,0.0565181518151815,,218,AirPhoton SS5i Sampler with BGI cyclone inlet and 25mm stretched Teflon filter,FTIR,Ambient local,,/Users/ahmadjalil/github/aethmodular/research/filter_combine/FilterBased_ChemSpecPM25_ETAD.csv,a9f87a16ca07030aaeaf3b0d67c1c5fe3f0d209c34a3a51b365e6a8724f33020,"# File Updated: 2025-07-29
# Data version 3.0
# Site: Addis Ababa, Ethiopia",ETAD-0160,ChemSpec_218,True,True,both competing concentration values already present in earlier CSV; upstream role unresolved,False,c91542c705254dd7e7e7271bc36789388d225dc3,a6fda4ea34e7c6d5f3c058ccd56e23d36c2afe07fee3dd8ee9072a80eeae197f
23974,ETAD,9.0106,38.8207,,ETAD-0160,2024-01-07,PM2.5,,,,ChemSpec_218,,,ChemSpec_EC_PM2.5,,0.06,0.0565181518151815,,,ChemSpec,ug/m3,ug/m3,,ETAD-0160,2024-01-07,0.06,0.056518151815,4835,ETAD,9.0106,38.8207,2370.0,ETAD-0160,2024,1,7,9.0,2024,1,8,9.0,24.0,28203,EC PM2.5,0.06,Micrograms per cubic meter (ug/m3),,0.0565181518151815,,218,AirPhoton SS5i Sampler with BGI cyclone inlet and 25mm stretched Teflon filter,FTIR,Ambient local,,/Users/ahmadjalil/github/aethmodular/research/filter_combine/FilterBased_ChemSpecPM25_ETAD.csv,a9f87a16ca07030aaeaf3b0d67c1c5fe3f0d209c34a3a51b365e6a8724f33020,"# File Updated: 2025-07-29
# Data version 3.0
# Site: Addis Ababa, Ethiopia",ETAD-0160,ChemSpec_218,True,True,both competing concentration values already present in earlier CSV; upstream role unresolved,False,c91542c705254dd7e7e7271bc36789388d225dc3,a6fda4ea34e7c6d5f3c058ccd56e23d36c2afe07fee3dd8ee9072a80eeae197f
24031,ETAD,9.0106,38.8207,,ETAD-0161,2024-01-10,PM2.5,,,,ChemSpec_218,,,ChemSpec_EC_PM2.5,,6.96,0.0565181518151815,,,ChemSpec,ug/m3,ug/m3,,ETAD-0161,2024-01-10,6.96,0.056518151815,4873,ETAD,9.0106,38.8207,2370.0,ETAD-0161,2024,1,10,9.0,2024,1,11,9.0,24.0,28203,EC PM2.5,6.96,Micrograms per cubic meter (ug/m3),,0.0565181518151815,,218,AirPhoton SS5i Sampler with BGI cyclone inlet and 25mm stretched Teflon filter,FTIR,Ambient local,,/Users/ahmadjalil/github/aethmodular/research/filter_combine/FilterBased_ChemSpecPM25_ETAD.csv,a9f87a16ca07030aaeaf3b0d67c1c5fe3f0d209c34a3a51b365e6a8724f33020,"# File Updated: 2025-07-29
# Data version 3.0
# Site: Addis Ababa, Ethiopia",ETAD-0161,ChemSpec_218,True,True,both competing concentration values already present in earlier CSV; upstream role unresolved,False,c91542c705254dd7e7e7271bc36789388d225dc3,a6fda4ea34e7c6d5f3c058ccd56e23d36c2afe07fee3dd8ee9072a80eeae197f
24032,ETAD,9.0106,38.8207,,ETAD-0161,2024-01-10,PM2.5,,,,ChemSpec_218,,,ChemSpec_EC_PM2.5,,0.06,0.0565181518151815,,,ChemSpec,ug/m3,ug/m3,,ETAD-0161,2024-01-10,0.06,0.056518151815,4874,ETAD,9.0106,38.8207,2370.0,ETAD-0161,2024,1,10,9.0,2024,1,11,9.0,24.0,28203,EC PM2.5,0.06,Micrograms per cubic meter (ug/m3),,0.0565181518151815,,218,AirPhoton SS5i Sampler with BGI cyclone inlet and 25mm stretched Teflon filter,FTIR,Ambient local,,/Users/ahmadjalil/github/aethmodular/research/filter_combine/FilterBased_ChemSpecPM25_ETAD.csv,a9f87a16ca07030aaeaf3b0d67c1c5fe3f0d209c34a3a51b365e6a8724f33020,"# File Updated: 2025-07-29
# Data version 3.0
# Site: Addis Ababa, Ethiopia",ETAD-0161,ChemSpec_218,True,True,both competing concentration values already present in earlier CSV; upstream role unresolved,False,c91542c705254dd7e7e7271bc36789388d225dc3,a6fda4ea34e7c6d5f3c058ccd56e23d36c2afe07fee3dd8ee9072a80eeae197f
24087,ETAD,9.0106,38.8207,,ETAD-0162,2024-01-13,PM2.5,,,,ChemSpec_218,,,ChemSpec_EC_PM2.5,,4.94,0.0565181518151815,,,ChemSpec,ug/m3,ug/m3,,ETAD-0162,2024-01-13,4.94,0.056518151815,4912,ETAD,9.0106,38.8207,2370.0,ETAD-0162,2024,1,13,9.0,2024,1,14,9.0,24.0,28203,EC PM2.5,4.94,Micrograms per cubic meter (ug/m3),,0.0565181518151815,,218,AirPhoton SS5i Sampler with BGI cyclone inlet and 25mm stretched Teflon filter,FTIR,Ambient local,,/Users/ahmadjalil/github/aethmodular/research/filter_combine/FilterBased_ChemSpecPM25_ETAD.csv,a9f87a16ca07030aaeaf3b0d67c1c5fe3f0d209c34a3a51b365e6a8724f33020,"# File Updated: 2025-07-29
# Data version 3.0
# Site: Addis Ababa, Ethiopia",ETAD-0162,ChemSpec_218,True,True,both competing concentration values already present in earlier CSV; upstream role unresolved,False,c91542c705254dd7e7e7271bc36789388d225dc3,a6fda4ea34e7c6d5f3c058ccd56e23d36c2afe07fee3dd8ee9072a80eeae197f
24088,ETAD,9.0106,38.8207,,ETAD-0162,2024-01-13,PM2.5,,,,ChemSpec_218,,,ChemSpec_EC_PM2.5,,0.06,0.0565181518151815,,,ChemSpec,ug/m3,ug/m3,,ETAD-0162,2024-01-13,0.06,0.056518151815,4913,ETAD,9.0106,38.8207,2370.0,ETAD-0162,2024,1,13,9.0,2024,1,14,9.0,24.0,28203,EC PM2.5,0.06,Micrograms per cubic meter (ug/m3),,0.0565181518151815,,218,AirPhoton SS5i Sampler with BGI cyclone inlet and 25mm stretched Teflon filter,FTIR,Ambient local,,/Users/ahmadjalil/github/aethmodular/research/filter_combine/FilterBased_ChemSpecPM25_ETAD.csv,a9f87a16ca07030aaeaf3b0d67c1c5fe3f0d209c34a3a51b365e6a8724f33020,"# File Updated: 2025-07-29
# Data version 3.0
# Site: Addis Ababa, Ethiopia",ETAD-0162,ChemSpec_218,True,True,both competing concentration values already present in earlier CSV; upstream role unresolved,False,c91542c705254dd7e7e7271bc36789388d225dc3,a6fda4ea34e7c6d5f3c058ccd56e23d36c2afe07fee3dd8ee9072a80eeae197f
24143,ETAD,9.0106,38.8207,,ETAD-0163,2024-01-16,PM2.5,,,,ChemSpec_218,,,ChemSpec_EC_PM2.5,,4.62,0.0626809496236247,,,ChemSpec,ug/m3,ug/m3,,ETAD-0163,2024-01-16,4.62,0.062680949624,4953,ETAD,9.0106,38.8207,2370.0,ETAD-0163,2024,1,16,9.0,2024,1,17,9.0,22.8,28203,EC PM2.5,4.62,Micrograms per cubic meter (ug/m3),,0.0626809496236247,,218,AirPhoton SS5i Sampler with BGI cyclone inlet and 25mm stretched Teflon filter,FTIR,Ambient local,,/Users/ahmadjalil/github/aethmodular/research/filter_combine/FilterBased_ChemSpecPM25_ETAD.csv,a9f87a16ca07030aaeaf3b0d67c1c5fe3f0d209c34a3a51b365e6a8724f33020,"# File Updated: 2025-07-29
# Data version 3.0
# Site: Addis Ababa, Ethiopia",ETAD-0163,ChemSpec_218,True,True,both competing concentration values already present in earlier CSV; upstream role unresolved,False,c91542c705254dd7e7e7271bc36789388d225dc3,a6fda4ea34e7c6d5f3c058ccd56e23d36c2afe07fee3dd8ee9072a80eeae197f
24144,ETAD,9.0106,38.8207,,ETAD-0163,2024-01-16,PM2.5,,,,ChemSpec_218,,,ChemSpec_EC_PM2.5,,0.06,0.0626809496236247,,,ChemSpec,ug/m3,ug/m3,,ETAD-0163,2024-01-16,0.06,0.062680949624,4954,ETAD,9.0106,38.8207,2370.0,ETAD-0163,2024,1,16,9.0,2024,1,17,9.0,22.8,28203,EC PM2.5,0.06,Micrograms per cubic meter (ug/m3),,0.0626809496236247,,218,AirPhoton SS5i Sampler with BGI cyclone inlet and 25mm stretched Teflon filter,FTIR,Ambient local,,/Users/ahmadjalil/github/aethmodular/research/filter_combine/FilterBased_ChemSpecPM25_ETAD.csv,a9f87a16ca07030aaeaf3b0d67c1c5fe3f0d209c34a3a51b365e6a8724f33020,"# File Updated: 2025-07-29
# Data version 3.0
# Site: Addis Ababa, Ethiopia",ETAD-0163,ChemSpec_218,True,True,both competing concentration values already present in earlier CSV; upstream role unresolved,False,c91542c705254dd7e7e7271bc36789388d225dc3,a6fda4ea34e7c6d5f3c058ccd56e23d36c2afe07fee3dd8ee9072a80eeae197f
24201,ETAD,9.0106,38.8207,,ETAD-0164,2024-01-19,PM2.5,,,,ChemSpec_218,,,ChemSpec_EC_PM2.5,,2.49,0.0553139440065235,,,ChemSpec,ug/m3,ug/m3,,ETAD-0164,2024-01-19,2.49,0.055313944007,4992,ETAD,9.0106,38.8207,2370.0,ETAD-0164,2024,1,19,9.0,2024,1,20,9.0,24.0,28203,EC PM2.5,2.49,Micrograms per cubic meter (ug/m3),,0.0553139440065235,,218,AirPhoton SS5i Sampler with BGI cyclone inlet and 25mm stretched Teflon filter,FTIR,Ambient local,,/Users/ahmadjalil/github/aethmodular/research/filter_combine/FilterBased_ChemSpecPM25_ETAD.csv,a9f87a16ca07030aaeaf3b0d67c1c5fe3f0d209c34a3a51b365e6a8724f33020,"# File Updated: 2025-07-29
# Data version 3.0
# Site: Addis Ababa, Ethiopia",ETAD-0164,ChemSpec_218,True,True,both competing concentration values already present in earlier CSV; upstream role unresolved,False,c91542c705254dd7e7e7271bc36789388d225dc3,a6fda4ea34e7c6d5f3c058ccd56e23d36c2afe07fee3dd8ee9072a80eeae197f
24202,ETAD,9.0106,38.8207,,ETAD-0164,2024-01-19,PM2.5,,,,ChemSpec_218,,,ChemSpec_EC_PM2.5,,0.06,0.0553139440065235,,,ChemSpec,ug/m3,ug/m3,,ETAD-0164,2024-01-19,0.06,0.055313944007,4993,ETAD,9.0106,38.8207,2370.0,ETAD-0164,2024,1,19,9.0,2024,1,20,9.0,24.0,28203,EC PM2.5,0.06,Micrograms per cubic meter (ug/m3),,0.0553139440065235,,218,AirPhoton SS5i Sampler with BGI cyclone inlet and 25mm stretched Teflon filter,FTIR,Ambient local,,/Users/ahmadjalil/github/aethmodular/research/filter_combine/FilterBased_ChemSpecPM25_ETAD.csv,a9f87a16ca07030aaeaf3b0d67c1c5fe3f0d209c34a3a51b365e6a8724f33020,"# File Updated: 2025-07-29
# Data version 3.0
# Site: Addis Ababa, Ethiopia",ETAD-0164,ChemSpec_218,True,True,both competing concentration values already present in earlier CSV; upstream role unresolved,False,c91542c705254dd7e7e7271bc36789388d225dc3,a6fda4ea34e7c6d5f3c058ccd56e23d36c2afe07fee3dd8ee9072a80eeae197f
24257,ETAD,9.0106,38.8207,,ETAD-0165,2024-01-22,PM2.5,,,,ChemSpec_218,,,ChemSpec_EC_PM2.5,,4.98,0.0553139440065235,,,ChemSpec,ug/m3,ug/m3,,ETAD-0165,2024-01-22,4.98,0.055313944007,5030,ETAD,9.0106,38.8207,2370.0,ETAD-0165,2024,1,22,9.0,2024,1,23,9.0,24.0,28203,EC PM2.5,4.98,Micrograms per cubic meter (ug/m3),,0.0553139440065235,,218,AirPhoton SS5i Sampler with BGI cyclone inlet and 25mm stretched Teflon filter,FTIR,Ambient local,,/Users/ahmadjalil/github/aethmodular/research/filter_combine/FilterBased_ChemSpecPM25_ETAD.csv,a9f87a16ca07030aaeaf3b0d67c1c5fe3f0d209c34a3a51b365e6a8724f33020,"# File Updated: 2025-07-29
# Data version 3.0
# Site: Addis Ababa, Ethiopia",ETAD-0165,ChemSpec_218,True,True,both competing concentration values already present in earlier CSV; upstream role unresolved,False,c91542c705254dd7e7e7271bc36789388d225dc3,a6fda4ea34e7c6d5f3c058ccd56e23d36c2afe07fee3dd8ee9072a80eeae197f
24258,ETAD,9.0106,38.8207,,ETAD-0165,2024-01-22,PM2.5,,,,ChemSpec_218,,,ChemSpec_EC_PM2.5,,0.06,0.0553139440065235,,,ChemSpec,ug/m3,ug/m3,,ETAD-0165,2024-01-22,0.06,0.055313944007,5031,ETAD,9.0106,38.8207,2370.0,ETAD-0165,2024,1,22,9.0,2024,1,23,9.0,24.0,28203,EC PM2.5,0.06,Micrograms per cubic meter (ug/m3),,0.0553139440065235,,218,AirPhoton SS5i Sampler with BGI cyclone inlet and 25mm stretched Teflon filter,FTIR,Ambient local,,/Users/ahmadjalil/github/aethmodular/research/filter_combine/FilterBased_ChemSpecPM25_ETAD.csv,a9f87a16ca07030aaeaf3b0d67c1c5fe3f0d209c34a3a51b365e6a8724f33020,"# File Updated: 2025-07-29
# Data version 3.0
# Site: Addis Ababa, Ethiopia",ETAD-0165,ChemSpec_218,True,True,both competing concentration values already present in earlier CSV; upstream role unresolved,False,c91542c705254dd7e7e7271bc36789388d225dc3,a6fda4ea34e7c6d5f3c058ccd56e23d36c2afe07fee3dd8ee9072a80eeae197f
24312,ETAD,9.0106,38.8207,,ETAD-0166,2024-01-25,PM2.5,,,,ChemSpec_218,,,ChemSpec_EC_PM2.5,,6.36,0.0553139440065235,,,ChemSpec,ug/m3,ug/m3,,ETAD-0166,2024-01-25,6.36,0.055313944007,5069,ETAD,9.0106,38.8207,2370.0,ETAD-0166,2024,1,25,9.0,2024,1,26,9.0,24.0,28203,EC PM2.5,6.36,Micrograms per cubic meter (ug/m3),,0.0553139440065235,,218,AirPhoton SS5i Sampler with BGI cyclone inlet and 25mm stretched Teflon filter,FTIR,Ambient local,,/Users/ahmadjalil/github/aethmodular/research/filter_combine/FilterBased_ChemSpecPM25_ETAD.csv,a9f87a16ca07030aaeaf3b0d67c1c5fe3f0d209c34a3a51b365e6a8724f33020,"# File Updated: 2025-07-29
# Data version 3.0
# Site: Addis Ababa, Ethiopia",ETAD-0166,ChemSpec_218,True,True,both competing concentration values already present in earlier CSV; upstream role unresolved,False,c91542c705254dd7e7e7271bc36789388d225dc3,a6fda4ea34e7c6d5f3c058ccd56e23d36c2afe07fee3dd8ee9072a80eeae197f
24313,ETAD,9.0106,38.8207,,ETAD-0166,2024-01-25,PM2.5,,,,ChemSpec_218,,,ChemSpec_EC_PM2.5,,0.06,0.0553139440065235,,,ChemSpec,ug/m3,ug/m3,,ETAD-0166,2024-01-25,0.06,0.055313944007,5070,ETAD,9.0106,38.8207,2370.0,ETAD-0166,2024,1,25,9.0,2024,1,26,9.0,24.0,28203,EC PM2.5,0.06,Micrograms per cubic meter (ug/m3),,0.0553139440065235,,218,AirPhoton SS5i Sampler with BGI cyclone inlet and 25mm stretched Teflon filter,FTIR,Ambient local,,/Users/ahmadjalil/github/aethmodular/research/filter_combine/FilterBased_ChemSpecPM25_ETAD.csv,a9f87a16ca07030aaeaf3b0d67c1c5fe3f0d209c34a3a51b365e6a8724f33020,"# File Updated: 2025-07-29
# Data version 3.0
# Site: Addis Ababa, Ethiopia",ETAD-0166,ChemSpec_218,True,True,both competing concentration values already present in earlier CSV; upstream role unresolved,False,c91542c705254dd7e7e7271bc36789388d225dc3,a6fda4ea34e7c6d5f3c058ccd56e23d36c2afe07fee3dd8ee9072a80eeae197f
24382,ETAD,9.0106,38.8207,,ETAD-0168,2024-01-28,PM2.5,,,,ChemSpec_218,,,ChemSpec_EC_PM2.5,,2.79,0.0553139440065235,,,ChemSpec,ug/m3,ug/m3,,ETAD-0168,2024-01-28,2.79,0.055313944007,5108,ETAD,9.0106,38.8207,2370.0,ETAD-0168,2024,1,28,9.0,2024,1,29,9.0,24.0,28203,EC PM2.5,2.79,Micrograms per cubic meter (ug/m3),,0.0553139440065235,,218,AirPhoton SS5i Sampler with BGI cyclone inlet and 25mm stretched Teflon filter,FTIR,Ambient local,,/Users/ahmadjalil/github/aethmodular/research/filter_combine/FilterBased_ChemSpecPM25_ETAD.csv,a9f87a16ca07030aaeaf3b0d67c1c5fe3f0d209c34a3a51b365e6a8724f33020,"# File Updated: 2025-07-29
# Data version 3.0
# Site: Addis Ababa, Ethiopia",ETAD-0168,ChemSpec_218,True,True,both competing concentration values already present in earlier CSV; upstream role unresolved,False,c91542c705254dd7e7e7271bc36789388d225dc3,a6fda4ea34e7c6d5f3c058ccd56e23d36c2afe07fee3dd8ee9072a80eeae197f
24383,ETAD,9.0106,38.8207,,ETAD-0168,2024-01-28,PM2.5,,,,ChemSpec_218,,,ChemSpec_EC_PM2.5,,0.06,0.0553139440065235,,,ChemSpec,ug/m3,ug/m3,,ETAD-0168,2024-01-28,0.06,0.055313944007,5109,ETAD,9.0106,38.8207,2370.0,ETAD-0168,2024,1,28,9.0,2024,1,29,9.0,24.0,28203,EC PM2.5,0.06,Micrograms per cubic meter (ug/m3),,0.0553139440065235,,218,AirPhoton SS5i Sampler with BGI cyclone inlet and 25mm stretched Teflon filter,FTIR,Ambient local,,/Users/ahmadjalil/github/aethmodular/research/filter_combine/FilterBased_ChemSpecPM25_ETAD.csv,a9f87a16ca07030aaeaf3b0d67c1c5fe3f0d209c34a3a51b365e6a8724f33020,"# File Updated: 2025-07-29
# Data version 3.0
# Site: Addis Ababa, Ethiopia",ETAD-0168,ChemSpec_218,True,True,both competing concentration values already present in earlier CSV; upstream role unresolved,False,c91542c705254dd7e7e7271bc36789388d225dc3,a6fda4ea34e7c6d5f3c058ccd56e23d36c2afe07fee3dd8ee9072a80eeae197f
24438,ETAD,9.0106,38.8207,,ETAD-0169,2024-01-31,PM2.5,,,,ChemSpec_218,,,ChemSpec_EC_PM2.5,,3.27,0.0578340052829139,,,ChemSpec,ug/m3,ug/m3,,ETAD-0169,2024-01-31,3.27,0.057834005283,5146,ETAD,9.0106,38.8207,2370.0,ETAD-0169,2024,1,31,9.0,2024,2,1,9.0,24.0,28203,EC PM2.5,3.27,Micrograms per cubic meter (ug/m3),,0.0578340052829139,,218,AirPhoton SS5i Sampler with BGI cyclone inlet and 25mm stretched Teflon filter,FTIR,Ambient local,,/Users/ahmadjalil/github/aethmodular/research/filter_combine/FilterBased_ChemSpecPM25_ETAD.csv,a9f87a16ca07030aaeaf3b0d67c1c5fe3f0d209c34a3a51b365e6a8724f33020,"# File Updated: 2025-07-29
# Data version 3.0
# Site: Addis Ababa, Ethiopia",ETAD-0169,ChemSpec_218,True,True,both competing concentration values already present in earlier CSV; upstream role unresolved,False,c91542c705254dd7e7e7271bc36789388d225dc3,a6fda4ea34e7c6d5f3c058ccd56e23d36c2afe07fee3dd8ee9072a80eeae197f
24439,ETAD,9.0106,38.8207,,ETAD-0169,2024-01-31,PM2.5,,,,ChemSpec_218,,,ChemSpec_EC_PM2.5,,0.06,0.0578340052829139,,,ChemSpec,ug/m3,ug/m3,,ETAD-0169,2024-01-31,0.06,0.057834005283,5147,ETAD,9.0106,38.8207,2370.0,ETAD-0169,2024,1,31,9.0,2024,2,1,9.0,24.0,28203,EC PM2.5,0.06,Micrograms per cubic meter (ug/m3),,0.0578340052829139,,218,AirPhoton SS5i Sampler with BGI cyclone inlet and 25mm stretched Teflon filter,FTIR,Ambient local,,/Users/ahmadjalil/github/aethmodular/research/filter_combine/FilterBased_ChemSpecPM25_ETAD.csv,a9f87a16ca07030aaeaf3b0d67c1c5fe3f0d209c34a3a51b365e6a8724f33020,"# File Updated: 2025-07-29
# Data version 3.0
# Site: Addis Ababa, Ethiopia",ETAD-0169,ChemSpec_218,True,True,both competing concentration values already present in earlier CSV; upstream role unresolved,False,c91542c705254dd7e7e7271bc36789388d225dc3,a6fda4ea34e7c6d5f3c058ccd56e23d36c2afe07fee3dd8ee9072a80eeae197f
24493,ETAD,9.0106,38.8207,,ETAD-0170,2024-02-03,PM2.5,,,,ChemSpec_218,,,ChemSpec_EC_PM2.5,,3.03,0.0565181518151815,,,ChemSpec,ug/m3,ug/m3,,ETAD-0170,2024-02-03,3.03,0.056518151815,5186,ETAD,9.0106,38.8207,2370.0,ETAD-0170,2024,2,3,9.0,2024,2,4,9.0,24.0,28203,EC PM2.5,3.03,Micrograms per cubic meter (ug/m3),,0.0565181518151815,,218,AirPhoton SS5i Sampler with BGI cyclone inlet and 25mm stretched Teflon filter,FTIR,Ambient local,,/Users/ahmadjalil/github/aethmodular/research/filter_combine/FilterBased_ChemSpecPM25_ETAD.csv,a9f87a16ca07030aaeaf3b0d67c1c5fe3f0d209c34a3a51b365e6a8724f33020,"# File Updated: 2025-07-29
# Data version 3.0
# Site: Addis Ababa, Ethiopia",ETAD-0170,ChemSpec_218,True,True,both competing concentration values already present in earlier CSV; upstream role unresolved,False,c91542c705254dd7e7e7271bc36789388d225dc3,a6fda4ea34e7c6d5f3c058ccd56e23d36c2afe07fee3dd8ee9072a80eeae197f
24494,ETAD,9.0106,38.8207,,ETAD-0170,2024-02-03,PM2.5,,,,ChemSpec_218,,,ChemSpec_EC_PM2.5,,0.06,0.0565181518151815,,,ChemSpec,ug/m3,ug/m3,,ETAD-0170,2024-02-03,0.06,0.056518151815,5187,ETAD,9.0106,38.8207,2370.0,ETAD-0170,2024,2,3,9.0,2024,2,4,9.0,24.0,28203,EC PM2.5,0.06,Micrograms per cubic meter (ug/m3),,0.0565181518151815,,218,AirPhoton SS5i Sampler with BGI cyclone inlet and 25mm stretched Teflon filter,FTIR,Ambient local,,/Users/ahmadjalil/github/aethmodular/research/filter_combine/FilterBased_ChemSpecPM25_ETAD.csv,a9f87a16ca07030aaeaf3b0d67c1c5fe3f0d209c34a3a51b365e6a8724f33020,"# File Updated: 2025-07-29
# Data version 3.0
# Site: Addis Ababa, Ethiopia",ETAD-0170,ChemSpec_218,True,True,both competing concentration values already present in earlier CSV; upstream role unresolved,False,c91542c705254dd7e7e7271bc36789388d225dc3,a6fda4ea34e7c6d5f3c058ccd56e23d36c2afe07fee3dd8ee9072a80eeae197f
24550,ETAD,9.0106,38.8207,,ETAD-0171,2024-02-06,PM2.5,,,,ChemSpec_218,,,ChemSpec_EC_PM2.5,,2.88,0.0578340052829139,,,ChemSpec,ug/m3,ug/m3,,ETAD-0171,2024-02-06,2.88,0.057834005283,5224,ETAD,9.0106,38.8207,2370.0,ETAD-0171,2024,2,6,9.0,2024,2,7,9.0,24.0,28203,EC PM2.5,2.88,Micrograms per cubic meter (ug/m3),,0.0578340052829139,,218,AirPhoton SS5i Sampler with BGI cyclone inlet and 25mm stretched Teflon filter,FTIR,Ambient local,,/Users/ahmadjalil/github/aethmodular/research/filter_combine/FilterBased_ChemSpecPM25_ETAD.csv,a9f87a16ca07030aaeaf3b0d67c1c5fe3f0d209c34a3a51b365e6a8724f33020,"# File Updated: 2025-07-29
# Data version 3.0
# Site: Addis Ababa, Ethiopia",ETAD-0171,ChemSpec_218,True,True,both competing concentration values already present in earlier CSV; upstream role unresolved,False,c91542c705254dd7e7e7271bc36789388d225dc3,a6fda4ea34e7c6d5f3c058ccd56e23d36c2afe07fee3dd8ee9072a80eeae197f
24551,ETAD,9.0106,38.8207,,ETAD-0171,2024-02-06,PM2.5,,,,ChemSpec_218,,,ChemSpec_EC_PM2.5,,0.06,0.0578340052829139,,,ChemSpec,ug/m3,ug/m3,,ETAD-0171,2024-02-06,0.06,0.057834005283,5225,ETAD,9.0106,38.8207,2370.0,ETAD-0171,2024,2,6,9.0,2024,2,7,9.0,24.0,28203,EC PM2.5,0.06,Micrograms per cubic meter (ug/m3),,0.0578340052829139,,218,AirPhoton SS5i Sampler with BGI cyclone inlet and 25mm stretched Teflon filter,FTIR,Ambient local,,/Users/ahmadjalil/github/aethmodular/research/filter_combine/FilterBased_ChemSpecPM25_ETAD.csv,a9f87a16ca07030aaeaf3b0d67c1c5fe3f0d209c34a3a51b365e6a8724f33020,"# File Updated: 2025-07-29
# Data version 3.0
# Site: Addis Ababa, Ethiopia",ETAD-0171,ChemSpec_218,True,True,both competing concentration values already present in earlier CSV; upstream role unresolved,False,c91542c705254dd7e7e7271bc36789388d225dc3,a6fda4ea34e7c6d5f3c058ccd56e23d36c2afe07fee3dd8ee9072a80eeae197f
24605,ETAD,9.0106,38.8207,,ETAD-0172,2024-02-09,PM2.5,,,,ChemSpec_218,,,ChemSpec_EC_PM2.5,,4.61,0.0565181518151815,,,ChemSpec,ug/m3,ug/m3,,ETAD-0172,2024-02-09,4.61,0.056518151815,5263,ETAD,9.0106,38.8207,2370.0,ETAD-0172,2024,2,9,9.0,2024,2,10,9.0,24.0,28203,EC PM2.5,4.61,Micrograms per cubic meter (ug/m3),,0.0565181518151815,,218,AirPhoton SS5i Sampler with BGI cyclone inlet and 25mm stretched Teflon filter,FTIR,Ambient local,,/Users/ahmadjalil/github/aethmodular/research/filter_combine/FilterBased_ChemSpecPM25_ETAD.csv,a9f87a16ca07030aaeaf3b0d67c1c5fe3f0d209c34a3a51b365e6a8724f33020,"# File Updated: 2025-07-29
# Data version 3.0
# Site: Addis Ababa, Ethiopia",ETAD-0172,ChemSpec_218,True,True,both competing concentration values already present in earlier CSV; upstream role unresolved,False,c91542c705254dd7e7e7271bc36789388d225dc3,a6fda4ea34e7c6d5f3c058ccd56e23d36c2afe07fee3dd8ee9072a80eeae197f
24606,ETAD,9.0106,38.8207,,ETAD-0172,2024-02-09,PM2.5,,,,ChemSpec_218,,,ChemSpec_EC_PM2.5,,0.06,0.0565181518151815,,,ChemSpec,ug/m3,ug/m3,,ETAD-0172,2024-02-09,0.06,0.056518151815,5264,ETAD,9.0106,38.8207,2370.0,ETAD-0172,2024,2,9,9.0,2024,2,10,9.0,24.0,28203,EC PM2.5,0.06,Micrograms per cubic meter (ug/m3),,0.0565181518151815,,218,AirPhoton SS5i Sampler with BGI cyclone inlet and 25mm stretched Teflon filter,FTIR,Ambient local,,/Users/ahmadjalil/github/aethmodular/research/filter_combine/FilterBased_ChemSpecPM25_ETAD.csv,a9f87a16ca07030aaeaf3b0d67c1c5fe3f0d209c34a3a51b365e6a8724f33020,"# File Updated: 2025-07-29
# Data version 3.0
# Site: Addis Ababa, Ethiopia",ETAD-0172,ChemSpec_218,True,True,both competing concentration values already present in earlier CSV; upstream role unresolved,False,c91542c705254dd7e7e7271bc36789388d225dc3,a6fda4ea34e7c6d5f3c058ccd56e23d36c2afe07fee3dd8ee9072a80eeae197f
24661,ETAD,9.0106,38.8207,,ETAD-0173,2024-02-12,PM2.5,,,,ChemSpec_218,,,ChemSpec_EC_PM2.5,,4.69,0.0565181518151815,,,ChemSpec,ug/m3,ug/m3,,ETAD-0173,2024-02-12,4.69,0.056518151815,5304,ETAD,9.0106,38.8207,2370.0,ETAD-0173,2024,2,12,9.0,2024,2,13,9.0,24.0,28203,EC PM2.5,4.69,Micrograms per cubic meter (ug/m3),,0.0565181518151815,,218,AirPhoton SS5i Sampler with BGI cyclone inlet and 25mm stretched Teflon filter,FTIR,Ambient local,,/Users/ahmadjalil/github/aethmodular/research/filter_combine/FilterBased_ChemSpecPM25_ETAD.csv,a9f87a16ca07030aaeaf3b0d67c1c5fe3f0d209c34a3a51b365e6a8724f33020,"# File Updated: 2025-07-29
# Data version 3.0
# Site: Addis Ababa, Ethiopia",ETAD-0173,ChemSpec_218,True,True,both competing concentration values already present in earlier CSV; upstream role unresolved,False,c91542c705254dd7e7e7271bc36789388d225dc3,a6fda4ea34e7c6d5f3c058ccd56e23d36c2afe07fee3dd8ee9072a80eeae197f
24662,ETAD,9.0106,38.8207,,ETAD-0173,2024-02-12,PM2.5,,,,ChemSpec_218,,,ChemSpec_EC_PM2.5,,0.06,0.0565181518151815,,,ChemSpec,ug/m3,ug/m3,,ETAD-0173,2024-02-12,0.06,0.056518151815,5305,ETAD,9.0106,38.8207,2370.0,ETAD-0173,2024,2,12,9.0,2024,2,13,9.0,24.0,28203,EC PM2.5,0.06,Micrograms per cubic meter (ug/m3),,0.0565181518151815,,218,AirPhoton SS5i Sampler with BGI cyclone inlet and 25mm stretched Teflon filter,FTIR,Ambient local,,/Users/ahmadjalil/github/aethmodular/research/filter_combine/FilterBased_ChemSpecPM25_ETAD.csv,a9f87a16ca07030aaeaf3b0d67c1c5fe3f0d209c34a3a51b365e6a8724f33020,"# File Updated: 2025-07-29
# Data version 3.0
# Site: Addis Ababa, Ethiopia",ETAD-0173,ChemSpec_218,True,True,both competing concentration values already present in earlier CSV; upstream role unresolved,False,c91542c705254dd7e7e7271bc36789388d225dc3,a6fda4ea34e7c6d5f3c058ccd56e23d36c2afe07fee3dd8ee9072a80eeae197f
24719,ETAD,9.0106,38.8207,,ETAD-0174,2024-02-15,PM2.5,,,,ChemSpec_218,,,ChemSpec_EC_PM2.5,,5.38,0.0565181518151815,,,ChemSpec,ug/m3,ug/m3,,ETAD-0174,2024-02-15,5.38,0.056518151815,5345,ETAD,9.0106,38.8207,2370.0,ETAD-0174,2024,2,15,9.0,2024,2,16,9.0,24.0,28203,EC PM2.5,5.38,Micrograms per cubic meter (ug/m3),,0.0565181518151815,,218,AirPhoton SS5i Sampler with BGI cyclone inlet and 25mm stretched Teflon filter,FTIR,Ambient local,,/Users/ahmadjalil/github/aethmodular/research/filter_combine/FilterBased_ChemSpecPM25_ETAD.csv,a9f87a16ca07030aaeaf3b0d67c1c5fe3f0d209c34a3a51b365e6a8724f33020,"# File Updated: 2025-07-29
# Data version 3.0
# Site: Addis Ababa, Ethiopia",ETAD-0174,ChemSpec_218,True,True,both competing concentration values already present in earlier CSV; upstream role unresolved,False,c91542c705254dd7e7e7271bc36789388d225dc3,a6fda4ea34e7c6d5f3c058ccd56e23d36c2afe07fee3dd8ee9072a80eeae197f
24720,ETAD,9.0106,38.8207,,ETAD-0174,2024-02-15,PM2.5,,,,ChemSpec_218,,,ChemSpec_EC_PM2.5,,0.06,0.0565181518151815,,,ChemSpec,ug/m3,ug/m3,,ETAD-0174,2024-02-15,0.06,0.056518151815,5346,ETAD,9.0106,38.8207,2370.0,ETAD-0174,2024,2,15,9.0,2024,2,16,9.0,24.0,28203,EC PM2.5,0.06,Micrograms per cubic meter (ug/m3),,0.0565181518151815,,218,AirPhoton SS5i Sampler with BGI cyclone inlet and 25mm stretched Teflon filter,FTIR,Ambient local,,/Users/ahmadjalil/github/aethmodular/research/filter_combine/FilterBased_ChemSpecPM25_ETAD.csv,a9f87a16ca07030aaeaf3b0d67c1c5fe3f0d209c34a3a51b365e6a8724f33020,"# File Updated: 2025-07-29
# Data version 3.0
# Site: Addis Ababa, Ethiopia",ETAD-0174,ChemSpec_218,True,True,both competing concentration values already present in earlier CSV; upstream role unresolved,False,c91542c705254dd7e7e7271bc36789388d225dc3,a6fda4ea34e7c6d5f3c058ccd56e23d36c2afe07fee3dd8ee9072a80eeae197f
24791,ETAD,9.0106,38.8207,,ETAD-0176,2024-02-18,PM2.5,,,,ChemSpec_218,,,ChemSpec_EC_PM2.5,,5.07,0.0565181518151815,,,ChemSpec,ug/m3,ug/m3,,ETAD-0176,2024-02-18,5.07,0.056518151815,5386,ETAD,9.0106,38.8207,2370.0,ETAD-0176,2024,2,18,9.0,2024,2,19,9.0,24.0,28203,EC PM2.5,5.07,Micrograms per cubic meter (ug/m3),,0.0565181518151815,,218,AirPhoton SS5i Sampler with BGI cyclone inlet and 25mm stretched Teflon filter,FTIR,Ambient local,,/Users/ahmadjalil/github/aethmodular/research/filter_combine/FilterBased_ChemSpecPM25_ETAD.csv,a9f87a16ca07030aaeaf3b0d67c1c5fe3f0d209c34a3a51b365e6a8724f33020,"# File Updated: 2025-07-29
# Data version 3.0
# Site: Addis Ababa, Ethiopia",ETAD-0176,ChemSpec_218,True,True,both competing concentration values already present in earlier CSV; upstream role unresolved,False,c91542c705254dd7e7e7271bc36789388d225dc3,a6fda4ea34e7c6d5f3c058ccd56e23d36c2afe07fee3dd8ee9072a80eeae197f
24792,ETAD,9.0106,38.8207,,ETAD-0176,2024-02-18,PM2.5,,,,ChemSpec_218,,,ChemSpec_EC_PM2.5,,0.06,0.0565181518151815,,,ChemSpec,ug/m3,ug/m3,,ETAD-0176,2024-02-18,0.06,0.056518151815,5387,ETAD,9.0106,38.8207,2370.0,ETAD-0176,2024,2,18,9.0,2024,2,19,9.0,24.0,28203,EC PM2.5,0.06,Micrograms per cubic meter (ug/m3),,0.0565181518151815,,218,AirPhoton SS5i Sampler with BGI cyclone inlet and 25mm stretched Teflon filter,FTIR,Ambient local,,/Users/ahmadjalil/github/aethmodular/research/filter_combine/FilterBased_ChemSpecPM25_ETAD.csv,a9f87a16ca07030aaeaf3b0d67c1c5fe3f0d209c34a3a51b365e6a8724f33020,"# File Updated: 2025-07-29
# Data version 3.0
# Site: Addis Ababa, Ethiopia",ETAD-0176,ChemSpec_218,True,True,both competing concentration values already present in earlier CSV; upstream role unresolved,False,c91542c705254dd7e7e7271bc36789388d225dc3,a6fda4ea34e7c6d5f3c058ccd56e23d36c2afe07fee3dd8ee9072a80eeae197f
24849,ETAD,9.0106,38.8207,,ETAD-0177,2024-02-21,PM2.5,,,,ChemSpec_218,,,ChemSpec_EC_PM2.5,,2.73,0.0578340052829139,,,ChemSpec,ug/m3,ug/m3,,ETAD-0177,2024-02-21,2.73,0.057834005283,5427,ETAD,9.0106,38.8207,2370.0,ETAD-0177,2024,2,21,9.0,2024,2,22,9.0,24.0,28203,EC PM2.5,2.73,Micrograms per cubic meter (ug/m3),,0.0578340052829139,,218,AirPhoton SS5i Sampler with BGI cyclone inlet and 25mm stretched Teflon filter,FTIR,Ambient local,,/Users/ahmadjalil/github/aethmodular/research/filter_combine/FilterBased_ChemSpecPM25_ETAD.csv,a9f87a16ca07030aaeaf3b0d67c1c5fe3f0d209c34a3a51b365e6a8724f33020,"# File Updated: 2025-07-29
# Data version 3.0
# Site: Addis Ababa, Ethiopia",ETAD-0177,ChemSpec_218,True,True,both competing concentration values already present in earlier CSV; upstream role unresolved,False,c91542c705254dd7e7e7271bc36789388d225dc3,a6fda4ea34e7c6d5f3c058ccd56e23d36c2afe07fee3dd8ee9072a80eeae197f
24850,ETAD,9.0106,38.8207,,ETAD-0177,2024-02-21,PM2.5,,,,ChemSpec_218,,,ChemSpec_EC_PM2.5,,0.06,0.0578340052829139,,,ChemSpec,ug/m3,ug/m3,,ETAD-0177,2024-02-21,0.06,0.057834005283,5428,ETAD,9.0106,38.8207,2370.0,ETAD-0177,2024,2,21,9.0,2024,2,22,9.0,24.0,28203,EC PM2.5,0.06,Micrograms per cubic meter (ug/m3),,0.0578340052829139,,218,AirPhoton SS5i Sampler with BGI cyclone inlet and 25mm stretched Teflon filter,FTIR,Ambient local,,/Users/ahmadjalil/github/aethmodular/research/filter_combine/FilterBased_ChemSpecPM25_ETAD.csv,a9f87a16ca07030aaeaf3b0d67c1c5fe3f0d209c34a3a51b365e6a8724f33020,"# File Updated: 2025-07-29
# Data version 3.0
# Site: Addis Ababa, Ethiopia",ETAD-0177,ChemSpec_218,True,True,both competing concentration values already present in earlier CSV; upstream role unresolved,False,c91542c705254dd7e7e7271bc36789388d225dc3,a6fda4ea34e7c6d5f3c058ccd56e23d36c2afe07fee3dd8ee9072a80eeae197f
24907,ETAD,9.0106,38.8207,,ETAD-0178,2024-02-24,PM2.5,,,,ChemSpec_218,,,ChemSpec_EC_PM2.5,,3.32,0.0578340052829139,,,ChemSpec,ug/m3,ug/m3,,ETAD-0178,2024-02-24,3.32,0.057834005283,5468,ETAD,9.0106,38.8207,2370.0,ETAD-0178,2024,2,24,9.0,2024,2,24,9.0,24.0,28203,EC PM2.5,3.32,Micrograms per cubic meter (ug/m3),,0.0578340052829139,,218,AirPhoton SS5i Sampler with BGI cyclone inlet and 25mm stretched Teflon filter,FTIR,Ambient local,,/Users/ahmadjalil/github/aethmodular/research/filter_combine/FilterBased_ChemSpecPM25_ETAD.csv,a9f87a16ca07030aaeaf3b0d67c1c5fe3f0d209c34a3a51b365e6a8724f33020,"# File Updated: 2025-07-29
# Data version 3.0
# Site: Addis Ababa, Ethiopia",ETAD-0178,ChemSpec_218,True,True,both competing concentration values already present in earlier CSV; upstream role unresolved,False,c91542c705254dd7e7e7271bc36789388d225dc3,a6fda4ea34e7c6d5f3c058ccd56e23d36c2afe07fee3dd8ee9072a80eeae197f
24908,ETAD,9.0106,38.8207,,ETAD-0178,2024-02-24,PM2.5,,,,ChemSpec_218,,,ChemSpec_EC_PM2.5,,0.06,0.0578340052829139,,,ChemSpec,ug/m3,ug/m3,,ETAD-0178,2024-02-24,0.06,0.057834005283,5469,ETAD,9.0106,38.8207,2370.0,ETAD-0178,2024,2,24,9.0,2024,2,24,9.0,24.0,28203,EC PM2.5,0.06,Micrograms per cubic meter (ug/m3),,0.0578340052829139,,218,AirPhoton SS5i Sampler with BGI cyclone inlet and 25mm stretched Teflon filter,FTIR,Ambient local,,/Users/ahmadjalil/github/aethmodular/research/filter_combine/FilterBased_ChemSpecPM25_ETAD.csv,a9f87a16ca07030aaeaf3b0d67c1c5fe3f0d209c34a3a51b365e6a8724f33020,"# File Updated: 2025-07-29
# Data version 3.0
# Site: Addis Ababa, Ethiopia",ETAD-0178,ChemSpec_218,True,True,both competing concentration values already present in earlier CSV; upstream role unresolved,False,c91542c705254dd7e7e7271bc36789388d225dc3,a6fda4ea34e7c6d5f3c058ccd56e23d36c2afe07fee3dd8ee9072a80eeae197f
24965,ETAD,9.0106,38.8207,,ETAD-0179,2024-02-27,PM2.5,,,,ChemSpec_218,,,ChemSpec_EC_PM2.5,,2.95,0.0578340052829139,,,ChemSpec,ug/m3,ug/m3,,ETAD-0179,2024-02-27,2.95,0.057834005283,5509,ETAD,9.0106,38.8207,2370.0,ETAD-0179,2024,2,27,9.0,2024,2,28,9.0,24.0,28203,EC PM2.5,2.95,Micrograms per cubic meter (ug/m3),,0.0578340052829139,,218,AirPhoton SS5i Sampler with BGI cyclone inlet and 25mm stretched Teflon filter,FTIR,Ambient local,,/Users/ahmadjalil/github/aethmodular/research/filter_combine/FilterBased_ChemSpecPM25_ETAD.csv,a9f87a16ca07030aaeaf3b0d67c1c5fe3f0d209c34a3a51b365e6a8724f33020,"# File Updated: 2025-07-29
# Data version 3.0
# Site: Addis Ababa, Ethiopia",ETAD-0179,ChemSpec_218,True,True,both competing concentration values already present in earlier CSV; upstream role unresolved,False,c91542c705254dd7e7e7271bc36789388d225dc3,a6fda4ea34e7c6d5f3c058ccd56e23d36c2afe07fee3dd8ee9072a80eeae197f
24966,ETAD,9.0106,38.8207,,ETAD-0179,2024-02-27,PM2.5,,,,ChemSpec_218,,,ChemSpec_EC_PM2.5,,0.06,0.0578340052829139,,,ChemSpec,ug/m3,ug/m3,,ETAD-0179,2024-02-27,0.06,0.057834005283,5510,ETAD,9.0106,38.8207,2370.0,ETAD-0179,2024,2,27,9.0,2024,2,28,9.0,24.0,28203,EC PM2.5,0.06,Micrograms per cubic meter (ug/m3),,0.0578340052829139,,218,AirPhoton SS5i Sampler with BGI cyclone inlet and 25mm stretched Teflon filter,FTIR,Ambient local,,/Users/ahmadjalil/github/aethmodular/research/filter_combine/FilterBased_ChemSpecPM25_ETAD.csv,a9f87a16ca07030aaeaf3b0d67c1c5fe3f0d209c34a3a51b365e6a8724f33020,"# File Updated: 2025-07-29
# Data version 3.0
# Site: Addis Ababa, Ethiopia",ETAD-0179,ChemSpec_218,True,True,both competing concentration values already present in earlier CSV; upstream role unresolved,False,c91542c705254dd7e7e7271bc36789388d225dc3,a6fda4ea34e7c6d5f3c058ccd56e23d36c2afe07fee3dd8ee9072a80eeae197f
25023,ETAD,9.0106,38.8207,,ETAD-0180,2024-03-01,PM2.5,,,,ChemSpec_218,,,ChemSpec_EC_PM2.5,,3.76,0.0565181518151815,,,ChemSpec,ug/m3,ug/m3,,ETAD-0180,2024-03-01,3.76,0.056518151815,5550,ETAD,9.0106,38.8207,2370.0,ETAD-0180,2024,3,1,9.0,2024,3,2,9.0,24.0,28203,EC PM2.5,3.76,Micrograms per cubic meter (ug/m3),,0.0565181518151815,,218,AirPhoton SS5i Sampler with BGI cyclone inlet and 25mm stretched Teflon filter,FTIR,Ambient local,,/Users/ahmadjalil/github/aethmodular/research/filter_combine/FilterBased_ChemSpecPM25_ETAD.csv,a9f87a16ca07030aaeaf3b0d67c1c5fe3f0d209c34a3a51b365e6a8724f33020,"# File Updated: 2025-07-29
# Data version 3.0
# Site: Addis Ababa, Ethiopia",ETAD-0180,ChemSpec_218,True,True,both competing concentration values already present in earlier CSV; upstream role unresolved,False,c91542c705254dd7e7e7271bc36789388d225dc3,a6fda4ea34e7c6d5f3c058ccd56e23d36c2afe07fee3dd8ee9072a80eeae197f
25024,ETAD,9.0106,38.8207,,ETAD-0180,2024-03-01,PM2.5,,,,ChemSpec_218,,,ChemSpec_EC_PM2.5,,0.06,0.0565181518151815,,,ChemSpec,ug/m3,ug/m3,,ETAD-0180,2024-03-01,0.06,0.056518151815,5551,ETAD,9.0106,38.8207,2370.0,ETAD-0180,2024,3,1,9.0,2024,3,2,9.0,24.0,28203,EC PM2.5,0.06,Micrograms per cubic meter (ug/m3),,0.0565181518151815,,218,AirPhoton SS5i Sampler with BGI cyclone inlet and 25mm stretched Teflon filter,FTIR,Ambient local,,/Users/ahmadjalil/github/aethmodular/research/filter_combine/FilterBased_ChemSpecPM25_ETAD.csv,a9f87a16ca07030aaeaf3b0d67c1c5fe3f0d209c34a3a51b365e6a8724f33020,"# File Updated: 2025-07-29
# Data version 3.0
# Site: Addis Ababa, Ethiopia",ETAD-0180,ChemSpec_218,True,True,both competing concentration values already present in earlier CSV; upstream role unresolved,False,c91542c705254dd7e7e7271bc36789388d225dc3,a6fda4ea34e7c6d5f3c058ccd56e23d36c2afe07fee3dd8ee9072a80eeae197f
25081,ETAD,9.0106,38.8207,,ETAD-0181,2024-03-04,PM2.5,,,,ChemSpec_218,,,ChemSpec_EC_PM2.5,,5.23,0.0565181518151815,,,ChemSpec,ug/m3,ug/m3,,ETAD-0181,2024-03-04,5.23,0.056518151815,5591,ETAD,9.0106,38.8207,2370.0,ETAD-0181,2024,3,4,9.0,2024,3,5,9.0,24.0,28203,EC PM2.5,5.23,Micrograms per cubic meter (ug/m3),,0.0565181518151815,,218,AirPhoton SS5i Sampler with BGI cyclone inlet and 25mm stretched Teflon filter,FTIR,Ambient local,,/Users/ahmadjalil/github/aethmodular/research/filter_combine/FilterBased_ChemSpecPM25_ETAD.csv,a9f87a16ca07030aaeaf3b0d67c1c5fe3f0d209c34a3a51b365e6a8724f33020,"# File Updated: 2025-07-29
# Data version 3.0
# Site: Addis Ababa, Ethiopia",ETAD-0181,ChemSpec_218,True,True,both competing concentration values already present in earlier CSV; upstream role unresolved,False,c91542c705254dd7e7e7271bc36789388d225dc3,a6fda4ea34e7c6d5f3c058ccd56e23d36c2afe07fee3dd8ee9072a80eeae197f
25082,ETAD,9.0106,38.8207,,ETAD-0181,2024-03-04,PM2.5,,,,ChemSpec_218,,,ChemSpec_EC_PM2.5,,0.06,0.0565181518151815,,,ChemSpec,ug/m3,ug/m3,,ETAD-0181,2024-03-04,0.06,0.056518151815,5592,ETAD,9.0106,38.8207,2370.0,ETAD-0181,2024,3,4,9.0,2024,3,5,9.0,24.0,28203,EC PM2.5,0.06,Micrograms per cubic meter (ug/m3),,0.0565181518151815,,218,AirPhoton SS5i Sampler with BGI cyclone inlet and 25mm stretched Teflon filter,FTIR,Ambient local,,/Users/ahmadjalil/github/aethmodular/research/filter_combine/FilterBased_ChemSpecPM25_ETAD.csv,a9f87a16ca07030aaeaf3b0d67c1c5fe3f0d209c34a3a51b365e6a8724f33020,"# File Updated: 2025-07-29
# Data version 3.0
# Site: Addis Ababa, Ethiopia",ETAD-0181,ChemSpec_218,True,True,both competing concentration values already present in earlier CSV; upstream role unresolved,False,c91542c705254dd7e7e7271bc36789388d225dc3,a6fda4ea34e7c6d5f3c058ccd56e23d36c2afe07fee3dd8ee9072a80eeae197f
25139,ETAD,9.0106,38.8207,,ETAD-0182,2024-03-07,PM2.5,,,,ChemSpec_218,,,ChemSpec_EC_PM2.5,,4.76,0.0578340052829139,,,ChemSpec,ug/m3,ug/m3,,ETAD-0182,2024-03-07,4.76,0.057834005283,5632,ETAD,9.0106,38.8207,2370.0,ETAD-0182,2024,3,7,9.0,2024,3,8,9.0,24.0,28203,EC PM2.5,4.76,Micrograms per cubic meter (ug/m3),,0.0578340052829139,,218,AirPhoton SS5i Sampler with BGI cyclone inlet and 25mm stretched Teflon filter,FTIR,Ambient local,,/Users/ahmadjalil/github/aethmodular/research/filter_combine/FilterBased_ChemSpecPM25_ETAD.csv,a9f87a16ca07030aaeaf3b0d67c1c5fe3f0d209c34a3a51b365e6a8724f33020,"# File Updated: 2025-07-29
# Data version 3.0
# Site: Addis Ababa, Ethiopia",ETAD-0182,ChemSpec_218,True,True,both competing concentration values already present in earlier CSV; upstream role unresolved,False,c91542c705254dd7e7e7271bc36789388d225dc3,a6fda4ea34e7c6d5f3c058ccd56e23d36c2afe07fee3dd8ee9072a80eeae197f
25140,ETAD,9.0106,38.8207,,ETAD-0182,2024-03-07,PM2.5,,,,ChemSpec_218,,,ChemSpec_EC_PM2.5,,0.06,0.0578340052829139,,,ChemSpec,ug/m3,ug/m3,,ETAD-0182,2024-03-07,0.06,0.057834005283,5633,ETAD,9.0106,38.8207,2370.0,ETAD-0182,2024,3,7,9.0,2024,3,8,9.0,24.0,28203,EC PM2.5,0.06,Micrograms per cubic meter (ug/m3),,0.0578340052829139,,218,AirPhoton SS5i Sampler with BGI cyclone inlet and 25mm stretched Teflon filter,FTIR,Ambient local,,/Users/ahmadjalil/github/aethmodular/research/filter_combine/FilterBased_ChemSpecPM25_ETAD.csv,a9f87a16ca07030aaeaf3b0d67c1c5fe3f0d209c34a3a51b365e6a8724f33020,"# File Updated: 2025-07-29
# Data version 3.0
# Site: Addis Ababa, Ethiopia",ETAD-0182,ChemSpec_218,True,True,both competing concentration values already present in earlier CSV; upstream role unresolved,False,c91542c705254dd7e7e7271bc36789388d225dc3,a6fda4ea34e7c6d5f3c058ccd56e23d36c2afe07fee3dd8ee9072a80eeae197f
25211,ETAD,9.0106,38.8207,,ETAD-0184,2024-03-10,PM2.5,,,,ChemSpec_218,,,ChemSpec_EC_PM2.5,,3.56,0.0565181518151815,,,ChemSpec,ug/m3,ug/m3,,ETAD-0184,2024-03-10,3.56,0.056518151815,5673,ETAD,9.0106,38.8207,2370.0,ETAD-0184,2024,3,10,9.0,2024,3,11,9.0,24.0,28203,EC PM2.5,3.56,Micrograms per cubic meter (ug/m3),,0.0565181518151815,,218,AirPhoton SS5i Sampler with BGI cyclone inlet and 25mm stretched Teflon filter,FTIR,Ambient local,,/Users/ahmadjalil/github/aethmodular/research/filter_combine/FilterBased_ChemSpecPM25_ETAD.csv,a9f87a16ca07030aaeaf3b0d67c1c5fe3f0d209c34a3a51b365e6a8724f33020,"# File Updated: 2025-07-29
# Data version 3.0
# Site: Addis Ababa, Ethiopia",ETAD-0184,ChemSpec_218,True,True,both competing concentration values already present in earlier CSV; upstream role unresolved,False,c91542c705254dd7e7e7271bc36789388d225dc3,a6fda4ea34e7c6d5f3c058ccd56e23d36c2afe07fee3dd8ee9072a80eeae197f
25212,ETAD,9.0106,38.8207,,ETAD-0184,2024-03-10,PM2.5,,,,ChemSpec_218,,,ChemSpec_EC_PM2.5,,0.06,0.0565181518151815,,,ChemSpec,ug/m3,ug/m3,,ETAD-0184,2024-03-10,0.06,0.056518151815,5674,ETAD,9.0106,38.8207,2370.0,ETAD-0184,2024,3,10,9.0,2024,3,11,9.0,24.0,28203,EC PM2.5,0.06,Micrograms per cubic meter (ug/m3),,0.0565181518151815,,218,AirPhoton SS5i Sampler with BGI cyclone inlet and 25mm stretched Teflon filter,FTIR,Ambient local,,/Users/ahmadjalil/github/aethmodular/research/filter_combine/FilterBased_ChemSpecPM25_ETAD.csv,a9f87a16ca07030aaeaf3b0d67c1c5fe3f0d209c34a3a51b365e6a8724f33020,"# File Updated: 2025-07-29
# Data version 3.0
# Site: Addis Ababa, Ethiopia",ETAD-0184,ChemSpec_218,True,True,both competing concentration values already present in earlier CSV; upstream role unresolved,False,c91542c705254dd7e7e7271bc36789388d225dc3,a6fda4ea34e7c6d5f3c058ccd56e23d36c2afe07fee3dd8ee9072a80eeae197f
25269,ETAD,9.0106,38.8207,,ETAD-0185,2024-03-13,PM2.5,,,,ChemSpec_218,,,ChemSpec_EC_PM2.5,,3.21,0.0578340052829139,,,ChemSpec,ug/m3,ug/m3,,ETAD-0185,2024-03-13,3.21,0.057834005283,5714,ETAD,9.0106,38.8207,2370.0,ETAD-0185,2024,3,13,9.0,2024,3,14,9.0,24.0,28203,EC PM2.5,3.21,Micrograms per cubic meter (ug/m3),,0.0578340052829139,,218,AirPhoton SS5i Sampler with BGI cyclone inlet and 25mm stretched Teflon filter,FTIR,Ambient local,,/Users/ahmadjalil/github/aethmodular/research/filter_combine/FilterBased_ChemSpecPM25_ETAD.csv,a9f87a16ca07030aaeaf3b0d67c1c5fe3f0d209c34a3a51b365e6a8724f33020,"# File Updated: 2025-07-29
# Data version 3.0
# Site: Addis Ababa, Ethiopia",ETAD-0185,ChemSpec_218,True,True,both competing concentration values already present in earlier CSV; upstream role unresolved,False,c91542c705254dd7e7e7271bc36789388d225dc3,a6fda4ea34e7c6d5f3c058ccd56e23d36c2afe07fee3dd8ee9072a80eeae197f
25270,ETAD,9.0106,38.8207,,ETAD-0185,2024-03-13,PM2.5,,,,ChemSpec_218,,,ChemSpec_EC_PM2.5,,0.06,0.0578340052829139,,,ChemSpec,ug/m3,ug/m3,,ETAD-0185,2024-03-13,0.06,0.057834005283,5715,ETAD,9.0106,38.8207,2370.0,ETAD-0185,2024,3,13,9.0,2024,3,14,9.0,24.0,28203,EC PM2.5,0.06,Micrograms per cubic meter (ug/m3),,0.0578340052829139,,218,AirPhoton SS5i Sampler with BGI cyclone inlet and 25mm stretched Teflon filter,FTIR,Ambient local,,/Users/ahmadjalil/github/aethmodular/research/filter_combine/FilterBased_ChemSpecPM25_ETAD.csv,a9f87a16ca07030aaeaf3b0d67c1c5fe3f0d209c34a3a51b365e6a8724f33020,"# File Updated: 2025-07-29
# Data version 3.0
# Site: Addis Ababa, Ethiopia",ETAD-0185,ChemSpec_218,True,True,both competing concentration values already present in earlier CSV; upstream role unresolved,False,c91542c705254dd7e7e7271bc36789388d225dc3,a6fda4ea34e7c6d5f3c058ccd56e23d36c2afe07fee3dd8ee9072a80eeae197f
25327,ETAD,9.0106,38.8207,,ETAD-0186,2024-03-16,PM2.5,,,,ChemSpec_218,,,ChemSpec_EC_PM2.5,,2.67,0.0578340052829139,,,ChemSpec,ug/m3,ug/m3,,ETAD-0186,2024-03-16,2.67,0.057834005283,5754,ETAD,9.0106,38.8207,2370.0,ETAD-0186,2024,3,16,9.0,2024,3,17,9.0,24.0,28203,EC PM2.5,2.67,Micrograms per cubic meter (ug/m3),,0.0578340052829139,,218,AirPhoton SS5i Sampler with BGI cyclone inlet and 25mm stretched Teflon filter,FTIR,Ambient local,,/Users/ahmadjalil/github/aethmodular/research/filter_combine/FilterBased_ChemSpecPM25_ETAD.csv,a9f87a16ca07030aaeaf3b0d67c1c5fe3f0d209c34a3a51b365e6a8724f33020,"# File Updated: 2025-07-29
# Data version 3.0
# Site: Addis Ababa, Ethiopia",ETAD-0186,ChemSpec_218,True,True,both competing concentration values already present in earlier CSV; upstream role unresolved,False,c91542c705254dd7e7e7271bc36789388d225dc3,a6fda4ea34e7c6d5f3c058ccd56e23d36c2afe07fee3dd8ee9072a80eeae197f
25328,ETAD,9.0106,38.8207,,ETAD-0186,2024-03-16,PM2.5,,,,ChemSpec_218,,,ChemSpec_EC_PM2.5,,0.06,0.0578340052829139,,,ChemSpec,ug/m3,ug/m3,,ETAD-0186,2024-03-16,0.06,0.057834005283,5755,ETAD,9.0106,38.8207,2370.0,ETAD-0186,2024,3,16,9.0,2024,3,17,9.0,24.0,28203,EC PM2.5,0.06,Micrograms per cubic meter (ug/m3),,0.0578340052829139,,218,AirPhoton SS5i Sampler with BGI cyclone inlet and 25mm stretched Teflon filter,FTIR,Ambient local,,/Users/ahmadjalil/github/aethmodular/research/filter_combine/FilterBased_ChemSpecPM25_ETAD.csv,a9f87a16ca07030aaeaf3b0d67c1c5fe3f0d209c34a3a51b365e6a8724f33020,"# File Updated: 2025-07-29
# Data version 3.0
# Site: Addis Ababa, Ethiopia",ETAD-0186,ChemSpec_218,True,True,both competing concentration values already present in earlier CSV; upstream role unresolved,False,c91542c705254dd7e7e7271bc36789388d225dc3,a6fda4ea34e7c6d5f3c058ccd56e23d36c2afe07fee3dd8ee9072a80eeae197f
25384,ETAD,9.0106,38.8207,,ETAD-0187,2024-03-19,PM2.5,,,,ChemSpec_218,,,ChemSpec_EC_PM2.5,,2.42,0.0578340052829139,,,ChemSpec,ug/m3,ug/m3,,ETAD-0187,2024-03-19,2.42,0.057834005283,5795,ETAD,9.0106,38.8207,2370.0,ETAD-0187,2024,3,19,9.0,2024,3,20,9.0,24.0,28203,EC PM2.5,2.42,Micrograms per cubic meter (ug/m3),,0.0578340052829139,,218,AirPhoton SS5i Sampler with BGI cyclone inlet and 25mm stretched Teflon filter,FTIR,Ambient local,,/Users/ahmadjalil/github/aethmodular/research/filter_combine/FilterBased_ChemSpecPM25_ETAD.csv,a9f87a16ca07030aaeaf3b0d67c1c5fe3f0d209c34a3a51b365e6a8724f33020,"# File Updated: 2025-07-29
# Data version 3.0
# Site: Addis Ababa, Ethiopia",ETAD-0187,ChemSpec_218,True,True,both competing concentration values already present in earlier CSV; upstream role unresolved,False,c91542c705254dd7e7e7271bc36789388d225dc3,a6fda4ea34e7c6d5f3c058ccd56e23d36c2afe07fee3dd8ee9072a80eeae197f
25385,ETAD,9.0106,38.8207,,ETAD-0187,2024-03-19,PM2.5,,,,ChemSpec_218,,,ChemSpec_EC_PM2.5,,0.06,0.0578340052829139,,,ChemSpec,ug/m3,ug/m3,,ETAD-0187,2024-03-19,0.06,0.057834005283,5796,ETAD,9.0106,38.8207,2370.0,ETAD-0187,2024,3,19,9.0,2024,3,20,9.0,24.0,28203,EC PM2.5,0.06,Micrograms per cubic meter (ug/m3),,0.0578340052829139,,218,AirPhoton SS5i Sampler with BGI cyclone inlet and 25mm stretched Teflon filter,FTIR,Ambient local,,/Users/ahmadjalil/github/aethmodular/research/filter_combine/FilterBased_ChemSpecPM25_ETAD.csv,a9f87a16ca07030aaeaf3b0d67c1c5fe3f0d209c34a3a51b365e6a8724f33020,"# File Updated: 2025-07-29
# Data version 3.0
# Site: Addis Ababa, Ethiopia",ETAD-0187,ChemSpec_218,True,True,both competing concentration values already present in earlier CSV; upstream role unresolved,False,c91542c705254dd7e7e7271bc36789388d225dc3,a6fda4ea34e7c6d5f3c058ccd56e23d36c2afe07fee3dd8ee9072a80eeae197f
25442,ETAD,9.0106,38.8207,,ETAD-0188,2024-03-22,PM2.5,,,,ChemSpec_218,,,ChemSpec_EC_PM2.5,,3.05,0.0578340052829139,,,ChemSpec,ug/m3,ug/m3,,ETAD-0188,2024-03-22,3.05,0.057834005283,5836,ETAD,9.0106,38.8207,2370.0,ETAD-0188,2024,3,22,9.0,2024,3,23,9.0,24.0,28203,EC PM2.5,3.05,Micrograms per cubic meter (ug/m3),,0.0578340052829139,,218,AirPhoton SS5i Sampler with BGI cyclone inlet and 25mm stretched Teflon filter,FTIR,Ambient local,,/Users/ahmadjalil/github/aethmodular/research/filter_combine/FilterBased_ChemSpecPM25_ETAD.csv,a9f87a16ca07030aaeaf3b0d67c1c5fe3f0d209c34a3a51b365e6a8724f33020,"# File Updated: 2025-07-29
# Data version 3.0
# Site: Addis Ababa, Ethiopia",ETAD-0188,ChemSpec_218,True,True,both competing concentration values already present in earlier CSV; upstream role unresolved,False,c91542c705254dd7e7e7271bc36789388d225dc3,a6fda4ea34e7c6d5f3c058ccd56e23d36c2afe07fee3dd8ee9072a80eeae197f
25443,ETAD,9.0106,38.8207,,ETAD-0188,2024-03-22,PM2.5,,,,ChemSpec_218,,,ChemSpec_EC_PM2.5,,0.06,0.0578340052829139,,,ChemSpec,ug/m3,ug/m3,,ETAD-0188,2024-03-22,0.06,0.057834005283,5837,ETAD,9.0106,38.8207,2370.0,ETAD-0188,2024,3,22,9.0,2024,3,23,9.0,24.0,28203,EC PM2.5,0.06,Micrograms per cubic meter (ug/m3),,0.0578340052829139,,218,AirPhoton SS5i Sampler with BGI cyclone inlet and 25mm stretched Teflon filter,FTIR,Ambient local,,/Users/ahmadjalil/github/aethmodular/research/filter_combine/FilterBased_ChemSpecPM25_ETAD.csv,a9f87a16ca07030aaeaf3b0d67c1c5fe3f0d209c34a3a51b365e6a8724f33020,"# File Updated: 2025-07-29
# Data version 3.0
# Site: Addis Ababa, Ethiopia",ETAD-0188,ChemSpec_218,True,True,both competing concentration values already present in earlier CSV; upstream role unresolved,False,c91542c705254dd7e7e7271bc36789388d225dc3,a6fda4ea34e7c6d5f3c058ccd56e23d36c2afe07fee3dd8ee9072a80eeae197f
25500,ETAD,9.0106,38.8207,,ETAD-0189,2024-03-25,PM2.5,,,,ChemSpec_218,,,ChemSpec_EC_PM2.5,,4.19,0.0578340052829139,,,ChemSpec,ug/m3,ug/m3,,ETAD-0189,2024-03-25,4.19,0.057834005283,5877,ETAD,9.0106,38.8207,2370.0,ETAD-0189,2024,3,25,9.0,2024,3,26,9.0,24.0,28203,EC PM2.5,4.19,Micrograms per cubic meter (ug/m3),,0.0578340052829139,,218,AirPhoton SS5i Sampler with BGI cyclone inlet and 25mm stretched Teflon filter,FTIR,Ambient local,,/Users/ahmadjalil/github/aethmodular/research/filter_combine/FilterBased_ChemSpecPM25_ETAD.csv,a9f87a16ca07030aaeaf3b0d67c1c5fe3f0d209c34a3a51b365e6a8724f33020,"# File Updated: 2025-07-29
# Data version 3.0
# Site: Addis Ababa, Ethiopia",ETAD-0189,ChemSpec_218,True,True,both competing concentration values already present in earlier CSV; upstream role unresolved,False,c91542c705254dd7e7e7271bc36789388d225dc3,a6fda4ea34e7c6d5f3c058ccd56e23d36c2afe07fee3dd8ee9072a80eeae197f
25501,ETAD,9.0106,38.8207,,ETAD-0189,2024-03-25,PM2.5,,,,ChemSpec_218,,,ChemSpec_EC_PM2.5,,0.06,0.0578340052829139,,,ChemSpec,ug/m3,ug/m3,,ETAD-0189,2024-03-25,0.06,0.057834005283,5878,ETAD,9.0106,38.8207,2370.0,ETAD-0189,2024,3,25,9.0,2024,3,26,9.0,24.0,28203,EC PM2.5,0.06,Micrograms per cubic meter (ug/m3),,0.0578340052829139,,218,AirPhoton SS5i Sampler with BGI cyclone inlet and 25mm stretched Teflon filter,FTIR,Ambient local,,/Users/ahmadjalil/github/aethmodular/research/filter_combine/FilterBased_ChemSpecPM25_ETAD.csv,a9f87a16ca07030aaeaf3b0d67c1c5fe3f0d209c34a3a51b365e6a8724f33020,"# File Updated: 2025-07-29
# Data version 3.0
# Site: Addis Ababa, Ethiopia",ETAD-0189,ChemSpec_218,True,True,both competing concentration values already present in earlier CSV; upstream role unresolved,False,c91542c705254dd7e7e7271bc36789388d225dc3,a6fda4ea34e7c6d5f3c058ccd56e23d36c2afe07fee3dd8ee9072a80eeae197f
25558,ETAD,9.0106,38.8207,,ETAD-0190,2024-03-28,PM2.5,,,,ChemSpec_218,,,ChemSpec_EC_PM2.5,,5.62,0.0578340052829139,,,ChemSpec,ug/m3,ug/m3,,ETAD-0190,2024-03-28,5.62,0.057834005283,5917,ETAD,9.0106,38.8207,2370.0,ETAD-0190,2024,3,28,9.0,2024,3,29,9.0,24.0,28203,EC PM2.5,5.62,Micrograms per cubic meter (ug/m3),,0.0578340052829139,,218,AirPhoton SS5i Sampler with BGI cyclone inlet and 25mm stretched Teflon filter,FTIR,Ambient local,,/Users/ahmadjalil/github/aethmodular/research/filter_combine/FilterBased_ChemSpecPM25_ETAD.csv,a9f87a16ca07030aaeaf3b0d67c1c5fe3f0d209c34a3a51b365e6a8724f33020,"# File Updated: 2025-07-29
# Data version 3.0
# Site: Addis Ababa, Ethiopia",ETAD-0190,ChemSpec_218,True,True,both competing concentration values already present in earlier CSV; upstream role unresolved,False,c91542c705254dd7e7e7271bc36789388d225dc3,a6fda4ea34e7c6d5f3c058ccd56e23d36c2afe07fee3dd8ee9072a80eeae197f
25559,ETAD,9.0106,38.8207,,ETAD-0190,2024-03-28,PM2.5,,,,ChemSpec_218,,,ChemSpec_EC_PM2.5,,0.06,0.0578340052829139,,,ChemSpec,ug/m3,ug/m3,,ETAD-0190,2024-03-28,0.06,0.057834005283,5918,ETAD,9.0106,38.8207,2370.0,ETAD-0190,2024,3,28,9.0,2024,3,29,9.0,24.0,28203,EC PM2.5,0.06,Micrograms per cubic meter (ug/m3),,0.0578340052829139,,218,AirPhoton SS5i Sampler with BGI cyclone inlet and 25mm stretched Teflon filter,FTIR,Ambient local,,/Users/ahmadjalil/github/aethmodular/research/filter_combine/FilterBased_ChemSpecPM25_ETAD.csv,a9f87a16ca07030aaeaf3b0d67c1c5fe3f0d209c34a3a51b365e6a8724f33020,"# File Updated: 2025-07-29
# Data version 3.0
# Site: Addis Ababa, Ethiopia",ETAD-0190,ChemSpec_218,True,True,both competing concentration values already present in earlier CSV; upstream role unresolved,False,c91542c705254dd7e7e7271bc36789388d225dc3,a6fda4ea34e7c6d5f3c058ccd56e23d36c2afe07fee3dd8ee9072a80eeae197f
25629,ETAD,9.0106,38.8207,,ETAD-0192,2024-03-31,PM2.5,,,,ChemSpec_218,,,ChemSpec_EC_PM2.5,,4.64,0.0565181518151815,,,ChemSpec,ug/m3,ug/m3,,ETAD-0192,2024-03-31,4.64,0.056518151815,5958,ETAD,9.0106,38.8207,2370.0,ETAD-0192,2024,3,31,9.0,2024,4,1,9.0,24.0,28203,EC PM2.5,4.64,Micrograms per cubic meter (ug/m3),,0.0565181518151815,,218,AirPhoton SS5i Sampler with BGI cyclone inlet and 25mm stretched Teflon filter,FTIR,Ambient local,,/Users/ahmadjalil/github/aethmodular/research/filter_combine/FilterBased_ChemSpecPM25_ETAD.csv,a9f87a16ca07030aaeaf3b0d67c1c5fe3f0d209c34a3a51b365e6a8724f33020,"# File Updated: 2025-07-29
# Data version 3.0
# Site: Addis Ababa, Ethiopia",ETAD-0192,ChemSpec_218,True,True,both competing concentration values already present in earlier CSV; upstream role unresolved,False,c91542c705254dd7e7e7271bc36789388d225dc3,a6fda4ea34e7c6d5f3c058ccd56e23d36c2afe07fee3dd8ee9072a80eeae197f
25630,ETAD,9.0106,38.8207,,ETAD-0192,2024-03-31,PM2.5,,,,ChemSpec_218,,,ChemSpec_EC_PM2.5,,0.06,0.0565181518151815,,,ChemSpec,ug/m3,ug/m3,,ETAD-0192,2024-03-31,0.06,0.056518151815,5959,ETAD,9.0106,38.8207,2370.0,ETAD-0192,2024,3,31,9.0,2024,4,1,9.0,24.0,28203,EC PM2.5,0.06,Micrograms per cubic meter (ug/m3),,0.0565181518151815,,218,AirPhoton SS5i Sampler with BGI cyclone inlet and 25mm stretched Teflon filter,FTIR,Ambient local,,/Users/ahmadjalil/github/aethmodular/research/filter_combine/FilterBased_ChemSpecPM25_ETAD.csv,a9f87a16ca07030aaeaf3b0d67c1c5fe3f0d209c34a3a51b365e6a8724f33020,"# File Updated: 2025-07-29
# Data version 3.0
# Site: Addis Ababa, Ethiopia",ETAD-0192,ChemSpec_218,True,True,both competing concentration values already present in earlier CSV; upstream role unresolved,False,c91542c705254dd7e7e7271bc36789388d225dc3,a6fda4ea34e7c6d5f3c058ccd56e23d36c2afe07fee3dd8ee9072a80eeae197f
25687,ETAD,9.0106,38.8207,,ETAD-0193,2024-04-03,PM2.5,,,,ChemSpec_218,,,ChemSpec_EC_PM2.5,,4.9,0.0553139440065235,,,ChemSpec,ug/m3,ug/m3,,ETAD-0193,2024-04-03,4.9,0.055313944007,5999,ETAD,9.0106,38.8207,2370.0,ETAD-0193,2024,4,3,9.0,2024,4,4,9.0,24.0,28203,EC PM2.5,4.9,Micrograms per cubic meter (ug/m3),,0.0553139440065235,,218,AirPhoton SS5i Sampler with BGI cyclone inlet and 25mm stretched Teflon filter,FTIR,Ambient local,,/Users/ahmadjalil/github/aethmodular/research/filter_combine/FilterBased_ChemSpecPM25_ETAD.csv,a9f87a16ca07030aaeaf3b0d67c1c5fe3f0d209c34a3a51b365e6a8724f33020,"# File Updated: 2025-07-29
# Data version 3.0
# Site: Addis Ababa, Ethiopia",ETAD-0193,ChemSpec_218,True,True,both competing concentration values already present in earlier CSV; upstream role unresolved,False,c91542c705254dd7e7e7271bc36789388d225dc3,a6fda4ea34e7c6d5f3c058ccd56e23d36c2afe07fee3dd8ee9072a80eeae197f
25688,ETAD,9.0106,38.8207,,ETAD-0193,2024-04-03,PM2.5,,,,ChemSpec_218,,,ChemSpec_EC_PM2.5,,0.06,0.0553139440065235,,,ChemSpec,ug/m3,ug/m3,,ETAD-0193,2024-04-03,0.06,0.055313944007,6000,ETAD,9.0106,38.8207,2370.0,ETAD-0193,2024,4,3,9.0,2024,4,4,9.0,24.0,28203,EC PM2.5,0.06,Micrograms per cubic meter (ug/m3),,0.0553139440065235,,218,AirPhoton SS5i Sampler with BGI cyclone inlet and 25mm stretched Teflon filter,FTIR,Ambient local,,/Users/ahmadjalil/github/aethmodular/research/filter_combine/FilterBased_ChemSpecPM25_ETAD.csv,a9f87a16ca07030aaeaf3b0d67c1c5fe3f0d209c34a3a51b365e6a8724f33020,"# File Updated: 2025-07-29
# Data version 3.0
# Site: Addis Ababa, Ethiopia",ETAD-0193,ChemSpec_218,True,True,both competing concentration values already present in earlier CSV; upstream role unresolved,False,c91542c705254dd7e7e7271bc36789388d225dc3,a6fda4ea34e7c6d5f3c058ccd56e23d36c2afe07fee3dd8ee9072a80eeae197f
25745,ETAD,9.0106,38.8207,,ETAD-0194,2024-04-06,PM2.5,,,,ChemSpec_218,,,ChemSpec_EC_PM2.5,,4.9,0.0553139440065235,,,ChemSpec,ug/m3,ug/m3,,ETAD-0194,2024-04-06,4.9,0.055313944007,6040,ETAD,9.0106,38.8207,2370.0,ETAD-0194,2024,4,6,9.0,2024,4,7,9.0,24.0,28203,EC PM2.5,4.9,Micrograms per cubic meter (ug/m3),,0.0553139440065235,,218,AirPhoton SS5i Sampler with BGI cyclone inlet and 25mm stretched Teflon filter,FTIR,Ambient local,,/Users/ahmadjalil/github/aethmodular/research/filter_combine/FilterBased_ChemSpecPM25_ETAD.csv,a9f87a16ca07030aaeaf3b0d67c1c5fe3f0d209c34a3a51b365e6a8724f33020,"# File Updated: 2025-07-29
# Data version 3.0
# Site: Addis Ababa, Ethiopia",ETAD-0194,ChemSpec_218,True,True,both competing concentration values already present in earlier CSV; upstream role unresolved,False,c91542c705254dd7e7e7271bc36789388d225dc3,a6fda4ea34e7c6d5f3c058ccd56e23d36c2afe07fee3dd8ee9072a80eeae197f
25746,ETAD,9.0106,38.8207,,ETAD-0194,2024-04-06,PM2.5,,,,ChemSpec_218,,,ChemSpec_EC_PM2.5,,0.06,0.0553139440065235,,,ChemSpec,ug/m3,ug/m3,,ETAD-0194,2024-04-06,0.06,0.055313944007,6041,ETAD,9.0106,38.8207,2370.0,ETAD-0194,2024,4,6,9.0,2024,4,7,9.0,24.0,28203,EC PM2.5,0.06,Micrograms per cubic meter (ug/m3),,0.0553139440065235,,218,AirPhoton SS5i Sampler with BGI cyclone inlet and 25mm stretched Teflon filter,FTIR,Ambient local,,/Users/ahmadjalil/github/aethmodular/research/filter_combine/FilterBased_ChemSpecPM25_ETAD.csv,a9f87a16ca07030aaeaf3b0d67c1c5fe3f0d209c34a3a51b365e6a8724f33020,"# File Updated: 2025-07-29
# Data version 3.0
# Site: Addis Ababa, Ethiopia",ETAD-0194,ChemSpec_218,True,True,both competing concentration values already present in earlier CSV; upstream role unresolved,False,c91542c705254dd7e7e7271bc36789388d225dc3,a6fda4ea34e7c6d5f3c058ccd56e23d36c2afe07fee3dd8ee9072a80eeae197f
25803,ETAD,9.0106,38.8207,,ETAD-0195,2024-04-09,PM2.5,,,,ChemSpec_218,,,ChemSpec_EC_PM2.5,,5.89,0.0553139440065235,,,ChemSpec,ug/m3,ug/m3,,ETAD-0195,2024-04-09,5.89,0.055313944007,6081,ETAD,9.0106,38.8207,2370.0,ETAD-0195,2024,4,9,9.0,2024,4,10,9.0,24.0,28203,EC PM2.5,5.89,Micrograms per cubic meter (ug/m3),,0.0553139440065235,,218,AirPhoton SS5i Sampler with BGI cyclone inlet and 25mm stretched Teflon filter,FTIR,Ambient local,,/Users/ahmadjalil/github/aethmodular/research/filter_combine/FilterBased_ChemSpecPM25_ETAD.csv,a9f87a16ca07030aaeaf3b0d67c1c5fe3f0d209c34a3a51b365e6a8724f33020,"# File Updated: 2025-07-29
# Data version 3.0
# Site: Addis Ababa, Ethiopia",ETAD-0195,ChemSpec_218,True,True,both competing concentration values already present in earlier CSV; upstream role unresolved,False,c91542c705254dd7e7e7271bc36789388d225dc3,a6fda4ea34e7c6d5f3c058ccd56e23d36c2afe07fee3dd8ee9072a80eeae197f
25804,ETAD,9.0106,38.8207,,ETAD-0195,2024-04-09,PM2.5,,,,ChemSpec_218,,,ChemSpec_EC_PM2.5,,0.06,0.0553139440065235,,,ChemSpec,ug/m3,ug/m3,,ETAD-0195,2024-04-09,0.06,0.055313944007,6082,ETAD,9.0106,38.8207,2370.0,ETAD-0195,2024,4,9,9.0,2024,4,10,9.0,24.0,28203,EC PM2.5,0.06,Micrograms per cubic meter (ug/m3),,0.0553139440065235,,218,AirPhoton SS5i Sampler with BGI cyclone inlet and 25mm stretched Teflon filter,FTIR,Ambient local,,/Users/ahmadjalil/github/aethmodular/research/filter_combine/FilterBased_ChemSpecPM25_ETAD.csv,a9f87a16ca07030aaeaf3b0d67c1c5fe3f0d209c34a3a51b365e6a8724f33020,"# File Updated: 2025-07-29
# Data version 3.0
# Site: Addis Ababa, Ethiopia",ETAD-0195,ChemSpec_218,True,True,both competing concentration values already present in earlier CSV; upstream role unresolved,False,c91542c705254dd7e7e7271bc36789388d225dc3,a6fda4ea34e7c6d5f3c058ccd56e23d36c2afe07fee3dd8ee9072a80eeae197f
25861,ETAD,9.0106,38.8207,,ETAD-0196,2024-04-12,PM2.5,,,,ChemSpec_218,,,ChemSpec_EC_PM2.5,,5.54,0.0553139440065235,,,ChemSpec,ug/m3,ug/m3,,ETAD-0196,2024-04-12,5.54,0.055313944007,6122,ETAD,9.0106,38.8207,2370.0,ETAD-0196,2024,4,12,9.0,2024,4,13,9.0,24.0,28203,EC PM2.5,5.54,Micrograms per cubic meter (ug/m3),,0.0553139440065235,,218,AirPhoton SS5i Sampler with BGI cyclone inlet and 25mm stretched Teflon filter,FTIR,Ambient local,,/Users/ahmadjalil/github/aethmodular/research/filter_combine/FilterBased_ChemSpecPM25_ETAD.csv,a9f87a16ca07030aaeaf3b0d67c1c5fe3f0d209c34a3a51b365e6a8724f33020,"# File Updated: 2025-07-29
# Data version 3.0
# Site: Addis Ababa, Ethiopia",ETAD-0196,ChemSpec_218,True,True,both competing concentration values already present in earlier CSV; upstream role unresolved,False,c91542c705254dd7e7e7271bc36789388d225dc3,a6fda4ea34e7c6d5f3c058ccd56e23d36c2afe07fee3dd8ee9072a80eeae197f
25862,ETAD,9.0106,38.8207,,ETAD-0196,2024-04-12,PM2.5,,,,ChemSpec_218,,,ChemSpec_EC_PM2.5,,0.06,0.0553139440065235,,,ChemSpec,ug/m3,ug/m3,,ETAD-0196,2024-04-12,0.06,0.055313944007,6123,ETAD,9.0106,38.8207,2370.0,ETAD-0196,2024,4,12,9.0,2024,4,13,9.0,24.0,28203,EC PM2.5,0.06,Micrograms per cubic meter (ug/m3),,0.0553139440065235,,218,AirPhoton SS5i Sampler with BGI cyclone inlet and 25mm stretched Teflon filter,FTIR,Ambient local,,/Users/ahmadjalil/github/aethmodular/research/filter_combine/FilterBased_ChemSpecPM25_ETAD.csv,a9f87a16ca07030aaeaf3b0d67c1c5fe3f0d209c34a3a51b365e6a8724f33020,"# File Updated: 2025-07-29
# Data version 3.0
# Site: Addis Ababa, Ethiopia",ETAD-0196,ChemSpec_218,True,True,both competing concentration values already present in earlier CSV; upstream role unresolved,False,c91542c705254dd7e7e7271bc36789388d225dc3,a6fda4ea34e7c6d5f3c058ccd56e23d36c2afe07fee3dd8ee9072a80eeae197f
25919,ETAD,9.0106,38.8207,,ETAD-0197,2024-04-15,PM2.5,,,,ChemSpec_218,,,ChemSpec_EC_PM2.5,,5.91,0.0553139440065235,,,ChemSpec,ug/m3,ug/m3,,ETAD-0197,2024-04-15,5.91,0.055313944007,6163,ETAD,9.0106,38.8207,2370.0,ETAD-0197,2024,4,15,9.0,2024,4,16,9.0,24.0,28203,EC PM2.5,5.91,Micrograms per cubic meter (ug/m3),,0.0553139440065235,,218,AirPhoton SS5i Sampler with BGI cyclone inlet and 25mm stretched Teflon filter,FTIR,Ambient local,,/Users/ahmadjalil/github/aethmodular/research/filter_combine/FilterBased_ChemSpecPM25_ETAD.csv,a9f87a16ca07030aaeaf3b0d67c1c5fe3f0d209c34a3a51b365e6a8724f33020,"# File Updated: 2025-07-29
# Data version 3.0
# Site: Addis Ababa, Ethiopia",ETAD-0197,ChemSpec_218,True,True,both competing concentration values already present in earlier CSV; upstream role unresolved,False,c91542c705254dd7e7e7271bc36789388d225dc3,a6fda4ea34e7c6d5f3c058ccd56e23d36c2afe07fee3dd8ee9072a80eeae197f
25920,ETAD,9.0106,38.8207,,ETAD-0197,2024-04-15,PM2.5,,,,ChemSpec_218,,,ChemSpec_EC_PM2.5,,0.06,0.0553139440065235,,,ChemSpec,ug/m3,ug/m3,,ETAD-0197,2024-04-15,0.06,0.055313944007,6164,ETAD,9.0106,38.8207,2370.0,ETAD-0197,2024,4,15,9.0,2024,4,16,9.0,24.0,28203,EC PM2.5,0.06,Micrograms per cubic meter (ug/m3),,0.0553139440065235,,218,AirPhoton SS5i Sampler with BGI cyclone inlet and 25mm stretched Teflon filter,FTIR,Ambient local,,/Users/ahmadjalil/github/aethmodular/research/filter_combine/FilterBased_ChemSpecPM25_ETAD.csv,a9f87a16ca07030aaeaf3b0d67c1c5fe3f0d209c34a3a51b365e6a8724f33020,"# File Updated: 2025-07-29
# Data version 3.0
# Site: Addis Ababa, Ethiopia",ETAD-0197,ChemSpec_218,True,True,both competing concentration values already present in earlier CSV; upstream role unresolved,False,c91542c705254dd7e7e7271bc36789388d225dc3,a6fda4ea34e7c6d5f3c058ccd56e23d36c2afe07fee3dd8ee9072a80eeae197f
25977,ETAD,9.0106,38.8207,,ETAD-0198,2024-04-18,PM2.5,,,,ChemSpec_218,,,ChemSpec_EC_PM2.5,,6.26,0.0553139440065235,,,ChemSpec,ug/m3,ug/m3,,ETAD-0198,2024-04-18,6.26,0.055313944007,6204,ETAD,9.0106,38.8207,2370.0,ETAD-0198,2024,4,18,9.0,2024,4,19,9.0,24.0,28203,EC PM2.5,6.26,Micrograms per cubic meter (ug/m3),,0.0553139440065235,,218,AirPhoton SS5i Sampler with BGI cyclone inlet and 25mm stretched Teflon filter,FTIR,Ambient local,,/Users/ahmadjalil/github/aethmodular/research/filter_combine/FilterBased_ChemSpecPM25_ETAD.csv,a9f87a16ca07030aaeaf3b0d67c1c5fe3f0d209c34a3a51b365e6a8724f33020,"# File Updated: 2025-07-29
# Data version 3.0
# Site: Addis Ababa, Ethiopia",ETAD-0198,ChemSpec_218,True,True,both competing concentration values already present in earlier CSV; upstream role unresolved,False,c91542c705254dd7e7e7271bc36789388d225dc3,a6fda4ea34e7c6d5f3c058ccd56e23d36c2afe07fee3dd8ee9072a80eeae197f
25978,ETAD,9.0106,38.8207,,ETAD-0198,2024-04-18,PM2.5,,,,ChemSpec_218,,,ChemSpec_EC_PM2.5,,0.06,0.0553139440065235,,,ChemSpec,ug/m3,ug/m3,,ETAD-0198,2024-04-18,0.06,0.055313944007,6205,ETAD,9.0106,38.8207,2370.0,ETAD-0198,2024,4,18,9.0,2024,4,19,9.0,24.0,28203,EC PM2.5,0.06,Micrograms per cubic meter (ug/m3),,0.0553139440065235,,218,AirPhoton SS5i Sampler with BGI cyclone inlet and 25mm stretched Teflon filter,FTIR,Ambient local,,/Users/ahmadjalil/github/aethmodular/research/filter_combine/FilterBased_ChemSpecPM25_ETAD.csv,a9f87a16ca07030aaeaf3b0d67c1c5fe3f0d209c34a3a51b365e6a8724f33020,"# File Updated: 2025-07-29
# Data version 3.0
# Site: Addis Ababa, Ethiopia",ETAD-0198,ChemSpec_218,True,True,both competing concentration values already present in earlier CSV; upstream role unresolved,False,c91542c705254dd7e7e7271bc36789388d225dc3,a6fda4ea34e7c6d5f3c058ccd56e23d36c2afe07fee3dd8ee9072a80eeae197f
26049,ETAD,9.0106,38.8207,,ETAD-0200,2024-04-21,PM2.5,,,,ChemSpec_218,,,ChemSpec_EC_PM2.5,,2.94,0.0565181518151815,,,ChemSpec,ug/m3,ug/m3,,ETAD-0200,2024-04-21,2.94,0.056518151815,6245,ETAD,9.0106,38.8207,2370.0,ETAD-0200,2024,4,21,9.0,2024,4,22,9.0,24.0,28203,EC PM2.5,2.94,Micrograms per cubic meter (ug/m3),,0.0565181518151815,,218,AirPhoton SS5i Sampler with BGI cyclone inlet and 25mm stretched Teflon filter,FTIR,Ambient local,,/Users/ahmadjalil/github/aethmodular/research/filter_combine/FilterBased_ChemSpecPM25_ETAD.csv,a9f87a16ca07030aaeaf3b0d67c1c5fe3f0d209c34a3a51b365e6a8724f33020,"# File Updated: 2025-07-29
# Data version 3.0
# Site: Addis Ababa, Ethiopia",ETAD-0200,ChemSpec_218,True,True,both competing concentration values already present in earlier CSV; upstream role unresolved,False,c91542c705254dd7e7e7271bc36789388d225dc3,a6fda4ea34e7c6d5f3c058ccd56e23d36c2afe07fee3dd8ee9072a80eeae197f
26050,ETAD,9.0106,38.8207,,ETAD-0200,2024-04-21,PM2.5,,,,ChemSpec_218,,,ChemSpec_EC_PM2.5,,0.06,0.0565181518151815,,,ChemSpec,ug/m3,ug/m3,,ETAD-0200,2024-04-21,0.06,0.056518151815,6246,ETAD,9.0106,38.8207,2370.0,ETAD-0200,2024,4,21,9.0,2024,4,22,9.0,24.0,28203,EC PM2.5,0.06,Micrograms per cubic meter (ug/m3),,0.0565181518151815,,218,AirPhoton SS5i Sampler with BGI cyclone inlet and 25mm stretched Teflon filter,FTIR,Ambient local,,/Users/ahmadjalil/github/aethmodular/research/filter_combine/FilterBased_ChemSpecPM25_ETAD.csv,a9f87a16ca07030aaeaf3b0d67c1c5fe3f0d209c34a3a51b365e6a8724f33020,"# File Updated: 2025-07-29
# Data version 3.0
# Site: Addis Ababa, Ethiopia",ETAD-0200,ChemSpec_218,True,True,both competing concentration values already present in earlier CSV; upstream role unresolved,False,c91542c705254dd7e7e7271bc36789388d225dc3,a6fda4ea34e7c6d5f3c058ccd56e23d36c2afe07fee3dd8ee9072a80eeae197f
26107,ETAD,9.0106,38.8207,,ETAD-0201,2024-04-24,PM2.5,,,,ChemSpec_218,,,ChemSpec_EC_PM2.5,,6.06,0.0565181518151815,,,ChemSpec,ug/m3,ug/m3,,ETAD-0201,2024-04-24,6.06,0.056518151815,6286,ETAD,9.0106,38.8207,2370.0,ETAD-0201,2024,4,24,9.0,2024,4,25,9.0,24.0,28203,EC PM2.5,6.06,Micrograms per cubic meter (ug/m3),,0.0565181518151815,,218,AirPhoton SS5i Sampler with BGI cyclone inlet and 25mm stretched Teflon filter,FTIR,Ambient local,,/Users/ahmadjalil/github/aethmodular/research/filter_combine/FilterBased_ChemSpecPM25_ETAD.csv,a9f87a16ca07030aaeaf3b0d67c1c5fe3f0d209c34a3a51b365e6a8724f33020,"# File Updated: 2025-07-29
# Data version 3.0
# Site: Addis Ababa, Ethiopia",ETAD-0201,ChemSpec_218,True,True,both competing concentration values already present in earlier CSV; upstream role unresolved,False,c91542c705254dd7e7e7271bc36789388d225dc3,a6fda4ea34e7c6d5f3c058ccd56e23d36c2afe07fee3dd8ee9072a80eeae197f
26108,ETAD,9.0106,38.8207,,ETAD-0201,2024-04-24,PM2.5,,,,ChemSpec_218,,,ChemSpec_EC_PM2.5,,0.06,0.0565181518151815,,,ChemSpec,ug/m3,ug/m3,,ETAD-0201,2024-04-24,0.06,0.056518151815,6287,ETAD,9.0106,38.8207,2370.0,ETAD-0201,2024,4,24,9.0,2024,4,25,9.0,24.0,28203,EC PM2.5,0.06,Micrograms per cubic meter (ug/m3),,0.0565181518151815,,218,AirPhoton SS5i Sampler with BGI cyclone inlet and 25mm stretched Teflon filter,FTIR,Ambient local,,/Users/ahmadjalil/github/aethmodular/research/filter_combine/FilterBased_ChemSpecPM25_ETAD.csv,a9f87a16ca07030aaeaf3b0d67c1c5fe3f0d209c34a3a51b365e6a8724f33020,"# File Updated: 2025-07-29
# Data version 3.0
# Site: Addis Ababa, Ethiopia",ETAD-0201,ChemSpec_218,True,True,both competing concentration values already present in earlier CSV; upstream role unresolved,False,c91542c705254dd7e7e7271bc36789388d225dc3,a6fda4ea34e7c6d5f3c058ccd56e23d36c2afe07fee3dd8ee9072a80eeae197f
26165,ETAD,9.0106,38.8207,,ETAD-0202,2024-04-27,PM2.5,,,,ChemSpec_218,,,ChemSpec_EC_PM2.5,,6.85,0.0565181518151815,,,ChemSpec,ug/m3,ug/m3,,ETAD-0202,2024-04-27,6.85,0.056518151815,6327,ETAD,9.0106,38.8207,2370.0,ETAD-0202,2024,4,27,9.0,2024,4,28,9.0,24.0,28203,EC PM2.5,6.85,Micrograms per cubic meter (ug/m3),,0.0565181518151815,,218,AirPhoton SS5i Sampler with BGI cyclone inlet and 25mm stretched Teflon filter,FTIR,Ambient local,,/Users/ahmadjalil/github/aethmodular/research/filter_combine/FilterBased_ChemSpecPM25_ETAD.csv,a9f87a16ca07030aaeaf3b0d67c1c5fe3f0d209c34a3a51b365e6a8724f33020,"# File Updated: 2025-07-29
# Data version 3.0
# Site: Addis Ababa, Ethiopia",ETAD-0202,ChemSpec_218,True,True,both competing concentration values already present in earlier CSV; upstream role unresolved,False,c91542c705254dd7e7e7271bc36789388d225dc3,a6fda4ea34e7c6d5f3c058ccd56e23d36c2afe07fee3dd8ee9072a80eeae197f
26166,ETAD,9.0106,38.8207,,ETAD-0202,2024-04-27,PM2.5,,,,ChemSpec_218,,,ChemSpec_EC_PM2.5,,0.06,0.0565181518151815,,,ChemSpec,ug/m3,ug/m3,,ETAD-0202,2024-04-27,0.06,0.056518151815,6328,ETAD,9.0106,38.8207,2370.0,ETAD-0202,2024,4,27,9.0,2024,4,28,9.0,24.0,28203,EC PM2.5,0.06,Micrograms per cubic meter (ug/m3),,0.0565181518151815,,218,AirPhoton SS5i Sampler with BGI cyclone inlet and 25mm stretched Teflon filter,FTIR,Ambient local,,/Users/ahmadjalil/github/aethmodular/research/filter_combine/FilterBased_ChemSpecPM25_ETAD.csv,a9f87a16ca07030aaeaf3b0d67c1c5fe3f0d209c34a3a51b365e6a8724f33020,"# File Updated: 2025-07-29
# Data version 3.0
# Site: Addis Ababa, Ethiopia",ETAD-0202,ChemSpec_218,True,True,both competing concentration values already present in earlier CSV; upstream role unresolved,False,c91542c705254dd7e7e7271bc36789388d225dc3,a6fda4ea34e7c6d5f3c058ccd56e23d36c2afe07fee3dd8ee9072a80eeae197f
26223,ETAD,9.0106,38.8207,,ETAD-0203,2024-04-30,PM2.5,,,,ChemSpec_218,,,ChemSpec_EC_PM2.5,,6.42,0.0565181518151815,,,ChemSpec,ug/m3,ug/m3,,ETAD-0203,2024-04-30,6.42,0.056518151815,6368,ETAD,9.0106,38.8207,2370.0,ETAD-0203,2024,4,30,9.0,2024,5,1,9.0,24.0,28203,EC PM2.5,6.42,Micrograms per cubic meter (ug/m3),,0.0565181518151815,,218,AirPhoton SS5i Sampler with BGI cyclone inlet and 25mm stretched Teflon filter,FTIR,Ambient local,,/Users/ahmadjalil/github/aethmodular/research/filter_combine/FilterBased_ChemSpecPM25_ETAD.csv,a9f87a16ca07030aaeaf3b0d67c1c5fe3f0d209c34a3a51b365e6a8724f33020,"# File Updated: 2025-07-29
# Data version 3.0
# Site: Addis Ababa, Ethiopia",ETAD-0203,ChemSpec_218,True,True,both competing concentration values already present in earlier CSV; upstream role unresolved,False,c91542c705254dd7e7e7271bc36789388d225dc3,a6fda4ea34e7c6d5f3c058ccd56e23d36c2afe07fee3dd8ee9072a80eeae197f
26224,ETAD,9.0106,38.8207,,ETAD-0203,2024-04-30,PM2.5,,,,ChemSpec_218,,,ChemSpec_EC_PM2.5,,0.06,0.0565181518151815,,,ChemSpec,ug/m3,ug/m3,,ETAD-0203,2024-04-30,0.06,0.056518151815,6369,ETAD,9.0106,38.8207,2370.0,ETAD-0203,2024,4,30,9.0,2024,5,1,9.0,24.0,28203,EC PM2.5,0.06,Micrograms per cubic meter (ug/m3),,0.0565181518151815,,218,AirPhoton SS5i Sampler with BGI cyclone inlet and 25mm stretched Teflon filter,FTIR,Ambient local,,/Users/ahmadjalil/github/aethmodular/research/filter_combine/FilterBased_ChemSpecPM25_ETAD.csv,a9f87a16ca07030aaeaf3b0d67c1c5fe3f0d209c34a3a51b365e6a8724f33020,"# File Updated: 2025-07-29
# Data version 3.0
# Site: Addis Ababa, Ethiopia",ETAD-0203,ChemSpec_218,True,True,both competing concentration values already present in earlier CSV; upstream role unresolved,False,c91542c705254dd7e7e7271bc36789388d225dc3,a6fda4ea34e7c6d5f3c058ccd56e23d36c2afe07fee3dd8ee9072a80eeae197f
26281,ETAD,9.0106,38.8207,,ETAD-0204,2024-05-03,PM2.5,,,,ChemSpec_218,,,ChemSpec_EC_PM2.5,,6.33,0.0565181518151815,,,ChemSpec,ug/m3,ug/m3,,ETAD-0204,2024-05-03,6.33,0.056518151815,6409,ETAD,9.0106,38.8207,2370.0,ETAD-0204,2024,5,3,9.0,2024,5,4,9.0,24.0,28203,EC PM2.5,6.33,Micrograms per cubic meter (ug/m3),,0.0565181518151815,,218,AirPhoton SS5i Sampler with BGI cyclone inlet and 25mm stretched Teflon filter,FTIR,Ambient local,,/Users/ahmadjalil/github/aethmodular/research/filter_combine/FilterBased_ChemSpecPM25_ETAD.csv,a9f87a16ca07030aaeaf3b0d67c1c5fe3f0d209c34a3a51b365e6a8724f33020,"# File Updated: 2025-07-29
# Data version 3.0
# Site: Addis Ababa, Ethiopia",ETAD-0204,ChemSpec_218,True,True,both competing concentration values already present in earlier CSV; upstream role unresolved,False,c91542c705254dd7e7e7271bc36789388d225dc3,a6fda4ea34e7c6d5f3c058ccd56e23d36c2afe07fee3dd8ee9072a80eeae197f
26282,ETAD,9.0106,38.8207,,ETAD-0204,2024-05-03,PM2.5,,,,ChemSpec_218,,,ChemSpec_EC_PM2.5,,0.06,0.0565181518151815,,,ChemSpec,ug/m3,ug/m3,,ETAD-0204,2024-05-03,0.06,0.056518151815,6410,ETAD,9.0106,38.8207,2370.0,ETAD-0204,2024,5,3,9.0,2024,5,4,9.0,24.0,28203,EC PM2.5,0.06,Micrograms per cubic meter (ug/m3),,0.0565181518151815,,218,AirPhoton SS5i Sampler with BGI cyclone inlet and 25mm stretched Teflon filter,FTIR,Ambient local,,/Users/ahmadjalil/github/aethmodular/research/filter_combine/FilterBased_ChemSpecPM25_ETAD.csv,a9f87a16ca07030aaeaf3b0d67c1c5fe3f0d209c34a3a51b365e6a8724f33020,"# File Updated: 2025-07-29
# Data version 3.0
# Site: Addis Ababa, Ethiopia",ETAD-0204,ChemSpec_218,True,True,both competing concentration values already present in earlier CSV; upstream role unresolved,False,c91542c705254dd7e7e7271bc36789388d225dc3,a6fda4ea34e7c6d5f3c058ccd56e23d36c2afe07fee3dd8ee9072a80eeae197f
26339,ETAD,9.0106,38.8207,,ETAD-0205,2024-05-06,PM2.5,,,,ChemSpec_218,,,ChemSpec_EC_PM2.5,,5.08,0.0565181518151815,,,ChemSpec,ug/m3,ug/m3,,ETAD-0205,2024-05-06,5.08,0.056518151815,6450,ETAD,9.0106,38.8207,2370.0,ETAD-0205,2024,5,6,9.0,2024,5,7,9.0,24.0,28203,EC PM2.5,5.08,Micrograms per cubic meter (ug/m3),,0.0565181518151815,,218,AirPhoton SS5i Sampler with BGI cyclone inlet and 25mm stretched Teflon filter,FTIR,Ambient local,,/Users/ahmadjalil/github/aethmodular/research/filter_combine/FilterBased_ChemSpecPM25_ETAD.csv,a9f87a16ca07030aaeaf3b0d67c1c5fe3f0d209c34a3a51b365e6a8724f33020,"# File Updated: 2025-07-29
# Data version 3.0
# Site: Addis Ababa, Ethiopia",ETAD-0205,ChemSpec_218,True,True,both competing concentration values already present in earlier CSV; upstream role unresolved,False,c91542c705254dd7e7e7271bc36789388d225dc3,a6fda4ea34e7c6d5f3c058ccd56e23d36c2afe07fee3dd8ee9072a80eeae197f
26340,ETAD,9.0106,38.8207,,ETAD-0205,2024-05-06,PM2.5,,,,ChemSpec_218,,,ChemSpec_EC_PM2.5,,0.06,0.0565181518151815,,,ChemSpec,ug/m3,ug/m3,,ETAD-0205,2024-05-06,0.06,0.056518151815,6451,ETAD,9.0106,38.8207,2370.0,ETAD-0205,2024,5,6,9.0,2024,5,7,9.0,24.0,28203,EC PM2.5,0.06,Micrograms per cubic meter (ug/m3),,0.0565181518151815,,218,AirPhoton SS5i Sampler with BGI cyclone inlet and 25mm stretched Teflon filter,FTIR,Ambient local,,/Users/ahmadjalil/github/aethmodular/research/filter_combine/FilterBased_ChemSpecPM25_ETAD.csv,a9f87a16ca07030aaeaf3b0d67c1c5fe3f0d209c34a3a51b365e6a8724f33020,"# File Updated: 2025-07-29
# Data version 3.0
# Site: Addis Ababa, Ethiopia",ETAD-0205,ChemSpec_218,True,True,both competing concentration values already present in earlier CSV; upstream role unresolved,False,c91542c705254dd7e7e7271bc36789388d225dc3,a6fda4ea34e7c6d5f3c058ccd56e23d36c2afe07fee3dd8ee9072a80eeae197f
26397,ETAD,9.0106,38.8207,,ETAD-0206,2024-05-09,PM2.5,,,,ChemSpec_218,,,ChemSpec_EC_PM2.5,,4.04,0.0565181518151815,,,ChemSpec,ug/m3,ug/m3,,ETAD-0206,2024-05-09,4.04,0.056518151815,6491,ETAD,9.0106,38.8207,2370.0,ETAD-0206,2024,5,9,9.0,2024,5,10,9.0,24.0,28203,EC PM2.5,4.04,Micrograms per cubic meter (ug/m3),,0.0565181518151815,,218,AirPhoton SS5i Sampler with BGI cyclone inlet and 25mm stretched Teflon filter,FTIR,Ambient local,,/Users/ahmadjalil/github/aethmodular/research/filter_combine/FilterBased_ChemSpecPM25_ETAD.csv,a9f87a16ca07030aaeaf3b0d67c1c5fe3f0d209c34a3a51b365e6a8724f33020,"# File Updated: 2025-07-29
# Data version 3.0
# Site: Addis Ababa, Ethiopia",ETAD-0206,ChemSpec_218,True,True,both competing concentration values already present in earlier CSV; upstream role unresolved,False,c91542c705254dd7e7e7271bc36789388d225dc3,a6fda4ea34e7c6d5f3c058ccd56e23d36c2afe07fee3dd8ee9072a80eeae197f
26398,ETAD,9.0106,38.8207,,ETAD-0206,2024-05-09,PM2.5,,,,ChemSpec_218,,,ChemSpec_EC_PM2.5,,0.06,0.0565181518151815,,,ChemSpec,ug/m3,ug/m3,,ETAD-0206,2024-05-09,0.06,0.056518151815,6492,ETAD,9.0106,38.8207,2370.0,ETAD-0206,2024,5,9,9.0,2024,5,10,9.0,24.0,28203,EC PM2.5,0.06,Micrograms per cubic meter (ug/m3),,0.0565181518151815,,218,AirPhoton SS5i Sampler with BGI cyclone inlet and 25mm stretched Teflon filter,FTIR,Ambient local,,/Users/ahmadjalil/github/aethmodular/research/filter_combine/FilterBased_ChemSpecPM25_ETAD.csv,a9f87a16ca07030aaeaf3b0d67c1c5fe3f0d209c34a3a51b365e6a8724f33020,"# File Updated: 2025-07-29
# Data version 3.0
# Site: Addis Ababa, Ethiopia",ETAD-0206,ChemSpec_218,True,True,both competing concentration values already present in earlier CSV; upstream role unresolved,False,c91542c705254dd7e7e7271bc36789388d225dc3,a6fda4ea34e7c6d5f3c058ccd56e23d36c2afe07fee3dd8ee9072a80eeae197f
26469,ETAD,9.0106,38.8207,,ETAD-0208,2024-05-12,PM2.5,,,,ChemSpec_218,,,ChemSpec_EC_PM2.5,,3.91,0.0565181518151815,,,ChemSpec,ug/m3,ug/m3,,ETAD-0208,2024-05-12,3.91,0.056518151815,6532,ETAD,9.0106,38.8207,2370.0,ETAD-0208,2024,5,12,9.0,2024,5,13,9.0,24.0,28203,EC PM2.5,3.91,Micrograms per cubic meter (ug/m3),,0.0565181518151815,,218,AirPhoton SS5i Sampler with BGI cyclone inlet and 25mm stretched Teflon filter,FTIR,Ambient local,,/Users/ahmadjalil/github/aethmodular/research/filter_combine/FilterBased_ChemSpecPM25_ETAD.csv,a9f87a16ca07030aaeaf3b0d67c1c5fe3f0d209c34a3a51b365e6a8724f33020,"# File Updated: 2025-07-29
# Data version 3.0
# Site: Addis Ababa, Ethiopia",ETAD-0208,ChemSpec_218,True,True,both competing concentration values already present in earlier CSV; upstream role unresolved,False,c91542c705254dd7e7e7271bc36789388d225dc3,a6fda4ea34e7c6d5f3c058ccd56e23d36c2afe07fee3dd8ee9072a80eeae197f
26470,ETAD,9.0106,38.8207,,ETAD-0208,2024-05-12,PM2.5,,,,ChemSpec_218,,,ChemSpec_EC_PM2.5,,0.06,0.0565181518151815,,,ChemSpec,ug/m3,ug/m3,,ETAD-0208,2024-05-12,0.06,0.056518151815,6533,ETAD,9.0106,38.8207,2370.0,ETAD-0208,2024,5,12,9.0,2024,5,13,9.0,24.0,28203,EC PM2.5,0.06,Micrograms per cubic meter (ug/m3),,0.0565181518151815,,218,AirPhoton SS5i Sampler with BGI cyclone inlet and 25mm stretched Teflon filter,FTIR,Ambient local,,/Users/ahmadjalil/github/aethmodular/research/filter_combine/FilterBased_ChemSpecPM25_ETAD.csv,a9f87a16ca07030aaeaf3b0d67c1c5fe3f0d209c34a3a51b365e6a8724f33020,"# File Updated: 2025-07-29
# Data version 3.0
# Site: Addis Ababa, Ethiopia",ETAD-0208,ChemSpec_218,True,True,both competing concentration values already present in earlier CSV; upstream role unresolved,False,c91542c705254dd7e7e7271bc36789388d225dc3,a6fda4ea34e7c6d5f3c058ccd56e23d36c2afe07fee3dd8ee9072a80eeae197f
26527,ETAD,9.0106,38.8207,,ETAD-0217,2024-06-06,PM2.5,,,,ChemSpec_218,,,ChemSpec_EC_PM2.5,,9.56,0.0578340052829139,,,ChemSpec,ug/m3,ug/m3,,ETAD-0217,2024-06-06,9.56,0.057834005283,6573,ETAD,9.0106,38.8207,2370.0,ETAD-0217,2024,6,6,9.0,2024,6,7,9.0,24.0,28203,EC PM2.5,9.56,Micrograms per cubic meter (ug/m3),,0.0578340052829139,,218,AirPhoton SS5i Sampler with BGI cyclone inlet and 25mm stretched Teflon filter,FTIR,Ambient local,,/Users/ahmadjalil/github/aethmodular/research/filter_combine/FilterBased_ChemSpecPM25_ETAD.csv,a9f87a16ca07030aaeaf3b0d67c1c5fe3f0d209c34a3a51b365e6a8724f33020,"# File Updated: 2025-07-29
# Data version 3.0
# Site: Addis Ababa, Ethiopia",ETAD-0217,ChemSpec_218,True,True,both competing concentration values already present in earlier CSV; upstream role unresolved,False,c91542c705254dd7e7e7271bc36789388d225dc3,a6fda4ea34e7c6d5f3c058ccd56e23d36c2afe07fee3dd8ee9072a80eeae197f
26528,ETAD,9.0106,38.8207,,ETAD-0217,2024-06-06,PM2.5,,,,ChemSpec_218,,,ChemSpec_EC_PM2.5,,0.06,0.0578340052829139,,,ChemSpec,ug/m3,ug/m3,,ETAD-0217,2024-06-06,0.06,0.057834005283,6574,ETAD,9.0106,38.8207,2370.0,ETAD-0217,2024,6,6,9.0,2024,6,7,9.0,24.0,28203,EC PM2.5,0.06,Micrograms per cubic meter (ug/m3),,0.0578340052829139,,218,AirPhoton SS5i Sampler with BGI cyclone inlet and 25mm stretched Teflon filter,FTIR,Ambient local,,/Users/ahmadjalil/github/aethmodular/research/filter_combine/FilterBased_ChemSpecPM25_ETAD.csv,a9f87a16ca07030aaeaf3b0d67c1c5fe3f0d209c34a3a51b365e6a8724f33020,"# File Updated: 2025-07-29
# Data version 3.0
# Site: Addis Ababa, Ethiopia",ETAD-0217,ChemSpec_218,True,True,both competing concentration values already present in earlier CSV; upstream role unresolved,False,c91542c705254dd7e7e7271bc36789388d225dc3,a6fda4ea34e7c6d5f3c058ccd56e23d36c2afe07fee3dd8ee9072a80eeae197f
26584,ETAD,9.0106,38.8207,,ETAD-0218,2024-06-09,PM2.5,,,,ChemSpec_218,,,ChemSpec_EC_PM2.5,,5.99,0.0565181518151815,,,ChemSpec,ug/m3,ug/m3,,ETAD-0218,2024-06-09,5.99,0.056518151815,6613,ETAD,9.0106,38.8207,2370.0,ETAD-0218,2024,6,9,9.0,2024,6,10,9.0,24.0,28203,EC PM2.5,5.99,Micrograms per cubic meter (ug/m3),,0.0565181518151815,,218,AirPhoton SS5i Sampler with BGI cyclone inlet and 25mm stretched Teflon filter,FTIR,Ambient local,,/Users/ahmadjalil/github/aethmodular/research/filter_combine/FilterBased_ChemSpecPM25_ETAD.csv,a9f87a16ca07030aaeaf3b0d67c1c5fe3f0d209c34a3a51b365e6a8724f33020,"# File Updated: 2025-07-29
# Data version 3.0
# Site: Addis Ababa, Ethiopia",ETAD-0218,ChemSpec_218,True,True,both competing concentration values already present in earlier CSV; upstream role unresolved,False,c91542c705254dd7e7e7271bc36789388d225dc3,a6fda4ea34e7c6d5f3c058ccd56e23d36c2afe07fee3dd8ee9072a80eeae197f
26585,ETAD,9.0106,38.8207,,ETAD-0218,2024-06-09,PM2.5,,,,ChemSpec_218,,,ChemSpec_EC_PM2.5,,0.06,0.0565181518151815,,,ChemSpec,ug/m3,ug/m3,,ETAD-0218,2024-06-09,0.06,0.056518151815,6614,ETAD,9.0106,38.8207,2370.0,ETAD-0218,2024,6,9,9.0,2024,6,10,9.0,24.0,28203,EC PM2.5,0.06,Micrograms per cubic meter (ug/m3),,0.0565181518151815,,218,AirPhoton SS5i Sampler with BGI cyclone inlet and 25mm stretched Teflon filter,FTIR,Ambient local,,/Users/ahmadjalil/github/aethmodular/research/filter_combine/FilterBased_ChemSpecPM25_ETAD.csv,a9f87a16ca07030aaeaf3b0d67c1c5fe3f0d209c34a3a51b365e6a8724f33020,"# File Updated: 2025-07-29
# Data version 3.0
# Site: Addis Ababa, Ethiopia",ETAD-0218,ChemSpec_218,True,True,both competing concentration values already present in earlier CSV; upstream role unresolved,False,c91542c705254dd7e7e7271bc36789388d225dc3,a6fda4ea34e7c6d5f3c058ccd56e23d36c2afe07fee3dd8ee9072a80eeae197f
26641,ETAD,9.0106,38.8207,,ETAD-0219,2024-06-12,PM2.5,,,,ChemSpec_218,,,ChemSpec_EC_PM2.5,,8.13,0.0578340052829139,,,ChemSpec,ug/m3,ug/m3,,ETAD-0219,2024-06-12,8.13,0.057834005283,6653,ETAD,9.0106,38.8207,2370.0,ETAD-0219,2024,6,12,9.0,2024,6,13,9.0,24.0,28203,EC PM2.5,8.13,Micrograms per cubic meter (ug/m3),,0.0578340052829139,,218,AirPhoton SS5i Sampler with BGI cyclone inlet and 25mm stretched Teflon filter,FTIR,Ambient local,,/Users/ahmadjalil/github/aethmodular/research/filter_combine/FilterBased_ChemSpecPM25_ETAD.csv,a9f87a16ca07030aaeaf3b0d67c1c5fe3f0d209c34a3a51b365e6a8724f33020,"# File Updated: 2025-07-29
# Data version 3.0
# Site: Addis Ababa, Ethiopia",ETAD-0219,ChemSpec_218,True,True,both competing concentration values already present in earlier CSV; upstream role unresolved,False,c91542c705254dd7e7e7271bc36789388d225dc3,a6fda4ea34e7c6d5f3c058ccd56e23d36c2afe07fee3dd8ee9072a80eeae197f
26642,ETAD,9.0106,38.8207,,ETAD-0219,2024-06-12,PM2.5,,,,ChemSpec_218,,,ChemSpec_EC_PM2.5,,0.06,0.0578340052829139,,,ChemSpec,ug/m3,ug/m3,,ETAD-0219,2024-06-12,0.06,0.057834005283,6654,ETAD,9.0106,38.8207,2370.0,ETAD-0219,2024,6,12,9.0,2024,6,13,9.0,24.0,28203,EC PM2.5,0.06,Micrograms per cubic meter (ug/m3),,0.0578340052829139,,218,AirPhoton SS5i Sampler with BGI cyclone inlet and 25mm stretched Teflon filter,FTIR,Ambient local,,/Users/ahmadjalil/github/aethmodular/research/filter_combine/FilterBased_ChemSpecPM25_ETAD.csv,a9f87a16ca07030aaeaf3b0d67c1c5fe3f0d209c34a3a51b365e6a8724f33020,"# File Updated: 2025-07-29
# Data version 3.0
# Site: Addis Ababa, Ethiopia",ETAD-0219,ChemSpec_218,True,True,both competing concentration values already present in earlier CSV; upstream role unresolved,False,c91542c705254dd7e7e7271bc36789388d225dc3,a6fda4ea34e7c6d5f3c058ccd56e23d36c2afe07fee3dd8ee9072a80eeae197f
26698,ETAD,9.0106,38.8207,,ETAD-0220,2024-06-15,PM2.5,,,,ChemSpec_218,,,ChemSpec_EC_PM2.5,,4.57,0.0565181518151815,,,ChemSpec,ug/m3,ug/m3,,ETAD-0220,2024-06-15,4.57,0.056518151815,6693,ETAD,9.0106,38.8207,2370.0,ETAD-0220,2024,6,15,9.0,2024,6,16,9.0,24.0,28203,EC PM2.5,4.57,Micrograms per cubic meter (ug/m3),,0.0565181518151815,,218,AirPhoton SS5i Sampler with BGI cyclone inlet and 25mm stretched Teflon filter,FTIR,Ambient local,,/Users/ahmadjalil/github/aethmodular/research/filter_combine/FilterBased_ChemSpecPM25_ETAD.csv,a9f87a16ca07030aaeaf3b0d67c1c5fe3f0d209c34a3a51b365e6a8724f33020,"# File Updated: 2025-07-29
# Data version 3.0
# Site: Addis Ababa, Ethiopia",ETAD-0220,ChemSpec_218,True,True,both competing concentration values already present in earlier CSV; upstream role unresolved,False,c91542c705254dd7e7e7271bc36789388d225dc3,a6fda4ea34e7c6d5f3c058ccd56e23d36c2afe07fee3dd8ee9072a80eeae197f
26699,ETAD,9.0106,38.8207,,ETAD-0220,2024-06-15,PM2.5,,,,ChemSpec_218,,,ChemSpec_EC_PM2.5,,0.06,0.0565181518151815,,,ChemSpec,ug/m3,ug/m3,,ETAD-0220,2024-06-15,0.06,0.056518151815,6694,ETAD,9.0106,38.8207,2370.0,ETAD-0220,2024,6,15,9.0,2024,6,16,9.0,24.0,28203,EC PM2.5,0.06,Micrograms per cubic meter (ug/m3),,0.0565181518151815,,218,AirPhoton SS5i Sampler with BGI cyclone inlet and 25mm stretched Teflon filter,FTIR,Ambient local,,/Users/ahmadjalil/github/aethmodular/research/filter_combine/FilterBased_ChemSpecPM25_ETAD.csv,a9f87a16ca07030aaeaf3b0d67c1c5fe3f0d209c34a3a51b365e6a8724f33020,"# File Updated: 2025-07-29
# Data version 3.0
# Site: Addis Ababa, Ethiopia",ETAD-0220,ChemSpec_218,True,True,both competing concentration values already present in earlier CSV; upstream role unresolved,False,c91542c705254dd7e7e7271bc36789388d225dc3,a6fda4ea34e7c6d5f3c058ccd56e23d36c2afe07fee3dd8ee9072a80eeae197f
26755,ETAD,9.0106,38.8207,,ETAD-0221,2024-06-18,PM2.5,,,,ChemSpec_218,,,ChemSpec_EC_PM2.5,,11.74,0.0606233100896541,,,ChemSpec,ug/m3,ug/m3,,ETAD-0221,2024-06-18,11.74,0.06062331009,6733,ETAD,9.0106,38.8207,2370.0,ETAD-0221,2024,6,18,9.0,2024,6,19,9.0,24.0,28203,EC PM2.5,11.74,Micrograms per cubic meter (ug/m3),,0.0606233100896541,,218,AirPhoton SS5i Sampler with BGI cyclone inlet and 25mm stretched Teflon filter,FTIR,Ambient local,,/Users/ahmadjalil/github/aethmodular/research/filter_combine/FilterBased_ChemSpecPM25_ETAD.csv,a9f87a16ca07030aaeaf3b0d67c1c5fe3f0d209c34a3a51b365e6a8724f33020,"# File Updated: 2025-07-29
# Data version 3.0
# Site: Addis Ababa, Ethiopia",ETAD-0221,ChemSpec_218,True,True,both competing concentration values already present in earlier CSV; upstream role unresolved,False,c91542c705254dd7e7e7271bc36789388d225dc3,a6fda4ea34e7c6d5f3c058ccd56e23d36c2afe07fee3dd8ee9072a80eeae197f
26756,ETAD,9.0106,38.8207,,ETAD-0221,2024-06-18,PM2.5,,,,ChemSpec_218,,,ChemSpec_EC_PM2.5,,0.06,0.0606233100896541,,,ChemSpec,ug/m3,ug/m3,,ETAD-0221,2024-06-18,0.06,0.06062331009,6734,ETAD,9.0106,38.8207,2370.0,ETAD-0221,2024,6,18,9.0,2024,6,19,9.0,24.0,28203,EC PM2.5,0.06,Micrograms per cubic meter (ug/m3),,0.0606233100896541,,218,AirPhoton SS5i Sampler with BGI cyclone inlet and 25mm stretched Teflon filter,FTIR,Ambient local,,/Users/ahmadjalil/github/aethmodular/research/filter_combine/FilterBased_ChemSpecPM25_ETAD.csv,a9f87a16ca07030aaeaf3b0d67c1c5fe3f0d209c34a3a51b365e6a8724f33020,"# File Updated: 2025-07-29
# Data version 3.0
# Site: Addis Ababa, Ethiopia",ETAD-0221,ChemSpec_218,True,True,both competing concentration values already present in earlier CSV; upstream role unresolved,False,c91542c705254dd7e7e7271bc36789388d225dc3,a6fda4ea34e7c6d5f3c058ccd56e23d36c2afe07fee3dd8ee9072a80eeae197f
26812,ETAD,9.0106,38.8207,,ETAD-0222,2024-06-21,PM2.5,,,,ChemSpec_218,,,ChemSpec_EC_PM2.5,,8.61,0.0578340052829139,,,ChemSpec,ug/m3,ug/m3,,ETAD-0222,2024-06-21,8.61,0.057834005283,6773,ETAD,9.0106,38.8207,2370.0,ETAD-0222,2024,6,21,9.0,2024,6,22,9.0,24.0,28203,EC PM2.5,8.61,Micrograms per cubic meter (ug/m3),,0.0578340052829139,,218,AirPhoton SS5i Sampler with BGI cyclone inlet and 25mm stretched Teflon filter,FTIR,Ambient local,,/Users/ahmadjalil/github/aethmodular/research/filter_combine/FilterBased_ChemSpecPM25_ETAD.csv,a9f87a16ca07030aaeaf3b0d67c1c5fe3f0d209c34a3a51b365e6a8724f33020,"# File Updated: 2025-07-29
# Data version 3.0
# Site: Addis Ababa, Ethiopia",ETAD-0222,ChemSpec_218,True,True,both competing concentration values already present in earlier CSV; upstream role unresolved,False,c91542c705254dd7e7e7271bc36789388d225dc3,a6fda4ea34e7c6d5f3c058ccd56e23d36c2afe07fee3dd8ee9072a80eeae197f
26813,ETAD,9.0106,38.8207,,ETAD-0222,2024-06-21,PM2.5,,,,ChemSpec_218,,,ChemSpec_EC_PM2.5,,0.06,0.0578340052829139,,,ChemSpec,ug/m3,ug/m3,,ETAD-0222,2024-06-21,0.06,0.057834005283,6774,ETAD,9.0106,38.8207,2370.0,ETAD-0222,2024,6,21,9.0,2024,6,22,9.0,24.0,28203,EC PM2.5,0.06,Micrograms per cubic meter (ug/m3),,0.0578340052829139,,218,AirPhoton SS5i Sampler with BGI cyclone inlet and 25mm stretched Teflon filter,FTIR,Ambient local,,/Users/ahmadjalil/github/aethmodular/research/filter_combine/FilterBased_ChemSpecPM25_ETAD.csv,a9f87a16ca07030aaeaf3b0d67c1c5fe3f0d209c34a3a51b365e6a8724f33020,"# File Updated: 2025-07-29
# Data version 3.0
# Site: Addis Ababa, Ethiopia",ETAD-0222,ChemSpec_218,True,True,both competing concentration values already present in earlier CSV; upstream role unresolved,False,c91542c705254dd7e7e7271bc36789388d225dc3,a6fda4ea34e7c6d5f3c058ccd56e23d36c2afe07fee3dd8ee9072a80eeae197f
26883,ETAD,9.0106,38.8207,,ETAD-0224,2024-06-24,PM2.5,,,,ChemSpec_218,,,ChemSpec_EC_PM2.5,,7.25,0.0578340052829139,,,ChemSpec,ug/m3,ug/m3,,ETAD-0224,2024-06-24,7.25,0.057834005283,6813,ETAD,9.0106,38.8207,2370.0,ETAD-0224,2024,6,24,9.0,2024,6,25,9.0,24.0,28203,EC PM2.5,7.25,Micrograms per cubic meter (ug/m3),,0.0578340052829139,,218,AirPhoton SS5i Sampler with BGI cyclone inlet and 25mm stretched Teflon filter,FTIR,Ambient local,,/Users/ahmadjalil/github/aethmodular/research/filter_combine/FilterBased_ChemSpecPM25_ETAD.csv,a9f87a16ca07030aaeaf3b0d67c1c5fe3f0d209c34a3a51b365e6a8724f33020,"# File Updated: 2025-07-29
# Data version 3.0
# Site: Addis Ababa, Ethiopia",ETAD-0224,ChemSpec_218,True,True,both competing concentration values already present in earlier CSV; upstream role unresolved,False,c91542c705254dd7e7e7271bc36789388d225dc3,a6fda4ea34e7c6d5f3c058ccd56e23d36c2afe07fee3dd8ee9072a80eeae197f
26884,ETAD,9.0106,38.8207,,ETAD-0224,2024-06-24,PM2.5,,,,ChemSpec_218,,,ChemSpec_EC_PM2.5,,0.06,0.0578340052829139,,,ChemSpec,ug/m3,ug/m3,,ETAD-0224,2024-06-24,0.06,0.057834005283,6814,ETAD,9.0106,38.8207,2370.0,ETAD-0224,2024,6,24,9.0,2024,6,25,9.0,24.0,28203,EC PM2.5,0.06,Micrograms per cubic meter (ug/m3),,0.0578340052829139,,218,AirPhoton SS5i Sampler with BGI cyclone inlet and 25mm stretched Teflon filter,FTIR,Ambient local,,/Users/ahmadjalil/github/aethmodular/research/filter_combine/FilterBased_ChemSpecPM25_ETAD.csv,a9f87a16ca07030aaeaf3b0d67c1c5fe3f0d209c34a3a51b365e6a8724f33020,"# File Updated: 2025-07-29
# Data version 3.0
# Site: Addis Ababa, Ethiopia",ETAD-0224,ChemSpec_218,True,True,both competing concentration values already present in earlier CSV; upstream role unresolved,False,c91542c705254dd7e7e7271bc36789388d225dc3,a6fda4ea34e7c6d5f3c058ccd56e23d36c2afe07fee3dd8ee9072a80eeae197f
26940,ETAD,9.0106,38.8207,,ETAD-0225,2024-06-26,PM2.5,,,,ChemSpec_218,,,ChemSpec_EC_PM2.5,,7.18,0.0565181518151815,,,ChemSpec,ug/m3,ug/m3,,ETAD-0225,2024-06-26,7.18,0.056518151815,6853,ETAD,9.0106,38.8207,2370.0,ETAD-0225,2024,6,26,9.0,2024,6,27,9.0,24.0,28203,EC PM2.5,7.18,Micrograms per cubic meter (ug/m3),,0.0565181518151815,,218,AirPhoton SS5i Sampler with BGI cyclone inlet and 25mm stretched Teflon filter,FTIR,Ambient local,,/Users/ahmadjalil/github/aethmodular/research/filter_combine/FilterBased_ChemSpecPM25_ETAD.csv,a9f87a16ca07030aaeaf3b0d67c1c5fe3f0d209c34a3a51b365e6a8724f33020,"# File Updated: 2025-07-29
# Data version 3.0
# Site: Addis Ababa, Ethiopia",ETAD-0225,ChemSpec_218,True,True,both competing concentration values already present in earlier CSV; upstream role unresolved,False,c91542c705254dd7e7e7271bc36789388d225dc3,a6fda4ea34e7c6d5f3c058ccd56e23d36c2afe07fee3dd8ee9072a80eeae197f
26941,ETAD,9.0106,38.8207,,ETAD-0225,2024-06-26,PM2.5,,,,ChemSpec_218,,,ChemSpec_EC_PM2.5,,0.06,0.0565181518151815,,,ChemSpec,ug/m3,ug/m3,,ETAD-0225,2024-06-26,0.06,0.056518151815,6854,ETAD,9.0106,38.8207,2370.0,ETAD-0225,2024,6,26,9.0,2024,6,27,9.0,24.0,28203,EC PM2.5,0.06,Micrograms per cubic meter (ug/m3),,0.0565181518151815,,218,AirPhoton SS5i Sampler with BGI cyclone inlet and 25mm stretched Teflon filter,FTIR,Ambient local,,/Users/ahmadjalil/github/aethmodular/research/filter_combine/FilterBased_ChemSpecPM25_ETAD.csv,a9f87a16ca07030aaeaf3b0d67c1c5fe3f0d209c34a3a51b365e6a8724f33020,"# File Updated: 2025-07-29
# Data version 3.0
# Site: Addis Ababa, Ethiopia",ETAD-0225,ChemSpec_218,True,True,both competing concentration values already present in earlier CSV; upstream role unresolved,False,c91542c705254dd7e7e7271bc36789388d225dc3,a6fda4ea34e7c6d5f3c058ccd56e23d36c2afe07fee3dd8ee9072a80eeae197f
26997,ETAD,9.0106,38.8207,,ETAD-0226,2024-06-29,PM2.5,,,,ChemSpec_218,,,ChemSpec_EC_PM2.5,,10.27,0.0578340052829139,,,ChemSpec,ug/m3,ug/m3,,ETAD-0226,2024-06-29,10.27,0.057834005283,6893,ETAD,9.0106,38.8207,2370.0,ETAD-0226,2024,6,29,9.0,2024,6,30,9.0,24.0,28203,EC PM2.5,10.27,Micrograms per cubic meter (ug/m3),,0.0578340052829139,,218,AirPhoton SS5i Sampler with BGI cyclone inlet and 25mm stretched Teflon filter,FTIR,Ambient local,,/Users/ahmadjalil/github/aethmodular/research/filter_combine/FilterBased_ChemSpecPM25_ETAD.csv,a9f87a16ca07030aaeaf3b0d67c1c5fe3f0d209c34a3a51b365e6a8724f33020,"# File Updated: 2025-07-29
# Data version 3.0
# Site: Addis Ababa, Ethiopia",ETAD-0226,ChemSpec_218,True,True,both competing concentration values already present in earlier CSV; upstream role unresolved,False,c91542c705254dd7e7e7271bc36789388d225dc3,a6fda4ea34e7c6d5f3c058ccd56e23d36c2afe07fee3dd8ee9072a80eeae197f
26998,ETAD,9.0106,38.8207,,ETAD-0226,2024-06-29,PM2.5,,,,ChemSpec_218,,,ChemSpec_EC_PM2.5,,0.06,0.0578340052829139,,,ChemSpec,ug/m3,ug/m3,,ETAD-0226,2024-06-29,0.06,0.057834005283,6894,ETAD,9.0106,38.8207,2370.0,ETAD-0226,2024,6,29,9.0,2024,6,30,9.0,24.0,28203,EC PM2.5,0.06,Micrograms per cubic meter (ug/m3),,0.0578340052829139,,218,AirPhoton SS5i Sampler with BGI cyclone inlet and 25mm stretched Teflon filter,FTIR,Ambient local,,/Users/ahmadjalil/github/aethmodular/research/filter_combine/FilterBased_ChemSpecPM25_ETAD.csv,a9f87a16ca07030aaeaf3b0d67c1c5fe3f0d209c34a3a51b365e6a8724f33020,"# File Updated: 2025-07-29
# Data version 3.0
# Site: Addis Ababa, Ethiopia",ETAD-0226,ChemSpec_218,True,True,both competing concentration values already present in earlier CSV; upstream role unresolved,False,c91542c705254dd7e7e7271bc36789388d225dc3,a6fda4ea34e7c6d5f3c058ccd56e23d36c2afe07fee3dd8ee9072a80eeae197f
27054,ETAD,9.0106,38.8207,,ETAD-0227,2024-07-02,PM2.5,,,,ChemSpec_218,,,ChemSpec_EC_PM2.5,,9.28,0.0592457078525189,,,ChemSpec,ug/m3,ug/m3,,ETAD-0227,2024-07-02,9.28,0.059245707853,6933,ETAD,9.0106,38.8207,2370.0,ETAD-0227,2024,7,2,9.0,2024,7,3,9.0,24.0,28203,EC PM2.5,9.28,Micrograms per cubic meter (ug/m3),,0.0592457078525189,,218,AirPhoton SS5i Sampler with BGI cyclone inlet and 25mm stretched Teflon filter,FTIR,Ambient local,,/Users/ahmadjalil/github/aethmodular/research/filter_combine/FilterBased_ChemSpecPM25_ETAD.csv,a9f87a16ca07030aaeaf3b0d67c1c5fe3f0d209c34a3a51b365e6a8724f33020,"# File Updated: 2025-07-29
# Data version 3.0
# Site: Addis Ababa, Ethiopia",ETAD-0227,ChemSpec_218,True,True,both competing concentration values already present in earlier CSV; upstream role unresolved,False,c91542c705254dd7e7e7271bc36789388d225dc3,a6fda4ea34e7c6d5f3c058ccd56e23d36c2afe07fee3dd8ee9072a80eeae197f
27055,ETAD,9.0106,38.8207,,ETAD-0227,2024-07-02,PM2.5,,,,ChemSpec_218,,,ChemSpec_EC_PM2.5,,0.06,0.0592457078525189,,,ChemSpec,ug/m3,ug/m3,,ETAD-0227,2024-07-02,0.06,0.059245707853,6934,ETAD,9.0106,38.8207,2370.0,ETAD-0227,2024,7,2,9.0,2024,7,3,9.0,24.0,28203,EC PM2.5,0.06,Micrograms per cubic meter (ug/m3),,0.0592457078525189,,218,AirPhoton SS5i Sampler with BGI cyclone inlet and 25mm stretched Teflon filter,FTIR,Ambient local,,/Users/ahmadjalil/github/aethmodular/research/filter_combine/FilterBased_ChemSpecPM25_ETAD.csv,a9f87a16ca07030aaeaf3b0d67c1c5fe3f0d209c34a3a51b365e6a8724f33020,"# File Updated: 2025-07-29
# Data version 3.0
# Site: Addis Ababa, Ethiopia",ETAD-0227,ChemSpec_218,True,True,both competing concentration values already present in earlier CSV; upstream role unresolved,False,c91542c705254dd7e7e7271bc36789388d225dc3,a6fda4ea34e7c6d5f3c058ccd56e23d36c2afe07fee3dd8ee9072a80eeae197f
27111,ETAD,9.0106,38.8207,,ETAD-0228,2024-07-05,PM2.5,,,,ChemSpec_218,,,ChemSpec_EC_PM2.5,,5.26,0.0553139440065235,,,ChemSpec,ug/m3,ug/m3,,ETAD-0228,2024-07-05,5.26,0.055313944007,6973,ETAD,9.0106,38.8207,2370.0,ETAD-0228,2024,7,5,9.0,2024,7,6,9.0,24.0,28203,EC PM2.5,5.26,Micrograms per cubic meter (ug/m3),,0.0553139440065235,,218,AirPhoton SS5i Sampler with BGI cyclone inlet and 25mm stretched Teflon filter,FTIR,Ambient local,,/Users/ahmadjalil/github/aethmodular/research/filter_combine/FilterBased_ChemSpecPM25_ETAD.csv,a9f87a16ca07030aaeaf3b0d67c1c5fe3f0d209c34a3a51b365e6a8724f33020,"# File Updated: 2025-07-29
# Data version 3.0
# Site: Addis Ababa, Ethiopia",ETAD-0228,ChemSpec_218,True,True,both competing concentration values already present in earlier CSV; upstream role unresolved,False,c91542c705254dd7e7e7271bc36789388d225dc3,a6fda4ea34e7c6d5f3c058ccd56e23d36c2afe07fee3dd8ee9072a80eeae197f
27112,ETAD,9.0106,38.8207,,ETAD-0228,2024-07-05,PM2.5,,,,ChemSpec_218,,,ChemSpec_EC_PM2.5,,0.06,0.0553139440065235,,,ChemSpec,ug/m3,ug/m3,,ETAD-0228,2024-07-05,0.06,0.055313944007,6974,ETAD,9.0106,38.8207,2370.0,ETAD-0228,2024,7,5,9.0,2024,7,6,9.0,24.0,28203,EC PM2.5,0.06,Micrograms per cubic meter (ug/m3),,0.0553139440065235,,218,AirPhoton SS5i Sampler with BGI cyclone inlet and 25mm stretched Teflon filter,FTIR,Ambient local,,/Users/ahmadjalil/github/aethmodular/research/filter_combine/FilterBased_ChemSpecPM25_ETAD.csv,a9f87a16ca07030aaeaf3b0d67c1c5fe3f0d209c34a3a51b365e6a8724f33020,"# File Updated: 2025-07-29
# Data version 3.0
# Site: Addis Ababa, Ethiopia",ETAD-0228,ChemSpec_218,True,True,both competing concentration values already present in earlier CSV; upstream role unresolved,False,c91542c705254dd7e7e7271bc36789388d225dc3,a6fda4ea34e7c6d5f3c058ccd56e23d36c2afe07fee3dd8ee9072a80eeae197f
27168,ETAD,9.0106,38.8207,,ETAD-0229,2024-07-08,PM2.5,,,,ChemSpec_218,,,ChemSpec_EC_PM2.5,,11.14,0.0578340052829139,,,ChemSpec,ug/m3,ug/m3,,ETAD-0229,2024-07-08,11.14,0.057834005283,7013,ETAD,9.0106,38.8207,2370.0,ETAD-0229,2024,7,8,9.0,2024,7,9,9.0,24.0,28203,EC PM2.5,11.14,Micrograms per cubic meter (ug/m3),,0.0578340052829139,,218,AirPhoton SS5i Sampler with BGI cyclone inlet and 25mm stretched Teflon filter,FTIR,Ambient local,,/Users/ahmadjalil/github/aethmodular/research/filter_combine/FilterBased_ChemSpecPM25_ETAD.csv,a9f87a16ca07030aaeaf3b0d67c1c5fe3f0d209c34a3a51b365e6a8724f33020,"# File Updated: 2025-07-29
# Data version 3.0
# Site: Addis Ababa, Ethiopia",ETAD-0229,ChemSpec_218,True,True,both competing concentration values already present in earlier CSV; upstream role unresolved,False,c91542c705254dd7e7e7271bc36789388d225dc3,a6fda4ea34e7c6d5f3c058ccd56e23d36c2afe07fee3dd8ee9072a80eeae197f
27169,ETAD,9.0106,38.8207,,ETAD-0229,2024-07-08,PM2.5,,,,ChemSpec_218,,,ChemSpec_EC_PM2.5,,0.06,0.0578340052829139,,,ChemSpec,ug/m3,ug/m3,,ETAD-0229,2024-07-08,0.06,0.057834005283,7014,ETAD,9.0106,38.8207,2370.0,ETAD-0229,2024,7,8,9.0,2024,7,9,9.0,24.0,28203,EC PM2.5,0.06,Micrograms per cubic meter (ug/m3),,0.0578340052829139,,218,AirPhoton SS5i Sampler with BGI cyclone inlet and 25mm stretched Teflon filter,FTIR,Ambient local,,/Users/ahmadjalil/github/aethmodular/research/filter_combine/FilterBased_ChemSpecPM25_ETAD.csv,a9f87a16ca07030aaeaf3b0d67c1c5fe3f0d209c34a3a51b365e6a8724f33020,"# File Updated: 2025-07-29
# Data version 3.0
# Site: Addis Ababa, Ethiopia",ETAD-0229,ChemSpec_218,True,True,both competing concentration values already present in earlier CSV; upstream role unresolved,False,c91542c705254dd7e7e7271bc36789388d225dc3,a6fda4ea34e7c6d5f3c058ccd56e23d36c2afe07fee3dd8ee9072a80eeae197f
27225,ETAD,9.0106,38.8207,,ETAD-0230,2024-07-11,PM2.5,,,,ChemSpec_218,,,ChemSpec_EC_PM2.5,,10.6,0.0592457078525189,,,ChemSpec,ug/m3,ug/m3,,ETAD-0230,2024-07-11,10.6,0.059245707853,7053,ETAD,9.0106,38.8207,2370.0,ETAD-0230,2024,7,11,9.0,2024,7,12,9.0,24.0,28203,EC PM2.5,10.6,Micrograms per cubic meter (ug/m3),,0.0592457078525189,,218,AirPhoton SS5i Sampler with BGI cyclone inlet and 25mm stretched Teflon filter,FTIR,Ambient local,,/Users/ahmadjalil/github/aethmodular/research/filter_combine/FilterBased_ChemSpecPM25_ETAD.csv,a9f87a16ca07030aaeaf3b0d67c1c5fe3f0d209c34a3a51b365e6a8724f33020,"# File Updated: 2025-07-29
# Data version 3.0
# Site: Addis Ababa, Ethiopia",ETAD-0230,ChemSpec_218,True,True,both competing concentration values already present in earlier CSV; upstream role unresolved,False,c91542c705254dd7e7e7271bc36789388d225dc3,a6fda4ea34e7c6d5f3c058ccd56e23d36c2afe07fee3dd8ee9072a80eeae197f
27226,ETAD,9.0106,38.8207,,ETAD-0230,2024-07-11,PM2.5,,,,ChemSpec_218,,,ChemSpec_EC_PM2.5,,0.06,0.0592457078525189,,,ChemSpec,ug/m3,ug/m3,,ETAD-0230,2024-07-11,0.06,0.059245707853,7054,ETAD,9.0106,38.8207,2370.0,ETAD-0230,2024,7,11,9.0,2024,7,12,9.0,24.0,28203,EC PM2.5,0.06,Micrograms per cubic meter (ug/m3),,0.0592457078525189,,218,AirPhoton SS5i Sampler with BGI cyclone inlet and 25mm stretched Teflon filter,FTIR,Ambient local,,/Users/ahmadjalil/github/aethmodular/research/filter_combine/FilterBased_ChemSpecPM25_ETAD.csv,a9f87a16ca07030aaeaf3b0d67c1c5fe3f0d209c34a3a51b365e6a8724f33020,"# File Updated: 2025-07-29
# Data version 3.0
# Site: Addis Ababa, Ethiopia",ETAD-0230,ChemSpec_218,True,True,both competing concentration values already present in earlier CSV; upstream role unresolved,False,c91542c705254dd7e7e7271bc36789388d225dc3,a6fda4ea34e7c6d5f3c058ccd56e23d36c2afe07fee3dd8ee9072a80eeae197f
27296,ETAD,9.0106,38.8207,,ETAD-0232,2024-07-14,PM2.5,,,,ChemSpec_218,,,ChemSpec_EC_PM2.5,,9.97,0.0578340052829139,,,ChemSpec,ug/m3,ug/m3,,ETAD-0232,2024-07-14,9.97,0.057834005283,7093,ETAD,9.0106,38.8207,2370.0,ETAD-0232,2024,7,14,9.0,2024,7,15,9.0,24.0,28203,EC PM2.5,9.97,Micrograms per cubic meter (ug/m3),,0.0578340052829139,,218,AirPhoton SS5i Sampler with BGI cyclone inlet and 25mm stretched Teflon filter,FTIR,Ambient local,,/Users/ahmadjalil/github/aethmodular/research/filter_combine/FilterBased_ChemSpecPM25_ETAD.csv,a9f87a16ca07030aaeaf3b0d67c1c5fe3f0d209c34a3a51b365e6a8724f33020,"# File Updated: 2025-07-29
# Data version 3.0
# Site: Addis Ababa, Ethiopia",ETAD-0232,ChemSpec_218,True,True,both competing concentration values already present in earlier CSV; upstream role unresolved,False,c91542c705254dd7e7e7271bc36789388d225dc3,a6fda4ea34e7c6d5f3c058ccd56e23d36c2afe07fee3dd8ee9072a80eeae197f
27297,ETAD,9.0106,38.8207,,ETAD-0232,2024-07-14,PM2.5,,,,ChemSpec_218,,,ChemSpec_EC_PM2.5,,0.06,0.0578340052829139,,,ChemSpec,ug/m3,ug/m3,,ETAD-0232,2024-07-14,0.06,0.057834005283,7094,ETAD,9.0106,38.8207,2370.0,ETAD-0232,2024,7,14,9.0,2024,7,15,9.0,24.0,28203,EC PM2.5,0.06,Micrograms per cubic meter (ug/m3),,0.0578340052829139,,218,AirPhoton SS5i Sampler with BGI cyclone inlet and 25mm stretched Teflon filter,FTIR,Ambient local,,/Users/ahmadjalil/github/aethmodular/research/filter_combine/FilterBased_ChemSpecPM25_ETAD.csv,a9f87a16ca07030aaeaf3b0d67c1c5fe3f0d209c34a3a51b365e6a8724f33020,"# File Updated: 2025-07-29
# Data version 3.0
# Site: Addis Ababa, Ethiopia",ETAD-0232,ChemSpec_218,True,True,both competing concentration values already present in earlier CSV; upstream role unresolved,False,c91542c705254dd7e7e7271bc36789388d225dc3,a6fda4ea34e7c6d5f3c058ccd56e23d36c2afe07fee3dd8ee9072a80eeae197f
27355,ETAD,9.0106,38.8207,,ETAD-0233,2024-07-17,PM2.5,,,,ChemSpec_218,,,ChemSpec_EC_PM2.5,,9.47,0.0578340052829139,,,ChemSpec,ug/m3,ug/m3,,ETAD-0233,2024-07-17,9.47,0.057834005283,7133,ETAD,9.0106,38.8207,2370.0,ETAD-0233,2024,7,17,9.0,2024,7,18,9.0,24.0,28203,EC PM2.5,9.47,Micrograms per cubic meter (ug/m3),,0.0578340052829139,,218,AirPhoton SS5i Sampler with BGI cyclone inlet and 25mm stretched Teflon filter,FTIR,Ambient local,,/Users/ahmadjalil/github/aethmodular/research/filter_combine/FilterBased_ChemSpecPM25_ETAD.csv,a9f87a16ca07030aaeaf3b0d67c1c5fe3f0d209c34a3a51b365e6a8724f33020,"# File Updated: 2025-07-29
# Data version 3.0
# Site: Addis Ababa, Ethiopia",ETAD-0233,ChemSpec_218,True,True,both competing concentration values already present in earlier CSV; upstream role unresolved,False,c91542c705254dd7e7e7271bc36789388d225dc3,a6fda4ea34e7c6d5f3c058ccd56e23d36c2afe07fee3dd8ee9072a80eeae197f
27356,ETAD,9.0106,38.8207,,ETAD-0233,2024-07-17,PM2.5,,,,ChemSpec_218,,,ChemSpec_EC_PM2.5,,0.06,0.0578340052829139,,,ChemSpec,ug/m3,ug/m3,,ETAD-0233,2024-07-17,0.06,0.057834005283,7134,ETAD,9.0106,38.8207,2370.0,ETAD-0233,2024,7,17,9.0,2024,7,18,9.0,24.0,28203,EC PM2.5,0.06,Micrograms per cubic meter (ug/m3),,0.0578340052829139,,218,AirPhoton SS5i Sampler with BGI cyclone inlet and 25mm stretched Teflon filter,FTIR,Ambient local,,/Users/ahmadjalil/github/aethmodular/research/filter_combine/FilterBased_ChemSpecPM25_ETAD.csv,a9f87a16ca07030aaeaf3b0d67c1c5fe3f0d209c34a3a51b365e6a8724f33020,"# File Updated: 2025-07-29
# Data version 3.0
# Site: Addis Ababa, Ethiopia",ETAD-0233,ChemSpec_218,True,True,both competing concentration values already present in earlier CSV; upstream role unresolved,False,c91542c705254dd7e7e7271bc36789388d225dc3,a6fda4ea34e7c6d5f3c058ccd56e23d36c2afe07fee3dd8ee9072a80eeae197f
27420,ETAD,9.0106,38.8207,,ETAD-0234,2024-07-20,PM2.5,,,,ChemSpec_218,,,ChemSpec_EC_PM2.5,,6.82,0.0578340052829139,,,ChemSpec,ug/m3,ug/m3,,ETAD-0234,2024-07-20,6.82,0.057834005283,7181,ETAD,9.0106,38.8207,2370.0,ETAD-0234,2024,7,20,9.0,2024,7,21,9.0,24.0,28203,EC PM2.5,6.82,Micrograms per cubic meter (ug/m3),,0.0578340052829139,,218,AirPhoton SS5i Sampler with BGI cyclone inlet and 25mm stretched Teflon filter,FTIR,Ambient local,,/Users/ahmadjalil/github/aethmodular/research/filter_combine/FilterBased_ChemSpecPM25_ETAD.csv,a9f87a16ca07030aaeaf3b0d67c1c5fe3f0d209c34a3a51b365e6a8724f33020,"# File Updated: 2025-07-29
# Data version 3.0
# Site: Addis Ababa, Ethiopia",ETAD-0234,ChemSpec_218,True,True,both competing concentration values already present in earlier CSV; upstream role unresolved,False,c91542c705254dd7e7e7271bc36789388d225dc3,a6fda4ea34e7c6d5f3c058ccd56e23d36c2afe07fee3dd8ee9072a80eeae197f
27421,ETAD,9.0106,38.8207,,ETAD-0234,2024-07-20,PM2.5,,,,ChemSpec_218,,,ChemSpec_EC_PM2.5,,0.06,0.0578340052829139,,,ChemSpec,ug/m3,ug/m3,,ETAD-0234,2024-07-20,0.06,0.057834005283,7182,ETAD,9.0106,38.8207,2370.0,ETAD-0234,2024,7,20,9.0,2024,7,21,9.0,24.0,28203,EC PM2.5,0.06,Micrograms per cubic meter (ug/m3),,0.0578340052829139,,218,AirPhoton SS5i Sampler with BGI cyclone inlet and 25mm stretched Teflon filter,FTIR,Ambient local,,/Users/ahmadjalil/github/aethmodular/research/filter_combine/FilterBased_ChemSpecPM25_ETAD.csv,a9f87a16ca07030aaeaf3b0d67c1c5fe3f0d209c34a3a51b365e6a8724f33020,"# File Updated: 2025-07-29
# Data version 3.0
# Site: Addis Ababa, Ethiopia",ETAD-0234,ChemSpec_218,True,True,both competing concentration values already present in earlier CSV; upstream role unresolved,False,c91542c705254dd7e7e7271bc36789388d225dc3,a6fda4ea34e7c6d5f3c058ccd56e23d36c2afe07fee3dd8ee9072a80eeae197f
27485,ETAD,9.0106,38.8207,,ETAD-0235,2024-07-23,PM2.5,,,,ChemSpec_218,,,ChemSpec_EC_PM2.5,,6.04,0.0565181518151815,,,ChemSpec,ug/m3,ug/m3,,ETAD-0235,2024-07-23,6.04,0.056518151815,7229,ETAD,9.0106,38.8207,2370.0,ETAD-0235,2024,7,23,9.0,2024,7,24,9.0,24.0,28203,EC PM2.5,6.04,Micrograms per cubic meter (ug/m3),,0.0565181518151815,,218,AirPhoton SS5i Sampler with BGI cyclone inlet and 25mm stretched Teflon filter,FTIR,Ambient local,,/Users/ahmadjalil/github/aethmodular/research/filter_combine/FilterBased_ChemSpecPM25_ETAD.csv,a9f87a16ca07030aaeaf3b0d67c1c5fe3f0d209c34a3a51b365e6a8724f33020,"# File Updated: 2025-07-29
# Data version 3.0
# Site: Addis Ababa, Ethiopia",ETAD-0235,ChemSpec_218,True,True,both competing concentration values already present in earlier CSV; upstream role unresolved,False,c91542c705254dd7e7e7271bc36789388d225dc3,a6fda4ea34e7c6d5f3c058ccd56e23d36c2afe07fee3dd8ee9072a80eeae197f
27486,ETAD,9.0106,38.8207,,ETAD-0235,2024-07-23,PM2.5,,,,ChemSpec_218,,,ChemSpec_EC_PM2.5,,0.06,0.0565181518151815,,,ChemSpec,ug/m3,ug/m3,,ETAD-0235,2024-07-23,0.06,0.056518151815,7230,ETAD,9.0106,38.8207,2370.0,ETAD-0235,2024,7,23,9.0,2024,7,24,9.0,24.0,28203,EC PM2.5,0.06,Micrograms per cubic meter (ug/m3),,0.0565181518151815,,218,AirPhoton SS5i Sampler with BGI cyclone inlet and 25mm stretched Teflon filter,FTIR,Ambient local,,/Users/ahmadjalil/github/aethmodular/research/filter_combine/FilterBased_ChemSpecPM25_ETAD.csv,a9f87a16ca07030aaeaf3b0d67c1c5fe3f0d209c34a3a51b365e6a8724f33020,"# File Updated: 2025-07-29
# Data version 3.0
# Site: Addis Ababa, Ethiopia",ETAD-0235,ChemSpec_218,True,True,both competing concentration values already present in earlier CSV; upstream role unresolved,False,c91542c705254dd7e7e7271bc36789388d225dc3,a6fda4ea34e7c6d5f3c058ccd56e23d36c2afe07fee3dd8ee9072a80eeae197f
27550,ETAD,9.0106,38.8207,,ETAD-0236,2024-07-26,PM2.5,,,,ChemSpec_218,,,ChemSpec_EC_PM2.5,,4.63,0.0565181518151815,,,ChemSpec,ug/m3,ug/m3,,ETAD-0236,2024-07-26,4.63,0.056518151815,7277,ETAD,9.0106,38.8207,2370.0,ETAD-0236,2024,7,26,9.0,2024,7,27,9.0,24.0,28203,EC PM2.5,4.63,Micrograms per cubic meter (ug/m3),,0.0565181518151815,,218,AirPhoton SS5i Sampler with BGI cyclone inlet and 25mm stretched Teflon filter,FTIR,Ambient local,,/Users/ahmadjalil/github/aethmodular/research/filter_combine/FilterBased_ChemSpecPM25_ETAD.csv,a9f87a16ca07030aaeaf3b0d67c1c5fe3f0d209c34a3a51b365e6a8724f33020,"# File Updated: 2025-07-29
# Data version 3.0
# Site: Addis Ababa, Ethiopia",ETAD-0236,ChemSpec_218,True,True,both competing concentration values already present in earlier CSV; upstream role unresolved,False,c91542c705254dd7e7e7271bc36789388d225dc3,a6fda4ea34e7c6d5f3c058ccd56e23d36c2afe07fee3dd8ee9072a80eeae197f
27551,ETAD,9.0106,38.8207,,ETAD-0236,2024-07-26,PM2.5,,,,ChemSpec_218,,,ChemSpec_EC_PM2.5,,0.06,0.0565181518151815,,,ChemSpec,ug/m3,ug/m3,,ETAD-0236,2024-07-26,0.06,0.056518151815,7278,ETAD,9.0106,38.8207,2370.0,ETAD-0236,2024,7,26,9.0,2024,7,27,9.0,24.0,28203,EC PM2.5,0.06,Micrograms per cubic meter (ug/m3),,0.0565181518151815,,218,AirPhoton SS5i Sampler with BGI cyclone inlet and 25mm stretched Teflon filter,FTIR,Ambient local,,/Users/ahmadjalil/github/aethmodular/research/filter_combine/FilterBased_ChemSpecPM25_ETAD.csv,a9f87a16ca07030aaeaf3b0d67c1c5fe3f0d209c34a3a51b365e6a8724f33020,"# File Updated: 2025-07-29
# Data version 3.0
# Site: Addis Ababa, Ethiopia",ETAD-0236,ChemSpec_218,True,True,both competing concentration values already present in earlier CSV; upstream role unresolved,False,c91542c705254dd7e7e7271bc36789388d225dc3,a6fda4ea34e7c6d5f3c058ccd56e23d36c2afe07fee3dd8ee9072a80eeae197f
27615,ETAD,9.0106,38.8207,,ETAD-0237,2024-07-29,PM2.5,,,,ChemSpec_218,,,ChemSpec_EC_PM2.5,,4.91,0.0553139440065235,,,ChemSpec,ug/m3,ug/m3,,ETAD-0237,2024-07-29,4.91,0.055313944007,7325,ETAD,9.0106,38.8207,2370.0,ETAD-0237,2024,7,29,9.0,2024,7,30,9.0,24.0,28203,EC PM2.5,4.91,Micrograms per cubic meter (ug/m3),,0.0553139440065235,,218,AirPhoton SS5i Sampler with BGI cyclone inlet and 25mm stretched Teflon filter,FTIR,Ambient local,,/Users/ahmadjalil/github/aethmodular/research/filter_combine/FilterBased_ChemSpecPM25_ETAD.csv,a9f87a16ca07030aaeaf3b0d67c1c5fe3f0d209c34a3a51b365e6a8724f33020,"# File Updated: 2025-07-29
# Data version 3.0
# Site: Addis Ababa, Ethiopia",ETAD-0237,ChemSpec_218,True,True,both competing concentration values already present in earlier CSV; upstream role unresolved,False,c91542c705254dd7e7e7271bc36789388d225dc3,a6fda4ea34e7c6d5f3c058ccd56e23d36c2afe07fee3dd8ee9072a80eeae197f
27616,ETAD,9.0106,38.8207,,ETAD-0237,2024-07-29,PM2.5,,,,ChemSpec_218,,,ChemSpec_EC_PM2.5,,0.06,0.0553139440065235,,,ChemSpec,ug/m3,ug/m3,,ETAD-0237,2024-07-29,0.06,0.055313944007,7326,ETAD,9.0106,38.8207,2370.0,ETAD-0237,2024,7,29,9.0,2024,7,30,9.0,24.0,28203,EC PM2.5,0.06,Micrograms per cubic meter (ug/m3),,0.0553139440065235,,218,AirPhoton SS5i Sampler with BGI cyclone inlet and 25mm stretched Teflon filter,FTIR,Ambient local,,/Users/ahmadjalil/github/aethmodular/research/filter_combine/FilterBased_ChemSpecPM25_ETAD.csv,a9f87a16ca07030aaeaf3b0d67c1c5fe3f0d209c34a3a51b365e6a8724f33020,"# File Updated: 2025-07-29
# Data version 3.0
# Site: Addis Ababa, Ethiopia",ETAD-0237,ChemSpec_218,True,True,both competing concentration values already present in earlier CSV; upstream role unresolved,False,c91542c705254dd7e7e7271bc36789388d225dc3,a6fda4ea34e7c6d5f3c058ccd56e23d36c2afe07fee3dd8ee9072a80eeae197f
27681,ETAD,9.0106,38.8207,,ETAD-0238,2024-08-01,PM2.5,,,,ChemSpec_218,,,ChemSpec_EC_PM2.5,,8.15,0.0578340052829139,,,ChemSpec,ug/m3,ug/m3,,ETAD-0238,2024-08-01,8.15,0.057834005283,7374,ETAD,9.0106,38.8207,2370.0,ETAD-0238,2024,8,1,9.0,2024,8,2,9.0,24.0,28203,EC PM2.5,8.15,Micrograms per cubic meter (ug/m3),,0.0578340052829139,,218,AirPhoton SS5i Sampler with BGI cyclone inlet and 25mm stretched Teflon filter,FTIR,Ambient local,,/Users/ahmadjalil/github/aethmodular/research/filter_combine/FilterBased_ChemSpecPM25_ETAD.csv,a9f87a16ca07030aaeaf3b0d67c1c5fe3f0d209c34a3a51b365e6a8724f33020,"# File Updated: 2025-07-29
# Data version 3.0
# Site: Addis Ababa, Ethiopia",ETAD-0238,ChemSpec_218,True,True,both competing concentration values already present in earlier CSV; upstream role unresolved,False,c91542c705254dd7e7e7271bc36789388d225dc3,a6fda4ea34e7c6d5f3c058ccd56e23d36c2afe07fee3dd8ee9072a80eeae197f
27682,ETAD,9.0106,38.8207,,ETAD-0238,2024-08-01,PM2.5,,,,ChemSpec_218,,,ChemSpec_EC_PM2.5,,0.06,0.0578340052829139,,,ChemSpec,ug/m3,ug/m3,,ETAD-0238,2024-08-01,0.06,0.057834005283,7375,ETAD,9.0106,38.8207,2370.0,ETAD-0238,2024,8,1,9.0,2024,8,2,9.0,24.0,28203,EC PM2.5,0.06,Micrograms per cubic meter (ug/m3),,0.0578340052829139,,218,AirPhoton SS5i Sampler with BGI cyclone inlet and 25mm stretched Teflon filter,FTIR,Ambient local,,/Users/ahmadjalil/github/aethmodular/research/filter_combine/FilterBased_ChemSpecPM25_ETAD.csv,a9f87a16ca07030aaeaf3b0d67c1c5fe3f0d209c34a3a51b365e6a8724f33020,"# File Updated: 2025-07-29
# Data version 3.0
# Site: Addis Ababa, Ethiopia",ETAD-0238,ChemSpec_218,True,True,both competing concentration values already present in earlier CSV; upstream role unresolved,False,c91542c705254dd7e7e7271bc36789388d225dc3,a6fda4ea34e7c6d5f3c058ccd56e23d36c2afe07fee3dd8ee9072a80eeae197f
27760,ETAD,9.0106,38.8207,,ETAD-0240,2024-08-04,PM2.5,,,,ChemSpec_218,,,ChemSpec_EC_PM2.5,,6.42,0.0565181518151815,,,ChemSpec,ug/m3,ug/m3,,ETAD-0240,2024-08-04,6.42,0.056518151815,7422,ETAD,9.0106,38.8207,2370.0,ETAD-0240,2024,8,4,9.0,2024,8,5,9.0,24.0,28203,EC PM2.5,6.42,Micrograms per cubic meter (ug/m3),,0.0565181518151815,,218,AirPhoton SS5i Sampler with BGI cyclone inlet and 25mm stretched Teflon filter,FTIR,Ambient local,,/Users/ahmadjalil/github/aethmodular/research/filter_combine/FilterBased_ChemSpecPM25_ETAD.csv,a9f87a16ca07030aaeaf3b0d67c1c5fe3f0d209c34a3a51b365e6a8724f33020,"# File Updated: 2025-07-29
# Data version 3.0
# Site: Addis Ababa, Ethiopia",ETAD-0240,ChemSpec_218,True,True,both competing concentration values already present in earlier CSV; upstream role unresolved,False,c91542c705254dd7e7e7271bc36789388d225dc3,a6fda4ea34e7c6d5f3c058ccd56e23d36c2afe07fee3dd8ee9072a80eeae197f
27761,ETAD,9.0106,38.8207,,ETAD-0240,2024-08-04,PM2.5,,,,ChemSpec_218,,,ChemSpec_EC_PM2.5,,0.06,0.0565181518151815,,,ChemSpec,ug/m3,ug/m3,,ETAD-0240,2024-08-04,0.06,0.056518151815,7423,ETAD,9.0106,38.8207,2370.0,ETAD-0240,2024,8,4,9.0,2024,8,5,9.0,24.0,28203,EC PM2.5,0.06,Micrograms per cubic meter (ug/m3),,0.0565181518151815,,218,AirPhoton SS5i Sampler with BGI cyclone inlet and 25mm stretched Teflon filter,FTIR,Ambient local,,/Users/ahmadjalil/github/aethmodular/research/filter_combine/FilterBased_ChemSpecPM25_ETAD.csv,a9f87a16ca07030aaeaf3b0d67c1c5fe3f0d209c34a3a51b365e6a8724f33020,"# File Updated: 2025-07-29
# Data version 3.0
# Site: Addis Ababa, Ethiopia",ETAD-0240,ChemSpec_218,True,True,both competing concentration values already present in earlier CSV; upstream role unresolved,False,c91542c705254dd7e7e7271bc36789388d225dc3,a6fda4ea34e7c6d5f3c058ccd56e23d36c2afe07fee3dd8ee9072a80eeae197f
27825,ETAD,9.0106,38.8207,,ETAD-0241,2024-08-07,PM2.5,,,,ChemSpec_218,,,ChemSpec_EC_PM2.5,,7.4,0.0592457078525189,,,ChemSpec,ug/m3,ug/m3,,ETAD-0241,2024-08-07,7.4,0.059245707853,7469,ETAD,9.0106,38.8207,2370.0,ETAD-0241,2024,8,7,9.0,2024,8,15,9.0,24.0,28203,EC PM2.5,7.4,Micrograms per cubic meter (ug/m3),,0.0592457078525189,,218,AirPhoton SS5i Sampler with BGI cyclone inlet and 25mm stretched Teflon filter,FTIR,Ambient local,,/Users/ahmadjalil/github/aethmodular/research/filter_combine/FilterBased_ChemSpecPM25_ETAD.csv,a9f87a16ca07030aaeaf3b0d67c1c5fe3f0d209c34a3a51b365e6a8724f33020,"# File Updated: 2025-07-29
# Data version 3.0
# Site: Addis Ababa, Ethiopia",ETAD-0241,ChemSpec_218,True,True,both competing concentration values already present in earlier CSV; upstream role unresolved,False,c91542c705254dd7e7e7271bc36789388d225dc3,a6fda4ea34e7c6d5f3c058ccd56e23d36c2afe07fee3dd8ee9072a80eeae197f
27826,ETAD,9.0106,38.8207,,ETAD-0241,2024-08-07,PM2.5,,,,ChemSpec_218,,,ChemSpec_EC_PM2.5,,0.06,0.0592457078525189,,,ChemSpec,ug/m3,ug/m3,,ETAD-0241,2024-08-07,0.06,0.059245707853,7470,ETAD,9.0106,38.8207,2370.0,ETAD-0241,2024,8,7,9.0,2024,8,15,9.0,24.0,28203,EC PM2.5,0.06,Micrograms per cubic meter (ug/m3),,0.0592457078525189,,218,AirPhoton SS5i Sampler with BGI cyclone inlet and 25mm stretched Teflon filter,FTIR,Ambient local,,/Users/ahmadjalil/github/aethmodular/research/filter_combine/FilterBased_ChemSpecPM25_ETAD.csv,a9f87a16ca07030aaeaf3b0d67c1c5fe3f0d209c34a3a51b365e6a8724f33020,"# File Updated: 2025-07-29
# Data version 3.0
# Site: Addis Ababa, Ethiopia",ETAD-0241,ChemSpec_218,True,True,both competing concentration values already present in earlier CSV; upstream role unresolved,False,c91542c705254dd7e7e7271bc36789388d225dc3,a6fda4ea34e7c6d5f3c058ccd56e23d36c2afe07fee3dd8ee9072a80eeae197f
27889,ETAD,9.0106,38.8207,,ETAD-0242,2024-08-16,PM2.5,,,,ChemSpec_218,,,ChemSpec_EC_PM2.5,,3.43,0.0578340052829139,,,ChemSpec,ug/m3,ug/m3,,ETAD-0242,2024-08-16,3.43,0.057834005283,7516,ETAD,9.0106,38.8207,2370.0,ETAD-0242,2024,8,16,9.0,2024,8,24,9.0,24.0,28203,EC PM2.5,3.43,Micrograms per cubic meter (ug/m3),,0.0578340052829139,,218,AirPhoton SS5i Sampler with BGI cyclone inlet and 25mm stretched Teflon filter,FTIR,Ambient local,,/Users/ahmadjalil/github/aethmodular/research/filter_combine/FilterBased_ChemSpecPM25_ETAD.csv,a9f87a16ca07030aaeaf3b0d67c1c5fe3f0d209c34a3a51b365e6a8724f33020,"# File Updated: 2025-07-29
# Data version 3.0
# Site: Addis Ababa, Ethiopia",ETAD-0242,ChemSpec_218,True,True,both competing concentration values already present in earlier CSV; upstream role unresolved,False,c91542c705254dd7e7e7271bc36789388d225dc3,a6fda4ea34e7c6d5f3c058ccd56e23d36c2afe07fee3dd8ee9072a80eeae197f
27890,ETAD,9.0106,38.8207,,ETAD-0242,2024-08-16,PM2.5,,,,ChemSpec_218,,,ChemSpec_EC_PM2.5,,0.06,0.0578340052829139,,,ChemSpec,ug/m3,ug/m3,,ETAD-0242,2024-08-16,0.06,0.057834005283,7517,ETAD,9.0106,38.8207,2370.0,ETAD-0242,2024,8,16,9.0,2024,8,24,9.0,24.0,28203,EC PM2.5,0.06,Micrograms per cubic meter (ug/m3),,0.0578340052829139,,218,AirPhoton SS5i Sampler with BGI cyclone inlet and 25mm stretched Teflon filter,FTIR,Ambient local,,/Users/ahmadjalil/github/aethmodular/research/filter_combine/FilterBased_ChemSpecPM25_ETAD.csv,a9f87a16ca07030aaeaf3b0d67c1c5fe3f0d209c34a3a51b365e6a8724f33020,"# File Updated: 2025-07-29
# Data version 3.0
# Site: Addis Ababa, Ethiopia",ETAD-0242,ChemSpec_218,True,True,both competing concentration values already present in earlier CSV; upstream role unresolved,False,c91542c705254dd7e7e7271bc36789388d225dc3,a6fda4ea34e7c6d5f3c058ccd56e23d36c2afe07fee3dd8ee9072a80eeae197f
27954,ETAD,9.0106,38.8207,,ETAD-0243,2024-08-25,PM2.5,,,,ChemSpec_218,,,ChemSpec_EC_PM2.5,,6.0,0.0578340052829139,,,ChemSpec,ug/m3,ug/m3,,ETAD-0243,2024-08-25,6.0,0.057834005283,7563,ETAD,9.0106,38.8207,2370.0,ETAD-0243,2024,8,25,9.0,2024,9,2,9.0,24.0,28203,EC PM2.5,6.0,Micrograms per cubic meter (ug/m3),,0.0578340052829139,,218,AirPhoton SS5i Sampler with BGI cyclone inlet and 25mm stretched Teflon filter,FTIR,Ambient local,,/Users/ahmadjalil/github/aethmodular/research/filter_combine/FilterBased_ChemSpecPM25_ETAD.csv,a9f87a16ca07030aaeaf3b0d67c1c5fe3f0d209c34a3a51b365e6a8724f33020,"# File Updated: 2025-07-29
# Data version 3.0
# Site: Addis Ababa, Ethiopia",ETAD-0243,ChemSpec_218,True,True,both competing concentration values already present in earlier CSV; upstream role unresolved,False,c91542c705254dd7e7e7271bc36789388d225dc3,a6fda4ea34e7c6d5f3c058ccd56e23d36c2afe07fee3dd8ee9072a80eeae197f
27955,ETAD,9.0106,38.8207,,ETAD-0243,2024-08-25,PM2.5,,,,ChemSpec_218,,,ChemSpec_EC_PM2.5,,0.06,0.0578340052829139,,,ChemSpec,ug/m3,ug/m3,,ETAD-0243,2024-08-25,0.06,0.057834005283,7564,ETAD,9.0106,38.8207,2370.0,ETAD-0243,2024,8,25,9.0,2024,9,2,9.0,24.0,28203,EC PM2.5,0.06,Micrograms per cubic meter (ug/m3),,0.0578340052829139,,218,AirPhoton SS5i Sampler with BGI cyclone inlet and 25mm stretched Teflon filter,FTIR,Ambient local,,/Users/ahmadjalil/github/aethmodular/research/filter_combine/FilterBased_ChemSpecPM25_ETAD.csv,a9f87a16ca07030aaeaf3b0d67c1c5fe3f0d209c34a3a51b365e6a8724f33020,"# File Updated: 2025-07-29
# Data version 3.0
# Site: Addis Ababa, Ethiopia",ETAD-0243,ChemSpec_218,True,True,both competing concentration values already present in earlier CSV; upstream role unresolved,False,c91542c705254dd7e7e7271bc36789388d225dc3,a6fda4ea34e7c6d5f3c058ccd56e23d36c2afe07fee3dd8ee9072a80eeae197f
28017,ETAD,9.0106,38.8207,,ETAD-0244,2024-09-03,PM2.5,,,,ChemSpec_218,,,ChemSpec_EC_PM2.5,,8.68,0.0578340052829139,,,ChemSpec,ug/m3,ug/m3,,ETAD-0244,2024-09-03,8.68,0.057834005283,7610,ETAD,9.0106,38.8207,2370.0,ETAD-0244,2024,9,3,9.0,2024,9,11,9.0,24.0,28203,EC PM2.5,8.68,Micrograms per cubic meter (ug/m3),,0.0578340052829139,,218,AirPhoton SS5i Sampler with BGI cyclone inlet and 25mm stretched Teflon filter,FTIR,Ambient local,,/Users/ahmadjalil/github/aethmodular/research/filter_combine/FilterBased_ChemSpecPM25_ETAD.csv,a9f87a16ca07030aaeaf3b0d67c1c5fe3f0d209c34a3a51b365e6a8724f33020,"# File Updated: 2025-07-29
# Data version 3.0
# Site: Addis Ababa, Ethiopia",ETAD-0244,ChemSpec_218,True,True,both competing concentration values already present in earlier CSV; upstream role unresolved,False,c91542c705254dd7e7e7271bc36789388d225dc3,a6fda4ea34e7c6d5f3c058ccd56e23d36c2afe07fee3dd8ee9072a80eeae197f
28018,ETAD,9.0106,38.8207,,ETAD-0244,2024-09-03,PM2.5,,,,ChemSpec_218,,,ChemSpec_EC_PM2.5,,0.06,0.0578340052829139,,,ChemSpec,ug/m3,ug/m3,,ETAD-0244,2024-09-03,0.06,0.057834005283,7611,ETAD,9.0106,38.8207,2370.0,ETAD-0244,2024,9,3,9.0,2024,9,11,9.0,24.0,28203,EC PM2.5,0.06,Micrograms per cubic meter (ug/m3),,0.0578340052829139,,218,AirPhoton SS5i Sampler with BGI cyclone inlet and 25mm stretched Teflon filter,FTIR,Ambient local,,/Users/ahmadjalil/github/aethmodular/research/filter_combine/FilterBased_ChemSpecPM25_ETAD.csv,a9f87a16ca07030aaeaf3b0d67c1c5fe3f0d209c34a3a51b365e6a8724f33020,"# File Updated: 2025-07-29
# Data version 3.0
# Site: Addis Ababa, Ethiopia",ETAD-0244,ChemSpec_218,True,True,both competing concentration values already present in earlier CSV; upstream role unresolved,False,c91542c705254dd7e7e7271bc36789388d225dc3,a6fda4ea34e7c6d5f3c058ccd56e23d36c2afe07fee3dd8ee9072a80eeae197f
28080,ETAD,9.0106,38.8207,,ETAD-0245,2024-09-12,PM2.5,,,,ChemSpec_218,,,ChemSpec_EC_PM2.5,,6.38,0.0564637999725236,,,ChemSpec,ug/m3,ug/m3,,ETAD-0245,2024-09-12,6.38,0.056463799973,7656,ETAD,9.0106,38.8207,2370.0,ETAD-0245,2024,9,12,9.0,2024,9,20,9.0,24.0,28203,EC PM2.5,6.38,Micrograms per cubic meter (ug/m3),,0.0564637999725236,,218,AirPhoton SS5i Sampler with BGI cyclone inlet and 25mm stretched Teflon filter,FTIR,Ambient local,,/Users/ahmadjalil/github/aethmodular/research/filter_combine/FilterBased_ChemSpecPM25_ETAD.csv,a9f87a16ca07030aaeaf3b0d67c1c5fe3f0d209c34a3a51b365e6a8724f33020,"# File Updated: 2025-07-29
# Data version 3.0
# Site: Addis Ababa, Ethiopia",ETAD-0245,ChemSpec_218,True,True,both competing concentration values already present in earlier CSV; upstream role unresolved,False,c91542c705254dd7e7e7271bc36789388d225dc3,a6fda4ea34e7c6d5f3c058ccd56e23d36c2afe07fee3dd8ee9072a80eeae197f
28081,ETAD,9.0106,38.8207,,ETAD-0245,2024-09-12,PM2.5,,,,ChemSpec_218,,,ChemSpec_EC_PM2.5,,0.06,0.0564637999725236,,,ChemSpec,ug/m3,ug/m3,,ETAD-0245,2024-09-12,0.06,0.056463799973,7657,ETAD,9.0106,38.8207,2370.0,ETAD-0245,2024,9,12,9.0,2024,9,20,9.0,24.0,28203,EC PM2.5,0.06,Micrograms per cubic meter (ug/m3),,0.0564637999725236,,218,AirPhoton SS5i Sampler with BGI cyclone inlet and 25mm stretched Teflon filter,FTIR,Ambient local,,/Users/ahmadjalil/github/aethmodular/research/filter_combine/FilterBased_ChemSpecPM25_ETAD.csv,a9f87a16ca07030aaeaf3b0d67c1c5fe3f0d209c34a3a51b365e6a8724f33020,"# File Updated: 2025-07-29
# Data version 3.0
# Site: Addis Ababa, Ethiopia",ETAD-0245,ChemSpec_218,True,True,both competing concentration values already present in earlier CSV; upstream role unresolved,False,c91542c705254dd7e7e7271bc36789388d225dc3,a6fda4ea34e7c6d5f3c058ccd56e23d36c2afe07fee3dd8ee9072a80eeae197f
29399,INDH,28.629,77.22233,,INDH-0129,2024-03-29,PM2.5,,,,ChemSpec_218,,,ChemSpec_EC_PM2.5,,8.42,0.2403628117913832,,,ChemSpec,ug/m3,ug/m3,,INDH-0129,2024-03-29,8.42,0.240362811791,318,INDH,28.629,77.22233,230.0,INDH-0129,2024,3,29,9.0,2024,3,30,9.0,12.0,28203,EC PM2.5,8.42,Micrograms per cubic meter (ug/m3),,0.2403628117913832,,218,AirPhoton SS5i Sampler with BGI cyclone inlet and 25mm stretched Teflon filter,FTIR,Ambient local,,/Users/ahmadjalil/github/aethmodular/research/filter_combine/FilterBased_ChemSpecPM25_INDH.csv,5ef1f5578504876d366f4685541a070016e046e0f1af50f88f1ff091b102dfd6,"# File Updated: 2025-07-29
# Data version 3.0
# Site: Delhi, India",INDH-0129,ChemSpec_218,True,True,both competing concentration values already present in earlier CSV; upstream role unresolved,False,c91542c705254dd7e7e7271bc36789388d225dc3,a6fda4ea34e7c6d5f3c058ccd56e23d36c2afe07fee3dd8ee9072a80eeae197f
29400,INDH,28.629,77.22233,,INDH-0129,2024-03-29,PM2.5,,,,ChemSpec_218,,,ChemSpec_EC_PM2.5,,0.24,0.2403628117913832,,,ChemSpec,ug/m3,ug/m3,,INDH-0129,2024-03-29,0.24,0.240362811791,319,INDH,28.629,77.22233,230.0,INDH-0129,2024,3,29,9.0,2024,3,30,9.0,12.0,28203,EC PM2.5,0.24,Micrograms per cubic meter (ug/m3),,0.2403628117913832,,218,AirPhoton SS5i Sampler with BGI cyclone inlet and 25mm stretched Teflon filter,FTIR,Ambient local,,/Users/ahmadjalil/github/aethmodular/research/filter_combine/FilterBased_ChemSpecPM25_INDH.csv,5ef1f5578504876d366f4685541a070016e046e0f1af50f88f1ff091b102dfd6,"# File Updated: 2025-07-29
# Data version 3.0
# Site: Delhi, India",INDH-0129,ChemSpec_218,True,True,both competing concentration values already present in earlier CSV; upstream role unresolved,False,c91542c705254dd7e7e7271bc36789388d225dc3,a6fda4ea34e7c6d5f3c058ccd56e23d36c2afe07fee3dd8ee9072a80eeae197f
29464,INDH,28.629,77.22233,,INDH-0130,2024-04-01,PM2.5,,,,ChemSpec_218,,,ChemSpec_EC_PM2.5,,-0.94,0.2403628117913832,,,ChemSpec,ug/m3,ug/m3,,INDH-0130,2024-04-01,-0.94,0.240362811791,367,INDH,28.629,77.22233,230.0,INDH-0130,2024,4,1,9.0,2024,4,2,9.0,12.0,28203,EC PM2.5,-0.94,Micrograms per cubic meter (ug/m3),,0.2403628117913832,,218,AirPhoton SS5i Sampler with BGI cyclone inlet and 25mm stretched Teflon filter,FTIR,Ambient local,,/Users/ahmadjalil/github/aethmodular/research/filter_combine/FilterBased_ChemSpecPM25_INDH.csv,5ef1f5578504876d366f4685541a070016e046e0f1af50f88f1ff091b102dfd6,"# File Updated: 2025-07-29
# Data version 3.0
# Site: Delhi, India",INDH-0130,ChemSpec_218,True,True,both competing concentration values already present in earlier CSV; upstream role unresolved,False,c91542c705254dd7e7e7271bc36789388d225dc3,a6fda4ea34e7c6d5f3c058ccd56e23d36c2afe07fee3dd8ee9072a80eeae197f
29465,INDH,28.629,77.22233,,INDH-0130,2024-04-01,PM2.5,,,,ChemSpec_218,,,ChemSpec_EC_PM2.5,,0.24,0.2403628117913832,,,ChemSpec,ug/m3,ug/m3,,INDH-0130,2024-04-01,0.24,0.240362811791,368,INDH,28.629,77.22233,230.0,INDH-0130,2024,4,1,9.0,2024,4,2,9.0,12.0,28203,EC PM2.5,0.24,Micrograms per cubic meter (ug/m3),,0.2403628117913832,,218,AirPhoton SS5i Sampler with BGI cyclone inlet and 25mm stretched Teflon filter,FTIR,Ambient local,,/Users/ahmadjalil/github/aethmodular/research/filter_combine/FilterBased_ChemSpecPM25_INDH.csv,5ef1f5578504876d366f4685541a070016e046e0f1af50f88f1ff091b102dfd6,"# File Updated: 2025-07-29
# Data version 3.0
# Site: Delhi, India",INDH-0130,ChemSpec_218,True,True,both competing concentration values already present in earlier CSV; upstream role unresolved,False,c91542c705254dd7e7e7271bc36789388d225dc3,a6fda4ea34e7c6d5f3c058ccd56e23d36c2afe07fee3dd8ee9072a80eeae197f
29529,INDH,28.629,77.22233,,INDH-0131,2024-04-04,PM2.5,,,,ChemSpec_218,,,ChemSpec_EC_PM2.5,,5.54,0.2356902356902356,,,ChemSpec,ug/m3,ug/m3,,INDH-0131,2024-04-04,5.54,0.23569023569,414,INDH,28.629,77.22233,230.0,INDH-0131,2024,4,4,9.0,2024,4,5,9.0,12.0,28203,EC PM2.5,5.54,Micrograms per cubic meter (ug/m3),,0.2356902356902356,,218,AirPhoton SS5i Sampler with BGI cyclone inlet and 25mm stretched Teflon filter,FTIR,Ambient local,,/Users/ahmadjalil/github/aethmodular/research/filter_combine/FilterBased_ChemSpecPM25_INDH.csv,5ef1f5578504876d366f4685541a070016e046e0f1af50f88f1ff091b102dfd6,"# File Updated: 2025-07-29
# Data version 3.0
# Site: Delhi, India",INDH-0131,ChemSpec_218,True,True,both competing concentration values already present in earlier CSV; upstream role unresolved,False,c91542c705254dd7e7e7271bc36789388d225dc3,a6fda4ea34e7c6d5f3c058ccd56e23d36c2afe07fee3dd8ee9072a80eeae197f
29530,INDH,28.629,77.22233,,INDH-0131,2024-04-04,PM2.5,,,,ChemSpec_218,,,ChemSpec_EC_PM2.5,,0.24,0.2356902356902356,,,ChemSpec,ug/m3,ug/m3,,INDH-0131,2024-04-04,0.24,0.23569023569,415,INDH,28.629,77.22233,230.0,INDH-0131,2024,4,4,9.0,2024,4,5,9.0,12.0,28203,EC PM2.5,0.24,Micrograms per cubic meter (ug/m3),,0.2356902356902356,,218,AirPhoton SS5i Sampler with BGI cyclone inlet and 25mm stretched Teflon filter,FTIR,Ambient local,,/Users/ahmadjalil/github/aethmodular/research/filter_combine/FilterBased_ChemSpecPM25_INDH.csv,5ef1f5578504876d366f4685541a070016e046e0f1af50f88f1ff091b102dfd6,"# File Updated: 2025-07-29
# Data version 3.0
# Site: Delhi, India",INDH-0131,ChemSpec_218,True,True,both competing concentration values already present in earlier CSV; upstream role unresolved,False,c91542c705254dd7e7e7271bc36789388d225dc3,a6fda4ea34e7c6d5f3c058ccd56e23d36c2afe07fee3dd8ee9072a80eeae197f
29594,INDH,28.629,77.22233,,INDH-0132,2024-04-07,PM2.5,,,,ChemSpec_218,,,ChemSpec_EC_PM2.5,,5.05,0.2403628117913832,,,ChemSpec,ug/m3,ug/m3,,INDH-0132,2024-04-07,5.05,0.240362811791,463,INDH,28.629,77.22233,230.0,INDH-0132,2024,4,7,9.0,2024,4,8,9.0,12.0,28203,EC PM2.5,5.05,Micrograms per cubic meter (ug/m3),,0.2403628117913832,,218,AirPhoton SS5i Sampler with BGI cyclone inlet and 25mm stretched Teflon filter,FTIR,Ambient local,,/Users/ahmadjalil/github/aethmodular/research/filter_combine/FilterBased_ChemSpecPM25_INDH.csv,5ef1f5578504876d366f4685541a070016e046e0f1af50f88f1ff091b102dfd6,"# File Updated: 2025-07-29
# Data version 3.0
# Site: Delhi, India",INDH-0132,ChemSpec_218,True,True,both competing concentration values already present in earlier CSV; upstream role unresolved,False,c91542c705254dd7e7e7271bc36789388d225dc3,a6fda4ea34e7c6d5f3c058ccd56e23d36c2afe07fee3dd8ee9072a80eeae197f
29595,INDH,28.629,77.22233,,INDH-0132,2024-04-07,PM2.5,,,,ChemSpec_218,,,ChemSpec_EC_PM2.5,,0.24,0.2403628117913832,,,ChemSpec,ug/m3,ug/m3,,INDH-0132,2024-04-07,0.24,0.240362811791,464,INDH,28.629,77.22233,230.0,INDH-0132,2024,4,7,9.0,2024,4,8,9.0,12.0,28203,EC PM2.5,0.24,Micrograms per cubic meter (ug/m3),,0.2403628117913832,,218,AirPhoton SS5i Sampler with BGI cyclone inlet and 25mm stretched Teflon filter,FTIR,Ambient local,,/Users/ahmadjalil/github/aethmodular/research/filter_combine/FilterBased_ChemSpecPM25_INDH.csv,5ef1f5578504876d366f4685541a070016e046e0f1af50f88f1ff091b102dfd6,"# File Updated: 2025-07-29
# Data version 3.0
# Site: Delhi, India",INDH-0132,ChemSpec_218,True,True,both competing concentration values already present in earlier CSV; upstream role unresolved,False,c91542c705254dd7e7e7271bc36789388d225dc3,a6fda4ea34e7c6d5f3c058ccd56e23d36c2afe07fee3dd8ee9072a80eeae197f
29659,INDH,28.629,77.22233,,INDH-0133,2024-04-10,PM2.5,,,,ChemSpec_218,,,ChemSpec_EC_PM2.5,,8.58,0.2403628117913832,,,ChemSpec,ug/m3,ug/m3,,INDH-0133,2024-04-10,8.58,0.240362811791,511,INDH,28.629,77.22233,230.0,INDH-0133,2024,4,10,9.0,2024,4,11,9.0,12.0,28203,EC PM2.5,8.58,Micrograms per cubic meter (ug/m3),,0.2403628117913832,,218,AirPhoton SS5i Sampler with BGI cyclone inlet and 25mm stretched Teflon filter,FTIR,Ambient local,,/Users/ahmadjalil/github/aethmodular/research/filter_combine/FilterBased_ChemSpecPM25_INDH.csv,5ef1f5578504876d366f4685541a070016e046e0f1af50f88f1ff091b102dfd6,"# File Updated: 2025-07-29
# Data version 3.0
# Site: Delhi, India",INDH-0133,ChemSpec_218,True,True,both competing concentration values already present in earlier CSV; upstream role unresolved,False,c91542c705254dd7e7e7271bc36789388d225dc3,a6fda4ea34e7c6d5f3c058ccd56e23d36c2afe07fee3dd8ee9072a80eeae197f
29660,INDH,28.629,77.22233,,INDH-0133,2024-04-10,PM2.5,,,,ChemSpec_218,,,ChemSpec_EC_PM2.5,,0.24,0.2403628117913832,,,ChemSpec,ug/m3,ug/m3,,INDH-0133,2024-04-10,0.24,0.240362811791,512,INDH,28.629,77.22233,230.0,INDH-0133,2024,4,10,9.0,2024,4,11,9.0,12.0,28203,EC PM2.5,0.24,Micrograms per cubic meter (ug/m3),,0.2403628117913832,,218,AirPhoton SS5i Sampler with BGI cyclone inlet and 25mm stretched Teflon filter,FTIR,Ambient local,,/Users/ahmadjalil/github/aethmodular/research/filter_combine/FilterBased_ChemSpecPM25_INDH.csv,5ef1f5578504876d366f4685541a070016e046e0f1af50f88f1ff091b102dfd6,"# File Updated: 2025-07-29
# Data version 3.0
# Site: Delhi, India",INDH-0133,ChemSpec_218,True,True,both competing concentration values already present in earlier CSV; upstream role unresolved,False,c91542c705254dd7e7e7271bc36789388d225dc3,a6fda4ea34e7c6d5f3c058ccd56e23d36c2afe07fee3dd8ee9072a80eeae197f
29724,INDH,28.629,77.22233,,INDH-0134,2024-04-13,PM2.5,,,,ChemSpec_218,,,ChemSpec_EC_PM2.5,,5.26,0.245418098510882,,,ChemSpec,ug/m3,ug/m3,,INDH-0134,2024-04-13,5.26,0.245418098511,558,INDH,28.629,77.22233,230.0,INDH-0134,2024,4,13,9.0,2024,4,14,9.0,12.0,28203,EC PM2.5,5.26,Micrograms per cubic meter (ug/m3),,0.245418098510882,,218,AirPhoton SS5i Sampler with BGI cyclone inlet and 25mm stretched Teflon filter,FTIR,Ambient local,,/Users/ahmadjalil/github/aethmodular/research/filter_combine/FilterBased_ChemSpecPM25_INDH.csv,5ef1f5578504876d366f4685541a070016e046e0f1af50f88f1ff091b102dfd6,"# File Updated: 2025-07-29
# Data version 3.0
# Site: Delhi, India",INDH-0134,ChemSpec_218,True,True,both competing concentration values already present in earlier CSV; upstream role unresolved,False,c91542c705254dd7e7e7271bc36789388d225dc3,a6fda4ea34e7c6d5f3c058ccd56e23d36c2afe07fee3dd8ee9072a80eeae197f
29725,INDH,28.629,77.22233,,INDH-0134,2024-04-13,PM2.5,,,,ChemSpec_218,,,ChemSpec_EC_PM2.5,,0.25,0.245418098510882,,,ChemSpec,ug/m3,ug/m3,,INDH-0134,2024-04-13,0.25,0.245418098511,559,INDH,28.629,77.22233,230.0,INDH-0134,2024,4,13,9.0,2024,4,14,9.0,12.0,28203,EC PM2.5,0.25,Micrograms per cubic meter (ug/m3),,0.245418098510882,,218,AirPhoton SS5i Sampler with BGI cyclone inlet and 25mm stretched Teflon filter,FTIR,Ambient local,,/Users/ahmadjalil/github/aethmodular/research/filter_combine/FilterBased_ChemSpecPM25_INDH.csv,5ef1f5578504876d366f4685541a070016e046e0f1af50f88f1ff091b102dfd6,"# File Updated: 2025-07-29
# Data version 3.0
# Site: Delhi, India",INDH-0134,ChemSpec_218,True,True,both competing concentration values already present in earlier CSV; upstream role unresolved,False,c91542c705254dd7e7e7271bc36789388d225dc3,a6fda4ea34e7c6d5f3c058ccd56e23d36c2afe07fee3dd8ee9072a80eeae197f
29804,INDH,28.629,77.22233,,INDH-0136,2024-04-16,PM2.5,,,,ChemSpec_218,,,ChemSpec_EC_PM2.5,,3.2,0.2403628117913832,,,ChemSpec,ug/m3,ug/m3,,INDH-0136,2024-04-16,3.2,0.240362811791,606,INDH,28.629,77.22233,230.0,INDH-0136,2024,4,16,9.0,2024,4,17,9.0,12.0,28203,EC PM2.5,3.2,Micrograms per cubic meter (ug/m3),,0.2403628117913832,,218,AirPhoton SS5i Sampler with BGI cyclone inlet and 25mm stretched Teflon filter,FTIR,Ambient local,,/Users/ahmadjalil/github/aethmodular/research/filter_combine/FilterBased_ChemSpecPM25_INDH.csv,5ef1f5578504876d366f4685541a070016e046e0f1af50f88f1ff091b102dfd6,"# File Updated: 2025-07-29
# Data version 3.0
# Site: Delhi, India",INDH-0136,ChemSpec_218,True,True,both competing concentration values already present in earlier CSV; upstream role unresolved,False,c91542c705254dd7e7e7271bc36789388d225dc3,a6fda4ea34e7c6d5f3c058ccd56e23d36c2afe07fee3dd8ee9072a80eeae197f
29805,INDH,28.629,77.22233,,INDH-0136,2024-04-16,PM2.5,,,,ChemSpec_218,,,ChemSpec_EC_PM2.5,,0.24,0.2403628117913832,,,ChemSpec,ug/m3,ug/m3,,INDH-0136,2024-04-16,0.24,0.240362811791,607,INDH,28.629,77.22233,230.0,INDH-0136,2024,4,16,9.0,2024,4,17,9.0,12.0,28203,EC PM2.5,0.24,Micrograms per cubic meter (ug/m3),,0.2403628117913832,,218,AirPhoton SS5i Sampler with BGI cyclone inlet and 25mm stretched Teflon filter,FTIR,Ambient local,,/Users/ahmadjalil/github/aethmodular/research/filter_combine/FilterBased_ChemSpecPM25_INDH.csv,5ef1f5578504876d366f4685541a070016e046e0f1af50f88f1ff091b102dfd6,"# File Updated: 2025-07-29
# Data version 3.0
# Site: Delhi, India",INDH-0136,ChemSpec_218,True,True,both competing concentration values already present in earlier CSV; upstream role unresolved,False,c91542c705254dd7e7e7271bc36789388d225dc3,a6fda4ea34e7c6d5f3c058ccd56e23d36c2afe07fee3dd8ee9072a80eeae197f
29867,INDH,28.629,77.22233,,INDH-0137,2024-04-25,PM2.5,,,,ChemSpec_218,,,ChemSpec_EC_PM2.5,,6.08,0.2403628117913832,,,ChemSpec,ug/m3,ug/m3,,INDH-0137,2024-04-25,6.08,0.240362811791,654,INDH,28.629,77.22233,230.0,INDH-0137,2024,4,25,9.0,2024,4,26,9.0,12.0,28203,EC PM2.5,6.08,Micrograms per cubic meter (ug/m3),,0.2403628117913832,,218,AirPhoton SS5i Sampler with BGI cyclone inlet and 25mm stretched Teflon filter,FTIR,Ambient local,,/Users/ahmadjalil/github/aethmodular/research/filter_combine/FilterBased_ChemSpecPM25_INDH.csv,5ef1f5578504876d366f4685541a070016e046e0f1af50f88f1ff091b102dfd6,"# File Updated: 2025-07-29
# Data version 3.0
# Site: Delhi, India",INDH-0137,ChemSpec_218,True,True,both competing concentration values already present in earlier CSV; upstream role unresolved,False,c91542c705254dd7e7e7271bc36789388d225dc3,a6fda4ea34e7c6d5f3c058ccd56e23d36c2afe07fee3dd8ee9072a80eeae197f
29868,INDH,28.629,77.22233,,INDH-0137,2024-04-25,PM2.5,,,,ChemSpec_218,,,ChemSpec_EC_PM2.5,,0.24,0.2403628117913832,,,ChemSpec,ug/m3,ug/m3,,INDH-0137,2024-04-25,0.24,0.240362811791,655,INDH,28.629,77.22233,230.0,INDH-0137,2024,4,25,9.0,2024,4,26,9.0,12.0,28203,EC PM2.5,0.24,Micrograms per cubic meter (ug/m3),,0.2403628117913832,,218,AirPhoton SS5i Sampler with BGI cyclone inlet and 25mm stretched Teflon filter,FTIR,Ambient local,,/Users/ahmadjalil/github/aethmodular/research/filter_combine/FilterBased_ChemSpecPM25_INDH.csv,5ef1f5578504876d366f4685541a070016e046e0f1af50f88f1ff091b102dfd6,"# File Updated: 2025-07-29
# Data version 3.0
# Site: Delhi, India",INDH-0137,ChemSpec_218,True,True,both competing concentration values already present in earlier CSV; upstream role unresolved,False,c91542c705254dd7e7e7271bc36789388d225dc3,a6fda4ea34e7c6d5f3c058ccd56e23d36c2afe07fee3dd8ee9072a80eeae197f
29932,INDH,28.629,77.22233,,INDH-0138,2024-04-28,PM2.5,,,,ChemSpec_218,,,ChemSpec_EC_PM2.5,,7.37,0.2403628117913832,,,ChemSpec,ug/m3,ug/m3,,INDH-0138,2024-04-28,7.37,0.240362811791,702,INDH,28.629,77.22233,230.0,INDH-0138,2024,4,28,9.0,2024,4,29,9.0,12.0,28203,EC PM2.5,7.37,Micrograms per cubic meter (ug/m3),,0.2403628117913832,,218,AirPhoton SS5i Sampler with BGI cyclone inlet and 25mm stretched Teflon filter,FTIR,Ambient local,,/Users/ahmadjalil/github/aethmodular/research/filter_combine/FilterBased_ChemSpecPM25_INDH.csv,5ef1f5578504876d366f4685541a070016e046e0f1af50f88f1ff091b102dfd6,"# File Updated: 2025-07-29
# Data version 3.0
# Site: Delhi, India",INDH-0138,ChemSpec_218,True,True,both competing concentration values already present in earlier CSV; upstream role unresolved,False,c91542c705254dd7e7e7271bc36789388d225dc3,a6fda4ea34e7c6d5f3c058ccd56e23d36c2afe07fee3dd8ee9072a80eeae197f
29933,INDH,28.629,77.22233,,INDH-0138,2024-04-28,PM2.5,,,,ChemSpec_218,,,ChemSpec_EC_PM2.5,,0.24,0.2403628117913832,,,ChemSpec,ug/m3,ug/m3,,INDH-0138,2024-04-28,0.24,0.240362811791,703,INDH,28.629,77.22233,230.0,INDH-0138,2024,4,28,9.0,2024,4,29,9.0,12.0,28203,EC PM2.5,0.24,Micrograms per cubic meter (ug/m3),,0.2403628117913832,,218,AirPhoton SS5i Sampler with BGI cyclone inlet and 25mm stretched Teflon filter,FTIR,Ambient local,,/Users/ahmadjalil/github/aethmodular/research/filter_combine/FilterBased_ChemSpecPM25_INDH.csv,5ef1f5578504876d366f4685541a070016e046e0f1af50f88f1ff091b102dfd6,"# File Updated: 2025-07-29
# Data version 3.0
# Site: Delhi, India",INDH-0138,ChemSpec_218,True,True,both competing concentration values already present in earlier CSV; upstream role unresolved,False,c91542c705254dd7e7e7271bc36789388d225dc3,a6fda4ea34e7c6d5f3c058ccd56e23d36c2afe07fee3dd8ee9072a80eeae197f
29997,INDH,28.629,77.22233,,INDH-0139,2024-05-01,PM2.5,,,,ChemSpec_218,,,ChemSpec_EC_PM2.5,,2.19,0.2505787037037037,,,ChemSpec,ug/m3,ug/m3,,INDH-0139,2024-05-01,2.19,0.250578703704,750,INDH,28.629,77.22233,230.0,INDH-0139,2024,5,1,9.0,2024,5,2,9.0,12.0,28203,EC PM2.5,2.19,Micrograms per cubic meter (ug/m3),,0.2505787037037037,,218,AirPhoton SS5i Sampler with BGI cyclone inlet and 25mm stretched Teflon filter,FTIR,Ambient local,,/Users/ahmadjalil/github/aethmodular/research/filter_combine/FilterBased_ChemSpecPM25_INDH.csv,5ef1f5578504876d366f4685541a070016e046e0f1af50f88f1ff091b102dfd6,"# File Updated: 2025-07-29
# Data version 3.0
# Site: Delhi, India",INDH-0139,ChemSpec_218,True,True,both competing concentration values already present in earlier CSV; upstream role unresolved,False,c91542c705254dd7e7e7271bc36789388d225dc3,a6fda4ea34e7c6d5f3c058ccd56e23d36c2afe07fee3dd8ee9072a80eeae197f
29998,INDH,28.629,77.22233,,INDH-0139,2024-05-01,PM2.5,,,,ChemSpec_218,,,ChemSpec_EC_PM2.5,,0.25,0.2505787037037037,,,ChemSpec,ug/m3,ug/m3,,INDH-0139,2024-05-01,0.25,0.250578703704,751,INDH,28.629,77.22233,230.0,INDH-0139,2024,5,1,9.0,2024,5,2,9.0,12.0,28203,EC PM2.5,0.25,Micrograms per cubic meter (ug/m3),,0.2505787037037037,,218,AirPhoton SS5i Sampler with BGI cyclone inlet and 25mm stretched Teflon filter,FTIR,Ambient local,,/Users/ahmadjalil/github/aethmodular/research/filter_combine/FilterBased_ChemSpecPM25_INDH.csv,5ef1f5578504876d366f4685541a070016e046e0f1af50f88f1ff091b102dfd6,"# File Updated: 2025-07-29
# Data version 3.0
# Site: Delhi, India",INDH-0139,ChemSpec_218,True,True,both competing concentration values already present in earlier CSV; upstream role unresolved,False,c91542c705254dd7e7e7271bc36789388d225dc3,a6fda4ea34e7c6d5f3c058ccd56e23d36c2afe07fee3dd8ee9072a80eeae197f
30063,INDH,28.629,77.22233,,INDH-0140,2024-05-04,PM2.5,,,,ChemSpec_218,,,ChemSpec_EC_PM2.5,,12.33,0.2558479532163742,,,ChemSpec,ug/m3,ug/m3,,INDH-0140,2024-05-04,12.33,0.255847953216,799,INDH,28.629,77.22233,230.0,INDH-0140,2024,5,4,9.0,2024,5,5,9.0,12.0,28203,EC PM2.5,12.33,Micrograms per cubic meter (ug/m3),,0.2558479532163742,,218,AirPhoton SS5i Sampler with BGI cyclone inlet and 25mm stretched Teflon filter,FTIR,Ambient local,,/Users/ahmadjalil/github/aethmodular/research/filter_combine/FilterBased_ChemSpecPM25_INDH.csv,5ef1f5578504876d366f4685541a070016e046e0f1af50f88f1ff091b102dfd6,"# File Updated: 2025-07-29
# Data version 3.0
# Site: Delhi, India",INDH-0140,ChemSpec_218,True,True,both competing concentration values already present in earlier CSV; upstream role unresolved,False,c91542c705254dd7e7e7271bc36789388d225dc3,a6fda4ea34e7c6d5f3c058ccd56e23d36c2afe07fee3dd8ee9072a80eeae197f
30064,INDH,28.629,77.22233,,INDH-0140,2024-05-04,PM2.5,,,,ChemSpec_218,,,ChemSpec_EC_PM2.5,,0.26,0.2558479532163742,,,ChemSpec,ug/m3,ug/m3,,INDH-0140,2024-05-04,0.26,0.255847953216,800,INDH,28.629,77.22233,230.0,INDH-0140,2024,5,4,9.0,2024,5,5,9.0,12.0,28203,EC PM2.5,0.26,Micrograms per cubic meter (ug/m3),,0.2558479532163742,,218,AirPhoton SS5i Sampler with BGI cyclone inlet and 25mm stretched Teflon filter,FTIR,Ambient local,,/Users/ahmadjalil/github/aethmodular/research/filter_combine/FilterBased_ChemSpecPM25_INDH.csv,5ef1f5578504876d366f4685541a070016e046e0f1af50f88f1ff091b102dfd6,"# File Updated: 2025-07-29
# Data version 3.0
# Site: Delhi, India",INDH-0140,ChemSpec_218,True,True,both competing concentration values already present in earlier CSV; upstream role unresolved,False,c91542c705254dd7e7e7271bc36789388d225dc3,a6fda4ea34e7c6d5f3c058ccd56e23d36c2afe07fee3dd8ee9072a80eeae197f
30127,INDH,28.629,77.22233,,INDH-0141,2024-05-07,PM2.5,,,,ChemSpec_218,,,ChemSpec_EC_PM2.5,,10.42,0.2403628117913832,,,ChemSpec,ug/m3,ug/m3,,INDH-0141,2024-05-07,10.42,0.240362811791,846,INDH,28.629,77.22233,230.0,INDH-0141,2024,5,7,9.0,2024,5,8,9.0,12.0,28203,EC PM2.5,10.42,Micrograms per cubic meter (ug/m3),,0.2403628117913832,,218,AirPhoton SS5i Sampler with BGI cyclone inlet and 25mm stretched Teflon filter,FTIR,Ambient local,,/Users/ahmadjalil/github/aethmodular/research/filter_combine/FilterBased_ChemSpecPM25_INDH.csv,5ef1f5578504876d366f4685541a070016e046e0f1af50f88f1ff091b102dfd6,"# File Updated: 2025-07-29
# Data version 3.0
# Site: Delhi, India",INDH-0141,ChemSpec_218,True,True,both competing concentration values already present in earlier CSV; upstream role unresolved,False,c91542c705254dd7e7e7271bc36789388d225dc3,a6fda4ea34e7c6d5f3c058ccd56e23d36c2afe07fee3dd8ee9072a80eeae197f
30128,INDH,28.629,77.22233,,INDH-0141,2024-05-07,PM2.5,,,,ChemSpec_218,,,ChemSpec_EC_PM2.5,,0.24,0.2403628117913832,,,ChemSpec,ug/m3,ug/m3,,INDH-0141,2024-05-07,0.24,0.240362811791,847,INDH,28.629,77.22233,230.0,INDH-0141,2024,5,7,9.0,2024,5,8,9.0,12.0,28203,EC PM2.5,0.24,Micrograms per cubic meter (ug/m3),,0.2403628117913832,,218,AirPhoton SS5i Sampler with BGI cyclone inlet and 25mm stretched Teflon filter,FTIR,Ambient local,,/Users/ahmadjalil/github/aethmodular/research/filter_combine/FilterBased_ChemSpecPM25_INDH.csv,5ef1f5578504876d366f4685541a070016e046e0f1af50f88f1ff091b102dfd6,"# File Updated: 2025-07-29
# Data version 3.0
# Site: Delhi, India",INDH-0141,ChemSpec_218,True,True,both competing concentration values already present in earlier CSV; upstream role unresolved,False,c91542c705254dd7e7e7271bc36789388d225dc3,a6fda4ea34e7c6d5f3c058ccd56e23d36c2afe07fee3dd8ee9072a80eeae197f
30192,INDH,28.629,77.22233,,INDH-0142,2024-05-10,PM2.5,,,,ChemSpec_218,,,ChemSpec_EC_PM2.5,,5.35,0.2558479532163742,,,ChemSpec,ug/m3,ug/m3,,INDH-0142,2024-05-10,5.35,0.255847953216,893,INDH,28.629,77.22233,230.0,INDH-0142,2024,5,10,9.0,2024,5,11,9.0,12.0,28203,EC PM2.5,5.35,Micrograms per cubic meter (ug/m3),,0.2558479532163742,,218,AirPhoton SS5i Sampler with BGI cyclone inlet and 25mm stretched Teflon filter,FTIR,Ambient local,,/Users/ahmadjalil/github/aethmodular/research/filter_combine/FilterBased_ChemSpecPM25_INDH.csv,5ef1f5578504876d366f4685541a070016e046e0f1af50f88f1ff091b102dfd6,"# File Updated: 2025-07-29
# Data version 3.0
# Site: Delhi, India",INDH-0142,ChemSpec_218,True,True,both competing concentration values already present in earlier CSV; upstream role unresolved,False,c91542c705254dd7e7e7271bc36789388d225dc3,a6fda4ea34e7c6d5f3c058ccd56e23d36c2afe07fee3dd8ee9072a80eeae197f
30193,INDH,28.629,77.22233,,INDH-0142,2024-05-10,PM2.5,,,,ChemSpec_218,,,ChemSpec_EC_PM2.5,,0.26,0.2558479532163742,,,ChemSpec,ug/m3,ug/m3,,INDH-0142,2024-05-10,0.26,0.255847953216,894,INDH,28.629,77.22233,230.0,INDH-0142,2024,5,10,9.0,2024,5,11,9.0,12.0,28203,EC PM2.5,0.26,Micrograms per cubic meter (ug/m3),,0.2558479532163742,,218,AirPhoton SS5i Sampler with BGI cyclone inlet and 25mm stretched Teflon filter,FTIR,Ambient local,,/Users/ahmadjalil/github/aethmodular/research/filter_combine/FilterBased_ChemSpecPM25_INDH.csv,5ef1f5578504876d366f4685541a070016e046e0f1af50f88f1ff091b102dfd6,"# File Updated: 2025-07-29
# Data version 3.0
# Site: Delhi, India",INDH-0142,ChemSpec_218,True,True,both competing concentration values already present in earlier CSV; upstream role unresolved,False,c91542c705254dd7e7e7271bc36789388d225dc3,a6fda4ea34e7c6d5f3c058ccd56e23d36c2afe07fee3dd8ee9072a80eeae197f
30271,INDH,28.629,77.22233,,INDH-0144,2024-05-13,PM2.5,,,,ChemSpec_218,,,ChemSpec_EC_PM2.5,,9.71,0.2558479532163742,,,ChemSpec,ug/m3,ug/m3,,INDH-0144,2024-05-13,9.71,0.255847953216,941,INDH,28.629,77.22233,230.0,INDH-0144,2024,5,13,9.0,2024,5,14,9.0,12.0,28203,EC PM2.5,9.71,Micrograms per cubic meter (ug/m3),,0.2558479532163742,,218,AirPhoton SS5i Sampler with BGI cyclone inlet and 25mm stretched Teflon filter,FTIR,Ambient local,,/Users/ahmadjalil/github/aethmodular/research/filter_combine/FilterBased_ChemSpecPM25_INDH.csv,5ef1f5578504876d366f4685541a070016e046e0f1af50f88f1ff091b102dfd6,"# File Updated: 2025-07-29
# Data version 3.0
# Site: Delhi, India",INDH-0144,ChemSpec_218,True,True,both competing concentration values already present in earlier CSV; upstream role unresolved,False,c91542c705254dd7e7e7271bc36789388d225dc3,a6fda4ea34e7c6d5f3c058ccd56e23d36c2afe07fee3dd8ee9072a80eeae197f
30272,INDH,28.629,77.22233,,INDH-0144,2024-05-13,PM2.5,,,,ChemSpec_218,,,ChemSpec_EC_PM2.5,,0.26,0.2558479532163742,,,ChemSpec,ug/m3,ug/m3,,INDH-0144,2024-05-13,0.26,0.255847953216,942,INDH,28.629,77.22233,230.0,INDH-0144,2024,5,13,9.0,2024,5,14,9.0,12.0,28203,EC PM2.5,0.26,Micrograms per cubic meter (ug/m3),,0.2558479532163742,,218,AirPhoton SS5i Sampler with BGI cyclone inlet and 25mm stretched Teflon filter,FTIR,Ambient local,,/Users/ahmadjalil/github/aethmodular/research/filter_combine/FilterBased_ChemSpecPM25_INDH.csv,5ef1f5578504876d366f4685541a070016e046e0f1af50f88f1ff091b102dfd6,"# File Updated: 2025-07-29
# Data version 3.0
# Site: Delhi, India",INDH-0144,ChemSpec_218,True,True,both competing concentration values already present in earlier CSV; upstream role unresolved,False,c91542c705254dd7e7e7271bc36789388d225dc3,a6fda4ea34e7c6d5f3c058ccd56e23d36c2afe07fee3dd8ee9072a80eeae197f
30334,INDH,28.629,77.22233,,INDH-0145,2024-05-17,PM2.5,,,,ChemSpec_218,,,ChemSpec_EC_PM2.5,,9.41,0.2403628117913832,,,ChemSpec,ug/m3,ug/m3,,INDH-0145,2024-05-17,9.41,0.240362811791,987,INDH,28.629,77.22233,230.0,INDH-0145,2024,5,17,9.0,2024,5,18,9.0,12.0,28203,EC PM2.5,9.41,Micrograms per cubic meter (ug/m3),,0.2403628117913832,,218,AirPhoton SS5i Sampler with BGI cyclone inlet and 25mm stretched Teflon filter,FTIR,Ambient local,,/Users/ahmadjalil/github/aethmodular/research/filter_combine/FilterBased_ChemSpecPM25_INDH.csv,5ef1f5578504876d366f4685541a070016e046e0f1af50f88f1ff091b102dfd6,"# File Updated: 2025-07-29
# Data version 3.0
# Site: Delhi, India",INDH-0145,ChemSpec_218,True,True,both competing concentration values already present in earlier CSV; upstream role unresolved,False,c91542c705254dd7e7e7271bc36789388d225dc3,a6fda4ea34e7c6d5f3c058ccd56e23d36c2afe07fee3dd8ee9072a80eeae197f
30335,INDH,28.629,77.22233,,INDH-0145,2024-05-17,PM2.5,,,,ChemSpec_218,,,ChemSpec_EC_PM2.5,,0.24,0.2403628117913832,,,ChemSpec,ug/m3,ug/m3,,INDH-0145,2024-05-17,0.24,0.240362811791,988,INDH,28.629,77.22233,230.0,INDH-0145,2024,5,17,9.0,2024,5,18,9.0,12.0,28203,EC PM2.5,0.24,Micrograms per cubic meter (ug/m3),,0.2403628117913832,,218,AirPhoton SS5i Sampler with BGI cyclone inlet and 25mm stretched Teflon filter,FTIR,Ambient local,,/Users/ahmadjalil/github/aethmodular/research/filter_combine/FilterBased_ChemSpecPM25_INDH.csv,5ef1f5578504876d366f4685541a070016e046e0f1af50f88f1ff091b102dfd6,"# File Updated: 2025-07-29
# Data version 3.0
# Site: Delhi, India",INDH-0145,ChemSpec_218,True,True,both competing concentration values already present in earlier CSV; upstream role unresolved,False,c91542c705254dd7e7e7271bc36789388d225dc3,a6fda4ea34e7c6d5f3c058ccd56e23d36c2afe07fee3dd8ee9072a80eeae197f
30391,INDH,28.629,77.22233,,INDH-0146,2024-05-20,PM2.5,,,,ChemSpec_218,,,ChemSpec_EC_PM2.5,,5.68,0.2356902356902356,,,ChemSpec,ug/m3,ug/m3,,INDH-0146,2024-05-20,5.68,0.23569023569,1026,INDH,28.629,77.22233,230.0,INDH-0146,2024,5,20,9.0,2024,5,21,9.0,12.0,28203,EC PM2.5,5.68,Micrograms per cubic meter (ug/m3),,0.2356902356902356,,218,AirPhoton SS5i Sampler with BGI cyclone inlet and 25mm stretched Teflon filter,FTIR,Ambient local,,/Users/ahmadjalil/github/aethmodular/research/filter_combine/FilterBased_ChemSpecPM25_INDH.csv,5ef1f5578504876d366f4685541a070016e046e0f1af50f88f1ff091b102dfd6,"# File Updated: 2025-07-29
# Data version 3.0
# Site: Delhi, India",INDH-0146,ChemSpec_218,True,True,both competing concentration values already present in earlier CSV; upstream role unresolved,False,c91542c705254dd7e7e7271bc36789388d225dc3,a6fda4ea34e7c6d5f3c058ccd56e23d36c2afe07fee3dd8ee9072a80eeae197f
30392,INDH,28.629,77.22233,,INDH-0146,2024-05-20,PM2.5,,,,ChemSpec_218,,,ChemSpec_EC_PM2.5,,0.24,0.2356902356902356,,,ChemSpec,ug/m3,ug/m3,,INDH-0146,2024-05-20,0.24,0.23569023569,1027,INDH,28.629,77.22233,230.0,INDH-0146,2024,5,20,9.0,2024,5,21,9.0,12.0,28203,EC PM2.5,0.24,Micrograms per cubic meter (ug/m3),,0.2356902356902356,,218,AirPhoton SS5i Sampler with BGI cyclone inlet and 25mm stretched Teflon filter,FTIR,Ambient local,,/Users/ahmadjalil/github/aethmodular/research/filter_combine/FilterBased_ChemSpecPM25_INDH.csv,5ef1f5578504876d366f4685541a070016e046e0f1af50f88f1ff091b102dfd6,"# File Updated: 2025-07-29
# Data version 3.0
# Site: Delhi, India",INDH-0146,ChemSpec_218,True,True,both competing concentration values already present in earlier CSV; upstream role unresolved,False,c91542c705254dd7e7e7271bc36789388d225dc3,a6fda4ea34e7c6d5f3c058ccd56e23d36c2afe07fee3dd8ee9072a80eeae197f
30446,INDH,28.629,77.22233,,INDH-0147,2024-05-23,PM2.5,,,,ChemSpec_218,,,ChemSpec_EC_PM2.5,,4.38,0.2356902356902356,,,ChemSpec,ug/m3,ug/m3,,INDH-0147,2024-05-23,4.38,0.23569023569,1064,INDH,28.629,77.22233,230.0,INDH-0147,2024,5,23,9.0,2024,5,24,9.0,12.0,28203,EC PM2.5,4.38,Micrograms per cubic meter (ug/m3),,0.2356902356902356,,218,AirPhoton SS5i Sampler with BGI cyclone inlet and 25mm stretched Teflon filter,FTIR,Ambient local,,/Users/ahmadjalil/github/aethmodular/research/filter_combine/FilterBased_ChemSpecPM25_INDH.csv,5ef1f5578504876d366f4685541a070016e046e0f1af50f88f1ff091b102dfd6,"# File Updated: 2025-07-29
# Data version 3.0
# Site: Delhi, India",INDH-0147,ChemSpec_218,True,True,both competing concentration values already present in earlier CSV; upstream role unresolved,False,c91542c705254dd7e7e7271bc36789388d225dc3,a6fda4ea34e7c6d5f3c058ccd56e23d36c2afe07fee3dd8ee9072a80eeae197f
30447,INDH,28.629,77.22233,,INDH-0147,2024-05-23,PM2.5,,,,ChemSpec_218,,,ChemSpec_EC_PM2.5,,0.24,0.2356902356902356,,,ChemSpec,ug/m3,ug/m3,,INDH-0147,2024-05-23,0.24,0.23569023569,1065,INDH,28.629,77.22233,230.0,INDH-0147,2024,5,23,9.0,2024,5,24,9.0,12.0,28203,EC PM2.5,0.24,Micrograms per cubic meter (ug/m3),,0.2356902356902356,,218,AirPhoton SS5i Sampler with BGI cyclone inlet and 25mm stretched Teflon filter,FTIR,Ambient local,,/Users/ahmadjalil/github/aethmodular/research/filter_combine/FilterBased_ChemSpecPM25_INDH.csv,5ef1f5578504876d366f4685541a070016e046e0f1af50f88f1ff091b102dfd6,"# File Updated: 2025-07-29
# Data version 3.0
# Site: Delhi, India",INDH-0147,ChemSpec_218,True,True,both competing concentration values already present in earlier CSV; upstream role unresolved,False,c91542c705254dd7e7e7271bc36789388d225dc3,a6fda4ea34e7c6d5f3c058ccd56e23d36c2afe07fee3dd8ee9072a80eeae197f
30502,INDH,28.629,77.22233,,INDH-0148,2024-05-26,PM2.5,,,,ChemSpec_218,,,ChemSpec_EC_PM2.5,,5.99,0.2403628117913832,,,ChemSpec,ug/m3,ug/m3,,INDH-0148,2024-05-26,5.99,0.240362811791,1104,INDH,28.629,77.22233,230.0,INDH-0148,2024,5,26,9.0,2024,5,27,9.0,12.0,28203,EC PM2.5,5.99,Micrograms per cubic meter (ug/m3),,0.2403628117913832,,218,AirPhoton SS5i Sampler with BGI cyclone inlet and 25mm stretched Teflon filter,FTIR,Ambient local,,/Users/ahmadjalil/github/aethmodular/research/filter_combine/FilterBased_ChemSpecPM25_INDH.csv,5ef1f5578504876d366f4685541a070016e046e0f1af50f88f1ff091b102dfd6,"# File Updated: 2025-07-29
# Data version 3.0
# Site: Delhi, India",INDH-0148,ChemSpec_218,True,True,both competing concentration values already present in earlier CSV; upstream role unresolved,False,c91542c705254dd7e7e7271bc36789388d225dc3,a6fda4ea34e7c6d5f3c058ccd56e23d36c2afe07fee3dd8ee9072a80eeae197f
30503,INDH,28.629,77.22233,,INDH-0148,2024-05-26,PM2.5,,,,ChemSpec_218,,,ChemSpec_EC_PM2.5,,0.24,0.2403628117913832,,,ChemSpec,ug/m3,ug/m3,,INDH-0148,2024-05-26,0.24,0.240362811791,1105,INDH,28.629,77.22233,230.0,INDH-0148,2024,5,26,9.0,2024,5,27,9.0,12.0,28203,EC PM2.5,0.24,Micrograms per cubic meter (ug/m3),,0.2403628117913832,,218,AirPhoton SS5i Sampler with BGI cyclone inlet and 25mm stretched Teflon filter,FTIR,Ambient local,,/Users/ahmadjalil/github/aethmodular/research/filter_combine/FilterBased_ChemSpecPM25_INDH.csv,5ef1f5578504876d366f4685541a070016e046e0f1af50f88f1ff091b102dfd6,"# File Updated: 2025-07-29
# Data version 3.0
# Site: Delhi, India",INDH-0148,ChemSpec_218,True,True,both competing concentration values already present in earlier CSV; upstream role unresolved,False,c91542c705254dd7e7e7271bc36789388d225dc3,a6fda4ea34e7c6d5f3c058ccd56e23d36c2afe07fee3dd8ee9072a80eeae197f
30559,INDH,28.629,77.22233,,INDH-0149,2024-05-29,PM2.5,,,,ChemSpec_218,,,ChemSpec_EC_PM2.5,,2.58,0.2403628117913832,,,ChemSpec,ug/m3,ug/m3,,INDH-0149,2024-05-29,2.58,0.240362811791,1145,INDH,28.629,77.22233,230.0,INDH-0149,2024,5,29,9.0,2024,5,30,9.0,12.0,28203,EC PM2.5,2.58,Micrograms per cubic meter (ug/m3),,0.2403628117913832,,218,AirPhoton SS5i Sampler with BGI cyclone inlet and 25mm stretched Teflon filter,FTIR,Ambient local,,/Users/ahmadjalil/github/aethmodular/research/filter_combine/FilterBased_ChemSpecPM25_INDH.csv,5ef1f5578504876d366f4685541a070016e046e0f1af50f88f1ff091b102dfd6,"# File Updated: 2025-07-29
# Data version 3.0
# Site: Delhi, India",INDH-0149,ChemSpec_218,True,True,both competing concentration values already present in earlier CSV; upstream role unresolved,False,c91542c705254dd7e7e7271bc36789388d225dc3,a6fda4ea34e7c6d5f3c058ccd56e23d36c2afe07fee3dd8ee9072a80eeae197f
30560,INDH,28.629,77.22233,,INDH-0149,2024-05-29,PM2.5,,,,ChemSpec_218,,,ChemSpec_EC_PM2.5,,0.24,0.2403628117913832,,,ChemSpec,ug/m3,ug/m3,,INDH-0149,2024-05-29,0.24,0.240362811791,1146,INDH,28.629,77.22233,230.0,INDH-0149,2024,5,29,9.0,2024,5,30,9.0,12.0,28203,EC PM2.5,0.24,Micrograms per cubic meter (ug/m3),,0.2403628117913832,,218,AirPhoton SS5i Sampler with BGI cyclone inlet and 25mm stretched Teflon filter,FTIR,Ambient local,,/Users/ahmadjalil/github/aethmodular/research/filter_combine/FilterBased_ChemSpecPM25_INDH.csv,5ef1f5578504876d366f4685541a070016e046e0f1af50f88f1ff091b102dfd6,"# File Updated: 2025-07-29
# Data version 3.0
# Site: Delhi, India",INDH-0149,ChemSpec_218,True,True,both competing concentration values already present in earlier CSV; upstream role unresolved,False,c91542c705254dd7e7e7271bc36789388d225dc3,a6fda4ea34e7c6d5f3c058ccd56e23d36c2afe07fee3dd8ee9072a80eeae197f
30616,INDH,28.629,77.22233,,INDH-0150,2024-06-01,PM2.5,,,,ChemSpec_218,,,ChemSpec_EC_PM2.5,,1.92,0.2356902356902356,,,ChemSpec,ug/m3,ug/m3,,INDH-0150,2024-06-01,1.92,0.23569023569,1185,INDH,28.629,77.22233,230.0,INDH-0150,2024,6,1,9.0,2024,6,2,9.0,12.0,28203,EC PM2.5,1.92,Micrograms per cubic meter (ug/m3),,0.2356902356902356,,218,AirPhoton SS5i Sampler with BGI cyclone inlet and 25mm stretched Teflon filter,FTIR,Ambient local,,/Users/ahmadjalil/github/aethmodular/research/filter_combine/FilterBased_ChemSpecPM25_INDH.csv,5ef1f5578504876d366f4685541a070016e046e0f1af50f88f1ff091b102dfd6,"# File Updated: 2025-07-29
# Data version 3.0
# Site: Delhi, India",INDH-0150,ChemSpec_218,True,True,both competing concentration values already present in earlier CSV; upstream role unresolved,False,c91542c705254dd7e7e7271bc36789388d225dc3,a6fda4ea34e7c6d5f3c058ccd56e23d36c2afe07fee3dd8ee9072a80eeae197f
30617,INDH,28.629,77.22233,,INDH-0150,2024-06-01,PM2.5,,,,ChemSpec_218,,,ChemSpec_EC_PM2.5,,0.24,0.2356902356902356,,,ChemSpec,ug/m3,ug/m3,,INDH-0150,2024-06-01,0.24,0.23569023569,1186,INDH,28.629,77.22233,230.0,INDH-0150,2024,6,1,9.0,2024,6,2,9.0,12.0,28203,EC PM2.5,0.24,Micrograms per cubic meter (ug/m3),,0.2356902356902356,,218,AirPhoton SS5i Sampler with BGI cyclone inlet and 25mm stretched Teflon filter,FTIR,Ambient local,,/Users/ahmadjalil/github/aethmodular/research/filter_combine/FilterBased_ChemSpecPM25_INDH.csv,5ef1f5578504876d366f4685541a070016e046e0f1af50f88f1ff091b102dfd6,"# File Updated: 2025-07-29
# Data version 3.0
# Site: Delhi, India",INDH-0150,ChemSpec_218,True,True,both competing concentration values already present in earlier CSV; upstream role unresolved,False,c91542c705254dd7e7e7271bc36789388d225dc3,a6fda4ea34e7c6d5f3c058ccd56e23d36c2afe07fee3dd8ee9072a80eeae197f
30687,INDH,28.629,77.22233,,INDH-0152,2024-06-04,PM2.5,,,,ChemSpec_218,,,ChemSpec_EC_PM2.5,,2.92,0.2356902356902356,,,ChemSpec,ug/m3,ug/m3,,INDH-0152,2024-06-04,2.92,0.23569023569,1225,INDH,28.629,77.22233,230.0,INDH-0152,2024,6,4,9.0,2024,6,5,9.0,12.0,28203,EC PM2.5,2.92,Micrograms per cubic meter (ug/m3),,0.2356902356902356,,218,AirPhoton SS5i Sampler with BGI cyclone inlet and 25mm stretched Teflon filter,FTIR,Ambient local,,/Users/ahmadjalil/github/aethmodular/research/filter_combine/FilterBased_ChemSpecPM25_INDH.csv,5ef1f5578504876d366f4685541a070016e046e0f1af50f88f1ff091b102dfd6,"# File Updated: 2025-07-29
# Data version 3.0
# Site: Delhi, India",INDH-0152,ChemSpec_218,True,True,both competing concentration values already present in earlier CSV; upstream role unresolved,False,c91542c705254dd7e7e7271bc36789388d225dc3,a6fda4ea34e7c6d5f3c058ccd56e23d36c2afe07fee3dd8ee9072a80eeae197f
30688,INDH,28.629,77.22233,,INDH-0152,2024-06-04,PM2.5,,,,ChemSpec_218,,,ChemSpec_EC_PM2.5,,0.24,0.2356902356902356,,,ChemSpec,ug/m3,ug/m3,,INDH-0152,2024-06-04,0.24,0.23569023569,1226,INDH,28.629,77.22233,230.0,INDH-0152,2024,6,4,9.0,2024,6,5,9.0,12.0,28203,EC PM2.5,0.24,Micrograms per cubic meter (ug/m3),,0.2356902356902356,,218,AirPhoton SS5i Sampler with BGI cyclone inlet and 25mm stretched Teflon filter,FTIR,Ambient local,,/Users/ahmadjalil/github/aethmodular/research/filter_combine/FilterBased_ChemSpecPM25_INDH.csv,5ef1f5578504876d366f4685541a070016e046e0f1af50f88f1ff091b102dfd6,"# File Updated: 2025-07-29
# Data version 3.0
# Site: Delhi, India",INDH-0152,ChemSpec_218,True,True,both competing concentration values already present in earlier CSV; upstream role unresolved,False,c91542c705254dd7e7e7271bc36789388d225dc3,a6fda4ea34e7c6d5f3c058ccd56e23d36c2afe07fee3dd8ee9072a80eeae197f
30760,INDH,28.629,77.22233,,INDH-0162,2024-03-05,PM2.5,,,,ChemSpec_218,,,ChemSpec_EC_PM2.5,,4.52,0.2356902356902356,,,ChemSpec,ug/m3,ug/m3,,INDH-0162,2024-03-05,4.52,0.23569023569,34,INDH,28.629,77.22233,230.0,INDH-0162,2024,3,5,9.0,2024,3,6,9.0,12.0,28203,EC PM2.5,4.52,Micrograms per cubic meter (ug/m3),,0.2356902356902356,,218,AirPhoton SS5i Sampler with BGI cyclone inlet and 25mm stretched Teflon filter,FTIR,Ambient local,,/Users/ahmadjalil/github/aethmodular/research/filter_combine/FilterBased_ChemSpecPM25_INDH.csv,5ef1f5578504876d366f4685541a070016e046e0f1af50f88f1ff091b102dfd6,"# File Updated: 2025-07-29
# Data version 3.0
# Site: Delhi, India",INDH-0162,ChemSpec_218,True,True,both competing concentration values already present in earlier CSV; upstream role unresolved,False,c91542c705254dd7e7e7271bc36789388d225dc3,a6fda4ea34e7c6d5f3c058ccd56e23d36c2afe07fee3dd8ee9072a80eeae197f
30761,INDH,28.629,77.22233,,INDH-0162,2024-03-05,PM2.5,,,,ChemSpec_218,,,ChemSpec_EC_PM2.5,,0.24,0.2356902356902356,,,ChemSpec,ug/m3,ug/m3,,INDH-0162,2024-03-05,0.24,0.23569023569,35,INDH,28.629,77.22233,230.0,INDH-0162,2024,3,5,9.0,2024,3,6,9.0,12.0,28203,EC PM2.5,0.24,Micrograms per cubic meter (ug/m3),,0.2356902356902356,,218,AirPhoton SS5i Sampler with BGI cyclone inlet and 25mm stretched Teflon filter,FTIR,Ambient local,,/Users/ahmadjalil/github/aethmodular/research/filter_combine/FilterBased_ChemSpecPM25_INDH.csv,5ef1f5578504876d366f4685541a070016e046e0f1af50f88f1ff091b102dfd6,"# File Updated: 2025-07-29
# Data version 3.0
# Site: Delhi, India",INDH-0162,ChemSpec_218,True,True,both competing concentration values already present in earlier CSV; upstream role unresolved,False,c91542c705254dd7e7e7271bc36789388d225dc3,a6fda4ea34e7c6d5f3c058ccd56e23d36c2afe07fee3dd8ee9072a80eeae197f
30824,INDH,28.629,77.22233,,INDH-0163,2024-03-08,PM2.5,,,,ChemSpec_218,,,ChemSpec_EC_PM2.5,,6.26,0.2403628117913832,,,ChemSpec,ug/m3,ug/m3,,INDH-0163,2024-03-08,6.26,0.240362811791,81,INDH,28.629,77.22233,230.0,INDH-0163,2024,3,8,9.0,2024,3,9,9.0,12.0,28203,EC PM2.5,6.26,Micrograms per cubic meter (ug/m3),,0.2403628117913832,,218,AirPhoton SS5i Sampler with BGI cyclone inlet and 25mm stretched Teflon filter,FTIR,Ambient local,,/Users/ahmadjalil/github/aethmodular/research/filter_combine/FilterBased_ChemSpecPM25_INDH.csv,5ef1f5578504876d366f4685541a070016e046e0f1af50f88f1ff091b102dfd6,"# File Updated: 2025-07-29
# Data version 3.0
# Site: Delhi, India",INDH-0163,ChemSpec_218,True,True,both competing concentration values already present in earlier CSV; upstream role unresolved,False,c91542c705254dd7e7e7271bc36789388d225dc3,a6fda4ea34e7c6d5f3c058ccd56e23d36c2afe07fee3dd8ee9072a80eeae197f
30825,INDH,28.629,77.22233,,INDH-0163,2024-03-08,PM2.5,,,,ChemSpec_218,,,ChemSpec_EC_PM2.5,,0.24,0.2403628117913832,,,ChemSpec,ug/m3,ug/m3,,INDH-0163,2024-03-08,0.24,0.240362811791,82,INDH,28.629,77.22233,230.0,INDH-0163,2024,3,8,9.0,2024,3,9,9.0,12.0,28203,EC PM2.5,0.24,Micrograms per cubic meter (ug/m3),,0.2403628117913832,,218,AirPhoton SS5i Sampler with BGI cyclone inlet and 25mm stretched Teflon filter,FTIR,Ambient local,,/Users/ahmadjalil/github/aethmodular/research/filter_combine/FilterBased_ChemSpecPM25_INDH.csv,5ef1f5578504876d366f4685541a070016e046e0f1af50f88f1ff091b102dfd6,"# File Updated: 2025-07-29
# Data version 3.0
# Site: Delhi, India",INDH-0163,ChemSpec_218,True,True,both competing concentration values already present in earlier CSV; upstream role unresolved,False,c91542c705254dd7e7e7271bc36789388d225dc3,a6fda4ea34e7c6d5f3c058ccd56e23d36c2afe07fee3dd8ee9072a80eeae197f
30887,INDH,28.629,77.22233,,INDH-0164,2024-03-11,PM2.5,,,,ChemSpec_218,,,ChemSpec_EC_PM2.5,,9.37,0.2356902356902356,,,ChemSpec,ug/m3,ug/m3,,INDH-0164,2024-03-11,9.37,0.23569023569,128,INDH,28.629,77.22233,230.0,INDH-0164,2024,3,11,9.0,2024,3,12,9.0,12.0,28203,EC PM2.5,9.37,Micrograms per cubic meter (ug/m3),,0.2356902356902356,,218,AirPhoton SS5i Sampler with BGI cyclone inlet and 25mm stretched Teflon filter,FTIR,Ambient local,,/Users/ahmadjalil/github/aethmodular/research/filter_combine/FilterBased_ChemSpecPM25_INDH.csv,5ef1f5578504876d366f4685541a070016e046e0f1af50f88f1ff091b102dfd6,"# File Updated: 2025-07-29
# Data version 3.0
# Site: Delhi, India",INDH-0164,ChemSpec_218,True,True,both competing concentration values already present in earlier CSV; upstream role unresolved,False,c91542c705254dd7e7e7271bc36789388d225dc3,a6fda4ea34e7c6d5f3c058ccd56e23d36c2afe07fee3dd8ee9072a80eeae197f
30888,INDH,28.629,77.22233,,INDH-0164,2024-03-11,PM2.5,,,,ChemSpec_218,,,ChemSpec_EC_PM2.5,,0.24,0.2356902356902356,,,ChemSpec,ug/m3,ug/m3,,INDH-0164,2024-03-11,0.24,0.23569023569,129,INDH,28.629,77.22233,230.0,INDH-0164,2024,3,11,9.0,2024,3,12,9.0,12.0,28203,EC PM2.5,0.24,Micrograms per cubic meter (ug/m3),,0.2356902356902356,,218,AirPhoton SS5i Sampler with BGI cyclone inlet and 25mm stretched Teflon filter,FTIR,Ambient local,,/Users/ahmadjalil/github/aethmodular/research/filter_combine/FilterBased_ChemSpecPM25_INDH.csv,5ef1f5578504876d366f4685541a070016e046e0f1af50f88f1ff091b102dfd6,"# File Updated: 2025-07-29
# Data version 3.0
# Site: Delhi, India",INDH-0164,ChemSpec_218,True,True,both competing concentration values already present in earlier CSV; upstream role unresolved,False,c91542c705254dd7e7e7271bc36789388d225dc3,a6fda4ea34e7c6d5f3c058ccd56e23d36c2afe07fee3dd8ee9072a80eeae197f
30952,INDH,28.629,77.22233,,INDH-0165,2024-03-14,PM2.5,,,,ChemSpec_218,,,ChemSpec_EC_PM2.5,,5.16,0.2356902356902356,,,ChemSpec,ug/m3,ug/m3,,INDH-0165,2024-03-14,5.16,0.23569023569,175,INDH,28.629,77.22233,230.0,INDH-0165,2024,3,14,9.0,2024,3,15,9.0,12.0,28203,EC PM2.5,5.16,Micrograms per cubic meter (ug/m3),,0.2356902356902356,,218,AirPhoton SS5i Sampler with BGI cyclone inlet and 25mm stretched Teflon filter,FTIR,Ambient local,,/Users/ahmadjalil/github/aethmodular/research/filter_combine/FilterBased_ChemSpecPM25_INDH.csv,5ef1f5578504876d366f4685541a070016e046e0f1af50f88f1ff091b102dfd6,"# File Updated: 2025-07-29
# Data version 3.0
# Site: Delhi, India",INDH-0165,ChemSpec_218,True,True,both competing concentration values already present in earlier CSV; upstream role unresolved,False,c91542c705254dd7e7e7271bc36789388d225dc3,a6fda4ea34e7c6d5f3c058ccd56e23d36c2afe07fee3dd8ee9072a80eeae197f
30953,INDH,28.629,77.22233,,INDH-0165,2024-03-14,PM2.5,,,,ChemSpec_218,,,ChemSpec_EC_PM2.5,,0.24,0.2356902356902356,,,ChemSpec,ug/m3,ug/m3,,INDH-0165,2024-03-14,0.24,0.23569023569,176,INDH,28.629,77.22233,230.0,INDH-0165,2024,3,14,9.0,2024,3,15,9.0,12.0,28203,EC PM2.5,0.24,Micrograms per cubic meter (ug/m3),,0.2356902356902356,,218,AirPhoton SS5i Sampler with BGI cyclone inlet and 25mm stretched Teflon filter,FTIR,Ambient local,,/Users/ahmadjalil/github/aethmodular/research/filter_combine/FilterBased_ChemSpecPM25_INDH.csv,5ef1f5578504876d366f4685541a070016e046e0f1af50f88f1ff091b102dfd6,"# File Updated: 2025-07-29
# Data version 3.0
# Site: Delhi, India",INDH-0165,ChemSpec_218,True,True,both competing concentration values already present in earlier CSV; upstream role unresolved,False,c91542c705254dd7e7e7271bc36789388d225dc3,a6fda4ea34e7c6d5f3c058ccd56e23d36c2afe07fee3dd8ee9072a80eeae197f
31016,INDH,28.629,77.22233,,INDH-0166,2024-03-17,PM2.5,,,,ChemSpec_218,,,ChemSpec_EC_PM2.5,,12.27,0.2356902356902356,,,ChemSpec,ug/m3,ug/m3,,INDH-0166,2024-03-17,12.27,0.23569023569,222,INDH,28.629,77.22233,230.0,INDH-0166,2024,3,17,9.0,2024,3,18,9.0,12.0,28203,EC PM2.5,12.27,Micrograms per cubic meter (ug/m3),,0.2356902356902356,,218,AirPhoton SS5i Sampler with BGI cyclone inlet and 25mm stretched Teflon filter,FTIR,Ambient local,,/Users/ahmadjalil/github/aethmodular/research/filter_combine/FilterBased_ChemSpecPM25_INDH.csv,5ef1f5578504876d366f4685541a070016e046e0f1af50f88f1ff091b102dfd6,"# File Updated: 2025-07-29
# Data version 3.0
# Site: Delhi, India",INDH-0166,ChemSpec_218,True,True,both competing concentration values already present in earlier CSV; upstream role unresolved,False,c91542c705254dd7e7e7271bc36789388d225dc3,a6fda4ea34e7c6d5f3c058ccd56e23d36c2afe07fee3dd8ee9072a80eeae197f
31017,INDH,28.629,77.22233,,INDH-0166,2024-03-17,PM2.5,,,,ChemSpec_218,,,ChemSpec_EC_PM2.5,,0.24,0.2356902356902356,,,ChemSpec,ug/m3,ug/m3,,INDH-0166,2024-03-17,0.24,0.23569023569,223,INDH,28.629,77.22233,230.0,INDH-0166,2024,3,17,9.0,2024,3,18,9.0,12.0,28203,EC PM2.5,0.24,Micrograms per cubic meter (ug/m3),,0.2356902356902356,,218,AirPhoton SS5i Sampler with BGI cyclone inlet and 25mm stretched Teflon filter,FTIR,Ambient local,,/Users/ahmadjalil/github/aethmodular/research/filter_combine/FilterBased_ChemSpecPM25_INDH.csv,5ef1f5578504876d366f4685541a070016e046e0f1af50f88f1ff091b102dfd6,"# File Updated: 2025-07-29
# Data version 3.0
# Site: Delhi, India",INDH-0166,ChemSpec_218,True,True,both competing concentration values already present in earlier CSV; upstream role unresolved,False,c91542c705254dd7e7e7271bc36789388d225dc3,a6fda4ea34e7c6d5f3c058ccd56e23d36c2afe07fee3dd8ee9072a80eeae197f
31096,INDH,28.629,77.22233,,INDH-0168,2024-03-20,PM2.5,,,,ChemSpec_218,,,ChemSpec_EC_PM2.5,,7.65,0.2403628117913832,,,ChemSpec,ug/m3,ug/m3,,INDH-0168,2024-03-20,7.65,0.240362811791,272,INDH,28.629,77.22233,230.0,INDH-0168,2024,3,20,9.0,2024,3,21,9.0,12.0,28203,EC PM2.5,7.65,Micrograms per cubic meter (ug/m3),,0.2403628117913832,,218,AirPhoton SS5i Sampler with BGI cyclone inlet and 25mm stretched Teflon filter,FTIR,Ambient local,,/Users/ahmadjalil/github/aethmodular/research/filter_combine/FilterBased_ChemSpecPM25_INDH.csv,5ef1f5578504876d366f4685541a070016e046e0f1af50f88f1ff091b102dfd6,"# File Updated: 2025-07-29
# Data version 3.0
# Site: Delhi, India",INDH-0168,ChemSpec_218,True,True,both competing concentration values already present in earlier CSV; upstream role unresolved,False,c91542c705254dd7e7e7271bc36789388d225dc3,a6fda4ea34e7c6d5f3c058ccd56e23d36c2afe07fee3dd8ee9072a80eeae197f
31097,INDH,28.629,77.22233,,INDH-0168,2024-03-20,PM2.5,,,,ChemSpec_218,,,ChemSpec_EC_PM2.5,,0.24,0.2403628117913832,,,ChemSpec,ug/m3,ug/m3,,INDH-0168,2024-03-20,0.24,0.240362811791,273,INDH,28.629,77.22233,230.0,INDH-0168,2024,3,20,9.0,2024,3,21,9.0,12.0,28203,EC PM2.5,0.24,Micrograms per cubic meter (ug/m3),,0.2403628117913832,,218,AirPhoton SS5i Sampler with BGI cyclone inlet and 25mm stretched Teflon filter,FTIR,Ambient local,,/Users/ahmadjalil/github/aethmodular/research/filter_combine/FilterBased_ChemSpecPM25_INDH.csv,5ef1f5578504876d366f4685541a070016e046e0f1af50f88f1ff091b102dfd6,"# File Updated: 2025-07-29
# Data version 3.0
# Site: Delhi, India",INDH-0168,ChemSpec_218,True,True,both competing concentration values already present in earlier CSV; upstream role unresolved,False,c91542c705254dd7e7e7271bc36789388d225dc3,a6fda4ea34e7c6d5f3c058ccd56e23d36c2afe07fee3dd8ee9072a80eeae197f
33624,USPA,34.199433,-118.17317,,USPA-0113,2022-06-10,PM2.5,,,,ChemSpec_218,,,ChemSpec_EC_PM2.5,,0.48,,,SGP,ChemSpec,ug/m3,ug/m3,,USPA-0113,2022-06-10,0.48,,2370,USPA,34.199433,-118.17317,366.0,USPA-0113,2022,6,10,9.0,2022,6,11,9.0,24.0,28203,EC PM2.5,0.48,Micrograms per cubic meter (ug/m3),,,,218,AirPhoton SS5i Sampler with BGI cyclone inlet and 25mm stretched Teflon filter,FTIR,Ambient local,SGP,/Users/ahmadjalil/github/aethmodular/research/filter_combine/FilterBased_ChemSpecPM25_USPA.csv,8d1e40d2a272970c02d9d5acef313f6579d1e36161fcf30316a4ae5653600418,"# File Updated: 2025-07-29
# Data version 3.0
# Site: Pasadena, United States",USPA-0113,ChemSpec_218,True,True,both competing concentration values already present in earlier CSV; upstream role unresolved,False,c91542c705254dd7e7e7271bc36789388d225dc3,a6fda4ea34e7c6d5f3c058ccd56e23d36c2afe07fee3dd8ee9072a80eeae197f
33662,USPA,34.199433,-118.17317,,USPA-0114,2022-06-13,PM2.5,,,,ChemSpec_218,,,ChemSpec_EC_PM2.5,,0.18,,,SGP,ChemSpec,ug/m3,ug/m3,,USPA-0114,2022-06-13,0.18,,2409,USPA,34.199433,-118.17317,366.0,USPA-0114,2022,6,13,9.0,2022,6,14,9.0,24.0,28203,EC PM2.5,0.18,Micrograms per cubic meter (ug/m3),,,,218,AirPhoton SS5i Sampler with BGI cyclone inlet and 25mm stretched Teflon filter,FTIR,Ambient local,SGP,/Users/ahmadjalil/github/aethmodular/research/filter_combine/FilterBased_ChemSpecPM25_USPA.csv,8d1e40d2a272970c02d9d5acef313f6579d1e36161fcf30316a4ae5653600418,"# File Updated: 2025-07-29
# Data version 3.0
# Site: Pasadena, United States",USPA-0114,ChemSpec_218,True,True,both competing concentration values already present in earlier CSV; upstream role unresolved,False,c91542c705254dd7e7e7271bc36789388d225dc3,a6fda4ea34e7c6d5f3c058ccd56e23d36c2afe07fee3dd8ee9072a80eeae197f
33701,USPA,34.199433,-118.17317,,USPA-0115,2022-06-16,PM2.5,,,,ChemSpec_218,,,ChemSpec_EC_PM2.5,,0.47,,,SGP,ChemSpec,ug/m3,ug/m3,,USPA-0115,2022-06-16,0.47,,2448,USPA,34.199433,-118.17317,366.0,USPA-0115,2022,6,16,9.0,2022,6,17,9.0,24.0,28203,EC PM2.5,0.47,Micrograms per cubic meter (ug/m3),,,,218,AirPhoton SS5i Sampler with BGI cyclone inlet and 25mm stretched Teflon filter,FTIR,Ambient local,SGP,/Users/ahmadjalil/github/aethmodular/research/filter_combine/FilterBased_ChemSpecPM25_USPA.csv,8d1e40d2a272970c02d9d5acef313f6579d1e36161fcf30316a4ae5653600418,"# File Updated: 2025-07-29
# Data version 3.0
# Site: Pasadena, United States",USPA-0115,ChemSpec_218,True,True,both competing concentration values already present in earlier CSV; upstream role unresolved,False,c91542c705254dd7e7e7271bc36789388d225dc3,a6fda4ea34e7c6d5f3c058ccd56e23d36c2afe07fee3dd8ee9072a80eeae197f
33740,USPA,34.199433,-118.17317,,USPA-0116,2022-06-19,PM2.5,,,,ChemSpec_218,,,ChemSpec_EC_PM2.5,,0.32,,,SGP,ChemSpec,ug/m3,ug/m3,,USPA-0116,2022-06-19,0.32,,2487,USPA,34.199433,-118.17317,366.0,USPA-0116,2022,6,19,9.0,2022,6,20,9.0,24.0,28203,EC PM2.5,0.32,Micrograms per cubic meter (ug/m3),,,,218,AirPhoton SS5i Sampler with BGI cyclone inlet and 25mm stretched Teflon filter,FTIR,Ambient local,SGP,/Users/ahmadjalil/github/aethmodular/research/filter_combine/FilterBased_ChemSpecPM25_USPA.csv,8d1e40d2a272970c02d9d5acef313f6579d1e36161fcf30316a4ae5653600418,"# File Updated: 2025-07-29
# Data version 3.0
# Site: Pasadena, United States",USPA-0116,ChemSpec_218,True,True,both competing concentration values already present in earlier CSV; upstream role unresolved,False,c91542c705254dd7e7e7271bc36789388d225dc3,a6fda4ea34e7c6d5f3c058ccd56e23d36c2afe07fee3dd8ee9072a80eeae197f
33779,USPA,34.199433,-118.17317,,USPA-0117,2022-06-22,PM2.5,,,,ChemSpec_218,,,ChemSpec_EC_PM2.5,,0.49,,,SGP,ChemSpec,ug/m3,ug/m3,,USPA-0117,2022-06-22,0.49,,2526,USPA,34.199433,-118.17317,366.0,USPA-0117,2022,6,22,9.0,2022,6,23,9.0,24.0,28203,EC PM2.5,0.49,Micrograms per cubic meter (ug/m3),,,,218,AirPhoton SS5i Sampler with BGI cyclone inlet and 25mm stretched Teflon filter,FTIR,Ambient local,SGP,/Users/ahmadjalil/github/aethmodular/research/filter_combine/FilterBased_ChemSpecPM25_USPA.csv,8d1e40d2a272970c02d9d5acef313f6579d1e36161fcf30316a4ae5653600418,"# File Updated: 2025-07-29
# Data version 3.0
# Site: Pasadena, United States",USPA-0117,ChemSpec_218,True,True,both competing concentration values already present in earlier CSV; upstream role unresolved,False,c91542c705254dd7e7e7271bc36789388d225dc3,a6fda4ea34e7c6d5f3c058ccd56e23d36c2afe07fee3dd8ee9072a80eeae197f
33818,USPA,34.199433,-118.17317,,USPA-0118,2022-06-25,PM2.5,,,,ChemSpec_218,,,ChemSpec_EC_PM2.5,,0.41,,,SGP,ChemSpec,ug/m3,ug/m3,,USPA-0118,2022-06-25,0.41,,2565,USPA,34.199433,-118.17317,366.0,USPA-0118,2022,6,25,9.0,2022,6,26,9.0,24.0,28203,EC PM2.5,0.41,Micrograms per cubic meter (ug/m3),,,,218,AirPhoton SS5i Sampler with BGI cyclone inlet and 25mm stretched Teflon filter,FTIR,Ambient local,SGP,/Users/ahmadjalil/github/aethmodular/research/filter_combine/FilterBased_ChemSpecPM25_USPA.csv,8d1e40d2a272970c02d9d5acef313f6579d1e36161fcf30316a4ae5653600418,"# File Updated: 2025-07-29
# Data version 3.0
# Site: Pasadena, United States",USPA-0118,ChemSpec_218,True,True,both competing concentration values already present in earlier CSV; upstream role unresolved,False,c91542c705254dd7e7e7271bc36789388d225dc3,a6fda4ea34e7c6d5f3c058ccd56e23d36c2afe07fee3dd8ee9072a80eeae197f
33857,USPA,34.199433,-118.17317,,USPA-0120,2022-06-28,PM2.5,,,,ChemSpec_218,,,ChemSpec_EC_PM2.5,,0.39,,,SGP,ChemSpec,ug/m3,ug/m3,,USPA-0120,2022-06-28,0.39,,2603,USPA,34.199433,-118.17317,366.0,USPA-0120,2022,6,28,9.0,2022,6,29,9.0,24.0,28203,EC PM2.5,0.39,Micrograms per cubic meter (ug/m3),,,,218,AirPhoton SS5i Sampler with BGI cyclone inlet and 25mm stretched Teflon filter,FTIR,Ambient local,SGP,/Users/ahmadjalil/github/aethmodular/research/filter_combine/FilterBased_ChemSpecPM25_USPA.csv,8d1e40d2a272970c02d9d5acef313f6579d1e36161fcf30316a4ae5653600418,"# File Updated: 2025-07-29
# Data version 3.0
# Site: Pasadena, United States",USPA-0120,ChemSpec_218,True,True,both competing concentration values already present in earlier CSV; upstream role unresolved,False,c91542c705254dd7e7e7271bc36789388d225dc3,a6fda4ea34e7c6d5f3c058ccd56e23d36c2afe07fee3dd8ee9072a80eeae197f
33895,USPA,34.199433,-118.17317,,USPA-0121,2022-06-30,PM2.5,,,,ChemSpec_218,,,ChemSpec_EC_PM2.5,,0.35,,,SGP,ChemSpec,ug/m3,ug/m3,,USPA-0121,2022-06-30,0.35,,2641,USPA,34.199433,-118.17317,366.0,USPA-0121,2022,6,30,9.0,2022,7,1,9.0,24.0,28203,EC PM2.5,0.35,Micrograms per cubic meter (ug/m3),,,,218,AirPhoton SS5i Sampler with BGI cyclone inlet and 25mm stretched Teflon filter,FTIR,Ambient local,SGP,/Users/ahmadjalil/github/aethmodular/research/filter_combine/FilterBased_ChemSpecPM25_USPA.csv,8d1e40d2a272970c02d9d5acef313f6579d1e36161fcf30316a4ae5653600418,"# File Updated: 2025-07-29
# Data version 3.0
# Site: Pasadena, United States",USPA-0121,ChemSpec_218,True,True,both competing concentration values already present in earlier CSV; upstream role unresolved,False,c91542c705254dd7e7e7271bc36789388d225dc3,a6fda4ea34e7c6d5f3c058ccd56e23d36c2afe07fee3dd8ee9072a80eeae197f
33933,USPA,34.199433,-118.17317,,USPA-0122,2022-07-03,PM2.5,,,,ChemSpec_218,,,ChemSpec_EC_PM2.5,,0.23,,,SGP,ChemSpec,ug/m3,ug/m3,,USPA-0122,2022-07-03,0.23,,2680,USPA,34.199433,-118.17317,366.0,USPA-0122,2022,7,3,9.0,2022,7,4,9.0,24.0,28203,EC PM2.5,0.23,Micrograms per cubic meter (ug/m3),,,,218,AirPhoton SS5i Sampler with BGI cyclone inlet and 25mm stretched Teflon filter,FTIR,Ambient local,SGP,/Users/ahmadjalil/github/aethmodular/research/filter_combine/FilterBased_ChemSpecPM25_USPA.csv,8d1e40d2a272970c02d9d5acef313f6579d1e36161fcf30316a4ae5653600418,"# File Updated: 2025-07-29
# Data version 3.0
# Site: Pasadena, United States",USPA-0122,ChemSpec_218,True,True,both competing concentration values already present in earlier CSV; upstream role unresolved,False,c91542c705254dd7e7e7271bc36789388d225dc3,a6fda4ea34e7c6d5f3c058ccd56e23d36c2afe07fee3dd8ee9072a80eeae197f
33972,USPA,34.199433,-118.17317,,USPA-0123,2022-07-06,PM2.5,,,,ChemSpec_218,,,ChemSpec_EC_PM2.5,,0.46,,,SGP,ChemSpec,ug/m3,ug/m3,,USPA-0123,2022-07-06,0.46,,2718,USPA,34.199433,-118.17317,366.0,USPA-0123,2022,7,6,9.0,2022,7,7,9.0,24.0,28203,EC PM2.5,0.46,Micrograms per cubic meter (ug/m3),,,,218,AirPhoton SS5i Sampler with BGI cyclone inlet and 25mm stretched Teflon filter,FTIR,Ambient local,SGP,/Users/ahmadjalil/github/aethmodular/research/filter_combine/FilterBased_ChemSpecPM25_USPA.csv,8d1e40d2a272970c02d9d5acef313f6579d1e36161fcf30316a4ae5653600418,"# File Updated: 2025-07-29
# Data version 3.0
# Site: Pasadena, United States",USPA-0123,ChemSpec_218,True,True,both competing concentration values already present in earlier CSV; upstream role unresolved,False,c91542c705254dd7e7e7271bc36789388d225dc3,a6fda4ea34e7c6d5f3c058ccd56e23d36c2afe07fee3dd8ee9072a80eeae197f
34010,USPA,34.199433,-118.17317,,USPA-0124,2022-07-09,PM2.5,,,,ChemSpec_218,,,ChemSpec_EC_PM2.5,,0.37,,,SGP,ChemSpec,ug/m3,ug/m3,,USPA-0124,2022-07-09,0.37,,2757,USPA,34.199433,-118.17317,366.0,USPA-0124,2022,7,9,9.0,2022,7,10,9.0,24.0,28203,EC PM2.5,0.37,Micrograms per cubic meter (ug/m3),,,,218,AirPhoton SS5i Sampler with BGI cyclone inlet and 25mm stretched Teflon filter,FTIR,Ambient local,SGP,/Users/ahmadjalil/github/aethmodular/research/filter_combine/FilterBased_ChemSpecPM25_USPA.csv,8d1e40d2a272970c02d9d5acef313f6579d1e36161fcf30316a4ae5653600418,"# File Updated: 2025-07-29
# Data version 3.0
# Site: Pasadena, United States",USPA-0124,ChemSpec_218,True,True,both competing concentration values already present in earlier CSV; upstream role unresolved,False,c91542c705254dd7e7e7271bc36789388d225dc3,a6fda4ea34e7c6d5f3c058ccd56e23d36c2afe07fee3dd8ee9072a80eeae197f
34049,USPA,34.199433,-118.17317,,USPA-0125,2022-07-12,PM2.5,,,,ChemSpec_218,,,ChemSpec_EC_PM2.5,,0.55,,,SGP,ChemSpec,ug/m3,ug/m3,,USPA-0125,2022-07-12,0.55,,2795,USPA,34.199433,-118.17317,366.0,USPA-0125,2022,7,12,9.0,2022,7,13,9.0,24.0,28203,EC PM2.5,0.55,Micrograms per cubic meter (ug/m3),,,,218,AirPhoton SS5i Sampler with BGI cyclone inlet and 25mm stretched Teflon filter,FTIR,Ambient local,SGP,/Users/ahmadjalil/github/aethmodular/research/filter_combine/FilterBased_ChemSpecPM25_USPA.csv,8d1e40d2a272970c02d9d5acef313f6579d1e36161fcf30316a4ae5653600418,"# File Updated: 2025-07-29
# Data version 3.0
# Site: Pasadena, United States",USPA-0125,ChemSpec_218,True,True,both competing concentration values already present in earlier CSV; upstream role unresolved,False,c91542c705254dd7e7e7271bc36789388d225dc3,a6fda4ea34e7c6d5f3c058ccd56e23d36c2afe07fee3dd8ee9072a80eeae197f
34087,USPA,34.199433,-118.17317,,USPA-0126,2022-07-15,PM2.5,,,,ChemSpec_218,,,ChemSpec_EC_PM2.5,,0.5,,,SGP,ChemSpec,ug/m3,ug/m3,,USPA-0126,2022-07-15,0.5,,2833,USPA,34.199433,-118.17317,366.0,USPA-0126,2022,7,15,9.0,2022,7,16,9.0,24.0,28203,EC PM2.5,0.5,Micrograms per cubic meter (ug/m3),,,,218,AirPhoton SS5i Sampler with BGI cyclone inlet and 25mm stretched Teflon filter,FTIR,Ambient local,SGP,/Users/ahmadjalil/github/aethmodular/research/filter_combine/FilterBased_ChemSpecPM25_USPA.csv,8d1e40d2a272970c02d9d5acef313f6579d1e36161fcf30316a4ae5653600418,"# File Updated: 2025-07-29
# Data version 3.0
# Site: Pasadena, United States",USPA-0126,ChemSpec_218,True,True,both competing concentration values already present in earlier CSV; upstream role unresolved,False,c91542c705254dd7e7e7271bc36789388d225dc3,a6fda4ea34e7c6d5f3c058ccd56e23d36c2afe07fee3dd8ee9072a80eeae197f
34125,USPA,34.199433,-118.17317,,USPA-0128,2022-07-18,PM2.5,,,,ChemSpec_218,,,ChemSpec_EC_PM2.5,,0.42,,,,ChemSpec,ug/m3,ug/m3,,USPA-0128,2022-07-18,0.42,,2871,USPA,34.199433,-118.17317,366.0,USPA-0128,2022,7,18,9.0,2022,7,19,9.0,24.0,28203,EC PM2.5,0.42,Micrograms per cubic meter (ug/m3),,,,218,AirPhoton SS5i Sampler with BGI cyclone inlet and 25mm stretched Teflon filter,FTIR,Ambient local,,/Users/ahmadjalil/github/aethmodular/research/filter_combine/FilterBased_ChemSpecPM25_USPA.csv,8d1e40d2a272970c02d9d5acef313f6579d1e36161fcf30316a4ae5653600418,"# File Updated: 2025-07-29
# Data version 3.0
# Site: Pasadena, United States",USPA-0128,ChemSpec_218,True,True,both competing concentration values already present in earlier CSV; upstream role unresolved,False,c91542c705254dd7e7e7271bc36789388d225dc3,a6fda4ea34e7c6d5f3c058ccd56e23d36c2afe07fee3dd8ee9072a80eeae197f
34163,USPA,34.199433,-118.17317,,USPA-0129,2022-07-22,PM2.5,,,,ChemSpec_218,,,ChemSpec_EC_PM2.5,,0.63,0.0556944444444444,,SGP,ChemSpec,ug/m3,ug/m3,,USPA-0129,2022-07-22,0.63,0.055694444444,2910,USPA,34.199433,-118.17317,366.0,USPA-0129,2022,7,22,9.0,2022,7,23,9.0,24.0,28203,EC PM2.5,0.63,Micrograms per cubic meter (ug/m3),,0.0556944444444444,,218,AirPhoton SS5i Sampler with BGI cyclone inlet and 25mm stretched Teflon filter,FTIR,Ambient local,SGP,/Users/ahmadjalil/github/aethmodular/research/filter_combine/FilterBased_ChemSpecPM25_USPA.csv,8d1e40d2a272970c02d9d5acef313f6579d1e36161fcf30316a4ae5653600418,"# File Updated: 2025-07-29
# Data version 3.0
# Site: Pasadena, United States",USPA-0129,ChemSpec_218,True,True,both competing concentration values already present in earlier CSV; upstream role unresolved,False,c91542c705254dd7e7e7271bc36789388d225dc3,a6fda4ea34e7c6d5f3c058ccd56e23d36c2afe07fee3dd8ee9072a80eeae197f
34164,USPA,34.199433,-118.17317,,USPA-0129,2022-07-22,PM2.5,,,,ChemSpec_218,,,ChemSpec_EC_PM2.5,,0.06,0.0556944444444444,,SGP,ChemSpec,ug/m3,ug/m3,,USPA-0129,2022-07-22,0.06,0.055694444444,2911,USPA,34.199433,-118.17317,366.0,USPA-0129,2022,7,22,9.0,2022,7,23,9.0,24.0,28203,EC PM2.5,0.06,Micrograms per cubic meter (ug/m3),,0.0556944444444444,,218,AirPhoton SS5i Sampler with BGI cyclone inlet and 25mm stretched Teflon filter,FTIR,Ambient local,SGP,/Users/ahmadjalil/github/aethmodular/research/filter_combine/FilterBased_ChemSpecPM25_USPA.csv,8d1e40d2a272970c02d9d5acef313f6579d1e36161fcf30316a4ae5653600418,"# File Updated: 2025-07-29
# Data version 3.0
# Site: Pasadena, United States",USPA-0129,ChemSpec_218,True,True,both competing concentration values already present in earlier CSV; upstream role unresolved,False,c91542c705254dd7e7e7271bc36789388d225dc3,a6fda4ea34e7c6d5f3c058ccd56e23d36c2afe07fee3dd8ee9072a80eeae197f
34221,USPA,34.199433,-118.17317,,USPA-0130,2022-07-25,PM2.5,,,,ChemSpec_218,,,ChemSpec_EC_PM2.5,,0.53,0.0556944444444444,,SGP,ChemSpec,ug/m3,ug/m3,,USPA-0130,2022-07-25,0.53,0.055694444444,2951,USPA,34.199433,-118.17317,366.0,USPA-0130,2022,7,25,9.0,2022,7,26,9.0,24.0,28203,EC PM2.5,0.53,Micrograms per cubic meter (ug/m3),,0.0556944444444444,,218,AirPhoton SS5i Sampler with BGI cyclone inlet and 25mm stretched Teflon filter,FTIR,Ambient local,SGP,/Users/ahmadjalil/github/aethmodular/research/filter_combine/FilterBased_ChemSpecPM25_USPA.csv,8d1e40d2a272970c02d9d5acef313f6579d1e36161fcf30316a4ae5653600418,"# File Updated: 2025-07-29
# Data version 3.0
# Site: Pasadena, United States",USPA-0130,ChemSpec_218,True,True,both competing concentration values already present in earlier CSV; upstream role unresolved,False,c91542c705254dd7e7e7271bc36789388d225dc3,a6fda4ea34e7c6d5f3c058ccd56e23d36c2afe07fee3dd8ee9072a80eeae197f
34222,USPA,34.199433,-118.17317,,USPA-0130,2022-07-25,PM2.5,,,,ChemSpec_218,,,ChemSpec_EC_PM2.5,,0.06,0.0556944444444444,,SGP,ChemSpec,ug/m3,ug/m3,,USPA-0130,2022-07-25,0.06,0.055694444444,2952,USPA,34.199433,-118.17317,366.0,USPA-0130,2022,7,25,9.0,2022,7,26,9.0,24.0,28203,EC PM2.5,0.06,Micrograms per cubic meter (ug/m3),,0.0556944444444444,,218,AirPhoton SS5i Sampler with BGI cyclone inlet and 25mm stretched Teflon filter,FTIR,Ambient local,SGP,/Users/ahmadjalil/github/aethmodular/research/filter_combine/FilterBased_ChemSpecPM25_USPA.csv,8d1e40d2a272970c02d9d5acef313f6579d1e36161fcf30316a4ae5653600418,"# File Updated: 2025-07-29
# Data version 3.0
# Site: Pasadena, United States",USPA-0130,ChemSpec_218,True,True,both competing concentration values already present in earlier CSV; upstream role unresolved,False,c91542c705254dd7e7e7271bc36789388d225dc3,a6fda4ea34e7c6d5f3c058ccd56e23d36c2afe07fee3dd8ee9072a80eeae197f
34279,USPA,34.199433,-118.17317,,USPA-0131,2022-07-28,PM2.5,,,,ChemSpec_218,,,ChemSpec_EC_PM2.5,,0.64,0.0556944444444444,,SGP,ChemSpec,ug/m3,ug/m3,,USPA-0131,2022-07-28,0.64,0.055694444444,2992,USPA,34.199433,-118.17317,366.0,USPA-0131,2022,7,28,9.0,2022,7,29,9.0,24.0,28203,EC PM2.5,0.64,Micrograms per cubic meter (ug/m3),,0.0556944444444444,,218,AirPhoton SS5i Sampler with BGI cyclone inlet and 25mm stretched Teflon filter,FTIR,Ambient local,SGP,/Users/ahmadjalil/github/aethmodular/research/filter_combine/FilterBased_ChemSpecPM25_USPA.csv,8d1e40d2a272970c02d9d5acef313f6579d1e36161fcf30316a4ae5653600418,"# File Updated: 2025-07-29
# Data version 3.0
# Site: Pasadena, United States",USPA-0131,ChemSpec_218,True,True,both competing concentration values already present in earlier CSV; upstream role unresolved,False,c91542c705254dd7e7e7271bc36789388d225dc3,a6fda4ea34e7c6d5f3c058ccd56e23d36c2afe07fee3dd8ee9072a80eeae197f
34280,USPA,34.199433,-118.17317,,USPA-0131,2022-07-28,PM2.5,,,,ChemSpec_218,,,ChemSpec_EC_PM2.5,,0.06,0.0556944444444444,,SGP,ChemSpec,ug/m3,ug/m3,,USPA-0131,2022-07-28,0.06,0.055694444444,2993,USPA,34.199433,-118.17317,366.0,USPA-0131,2022,7,28,9.0,2022,7,29,9.0,24.0,28203,EC PM2.5,0.06,Micrograms per cubic meter (ug/m3),,0.0556944444444444,,218,AirPhoton SS5i Sampler with BGI cyclone inlet and 25mm stretched Teflon filter,FTIR,Ambient local,SGP,/Users/ahmadjalil/github/aethmodular/research/filter_combine/FilterBased_ChemSpecPM25_USPA.csv,8d1e40d2a272970c02d9d5acef313f6579d1e36161fcf30316a4ae5653600418,"# File Updated: 2025-07-29
# Data version 3.0
# Site: Pasadena, United States",USPA-0131,ChemSpec_218,True,True,both competing concentration values already present in earlier CSV; upstream role unresolved,False,c91542c705254dd7e7e7271bc36789388d225dc3,a6fda4ea34e7c6d5f3c058ccd56e23d36c2afe07fee3dd8ee9072a80eeae197f
34337,USPA,34.199433,-118.17317,,USPA-0132,2022-07-31,PM2.5,,,,ChemSpec_218,,,ChemSpec_EC_PM2.5,,0.66,0.0556944444444444,,SGP,ChemSpec,ug/m3,ug/m3,,USPA-0132,2022-07-31,0.66,0.055694444444,3033,USPA,34.199433,-118.17317,366.0,USPA-0132,2022,7,31,9.0,2022,8,1,9.0,24.0,28203,EC PM2.5,0.66,Micrograms per cubic meter (ug/m3),,0.0556944444444444,,218,AirPhoton SS5i Sampler with BGI cyclone inlet and 25mm stretched Teflon filter,FTIR,Ambient local,SGP,/Users/ahmadjalil/github/aethmodular/research/filter_combine/FilterBased_ChemSpecPM25_USPA.csv,8d1e40d2a272970c02d9d5acef313f6579d1e36161fcf30316a4ae5653600418,"# File Updated: 2025-07-29
# Data version 3.0
# Site: Pasadena, United States",USPA-0132,ChemSpec_218,True,True,both competing concentration values already present in earlier CSV; upstream role unresolved,False,c91542c705254dd7e7e7271bc36789388d225dc3,a6fda4ea34e7c6d5f3c058ccd56e23d36c2afe07fee3dd8ee9072a80eeae197f
34338,USPA,34.199433,-118.17317,,USPA-0132,2022-07-31,PM2.5,,,,ChemSpec_218,,,ChemSpec_EC_PM2.5,,0.06,0.0556944444444444,,SGP,ChemSpec,ug/m3,ug/m3,,USPA-0132,2022-07-31,0.06,0.055694444444,3034,USPA,34.199433,-118.17317,366.0,USPA-0132,2022,7,31,9.0,2022,8,1,9.0,24.0,28203,EC PM2.5,0.06,Micrograms per cubic meter (ug/m3),,0.0556944444444444,,218,AirPhoton SS5i Sampler with BGI cyclone inlet and 25mm stretched Teflon filter,FTIR,Ambient local,SGP,/Users/ahmadjalil/github/aethmodular/research/filter_combine/FilterBased_ChemSpecPM25_USPA.csv,8d1e40d2a272970c02d9d5acef313f6579d1e36161fcf30316a4ae5653600418,"# File Updated: 2025-07-29
# Data version 3.0
# Site: Pasadena, United States",USPA-0132,ChemSpec_218,True,True,both competing concentration values already present in earlier CSV; upstream role unresolved,False,c91542c705254dd7e7e7271bc36789388d225dc3,a6fda4ea34e7c6d5f3c058ccd56e23d36c2afe07fee3dd8ee9072a80eeae197f
34395,USPA,34.199433,-118.17317,,USPA-0133,2022-08-03,PM2.5,,,,ChemSpec_218,,,ChemSpec_EC_PM2.5,,0.8,0.0556944444444444,,SGP,ChemSpec,ug/m3,ug/m3,,USPA-0133,2022-08-03,0.8,0.055694444444,3074,USPA,34.199433,-118.17317,366.0,USPA-0133,2022,8,3,9.0,2022,8,4,9.0,24.0,28203,EC PM2.5,0.8,Micrograms per cubic meter (ug/m3),,0.0556944444444444,,218,AirPhoton SS5i Sampler with BGI cyclone inlet and 25mm stretched Teflon filter,FTIR,Ambient local,SGP,/Users/ahmadjalil/github/aethmodular/research/filter_combine/FilterBased_ChemSpecPM25_USPA.csv,8d1e40d2a272970c02d9d5acef313f6579d1e36161fcf30316a4ae5653600418,"# File Updated: 2025-07-29
# Data version 3.0
# Site: Pasadena, United States",USPA-0133,ChemSpec_218,True,True,both competing concentration values already present in earlier CSV; upstream role unresolved,False,c91542c705254dd7e7e7271bc36789388d225dc3,a6fda4ea34e7c6d5f3c058ccd56e23d36c2afe07fee3dd8ee9072a80eeae197f
34396,USPA,34.199433,-118.17317,,USPA-0133,2022-08-03,PM2.5,,,,ChemSpec_218,,,ChemSpec_EC_PM2.5,,0.06,0.0556944444444444,,SGP,ChemSpec,ug/m3,ug/m3,,USPA-0133,2022-08-03,0.06,0.055694444444,3075,USPA,34.199433,-118.17317,366.0,USPA-0133,2022,8,3,9.0,2022,8,4,9.0,24.0,28203,EC PM2.5,0.06,Micrograms per cubic meter (ug/m3),,0.0556944444444444,,218,AirPhoton SS5i Sampler with BGI cyclone inlet and 25mm stretched Teflon filter,FTIR,Ambient local,SGP,/Users/ahmadjalil/github/aethmodular/research/filter_combine/FilterBased_ChemSpecPM25_USPA.csv,8d1e40d2a272970c02d9d5acef313f6579d1e36161fcf30316a4ae5653600418,"# File Updated: 2025-07-29
# Data version 3.0
# Site: Pasadena, United States",USPA-0133,ChemSpec_218,True,True,both competing concentration values already present in earlier CSV; upstream role unresolved,False,c91542c705254dd7e7e7271bc36789388d225dc3,a6fda4ea34e7c6d5f3c058ccd56e23d36c2afe07fee3dd8ee9072a80eeae197f
34453,USPA,34.199433,-118.17317,,USPA-0134,2022-08-06,PM2.5,,,,ChemSpec_218,,,ChemSpec_EC_PM2.5,,0.59,0.0556944444444444,,SGP,ChemSpec,ug/m3,ug/m3,,USPA-0134,2022-08-06,0.59,0.055694444444,3115,USPA,34.199433,-118.17317,366.0,USPA-0134,2022,8,6,9.0,2022,8,7,9.0,24.0,28203,EC PM2.5,0.59,Micrograms per cubic meter (ug/m3),,0.0556944444444444,,218,AirPhoton SS5i Sampler with BGI cyclone inlet and 25mm stretched Teflon filter,FTIR,Ambient local,SGP,/Users/ahmadjalil/github/aethmodular/research/filter_combine/FilterBased_ChemSpecPM25_USPA.csv,8d1e40d2a272970c02d9d5acef313f6579d1e36161fcf30316a4ae5653600418,"# File Updated: 2025-07-29
# Data version 3.0
# Site: Pasadena, United States",USPA-0134,ChemSpec_218,True,True,both competing concentration values already present in earlier CSV; upstream role unresolved,False,c91542c705254dd7e7e7271bc36789388d225dc3,a6fda4ea34e7c6d5f3c058ccd56e23d36c2afe07fee3dd8ee9072a80eeae197f
34454,USPA,34.199433,-118.17317,,USPA-0134,2022-08-06,PM2.5,,,,ChemSpec_218,,,ChemSpec_EC_PM2.5,,0.06,0.0556944444444444,,SGP,ChemSpec,ug/m3,ug/m3,,USPA-0134,2022-08-06,0.06,0.055694444444,3116,USPA,34.199433,-118.17317,366.0,USPA-0134,2022,8,6,9.0,2022,8,7,9.0,24.0,28203,EC PM2.5,0.06,Micrograms per cubic meter (ug/m3),,0.0556944444444444,,218,AirPhoton SS5i Sampler with BGI cyclone inlet and 25mm stretched Teflon filter,FTIR,Ambient local,SGP,/Users/ahmadjalil/github/aethmodular/research/filter_combine/FilterBased_ChemSpecPM25_USPA.csv,8d1e40d2a272970c02d9d5acef313f6579d1e36161fcf30316a4ae5653600418,"# File Updated: 2025-07-29
# Data version 3.0
# Site: Pasadena, United States",USPA-0134,ChemSpec_218,True,True,both competing concentration values already present in earlier CSV; upstream role unresolved,False,c91542c705254dd7e7e7271bc36789388d225dc3,a6fda4ea34e7c6d5f3c058ccd56e23d36c2afe07fee3dd8ee9072a80eeae197f
34525,USPA,34.199433,-118.17317,,USPA-0136,2022-08-09,PM2.5,,,,ChemSpec_218,,,ChemSpec_EC_PM2.5,,0.57,0.0556944444444444,,SGP,ChemSpec,ug/m3,ug/m3,,USPA-0136,2022-08-09,0.57,0.055694444444,3156,USPA,34.199433,-118.17317,366.0,USPA-0136,2022,8,9,9.0,2022,8,10,9.0,24.0,28203,EC PM2.5,0.57,Micrograms per cubic meter (ug/m3),,0.0556944444444444,,218,AirPhoton SS5i Sampler with BGI cyclone inlet and 25mm stretched Teflon filter,FTIR,Ambient local,SGP,/Users/ahmadjalil/github/aethmodular/research/filter_combine/FilterBased_ChemSpecPM25_USPA.csv,8d1e40d2a272970c02d9d5acef313f6579d1e36161fcf30316a4ae5653600418,"# File Updated: 2025-07-29
# Data version 3.0
# Site: Pasadena, United States",USPA-0136,ChemSpec_218,True,True,both competing concentration values already present in earlier CSV; upstream role unresolved,False,c91542c705254dd7e7e7271bc36789388d225dc3,a6fda4ea34e7c6d5f3c058ccd56e23d36c2afe07fee3dd8ee9072a80eeae197f
34526,USPA,34.199433,-118.17317,,USPA-0136,2022-08-09,PM2.5,,,,ChemSpec_218,,,ChemSpec_EC_PM2.5,,0.06,0.0556944444444444,,SGP,ChemSpec,ug/m3,ug/m3,,USPA-0136,2022-08-09,0.06,0.055694444444,3157,USPA,34.199433,-118.17317,366.0,USPA-0136,2022,8,9,9.0,2022,8,10,9.0,24.0,28203,EC PM2.5,0.06,Micrograms per cubic meter (ug/m3),,0.0556944444444444,,218,AirPhoton SS5i Sampler with BGI cyclone inlet and 25mm stretched Teflon filter,FTIR,Ambient local,SGP,/Users/ahmadjalil/github/aethmodular/research/filter_combine/FilterBased_ChemSpecPM25_USPA.csv,8d1e40d2a272970c02d9d5acef313f6579d1e36161fcf30316a4ae5653600418,"# File Updated: 2025-07-29
# Data version 3.0
# Site: Pasadena, United States",USPA-0136,ChemSpec_218,True,True,both competing concentration values already present in earlier CSV; upstream role unresolved,False,c91542c705254dd7e7e7271bc36789388d225dc3,a6fda4ea34e7c6d5f3c058ccd56e23d36c2afe07fee3dd8ee9072a80eeae197f
34583,USPA,34.199433,-118.17317,,USPA-0137,2022-08-12,PM2.5,,,,ChemSpec_218,,,ChemSpec_EC_PM2.5,,0.59,0.0556944444444444,,SGP,ChemSpec,ug/m3,ug/m3,,USPA-0137,2022-08-12,0.59,0.055694444444,3197,USPA,34.199433,-118.17317,366.0,USPA-0137,2022,8,12,9.0,2022,8,13,9.0,24.0,28203,EC PM2.5,0.59,Micrograms per cubic meter (ug/m3),,0.0556944444444444,,218,AirPhoton SS5i Sampler with BGI cyclone inlet and 25mm stretched Teflon filter,FTIR,Ambient local,SGP,/Users/ahmadjalil/github/aethmodular/research/filter_combine/FilterBased_ChemSpecPM25_USPA.csv,8d1e40d2a272970c02d9d5acef313f6579d1e36161fcf30316a4ae5653600418,"# File Updated: 2025-07-29
# Data version 3.0
# Site: Pasadena, United States",USPA-0137,ChemSpec_218,True,True,both competing concentration values already present in earlier CSV; upstream role unresolved,False,c91542c705254dd7e7e7271bc36789388d225dc3,a6fda4ea34e7c6d5f3c058ccd56e23d36c2afe07fee3dd8ee9072a80eeae197f
34584,USPA,34.199433,-118.17317,,USPA-0137,2022-08-12,PM2.5,,,,ChemSpec_218,,,ChemSpec_EC_PM2.5,,0.06,0.0556944444444444,,SGP,ChemSpec,ug/m3,ug/m3,,USPA-0137,2022-08-12,0.06,0.055694444444,3198,USPA,34.199433,-118.17317,366.0,USPA-0137,2022,8,12,9.0,2022,8,13,9.0,24.0,28203,EC PM2.5,0.06,Micrograms per cubic meter (ug/m3),,0.0556944444444444,,218,AirPhoton SS5i Sampler with BGI cyclone inlet and 25mm stretched Teflon filter,FTIR,Ambient local,SGP,/Users/ahmadjalil/github/aethmodular/research/filter_combine/FilterBased_ChemSpecPM25_USPA.csv,8d1e40d2a272970c02d9d5acef313f6579d1e36161fcf30316a4ae5653600418,"# File Updated: 2025-07-29
# Data version 3.0
# Site: Pasadena, United States",USPA-0137,ChemSpec_218,True,True,both competing concentration values already present in earlier CSV; upstream role unresolved,False,c91542c705254dd7e7e7271bc36789388d225dc3,a6fda4ea34e7c6d5f3c058ccd56e23d36c2afe07fee3dd8ee9072a80eeae197f
34641,USPA,34.199433,-118.17317,,USPA-0138,2022-08-15,PM2.5,,,,ChemSpec_218,,,ChemSpec_EC_PM2.5,,0.5,0.0556944444444444,,SGP,ChemSpec,ug/m3,ug/m3,,USPA-0138,2022-08-15,0.5,0.055694444444,3238,USPA,34.199433,-118.17317,366.0,USPA-0138,2022,8,15,9.0,2022,8,16,9.0,24.0,28203,EC PM2.5,0.5,Micrograms per cubic meter (ug/m3),,0.0556944444444444,,218,AirPhoton SS5i Sampler with BGI cyclone inlet and 25mm stretched Teflon filter,FTIR,Ambient local,SGP,/Users/ahmadjalil/github/aethmodular/research/filter_combine/FilterBased_ChemSpecPM25_USPA.csv,8d1e40d2a272970c02d9d5acef313f6579d1e36161fcf30316a4ae5653600418,"# File Updated: 2025-07-29
# Data version 3.0
# Site: Pasadena, United States",USPA-0138,ChemSpec_218,True,True,both competing concentration values already present in earlier CSV; upstream role unresolved,False,c91542c705254dd7e7e7271bc36789388d225dc3,a6fda4ea34e7c6d5f3c058ccd56e23d36c2afe07fee3dd8ee9072a80eeae197f
34642,USPA,34.199433,-118.17317,,USPA-0138,2022-08-15,PM2.5,,,,ChemSpec_218,,,ChemSpec_EC_PM2.5,,0.06,0.0556944444444444,,SGP,ChemSpec,ug/m3,ug/m3,,USPA-0138,2022-08-15,0.06,0.055694444444,3239,USPA,34.199433,-118.17317,366.0,USPA-0138,2022,8,15,9.0,2022,8,16,9.0,24.0,28203,EC PM2.5,0.06,Micrograms per cubic meter (ug/m3),,0.0556944444444444,,218,AirPhoton SS5i Sampler with BGI cyclone inlet and 25mm stretched Teflon filter,FTIR,Ambient local,SGP,/Users/ahmadjalil/github/aethmodular/research/filter_combine/FilterBased_ChemSpecPM25_USPA.csv,8d1e40d2a272970c02d9d5acef313f6579d1e36161fcf30316a4ae5653600418,"# File Updated: 2025-07-29
# Data version 3.0
# Site: Pasadena, United States",USPA-0138,ChemSpec_218,True,True,both competing concentration values already present in earlier CSV; upstream role unresolved,False,c91542c705254dd7e7e7271bc36789388d225dc3,a6fda4ea34e7c6d5f3c058ccd56e23d36c2afe07fee3dd8ee9072a80eeae197f
34699,USPA,34.199433,-118.17317,,USPA-0139,2022-08-18,PM2.5,,,,ChemSpec_218,,,ChemSpec_EC_PM2.5,,0.64,0.0535130718954248,,SGP,ChemSpec,ug/m3,ug/m3,,USPA-0139,2022-08-18,0.64,0.053513071895,3279,USPA,34.199433,-118.17317,366.0,USPA-0139,2022,8,18,9.0,2022,8,19,9.0,24.0,28203,EC PM2.5,0.64,Micrograms per cubic meter (ug/m3),,0.0535130718954248,,218,AirPhoton SS5i Sampler with BGI cyclone inlet and 25mm stretched Teflon filter,FTIR,Ambient local,SGP,/Users/ahmadjalil/github/aethmodular/research/filter_combine/FilterBased_ChemSpecPM25_USPA.csv,8d1e40d2a272970c02d9d5acef313f6579d1e36161fcf30316a4ae5653600418,"# File Updated: 2025-07-29
# Data version 3.0
# Site: Pasadena, United States",USPA-0139,ChemSpec_218,True,True,both competing concentration values already present in earlier CSV; upstream role unresolved,False,c91542c705254dd7e7e7271bc36789388d225dc3,a6fda4ea34e7c6d5f3c058ccd56e23d36c2afe07fee3dd8ee9072a80eeae197f
34700,USPA,34.199433,-118.17317,,USPA-0139,2022-08-18,PM2.5,,,,ChemSpec_218,,,ChemSpec_EC_PM2.5,,0.05,0.0535130718954248,,SGP,ChemSpec,ug/m3,ug/m3,,USPA-0139,2022-08-18,0.05,0.053513071895,3280,USPA,34.199433,-118.17317,366.0,USPA-0139,2022,8,18,9.0,2022,8,19,9.0,24.0,28203,EC PM2.5,0.05,Micrograms per cubic meter (ug/m3),,0.0535130718954248,,218,AirPhoton SS5i Sampler with BGI cyclone inlet and 25mm stretched Teflon filter,FTIR,Ambient local,SGP,/Users/ahmadjalil/github/aethmodular/research/filter_combine/FilterBased_ChemSpecPM25_USPA.csv,8d1e40d2a272970c02d9d5acef313f6579d1e36161fcf30316a4ae5653600418,"# File Updated: 2025-07-29
# Data version 3.0
# Site: Pasadena, United States",USPA-0139,ChemSpec_218,True,True,both competing concentration values already present in earlier CSV; upstream role unresolved,False,c91542c705254dd7e7e7271bc36789388d225dc3,a6fda4ea34e7c6d5f3c058ccd56e23d36c2afe07fee3dd8ee9072a80eeae197f
34757,USPA,34.199433,-118.17317,,USPA-0140,2022-08-21,PM2.5,,,,ChemSpec_218,,,ChemSpec_EC_PM2.5,,0.47,0.0556944444444444,,SGP,ChemSpec,ug/m3,ug/m3,,USPA-0140,2022-08-21,0.47,0.055694444444,3320,USPA,34.199433,-118.17317,366.0,USPA-0140,2022,8,21,9.0,2022,8,22,9.0,24.0,28203,EC PM2.5,0.47,Micrograms per cubic meter (ug/m3),,0.0556944444444444,,218,AirPhoton SS5i Sampler with BGI cyclone inlet and 25mm stretched Teflon filter,FTIR,Ambient local,SGP,/Users/ahmadjalil/github/aethmodular/research/filter_combine/FilterBased_ChemSpecPM25_USPA.csv,8d1e40d2a272970c02d9d5acef313f6579d1e36161fcf30316a4ae5653600418,"# File Updated: 2025-07-29
# Data version 3.0
# Site: Pasadena, United States",USPA-0140,ChemSpec_218,True,True,both competing concentration values already present in earlier CSV; upstream role unresolved,False,c91542c705254dd7e7e7271bc36789388d225dc3,a6fda4ea34e7c6d5f3c058ccd56e23d36c2afe07fee3dd8ee9072a80eeae197f
34758,USPA,34.199433,-118.17317,,USPA-0140,2022-08-21,PM2.5,,,,ChemSpec_218,,,ChemSpec_EC_PM2.5,,0.06,0.0556944444444444,,SGP,ChemSpec,ug/m3,ug/m3,,USPA-0140,2022-08-21,0.06,0.055694444444,3321,USPA,34.199433,-118.17317,366.0,USPA-0140,2022,8,21,9.0,2022,8,22,9.0,24.0,28203,EC PM2.5,0.06,Micrograms per cubic meter (ug/m3),,0.0556944444444444,,218,AirPhoton SS5i Sampler with BGI cyclone inlet and 25mm stretched Teflon filter,FTIR,Ambient local,SGP,/Users/ahmadjalil/github/aethmodular/research/filter_combine/FilterBased_ChemSpecPM25_USPA.csv,8d1e40d2a272970c02d9d5acef313f6579d1e36161fcf30316a4ae5653600418,"# File Updated: 2025-07-29
# Data version 3.0
# Site: Pasadena, United States",USPA-0140,ChemSpec_218,True,True,both competing concentration values already present in earlier CSV; upstream role unresolved,False,c91542c705254dd7e7e7271bc36789388d225dc3,a6fda4ea34e7c6d5f3c058ccd56e23d36c2afe07fee3dd8ee9072a80eeae197f
34815,USPA,34.199433,-118.17317,,USPA-0141,2022-08-24,PM2.5,,,,ChemSpec_218,,,ChemSpec_EC_PM2.5,,0.6,0.0556944444444444,,SGP,ChemSpec,ug/m3,ug/m3,,USPA-0141,2022-08-24,0.6,0.055694444444,3361,USPA,34.199433,-118.17317,366.0,USPA-0141,2022,8,24,9.0,2022,8,25,9.0,24.0,28203,EC PM2.5,0.6,Micrograms per cubic meter (ug/m3),,0.0556944444444444,,218,AirPhoton SS5i Sampler with BGI cyclone inlet and 25mm stretched Teflon filter,FTIR,Ambient local,SGP,/Users/ahmadjalil/github/aethmodular/research/filter_combine/FilterBased_ChemSpecPM25_USPA.csv,8d1e40d2a272970c02d9d5acef313f6579d1e36161fcf30316a4ae5653600418,"# File Updated: 2025-07-29
# Data version 3.0
# Site: Pasadena, United States",USPA-0141,ChemSpec_218,True,True,both competing concentration values already present in earlier CSV; upstream role unresolved,False,c91542c705254dd7e7e7271bc36789388d225dc3,a6fda4ea34e7c6d5f3c058ccd56e23d36c2afe07fee3dd8ee9072a80eeae197f
34816,USPA,34.199433,-118.17317,,USPA-0141,2022-08-24,PM2.5,,,,ChemSpec_218,,,ChemSpec_EC_PM2.5,,0.06,0.0556944444444444,,SGP,ChemSpec,ug/m3,ug/m3,,USPA-0141,2022-08-24,0.06,0.055694444444,3362,USPA,34.199433,-118.17317,366.0,USPA-0141,2022,8,24,9.0,2022,8,25,9.0,24.0,28203,EC PM2.5,0.06,Micrograms per cubic meter (ug/m3),,0.0556944444444444,,218,AirPhoton SS5i Sampler with BGI cyclone inlet and 25mm stretched Teflon filter,FTIR,Ambient local,SGP,/Users/ahmadjalil/github/aethmodular/research/filter_combine/FilterBased_ChemSpecPM25_USPA.csv,8d1e40d2a272970c02d9d5acef313f6579d1e36161fcf30316a4ae5653600418,"# File Updated: 2025-07-29
# Data version 3.0
# Site: Pasadena, United States",USPA-0141,ChemSpec_218,True,True,both competing concentration values already present in earlier CSV; upstream role unresolved,False,c91542c705254dd7e7e7271bc36789388d225dc3,a6fda4ea34e7c6d5f3c058ccd56e23d36c2afe07fee3dd8ee9072a80eeae197f
34873,USPA,34.199433,-118.17317,,USPA-0142,2022-08-27,PM2.5,,,,ChemSpec_218,,,ChemSpec_EC_PM2.5,,0.54,0.0556944444444444,,SGP,ChemSpec,ug/m3,ug/m3,,USPA-0142,2022-08-27,0.54,0.055694444444,3402,USPA,34.199433,-118.17317,366.0,USPA-0142,2022,8,27,9.0,2022,8,28,9.0,24.0,28203,EC PM2.5,0.54,Micrograms per cubic meter (ug/m3),,0.0556944444444444,,218,AirPhoton SS5i Sampler with BGI cyclone inlet and 25mm stretched Teflon filter,FTIR,Ambient local,SGP,/Users/ahmadjalil/github/aethmodular/research/filter_combine/FilterBased_ChemSpecPM25_USPA.csv,8d1e40d2a272970c02d9d5acef313f6579d1e36161fcf30316a4ae5653600418,"# File Updated: 2025-07-29
# Data version 3.0
# Site: Pasadena, United States",USPA-0142,ChemSpec_218,True,True,both competing concentration values already present in earlier CSV; upstream role unresolved,False,c91542c705254dd7e7e7271bc36789388d225dc3,a6fda4ea34e7c6d5f3c058ccd56e23d36c2afe07fee3dd8ee9072a80eeae197f
34874,USPA,34.199433,-118.17317,,USPA-0142,2022-08-27,PM2.5,,,,ChemSpec_218,,,ChemSpec_EC_PM2.5,,0.06,0.0556944444444444,,SGP,ChemSpec,ug/m3,ug/m3,,USPA-0142,2022-08-27,0.06,0.055694444444,3403,USPA,34.199433,-118.17317,366.0,USPA-0142,2022,8,27,9.0,2022,8,28,9.0,24.0,28203,EC PM2.5,0.06,Micrograms per cubic meter (ug/m3),,0.0556944444444444,,218,AirPhoton SS5i Sampler with BGI cyclone inlet and 25mm stretched Teflon filter,FTIR,Ambient local,SGP,/Users/ahmadjalil/github/aethmodular/research/filter_combine/FilterBased_ChemSpecPM25_USPA.csv,8d1e40d2a272970c02d9d5acef313f6579d1e36161fcf30316a4ae5653600418,"# File Updated: 2025-07-29
# Data version 3.0
# Site: Pasadena, United States",USPA-0142,ChemSpec_218,True,True,both competing concentration values already present in earlier CSV; upstream role unresolved,False,c91542c705254dd7e7e7271bc36789388d225dc3,a6fda4ea34e7c6d5f3c058ccd56e23d36c2afe07fee3dd8ee9072a80eeae197f
34945,USPA,34.199433,-118.17317,,USPA-0144,2022-08-30,PM2.5,,,,ChemSpec_218,,,ChemSpec_EC_PM2.5,,0.74,0.0545929592959296,,SGP,ChemSpec,ug/m3,ug/m3,,USPA-0144,2022-08-30,0.74,0.054592959296,3443,USPA,34.199433,-118.17317,366.0,USPA-0144,2022,8,30,9.0,2022,8,31,9.0,24.0,28203,EC PM2.5,0.74,Micrograms per cubic meter (ug/m3),,0.0545929592959296,,218,AirPhoton SS5i Sampler with BGI cyclone inlet and 25mm stretched Teflon filter,FTIR,Ambient local,SGP,/Users/ahmadjalil/github/aethmodular/research/filter_combine/FilterBased_ChemSpecPM25_USPA.csv,8d1e40d2a272970c02d9d5acef313f6579d1e36161fcf30316a4ae5653600418,"# File Updated: 2025-07-29
# Data version 3.0
# Site: Pasadena, United States",USPA-0144,ChemSpec_218,True,True,both competing concentration values already present in earlier CSV; upstream role unresolved,False,c91542c705254dd7e7e7271bc36789388d225dc3,a6fda4ea34e7c6d5f3c058ccd56e23d36c2afe07fee3dd8ee9072a80eeae197f
34946,USPA,34.199433,-118.17317,,USPA-0144,2022-08-30,PM2.5,,,,ChemSpec_218,,,ChemSpec_EC_PM2.5,,0.05,0.0545929592959296,,SGP,ChemSpec,ug/m3,ug/m3,,USPA-0144,2022-08-30,0.05,0.054592959296,3444,USPA,34.199433,-118.17317,366.0,USPA-0144,2022,8,30,9.0,2022,8,31,9.0,24.0,28203,EC PM2.5,0.05,Micrograms per cubic meter (ug/m3),,0.0545929592959296,,218,AirPhoton SS5i Sampler with BGI cyclone inlet and 25mm stretched Teflon filter,FTIR,Ambient local,SGP,/Users/ahmadjalil/github/aethmodular/research/filter_combine/FilterBased_ChemSpecPM25_USPA.csv,8d1e40d2a272970c02d9d5acef313f6579d1e36161fcf30316a4ae5653600418,"# File Updated: 2025-07-29
# Data version 3.0
# Site: Pasadena, United States",USPA-0144,ChemSpec_218,True,True,both competing concentration values already present in earlier CSV; upstream role unresolved,False,c91542c705254dd7e7e7271bc36789388d225dc3,a6fda4ea34e7c6d5f3c058ccd56e23d36c2afe07fee3dd8ee9072a80eeae197f
35002,USPA,34.199433,-118.17317,,USPA-0145,2022-09-02,PM2.5,,,,ChemSpec_218,,,ChemSpec_EC_PM2.5,,0.61,0.0556944444444444,,,ChemSpec,ug/m3,ug/m3,,USPA-0145,2022-09-02,0.61,0.055694444444,3483,USPA,34.199433,-118.17317,366.0,USPA-0145,2022,9,2,9.0,2022,9,3,9.0,24.0,28203,EC PM2.5,0.61,Micrograms per cubic meter (ug/m3),,0.0556944444444444,,218,AirPhoton SS5i Sampler with BGI cyclone inlet and 25mm stretched Teflon filter,FTIR,Ambient local,,/Users/ahmadjalil/github/aethmodular/research/filter_combine/FilterBased_ChemSpecPM25_USPA.csv,8d1e40d2a272970c02d9d5acef313f6579d1e36161fcf30316a4ae5653600418,"# File Updated: 2025-07-29
# Data version 3.0
# Site: Pasadena, United States",USPA-0145,ChemSpec_218,True,True,both competing concentration values already present in earlier CSV; upstream role unresolved,False,c91542c705254dd7e7e7271bc36789388d225dc3,a6fda4ea34e7c6d5f3c058ccd56e23d36c2afe07fee3dd8ee9072a80eeae197f
35003,USPA,34.199433,-118.17317,,USPA-0145,2022-09-02,PM2.5,,,,ChemSpec_218,,,ChemSpec_EC_PM2.5,,0.06,0.0556944444444444,,,ChemSpec,ug/m3,ug/m3,,USPA-0145,2022-09-02,0.06,0.055694444444,3484,USPA,34.199433,-118.17317,366.0,USPA-0145,2022,9,2,9.0,2022,9,3,9.0,24.0,28203,EC PM2.5,0.06,Micrograms per cubic meter (ug/m3),,0.0556944444444444,,218,AirPhoton SS5i Sampler with BGI cyclone inlet and 25mm stretched Teflon filter,FTIR,Ambient local,,/Users/ahmadjalil/github/aethmodular/research/filter_combine/FilterBased_ChemSpecPM25_USPA.csv,8d1e40d2a272970c02d9d5acef313f6579d1e36161fcf30316a4ae5653600418,"# File Updated: 2025-07-29
# Data version 3.0
# Site: Pasadena, United States",USPA-0145,ChemSpec_218,True,True,both competing concentration values already present in earlier CSV; upstream role unresolved,False,c91542c705254dd7e7e7271bc36789388d225dc3,a6fda4ea34e7c6d5f3c058ccd56e23d36c2afe07fee3dd8ee9072a80eeae197f
35059,USPA,34.199433,-118.17317,,USPA-0146,2022-09-05,PM2.5,,,,ChemSpec_218,,,ChemSpec_EC_PM2.5,,0.48,0.0556944444444444,,,ChemSpec,ug/m3,ug/m3,,USPA-0146,2022-09-05,0.48,0.055694444444,3522,USPA,34.199433,-118.17317,366.0,USPA-0146,2022,9,5,9.0,2022,9,6,9.0,24.0,28203,EC PM2.5,0.48,Micrograms per cubic meter (ug/m3),,0.0556944444444444,,218,AirPhoton SS5i Sampler with BGI cyclone inlet and 25mm stretched Teflon filter,FTIR,Ambient local,,/Users/ahmadjalil/github/aethmodular/research/filter_combine/FilterBased_ChemSpecPM25_USPA.csv,8d1e40d2a272970c02d9d5acef313f6579d1e36161fcf30316a4ae5653600418,"# File Updated: 2025-07-29
# Data version 3.0
# Site: Pasadena, United States",USPA-0146,ChemSpec_218,True,True,both competing concentration values already present in earlier CSV; upstream role unresolved,False,c91542c705254dd7e7e7271bc36789388d225dc3,a6fda4ea34e7c6d5f3c058ccd56e23d36c2afe07fee3dd8ee9072a80eeae197f
35060,USPA,34.199433,-118.17317,,USPA-0146,2022-09-05,PM2.5,,,,ChemSpec_218,,,ChemSpec_EC_PM2.5,,0.06,0.0556944444444444,,,ChemSpec,ug/m3,ug/m3,,USPA-0146,2022-09-05,0.06,0.055694444444,3523,USPA,34.199433,-118.17317,366.0,USPA-0146,2022,9,5,9.0,2022,9,6,9.0,24.0,28203,EC PM2.5,0.06,Micrograms per cubic meter (ug/m3),,0.0556944444444444,,218,AirPhoton SS5i Sampler with BGI cyclone inlet and 25mm stretched Teflon filter,FTIR,Ambient local,,/Users/ahmadjalil/github/aethmodular/research/filter_combine/FilterBased_ChemSpecPM25_USPA.csv,8d1e40d2a272970c02d9d5acef313f6579d1e36161fcf30316a4ae5653600418,"# File Updated: 2025-07-29
# Data version 3.0
# Site: Pasadena, United States",USPA-0146,ChemSpec_218,True,True,both competing concentration values already present in earlier CSV; upstream role unresolved,False,c91542c705254dd7e7e7271bc36789388d225dc3,a6fda4ea34e7c6d5f3c058ccd56e23d36c2afe07fee3dd8ee9072a80eeae197f
35115,USPA,34.199433,-118.17317,,USPA-0147,2022-09-08,PM2.5,,,,ChemSpec_218,,,ChemSpec_EC_PM2.5,,0.37,0.0556944444444444,,,ChemSpec,ug/m3,ug/m3,,USPA-0147,2022-09-08,0.37,0.055694444444,3561,USPA,34.199433,-118.17317,366.0,USPA-0147,2022,9,8,9.0,2022,9,9,9.0,24.0,28203,EC PM2.5,0.37,Micrograms per cubic meter (ug/m3),,0.0556944444444444,,218,AirPhoton SS5i Sampler with BGI cyclone inlet and 25mm stretched Teflon filter,FTIR,Ambient local,,/Users/ahmadjalil/github/aethmodular/research/filter_combine/FilterBased_ChemSpecPM25_USPA.csv,8d1e40d2a272970c02d9d5acef313f6579d1e36161fcf30316a4ae5653600418,"# File Updated: 2025-07-29
# Data version 3.0
# Site: Pasadena, United States",USPA-0147,ChemSpec_218,True,True,both competing concentration values already present in earlier CSV; upstream role unresolved,False,c91542c705254dd7e7e7271bc36789388d225dc3,a6fda4ea34e7c6d5f3c058ccd56e23d36c2afe07fee3dd8ee9072a80eeae197f
35116,USPA,34.199433,-118.17317,,USPA-0147,2022-09-08,PM2.5,,,,ChemSpec_218,,,ChemSpec_EC_PM2.5,,0.06,0.0556944444444444,,,ChemSpec,ug/m3,ug/m3,,USPA-0147,2022-09-08,0.06,0.055694444444,3562,USPA,34.199433,-118.17317,366.0,USPA-0147,2022,9,8,9.0,2022,9,9,9.0,24.0,28203,EC PM2.5,0.06,Micrograms per cubic meter (ug/m3),,0.0556944444444444,,218,AirPhoton SS5i Sampler with BGI cyclone inlet and 25mm stretched Teflon filter,FTIR,Ambient local,,/Users/ahmadjalil/github/aethmodular/research/filter_combine/FilterBased_ChemSpecPM25_USPA.csv,8d1e40d2a272970c02d9d5acef313f6579d1e36161fcf30316a4ae5653600418,"# File Updated: 2025-07-29
# Data version 3.0
# Site: Pasadena, United States",USPA-0147,ChemSpec_218,True,True,both competing concentration values already present in earlier CSV; upstream role unresolved,False,c91542c705254dd7e7e7271bc36789388d225dc3,a6fda4ea34e7c6d5f3c058ccd56e23d36c2afe07fee3dd8ee9072a80eeae197f
35171,USPA,34.199433,-118.17317,,USPA-0148,2022-09-11,PM2.5,,,,ChemSpec_218,,,ChemSpec_EC_PM2.5,,0.28,0.0556944444444444,,,ChemSpec,ug/m3,ug/m3,,USPA-0148,2022-09-11,0.28,0.055694444444,3601,USPA,34.199433,-118.17317,366.0,USPA-0148,2022,9,11,9.0,2022,9,12,9.0,24.0,28203,EC PM2.5,0.28,Micrograms per cubic meter (ug/m3),,0.0556944444444444,,218,AirPhoton SS5i Sampler with BGI cyclone inlet and 25mm stretched Teflon filter,FTIR,Ambient local,,/Users/ahmadjalil/github/aethmodular/research/filter_combine/FilterBased_ChemSpecPM25_USPA.csv,8d1e40d2a272970c02d9d5acef313f6579d1e36161fcf30316a4ae5653600418,"# File Updated: 2025-07-29
# Data version 3.0
# Site: Pasadena, United States",USPA-0148,ChemSpec_218,True,True,both competing concentration values already present in earlier CSV; upstream role unresolved,False,c91542c705254dd7e7e7271bc36789388d225dc3,a6fda4ea34e7c6d5f3c058ccd56e23d36c2afe07fee3dd8ee9072a80eeae197f
35172,USPA,34.199433,-118.17317,,USPA-0148,2022-09-11,PM2.5,,,,ChemSpec_218,,,ChemSpec_EC_PM2.5,,0.06,0.0556944444444444,,,ChemSpec,ug/m3,ug/m3,,USPA-0148,2022-09-11,0.06,0.055694444444,3602,USPA,34.199433,-118.17317,366.0,USPA-0148,2022,9,11,9.0,2022,9,12,9.0,24.0,28203,EC PM2.5,0.06,Micrograms per cubic meter (ug/m3),,0.0556944444444444,,218,AirPhoton SS5i Sampler with BGI cyclone inlet and 25mm stretched Teflon filter,FTIR,Ambient local,,/Users/ahmadjalil/github/aethmodular/research/filter_combine/FilterBased_ChemSpecPM25_USPA.csv,8d1e40d2a272970c02d9d5acef313f6579d1e36161fcf30316a4ae5653600418,"# File Updated: 2025-07-29
# Data version 3.0
# Site: Pasadena, United States",USPA-0148,ChemSpec_218,True,True,both competing concentration values already present in earlier CSV; upstream role unresolved,False,c91542c705254dd7e7e7271bc36789388d225dc3,a6fda4ea34e7c6d5f3c058ccd56e23d36c2afe07fee3dd8ee9072a80eeae197f
35229,USPA,34.199433,-118.17317,,USPA-0149,2022-09-14,PM2.5,,,,ChemSpec_218,,,ChemSpec_EC_PM2.5,,0.26,0.0556944444444444,,,ChemSpec,ug/m3,ug/m3,,USPA-0149,2022-09-14,0.26,0.055694444444,3641,USPA,34.199433,-118.17317,366.0,USPA-0149,2022,9,14,9.0,2022,9,15,9.0,24.0,28203,EC PM2.5,0.26,Micrograms per cubic meter (ug/m3),,0.0556944444444444,,218,AirPhoton SS5i Sampler with BGI cyclone inlet and 25mm stretched Teflon filter,FTIR,Ambient local,,/Users/ahmadjalil/github/aethmodular/research/filter_combine/FilterBased_ChemSpecPM25_USPA.csv,8d1e40d2a272970c02d9d5acef313f6579d1e36161fcf30316a4ae5653600418,"# File Updated: 2025-07-29
# Data version 3.0
# Site: Pasadena, United States",USPA-0149,ChemSpec_218,True,True,both competing concentration values already present in earlier CSV; upstream role unresolved,False,c91542c705254dd7e7e7271bc36789388d225dc3,a6fda4ea34e7c6d5f3c058ccd56e23d36c2afe07fee3dd8ee9072a80eeae197f
35230,USPA,34.199433,-118.17317,,USPA-0149,2022-09-14,PM2.5,,,,ChemSpec_218,,,ChemSpec_EC_PM2.5,,0.06,0.0556944444444444,,,ChemSpec,ug/m3,ug/m3,,USPA-0149,2022-09-14,0.06,0.055694444444,3642,USPA,34.199433,-118.17317,366.0,USPA-0149,2022,9,14,9.0,2022,9,15,9.0,24.0,28203,EC PM2.5,0.06,Micrograms per cubic meter (ug/m3),,0.0556944444444444,,218,AirPhoton SS5i Sampler with BGI cyclone inlet and 25mm stretched Teflon filter,FTIR,Ambient local,,/Users/ahmadjalil/github/aethmodular/research/filter_combine/FilterBased_ChemSpecPM25_USPA.csv,8d1e40d2a272970c02d9d5acef313f6579d1e36161fcf30316a4ae5653600418,"# File Updated: 2025-07-29
# Data version 3.0
# Site: Pasadena, United States",USPA-0149,ChemSpec_218,True,True,both competing concentration values already present in earlier CSV; upstream role unresolved,False,c91542c705254dd7e7e7271bc36789388d225dc3,a6fda4ea34e7c6d5f3c058ccd56e23d36c2afe07fee3dd8ee9072a80eeae197f
35286,USPA,34.199433,-118.17317,,USPA-0150,2022-09-17,PM2.5,,,,ChemSpec_218,,,ChemSpec_EC_PM2.5,,0.37,0.0556944444444444,,,ChemSpec,ug/m3,ug/m3,,USPA-0150,2022-09-17,0.37,0.055694444444,3682,USPA,34.199433,-118.17317,366.0,USPA-0150,2022,9,17,9.0,2022,9,18,9.0,24.0,28203,EC PM2.5,0.37,Micrograms per cubic meter (ug/m3),,0.0556944444444444,,218,AirPhoton SS5i Sampler with BGI cyclone inlet and 25mm stretched Teflon filter,FTIR,Ambient local,,/Users/ahmadjalil/github/aethmodular/research/filter_combine/FilterBased_ChemSpecPM25_USPA.csv,8d1e40d2a272970c02d9d5acef313f6579d1e36161fcf30316a4ae5653600418,"# File Updated: 2025-07-29
# Data version 3.0
# Site: Pasadena, United States",USPA-0150,ChemSpec_218,True,True,both competing concentration values already present in earlier CSV; upstream role unresolved,False,c91542c705254dd7e7e7271bc36789388d225dc3,a6fda4ea34e7c6d5f3c058ccd56e23d36c2afe07fee3dd8ee9072a80eeae197f
35287,USPA,34.199433,-118.17317,,USPA-0150,2022-09-17,PM2.5,,,,ChemSpec_218,,,ChemSpec_EC_PM2.5,,0.06,0.0556944444444444,,,ChemSpec,ug/m3,ug/m3,,USPA-0150,2022-09-17,0.06,0.055694444444,3683,USPA,34.199433,-118.17317,366.0,USPA-0150,2022,9,17,9.0,2022,9,18,9.0,24.0,28203,EC PM2.5,0.06,Micrograms per cubic meter (ug/m3),,0.0556944444444444,,218,AirPhoton SS5i Sampler with BGI cyclone inlet and 25mm stretched Teflon filter,FTIR,Ambient local,,/Users/ahmadjalil/github/aethmodular/research/filter_combine/FilterBased_ChemSpecPM25_USPA.csv,8d1e40d2a272970c02d9d5acef313f6579d1e36161fcf30316a4ae5653600418,"# File Updated: 2025-07-29
# Data version 3.0
# Site: Pasadena, United States",USPA-0150,ChemSpec_218,True,True,both competing concentration values already present in earlier CSV; upstream role unresolved,False,c91542c705254dd7e7e7271bc36789388d225dc3,a6fda4ea34e7c6d5f3c058ccd56e23d36c2afe07fee3dd8ee9072a80eeae197f
35357,USPA,34.199433,-118.17317,,USPA-0152,2022-09-20,PM2.5,,,,ChemSpec_218,,,ChemSpec_EC_PM2.5,,0.21,0.0545929592959296,,,ChemSpec,ug/m3,ug/m3,,USPA-0152,2022-09-20,0.21,0.054592959296,3721,USPA,34.199433,-118.17317,366.0,USPA-0152,2022,9,20,9.0,2022,9,21,9.0,24.0,28203,EC PM2.5,0.21,Micrograms per cubic meter (ug/m3),,0.0545929592959296,,218,AirPhoton SS5i Sampler with BGI cyclone inlet and 25mm stretched Teflon filter,FTIR,Ambient local,,/Users/ahmadjalil/github/aethmodular/research/filter_combine/FilterBased_ChemSpecPM25_USPA.csv,8d1e40d2a272970c02d9d5acef313f6579d1e36161fcf30316a4ae5653600418,"# File Updated: 2025-07-29
# Data version 3.0
# Site: Pasadena, United States",USPA-0152,ChemSpec_218,True,True,both competing concentration values already present in earlier CSV; upstream role unresolved,False,c91542c705254dd7e7e7271bc36789388d225dc3,a6fda4ea34e7c6d5f3c058ccd56e23d36c2afe07fee3dd8ee9072a80eeae197f
35358,USPA,34.199433,-118.17317,,USPA-0152,2022-09-20,PM2.5,,,,ChemSpec_218,,,ChemSpec_EC_PM2.5,,0.05,0.0545929592959296,,,ChemSpec,ug/m3,ug/m3,,USPA-0152,2022-09-20,0.05,0.054592959296,3722,USPA,34.199433,-118.17317,366.0,USPA-0152,2022,9,20,9.0,2022,9,21,9.0,24.0,28203,EC PM2.5,0.05,Micrograms per cubic meter (ug/m3),,0.0545929592959296,,218,AirPhoton SS5i Sampler with BGI cyclone inlet and 25mm stretched Teflon filter,FTIR,Ambient local,,/Users/ahmadjalil/github/aethmodular/research/filter_combine/FilterBased_ChemSpecPM25_USPA.csv,8d1e40d2a272970c02d9d5acef313f6579d1e36161fcf30316a4ae5653600418,"# File Updated: 2025-07-29
# Data version 3.0
# Site: Pasadena, United States",USPA-0152,ChemSpec_218,True,True,both competing concentration values already present in earlier CSV; upstream role unresolved,False,c91542c705254dd7e7e7271bc36789388d225dc3,a6fda4ea34e7c6d5f3c058ccd56e23d36c2afe07fee3dd8ee9072a80eeae197f
35414,USPA,34.199433,-118.17317,,USPA-0153,2022-09-23,PM2.5,,,,ChemSpec_218,,,ChemSpec_EC_PM2.5,,0.38,0.0556944444444444,,,ChemSpec,ug/m3,ug/m3,,USPA-0153,2022-09-23,0.38,0.055694444444,3762,USPA,34.199433,-118.17317,366.0,USPA-0153,2022,9,23,9.0,2022,9,24,9.0,24.0,28203,EC PM2.5,0.38,Micrograms per cubic meter (ug/m3),,0.0556944444444444,,218,AirPhoton SS5i Sampler with BGI cyclone inlet and 25mm stretched Teflon filter,FTIR,Ambient local,,/Users/ahmadjalil/github/aethmodular/research/filter_combine/FilterBased_ChemSpecPM25_USPA.csv,8d1e40d2a272970c02d9d5acef313f6579d1e36161fcf30316a4ae5653600418,"# File Updated: 2025-07-29
# Data version 3.0
# Site: Pasadena, United States",USPA-0153,ChemSpec_218,True,True,both competing concentration values already present in earlier CSV; upstream role unresolved,False,c91542c705254dd7e7e7271bc36789388d225dc3,a6fda4ea34e7c6d5f3c058ccd56e23d36c2afe07fee3dd8ee9072a80eeae197f
35415,USPA,34.199433,-118.17317,,USPA-0153,2022-09-23,PM2.5,,,,ChemSpec_218,,,ChemSpec_EC_PM2.5,,0.06,0.0556944444444444,,,ChemSpec,ug/m3,ug/m3,,USPA-0153,2022-09-23,0.06,0.055694444444,3763,USPA,34.199433,-118.17317,366.0,USPA-0153,2022,9,23,9.0,2022,9,24,9.0,24.0,28203,EC PM2.5,0.06,Micrograms per cubic meter (ug/m3),,0.0556944444444444,,218,AirPhoton SS5i Sampler with BGI cyclone inlet and 25mm stretched Teflon filter,FTIR,Ambient local,,/Users/ahmadjalil/github/aethmodular/research/filter_combine/FilterBased_ChemSpecPM25_USPA.csv,8d1e40d2a272970c02d9d5acef313f6579d1e36161fcf30316a4ae5653600418,"# File Updated: 2025-07-29
# Data version 3.0
# Site: Pasadena, United States",USPA-0153,ChemSpec_218,True,True,both competing concentration values already present in earlier CSV; upstream role unresolved,False,c91542c705254dd7e7e7271bc36789388d225dc3,a6fda4ea34e7c6d5f3c058ccd56e23d36c2afe07fee3dd8ee9072a80eeae197f
35472,USPA,34.199433,-118.17317,,USPA-0154,2022-09-26,PM2.5,,,,ChemSpec_218,,,ChemSpec_EC_PM2.5,,0.53,0.0556944444444444,,,ChemSpec,ug/m3,ug/m3,,USPA-0154,2022-09-26,0.53,0.055694444444,3803,USPA,34.199433,-118.17317,366.0,USPA-0154,2022,9,26,9.0,2022,9,27,9.0,24.0,28203,EC PM2.5,0.53,Micrograms per cubic meter (ug/m3),,0.0556944444444444,,218,AirPhoton SS5i Sampler with BGI cyclone inlet and 25mm stretched Teflon filter,FTIR,Ambient local,,/Users/ahmadjalil/github/aethmodular/research/filter_combine/FilterBased_ChemSpecPM25_USPA.csv,8d1e40d2a272970c02d9d5acef313f6579d1e36161fcf30316a4ae5653600418,"# File Updated: 2025-07-29
# Data version 3.0
# Site: Pasadena, United States",USPA-0154,ChemSpec_218,True,True,both competing concentration values already present in earlier CSV; upstream role unresolved,False,c91542c705254dd7e7e7271bc36789388d225dc3,a6fda4ea34e7c6d5f3c058ccd56e23d36c2afe07fee3dd8ee9072a80eeae197f
35473,USPA,34.199433,-118.17317,,USPA-0154,2022-09-26,PM2.5,,,,ChemSpec_218,,,ChemSpec_EC_PM2.5,,0.06,0.0556944444444444,,,ChemSpec,ug/m3,ug/m3,,USPA-0154,2022-09-26,0.06,0.055694444444,3804,USPA,34.199433,-118.17317,366.0,USPA-0154,2022,9,26,9.0,2022,9,27,9.0,24.0,28203,EC PM2.5,0.06,Micrograms per cubic meter (ug/m3),,0.0556944444444444,,218,AirPhoton SS5i Sampler with BGI cyclone inlet and 25mm stretched Teflon filter,FTIR,Ambient local,,/Users/ahmadjalil/github/aethmodular/research/filter_combine/FilterBased_ChemSpecPM25_USPA.csv,8d1e40d2a272970c02d9d5acef313f6579d1e36161fcf30316a4ae5653600418,"# File Updated: 2025-07-29
# Data version 3.0
# Site: Pasadena, United States",USPA-0154,ChemSpec_218,True,True,both competing concentration values already present in earlier CSV; upstream role unresolved,False,c91542c705254dd7e7e7271bc36789388d225dc3,a6fda4ea34e7c6d5f3c058ccd56e23d36c2afe07fee3dd8ee9072a80eeae197f
35530,USPA,34.199433,-118.17317,,USPA-0155,2022-09-29,PM2.5,,,,ChemSpec_218,,,ChemSpec_EC_PM2.5,,0.8,0.0556944444444444,,,ChemSpec,ug/m3,ug/m3,,USPA-0155,2022-09-29,0.8,0.055694444444,3843,USPA,34.199433,-118.17317,366.0,USPA-0155,2022,9,29,9.0,2022,9,30,9.0,24.0,28203,EC PM2.5,0.8,Micrograms per cubic meter (ug/m3),,0.0556944444444444,,218,AirPhoton SS5i Sampler with BGI cyclone inlet and 25mm stretched Teflon filter,FTIR,Ambient local,,/Users/ahmadjalil/github/aethmodular/research/filter_combine/FilterBased_ChemSpecPM25_USPA.csv,8d1e40d2a272970c02d9d5acef313f6579d1e36161fcf30316a4ae5653600418,"# File Updated: 2025-07-29
# Data version 3.0
# Site: Pasadena, United States",USPA-0155,ChemSpec_218,True,True,both competing concentration values already present in earlier CSV; upstream role unresolved,False,c91542c705254dd7e7e7271bc36789388d225dc3,a6fda4ea34e7c6d5f3c058ccd56e23d36c2afe07fee3dd8ee9072a80eeae197f
35531,USPA,34.199433,-118.17317,,USPA-0155,2022-09-29,PM2.5,,,,ChemSpec_218,,,ChemSpec_EC_PM2.5,,0.06,0.0556944444444444,,,ChemSpec,ug/m3,ug/m3,,USPA-0155,2022-09-29,0.06,0.055694444444,3844,USPA,34.199433,-118.17317,366.0,USPA-0155,2022,9,29,9.0,2022,9,30,9.0,24.0,28203,EC PM2.5,0.06,Micrograms per cubic meter (ug/m3),,0.0556944444444444,,218,AirPhoton SS5i Sampler with BGI cyclone inlet and 25mm stretched Teflon filter,FTIR,Ambient local,,/Users/ahmadjalil/github/aethmodular/research/filter_combine/FilterBased_ChemSpecPM25_USPA.csv,8d1e40d2a272970c02d9d5acef313f6579d1e36161fcf30316a4ae5653600418,"# File Updated: 2025-07-29
# Data version 3.0
# Site: Pasadena, United States",USPA-0155,ChemSpec_218,True,True,both competing concentration values already present in earlier CSV; upstream role unresolved,False,c91542c705254dd7e7e7271bc36789388d225dc3,a6fda4ea34e7c6d5f3c058ccd56e23d36c2afe07fee3dd8ee9072a80eeae197f
35588,USPA,34.199433,-118.17317,,USPA-0156,2022-10-02,PM2.5,,,,ChemSpec_218,,,ChemSpec_EC_PM2.5,,0.43,0.0556944444444444,,,ChemSpec,ug/m3,ug/m3,,USPA-0156,2022-10-02,0.43,0.055694444444,3884,USPA,34.199433,-118.17317,366.0,USPA-0156,2022,10,2,9.0,2022,10,3,9.0,24.0,28203,EC PM2.5,0.43,Micrograms per cubic meter (ug/m3),,0.0556944444444444,,218,AirPhoton SS5i Sampler with BGI cyclone inlet and 25mm stretched Teflon filter,FTIR,Ambient local,,/Users/ahmadjalil/github/aethmodular/research/filter_combine/FilterBased_ChemSpecPM25_USPA.csv,8d1e40d2a272970c02d9d5acef313f6579d1e36161fcf30316a4ae5653600418,"# File Updated: 2025-07-29
# Data version 3.0
# Site: Pasadena, United States",USPA-0156,ChemSpec_218,True,True,both competing concentration values already present in earlier CSV; upstream role unresolved,False,c91542c705254dd7e7e7271bc36789388d225dc3,a6fda4ea34e7c6d5f3c058ccd56e23d36c2afe07fee3dd8ee9072a80eeae197f
35589,USPA,34.199433,-118.17317,,USPA-0156,2022-10-02,PM2.5,,,,ChemSpec_218,,,ChemSpec_EC_PM2.5,,0.06,0.0556944444444444,,,ChemSpec,ug/m3,ug/m3,,USPA-0156,2022-10-02,0.06,0.055694444444,3885,USPA,34.199433,-118.17317,366.0,USPA-0156,2022,10,2,9.0,2022,10,3,9.0,24.0,28203,EC PM2.5,0.06,Micrograms per cubic meter (ug/m3),,0.0556944444444444,,218,AirPhoton SS5i Sampler with BGI cyclone inlet and 25mm stretched Teflon filter,FTIR,Ambient local,,/Users/ahmadjalil/github/aethmodular/research/filter_combine/FilterBased_ChemSpecPM25_USPA.csv,8d1e40d2a272970c02d9d5acef313f6579d1e36161fcf30316a4ae5653600418,"# File Updated: 2025-07-29
# Data version 3.0
# Site: Pasadena, United States",USPA-0156,ChemSpec_218,True,True,both competing concentration values already present in earlier CSV; upstream role unresolved,False,c91542c705254dd7e7e7271bc36789388d225dc3,a6fda4ea34e7c6d5f3c058ccd56e23d36c2afe07fee3dd8ee9072a80eeae197f
35645,USPA,34.199433,-118.17317,,USPA-0157,2022-10-05,PM2.5,,,,ChemSpec_218,,,ChemSpec_EC_PM2.5,,0.9,0.0556944444444444,,,ChemSpec,ug/m3,ug/m3,,USPA-0157,2022-10-05,0.9,0.055694444444,3925,USPA,34.199433,-118.17317,366.0,USPA-0157,2022,10,5,9.0,2022,10,6,9.0,24.0,28203,EC PM2.5,0.9,Micrograms per cubic meter (ug/m3),,0.0556944444444444,,218,AirPhoton SS5i Sampler with BGI cyclone inlet and 25mm stretched Teflon filter,FTIR,Ambient local,,/Users/ahmadjalil/github/aethmodular/research/filter_combine/FilterBased_ChemSpecPM25_USPA.csv,8d1e40d2a272970c02d9d5acef313f6579d1e36161fcf30316a4ae5653600418,"# File Updated: 2025-07-29
# Data version 3.0
# Site: Pasadena, United States",USPA-0157,ChemSpec_218,True,True,both competing concentration values already present in earlier CSV; upstream role unresolved,False,c91542c705254dd7e7e7271bc36789388d225dc3,a6fda4ea34e7c6d5f3c058ccd56e23d36c2afe07fee3dd8ee9072a80eeae197f
35646,USPA,34.199433,-118.17317,,USPA-0157,2022-10-05,PM2.5,,,,ChemSpec_218,,,ChemSpec_EC_PM2.5,,0.06,0.0556944444444444,,,ChemSpec,ug/m3,ug/m3,,USPA-0157,2022-10-05,0.06,0.055694444444,3926,USPA,34.199433,-118.17317,366.0,USPA-0157,2022,10,5,9.0,2022,10,6,9.0,24.0,28203,EC PM2.5,0.06,Micrograms per cubic meter (ug/m3),,0.0556944444444444,,218,AirPhoton SS5i Sampler with BGI cyclone inlet and 25mm stretched Teflon filter,FTIR,Ambient local,,/Users/ahmadjalil/github/aethmodular/research/filter_combine/FilterBased_ChemSpecPM25_USPA.csv,8d1e40d2a272970c02d9d5acef313f6579d1e36161fcf30316a4ae5653600418,"# File Updated: 2025-07-29
# Data version 3.0
# Site: Pasadena, United States",USPA-0157,ChemSpec_218,True,True,both competing concentration values already present in earlier CSV; upstream role unresolved,False,c91542c705254dd7e7e7271bc36789388d225dc3,a6fda4ea34e7c6d5f3c058ccd56e23d36c2afe07fee3dd8ee9072a80eeae197f
35704,USPA,34.199433,-118.17317,,USPA-0158,2022-10-08,PM2.5,,,,ChemSpec_218,,,ChemSpec_EC_PM2.5,,1.02,0.0556944444444444,,,ChemSpec,ug/m3,ug/m3,,USPA-0158,2022-10-08,1.02,0.055694444444,3967,USPA,34.199433,-118.17317,366.0,USPA-0158,2022,10,8,9.0,2022,10,9,9.0,24.0,28203,EC PM2.5,1.02,Micrograms per cubic meter (ug/m3),,0.0556944444444444,,218,AirPhoton SS5i Sampler with BGI cyclone inlet and 25mm stretched Teflon filter,FTIR,Ambient local,,/Users/ahmadjalil/github/aethmodular/research/filter_combine/FilterBased_ChemSpecPM25_USPA.csv,8d1e40d2a272970c02d9d5acef313f6579d1e36161fcf30316a4ae5653600418,"# File Updated: 2025-07-29
# Data version 3.0
# Site: Pasadena, United States",USPA-0158,ChemSpec_218,True,True,both competing concentration values already present in earlier CSV; upstream role unresolved,False,c91542c705254dd7e7e7271bc36789388d225dc3,a6fda4ea34e7c6d5f3c058ccd56e23d36c2afe07fee3dd8ee9072a80eeae197f
35705,USPA,34.199433,-118.17317,,USPA-0158,2022-10-08,PM2.5,,,,ChemSpec_218,,,ChemSpec_EC_PM2.5,,0.06,0.0556944444444444,,,ChemSpec,ug/m3,ug/m3,,USPA-0158,2022-10-08,0.06,0.055694444444,3968,USPA,34.199433,-118.17317,366.0,USPA-0158,2022,10,8,9.0,2022,10,9,9.0,24.0,28203,EC PM2.5,0.06,Micrograms per cubic meter (ug/m3),,0.0556944444444444,,218,AirPhoton SS5i Sampler with BGI cyclone inlet and 25mm stretched Teflon filter,FTIR,Ambient local,,/Users/ahmadjalil/github/aethmodular/research/filter_combine/FilterBased_ChemSpecPM25_USPA.csv,8d1e40d2a272970c02d9d5acef313f6579d1e36161fcf30316a4ae5653600418,"# File Updated: 2025-07-29
# Data version 3.0
# Site: Pasadena, United States",USPA-0158,ChemSpec_218,True,True,both competing concentration values already present in earlier CSV; upstream role unresolved,False,c91542c705254dd7e7e7271bc36789388d225dc3,a6fda4ea34e7c6d5f3c058ccd56e23d36c2afe07fee3dd8ee9072a80eeae197f
35777,USPA,34.199433,-118.17317,,USPA-0160,2022-10-11,PM2.5,,,,ChemSpec_218,,,ChemSpec_EC_PM2.5,,0.6,0.0556944444444444,,,ChemSpec,ug/m3,ug/m3,,USPA-0160,2022-10-11,0.6,0.055694444444,4008,USPA,34.199433,-118.17317,366.0,USPA-0160,2022,10,11,9.0,2022,10,12,9.0,24.0,28203,EC PM2.5,0.6,Micrograms per cubic meter (ug/m3),,0.0556944444444444,,218,AirPhoton SS5i Sampler with BGI cyclone inlet and 25mm stretched Teflon filter,FTIR,Ambient local,,/Users/ahmadjalil/github/aethmodular/research/filter_combine/FilterBased_ChemSpecPM25_USPA.csv,8d1e40d2a272970c02d9d5acef313f6579d1e36161fcf30316a4ae5653600418,"# File Updated: 2025-07-29
# Data version 3.0
# Site: Pasadena, United States",USPA-0160,ChemSpec_218,True,True,both competing concentration values already present in earlier CSV; upstream role unresolved,False,c91542c705254dd7e7e7271bc36789388d225dc3,a6fda4ea34e7c6d5f3c058ccd56e23d36c2afe07fee3dd8ee9072a80eeae197f
35778,USPA,34.199433,-118.17317,,USPA-0160,2022-10-11,PM2.5,,,,ChemSpec_218,,,ChemSpec_EC_PM2.5,,0.06,0.0556944444444444,,,ChemSpec,ug/m3,ug/m3,,USPA-0160,2022-10-11,0.06,0.055694444444,4009,USPA,34.199433,-118.17317,366.0,USPA-0160,2022,10,11,9.0,2022,10,12,9.0,24.0,28203,EC PM2.5,0.06,Micrograms per cubic meter (ug/m3),,0.0556944444444444,,218,AirPhoton SS5i Sampler with BGI cyclone inlet and 25mm stretched Teflon filter,FTIR,Ambient local,,/Users/ahmadjalil/github/aethmodular/research/filter_combine/FilterBased_ChemSpecPM25_USPA.csv,8d1e40d2a272970c02d9d5acef313f6579d1e36161fcf30316a4ae5653600418,"# File Updated: 2025-07-29
# Data version 3.0
# Site: Pasadena, United States",USPA-0160,ChemSpec_218,True,True,both competing concentration values already present in earlier CSV; upstream role unresolved,False,c91542c705254dd7e7e7271bc36789388d225dc3,a6fda4ea34e7c6d5f3c058ccd56e23d36c2afe07fee3dd8ee9072a80eeae197f
35834,USPA,34.199433,-118.17317,,USPA-0161,2022-10-14,PM2.5,,,,ChemSpec_218,,,ChemSpec_EC_PM2.5,,0.59,0.0554193899782135,,,ChemSpec,ug/m3,ug/m3,,USPA-0161,2022-10-14,0.59,0.055419389978,4047,USPA,34.199433,-118.17317,366.0,USPA-0161,2022,10,14,9.0,2022,10,15,9.0,24.0,28203,EC PM2.5,0.59,Micrograms per cubic meter (ug/m3),,0.0554193899782135,,218,AirPhoton SS5i Sampler with BGI cyclone inlet and 25mm stretched Teflon filter,FTIR,Ambient local,,/Users/ahmadjalil/github/aethmodular/research/filter_combine/FilterBased_ChemSpecPM25_USPA.csv,8d1e40d2a272970c02d9d5acef313f6579d1e36161fcf30316a4ae5653600418,"# File Updated: 2025-07-29
# Data version 3.0
# Site: Pasadena, United States",USPA-0161,ChemSpec_218,True,True,both competing concentration values already present in earlier CSV; upstream role unresolved,False,c91542c705254dd7e7e7271bc36789388d225dc3,a6fda4ea34e7c6d5f3c058ccd56e23d36c2afe07fee3dd8ee9072a80eeae197f
35835,USPA,34.199433,-118.17317,,USPA-0161,2022-10-14,PM2.5,,,,ChemSpec_218,,,ChemSpec_EC_PM2.5,,0.06,0.0554193899782135,,,ChemSpec,ug/m3,ug/m3,,USPA-0161,2022-10-14,0.06,0.055419389978,4048,USPA,34.199433,-118.17317,366.0,USPA-0161,2022,10,14,9.0,2022,10,15,9.0,24.0,28203,EC PM2.5,0.06,Micrograms per cubic meter (ug/m3),,0.0554193899782135,,218,AirPhoton SS5i Sampler with BGI cyclone inlet and 25mm stretched Teflon filter,FTIR,Ambient local,,/Users/ahmadjalil/github/aethmodular/research/filter_combine/FilterBased_ChemSpecPM25_USPA.csv,8d1e40d2a272970c02d9d5acef313f6579d1e36161fcf30316a4ae5653600418,"# File Updated: 2025-07-29
# Data version 3.0
# Site: Pasadena, United States",USPA-0161,ChemSpec_218,True,True,both competing concentration values already present in earlier CSV; upstream role unresolved,False,c91542c705254dd7e7e7271bc36789388d225dc3,a6fda4ea34e7c6d5f3c058ccd56e23d36c2afe07fee3dd8ee9072a80eeae197f
35881,USPA,34.199433,-118.17317,,USPA-0162,2022-10-17,PM2.5,,,,ChemSpec_218,,,ChemSpec_EC_PM2.5,,0.42,0.0565181518151815,,,ChemSpec,ug/m3,ug/m3,,USPA-0162,2022-10-17,0.42,0.056518151815,4087,USPA,34.199433,-118.17317,366.0,USPA-0162,2022,10,17,9.0,2022,10,18,9.0,24.0,28203,EC PM2.5,0.42,Micrograms per cubic meter (ug/m3),,0.0565181518151815,,218,AirPhoton SS5i Sampler with BGI cyclone inlet and 25mm stretched Teflon filter,FTIR,Ambient local,,/Users/ahmadjalil/github/aethmodular/research/filter_combine/FilterBased_ChemSpecPM25_USPA.csv,8d1e40d2a272970c02d9d5acef313f6579d1e36161fcf30316a4ae5653600418,"# File Updated: 2025-07-29
# Data version 3.0
# Site: Pasadena, United States",USPA-0162,ChemSpec_218,True,True,both competing concentration values already present in earlier CSV; upstream role unresolved,False,c91542c705254dd7e7e7271bc36789388d225dc3,a6fda4ea34e7c6d5f3c058ccd56e23d36c2afe07fee3dd8ee9072a80eeae197f
35882,USPA,34.199433,-118.17317,,USPA-0162,2022-10-17,PM2.5,,,,ChemSpec_218,,,ChemSpec_EC_PM2.5,,0.06,0.0565181518151815,,,ChemSpec,ug/m3,ug/m3,,USPA-0162,2022-10-17,0.06,0.056518151815,4088,USPA,34.199433,-118.17317,366.0,USPA-0162,2022,10,17,9.0,2022,10,18,9.0,24.0,28203,EC PM2.5,0.06,Micrograms per cubic meter (ug/m3),,0.0565181518151815,,218,AirPhoton SS5i Sampler with BGI cyclone inlet and 25mm stretched Teflon filter,FTIR,Ambient local,,/Users/ahmadjalil/github/aethmodular/research/filter_combine/FilterBased_ChemSpecPM25_USPA.csv,8d1e40d2a272970c02d9d5acef313f6579d1e36161fcf30316a4ae5653600418,"# File Updated: 2025-07-29
# Data version 3.0
# Site: Pasadena, United States",USPA-0162,ChemSpec_218,True,True,both competing concentration values already present in earlier CSV; upstream role unresolved,False,c91542c705254dd7e7e7271bc36789388d225dc3,a6fda4ea34e7c6d5f3c058ccd56e23d36c2afe07fee3dd8ee9072a80eeae197f
35929,USPA,34.199433,-118.17317,,USPA-0163,2022-10-20,PM2.5,,,,ChemSpec_218,,,ChemSpec_EC_PM2.5,,0.54,0.0565181518151815,,,ChemSpec,ug/m3,ug/m3,,USPA-0163,2022-10-20,0.54,0.056518151815,4127,USPA,34.199433,-118.17317,366.0,USPA-0163,2022,10,20,9.0,2022,10,21,9.0,24.0,28203,EC PM2.5,0.54,Micrograms per cubic meter (ug/m3),,0.0565181518151815,,218,AirPhoton SS5i Sampler with BGI cyclone inlet and 25mm stretched Teflon filter,FTIR,Ambient local,,/Users/ahmadjalil/github/aethmodular/research/filter_combine/FilterBased_ChemSpecPM25_USPA.csv,8d1e40d2a272970c02d9d5acef313f6579d1e36161fcf30316a4ae5653600418,"# File Updated: 2025-07-29
# Data version 3.0
# Site: Pasadena, United States",USPA-0163,ChemSpec_218,True,True,both competing concentration values already present in earlier CSV; upstream role unresolved,False,c91542c705254dd7e7e7271bc36789388d225dc3,a6fda4ea34e7c6d5f3c058ccd56e23d36c2afe07fee3dd8ee9072a80eeae197f
35930,USPA,34.199433,-118.17317,,USPA-0163,2022-10-20,PM2.5,,,,ChemSpec_218,,,ChemSpec_EC_PM2.5,,0.06,0.0565181518151815,,,ChemSpec,ug/m3,ug/m3,,USPA-0163,2022-10-20,0.06,0.056518151815,4128,USPA,34.199433,-118.17317,366.0,USPA-0163,2022,10,20,9.0,2022,10,21,9.0,24.0,28203,EC PM2.5,0.06,Micrograms per cubic meter (ug/m3),,0.0565181518151815,,218,AirPhoton SS5i Sampler with BGI cyclone inlet and 25mm stretched Teflon filter,FTIR,Ambient local,,/Users/ahmadjalil/github/aethmodular/research/filter_combine/FilterBased_ChemSpecPM25_USPA.csv,8d1e40d2a272970c02d9d5acef313f6579d1e36161fcf30316a4ae5653600418,"# File Updated: 2025-07-29
# Data version 3.0
# Site: Pasadena, United States",USPA-0163,ChemSpec_218,True,True,both competing concentration values already present in earlier CSV; upstream role unresolved,False,c91542c705254dd7e7e7271bc36789388d225dc3,a6fda4ea34e7c6d5f3c058ccd56e23d36c2afe07fee3dd8ee9072a80eeae197f
35978,USPA,34.199433,-118.17317,,USPA-0164,2022-10-23,PM2.5,,,,ChemSpec_218,,,ChemSpec_EC_PM2.5,,0.36,0.0565181518151815,,,ChemSpec,ug/m3,ug/m3,,USPA-0164,2022-10-23,0.36,0.056518151815,4168,USPA,34.199433,-118.17317,366.0,USPA-0164,2022,10,23,9.0,2022,10,24,9.0,24.0,28203,EC PM2.5,0.36,Micrograms per cubic meter (ug/m3),,0.0565181518151815,,218,AirPhoton SS5i Sampler with BGI cyclone inlet and 25mm stretched Teflon filter,FTIR,Ambient local,,/Users/ahmadjalil/github/aethmodular/research/filter_combine/FilterBased_ChemSpecPM25_USPA.csv,8d1e40d2a272970c02d9d5acef313f6579d1e36161fcf30316a4ae5653600418,"# File Updated: 2025-07-29
# Data version 3.0
# Site: Pasadena, United States",USPA-0164,ChemSpec_218,True,True,both competing concentration values already present in earlier CSV; upstream role unresolved,False,c91542c705254dd7e7e7271bc36789388d225dc3,a6fda4ea34e7c6d5f3c058ccd56e23d36c2afe07fee3dd8ee9072a80eeae197f
35979,USPA,34.199433,-118.17317,,USPA-0164,2022-10-23,PM2.5,,,,ChemSpec_218,,,ChemSpec_EC_PM2.5,,0.06,0.0565181518151815,,,ChemSpec,ug/m3,ug/m3,,USPA-0164,2022-10-23,0.06,0.056518151815,4169,USPA,34.199433,-118.17317,366.0,USPA-0164,2022,10,23,9.0,2022,10,24,9.0,24.0,28203,EC PM2.5,0.06,Micrograms per cubic meter (ug/m3),,0.0565181518151815,,218,AirPhoton SS5i Sampler with BGI cyclone inlet and 25mm stretched Teflon filter,FTIR,Ambient local,,/Users/ahmadjalil/github/aethmodular/research/filter_combine/FilterBased_ChemSpecPM25_USPA.csv,8d1e40d2a272970c02d9d5acef313f6579d1e36161fcf30316a4ae5653600418,"# File Updated: 2025-07-29
# Data version 3.0
# Site: Pasadena, United States",USPA-0164,ChemSpec_218,True,True,both competing concentration values already present in earlier CSV; upstream role unresolved,False,c91542c705254dd7e7e7271bc36789388d225dc3,a6fda4ea34e7c6d5f3c058ccd56e23d36c2afe07fee3dd8ee9072a80eeae197f
36027,USPA,34.199433,-118.17317,,USPA-0165,2022-10-26,PM2.5,,,,ChemSpec_218,,,ChemSpec_EC_PM2.5,,0.47,0.0565181518151815,,,ChemSpec,ug/m3,ug/m3,,USPA-0165,2022-10-26,0.47,0.056518151815,4209,USPA,34.199433,-118.17317,366.0,USPA-0165,2022,10,26,9.0,2022,10,27,9.0,24.0,28203,EC PM2.5,0.47,Micrograms per cubic meter (ug/m3),,0.0565181518151815,,218,AirPhoton SS5i Sampler with BGI cyclone inlet and 25mm stretched Teflon filter,FTIR,Ambient local,,/Users/ahmadjalil/github/aethmodular/research/filter_combine/FilterBased_ChemSpecPM25_USPA.csv,8d1e40d2a272970c02d9d5acef313f6579d1e36161fcf30316a4ae5653600418,"# File Updated: 2025-07-29
# Data version 3.0
# Site: Pasadena, United States",USPA-0165,ChemSpec_218,True,True,both competing concentration values already present in earlier CSV; upstream role unresolved,False,c91542c705254dd7e7e7271bc36789388d225dc3,a6fda4ea34e7c6d5f3c058ccd56e23d36c2afe07fee3dd8ee9072a80eeae197f
36028,USPA,34.199433,-118.17317,,USPA-0165,2022-10-26,PM2.5,,,,ChemSpec_218,,,ChemSpec_EC_PM2.5,,0.06,0.0565181518151815,,,ChemSpec,ug/m3,ug/m3,,USPA-0165,2022-10-26,0.06,0.056518151815,4210,USPA,34.199433,-118.17317,366.0,USPA-0165,2022,10,26,9.0,2022,10,27,9.0,24.0,28203,EC PM2.5,0.06,Micrograms per cubic meter (ug/m3),,0.0565181518151815,,218,AirPhoton SS5i Sampler with BGI cyclone inlet and 25mm stretched Teflon filter,FTIR,Ambient local,,/Users/ahmadjalil/github/aethmodular/research/filter_combine/FilterBased_ChemSpecPM25_USPA.csv,8d1e40d2a272970c02d9d5acef313f6579d1e36161fcf30316a4ae5653600418,"# File Updated: 2025-07-29
# Data version 3.0
# Site: Pasadena, United States",USPA-0165,ChemSpec_218,True,True,both competing concentration values already present in earlier CSV; upstream role unresolved,False,c91542c705254dd7e7e7271bc36789388d225dc3,a6fda4ea34e7c6d5f3c058ccd56e23d36c2afe07fee3dd8ee9072a80eeae197f
36076,USPA,34.199433,-118.17317,,USPA-0166,2022-10-29,PM2.5,,,,ChemSpec_218,,,ChemSpec_EC_PM2.5,,0.49,0.0565181518151815,,,ChemSpec,ug/m3,ug/m3,,USPA-0166,2022-10-29,0.49,0.056518151815,4250,USPA,34.199433,-118.17317,366.0,USPA-0166,2022,10,29,9.0,2022,10,30,9.0,24.0,28203,EC PM2.5,0.49,Micrograms per cubic meter (ug/m3),,0.0565181518151815,,218,AirPhoton SS5i Sampler with BGI cyclone inlet and 25mm stretched Teflon filter,FTIR,Ambient local,,/Users/ahmadjalil/github/aethmodular/research/filter_combine/FilterBased_ChemSpecPM25_USPA.csv,8d1e40d2a272970c02d9d5acef313f6579d1e36161fcf30316a4ae5653600418,"# File Updated: 2025-07-29
# Data version 3.0
# Site: Pasadena, United States",USPA-0166,ChemSpec_218,True,True,both competing concentration values already present in earlier CSV; upstream role unresolved,False,c91542c705254dd7e7e7271bc36789388d225dc3,a6fda4ea34e7c6d5f3c058ccd56e23d36c2afe07fee3dd8ee9072a80eeae197f
36077,USPA,34.199433,-118.17317,,USPA-0166,2022-10-29,PM2.5,,,,ChemSpec_218,,,ChemSpec_EC_PM2.5,,0.06,0.0565181518151815,,,ChemSpec,ug/m3,ug/m3,,USPA-0166,2022-10-29,0.06,0.056518151815,4251,USPA,34.199433,-118.17317,366.0,USPA-0166,2022,10,29,9.0,2022,10,30,9.0,24.0,28203,EC PM2.5,0.06,Micrograms per cubic meter (ug/m3),,0.0565181518151815,,218,AirPhoton SS5i Sampler with BGI cyclone inlet and 25mm stretched Teflon filter,FTIR,Ambient local,,/Users/ahmadjalil/github/aethmodular/research/filter_combine/FilterBased_ChemSpecPM25_USPA.csv,8d1e40d2a272970c02d9d5acef313f6579d1e36161fcf30316a4ae5653600418,"# File Updated: 2025-07-29
# Data version 3.0
# Site: Pasadena, United States",USPA-0166,ChemSpec_218,True,True,both competing concentration values already present in earlier CSV; upstream role unresolved,False,c91542c705254dd7e7e7271bc36789388d225dc3,a6fda4ea34e7c6d5f3c058ccd56e23d36c2afe07fee3dd8ee9072a80eeae197f
36132,USPA,34.199433,-118.17317,,USPA-0168,2022-11-01,PM2.5,,,,ChemSpec_218,,,ChemSpec_EC_PM2.5,,0.41,0.0577777777777777,,,ChemSpec,ug/m3,ug/m3,,USPA-0168,2022-11-01,0.41,0.057777777778,4291,USPA,34.199433,-118.17317,366.0,USPA-0168,2022,11,1,9.0,2022,11,2,9.0,24.0,28203,EC PM2.5,0.41,Micrograms per cubic meter (ug/m3),,0.0577777777777777,,218,AirPhoton SS5i Sampler with BGI cyclone inlet and 25mm stretched Teflon filter,FTIR,Ambient local,,/Users/ahmadjalil/github/aethmodular/research/filter_combine/FilterBased_ChemSpecPM25_USPA.csv,8d1e40d2a272970c02d9d5acef313f6579d1e36161fcf30316a4ae5653600418,"# File Updated: 2025-07-29
# Data version 3.0
# Site: Pasadena, United States",USPA-0168,ChemSpec_218,True,True,both competing concentration values already present in earlier CSV; upstream role unresolved,False,c91542c705254dd7e7e7271bc36789388d225dc3,a6fda4ea34e7c6d5f3c058ccd56e23d36c2afe07fee3dd8ee9072a80eeae197f
36133,USPA,34.199433,-118.17317,,USPA-0168,2022-11-01,PM2.5,,,,ChemSpec_218,,,ChemSpec_EC_PM2.5,,0.06,0.0577777777777777,,,ChemSpec,ug/m3,ug/m3,,USPA-0168,2022-11-01,0.06,0.057777777778,4292,USPA,34.199433,-118.17317,366.0,USPA-0168,2022,11,1,9.0,2022,11,2,9.0,24.0,28203,EC PM2.5,0.06,Micrograms per cubic meter (ug/m3),,0.0577777777777777,,218,AirPhoton SS5i Sampler with BGI cyclone inlet and 25mm stretched Teflon filter,FTIR,Ambient local,,/Users/ahmadjalil/github/aethmodular/research/filter_combine/FilterBased_ChemSpecPM25_USPA.csv,8d1e40d2a272970c02d9d5acef313f6579d1e36161fcf30316a4ae5653600418,"# File Updated: 2025-07-29
# Data version 3.0
# Site: Pasadena, United States",USPA-0168,ChemSpec_218,True,True,both competing concentration values already present in earlier CSV; upstream role unresolved,False,c91542c705254dd7e7e7271bc36789388d225dc3,a6fda4ea34e7c6d5f3c058ccd56e23d36c2afe07fee3dd8ee9072a80eeae197f
36181,USPA,34.199433,-118.17317,,USPA-0169,2022-11-04,PM2.5,,,,ChemSpec_218,,,ChemSpec_EC_PM2.5,,0.32,0.0577777777777777,,,ChemSpec,ug/m3,ug/m3,,USPA-0169,2022-11-04,0.32,0.057777777778,4332,USPA,34.199433,-118.17317,366.0,USPA-0169,2022,11,4,9.0,2022,11,5,9.0,24.0,28203,EC PM2.5,0.32,Micrograms per cubic meter (ug/m3),,0.0577777777777777,,218,AirPhoton SS5i Sampler with BGI cyclone inlet and 25mm stretched Teflon filter,FTIR,Ambient local,,/Users/ahmadjalil/github/aethmodular/research/filter_combine/FilterBased_ChemSpecPM25_USPA.csv,8d1e40d2a272970c02d9d5acef313f6579d1e36161fcf30316a4ae5653600418,"# File Updated: 2025-07-29
# Data version 3.0
# Site: Pasadena, United States",USPA-0169,ChemSpec_218,True,True,both competing concentration values already present in earlier CSV; upstream role unresolved,False,c91542c705254dd7e7e7271bc36789388d225dc3,a6fda4ea34e7c6d5f3c058ccd56e23d36c2afe07fee3dd8ee9072a80eeae197f
36182,USPA,34.199433,-118.17317,,USPA-0169,2022-11-04,PM2.5,,,,ChemSpec_218,,,ChemSpec_EC_PM2.5,,0.06,0.0577777777777777,,,ChemSpec,ug/m3,ug/m3,,USPA-0169,2022-11-04,0.06,0.057777777778,4333,USPA,34.199433,-118.17317,366.0,USPA-0169,2022,11,4,9.0,2022,11,5,9.0,24.0,28203,EC PM2.5,0.06,Micrograms per cubic meter (ug/m3),,0.0577777777777777,,218,AirPhoton SS5i Sampler with BGI cyclone inlet and 25mm stretched Teflon filter,FTIR,Ambient local,,/Users/ahmadjalil/github/aethmodular/research/filter_combine/FilterBased_ChemSpecPM25_USPA.csv,8d1e40d2a272970c02d9d5acef313f6579d1e36161fcf30316a4ae5653600418,"# File Updated: 2025-07-29
# Data version 3.0
# Site: Pasadena, United States",USPA-0169,ChemSpec_218,True,True,both competing concentration values already present in earlier CSV; upstream role unresolved,False,c91542c705254dd7e7e7271bc36789388d225dc3,a6fda4ea34e7c6d5f3c058ccd56e23d36c2afe07fee3dd8ee9072a80eeae197f
36229,USPA,34.199433,-118.17317,,USPA-0170,2022-11-07,PM2.5,,,,ChemSpec_218,,,ChemSpec_EC_PM2.5,,0.18,0.0577777777777777,,,ChemSpec,ug/m3,ug/m3,,USPA-0170,2022-11-07,0.18,0.057777777778,4372,USPA,34.199433,-118.17317,366.0,USPA-0170,2022,11,7,9.0,2022,11,8,9.0,24.0,28203,EC PM2.5,0.18,Micrograms per cubic meter (ug/m3),,0.0577777777777777,,218,AirPhoton SS5i Sampler with BGI cyclone inlet and 25mm stretched Teflon filter,FTIR,Ambient local,,/Users/ahmadjalil/github/aethmodular/research/filter_combine/FilterBased_ChemSpecPM25_USPA.csv,8d1e40d2a272970c02d9d5acef313f6579d1e36161fcf30316a4ae5653600418,"# File Updated: 2025-07-29
# Data version 3.0
# Site: Pasadena, United States",USPA-0170,ChemSpec_218,True,True,both competing concentration values already present in earlier CSV; upstream role unresolved,False,c91542c705254dd7e7e7271bc36789388d225dc3,a6fda4ea34e7c6d5f3c058ccd56e23d36c2afe07fee3dd8ee9072a80eeae197f
36230,USPA,34.199433,-118.17317,,USPA-0170,2022-11-07,PM2.5,,,,ChemSpec_218,,,ChemSpec_EC_PM2.5,,0.06,0.0577777777777777,,,ChemSpec,ug/m3,ug/m3,,USPA-0170,2022-11-07,0.06,0.057777777778,4373,USPA,34.199433,-118.17317,366.0,USPA-0170,2022,11,7,9.0,2022,11,8,9.0,24.0,28203,EC PM2.5,0.06,Micrograms per cubic meter (ug/m3),,0.0577777777777777,,218,AirPhoton SS5i Sampler with BGI cyclone inlet and 25mm stretched Teflon filter,FTIR,Ambient local,,/Users/ahmadjalil/github/aethmodular/research/filter_combine/FilterBased_ChemSpecPM25_USPA.csv,8d1e40d2a272970c02d9d5acef313f6579d1e36161fcf30316a4ae5653600418,"# File Updated: 2025-07-29
# Data version 3.0
# Site: Pasadena, United States",USPA-0170,ChemSpec_218,True,True,both competing concentration values already present in earlier CSV; upstream role unresolved,False,c91542c705254dd7e7e7271bc36789388d225dc3,a6fda4ea34e7c6d5f3c058ccd56e23d36c2afe07fee3dd8ee9072a80eeae197f
36277,USPA,34.199433,-118.17317,,USPA-0171,2022-11-10,PM2.5,,,,ChemSpec_218,,,ChemSpec_EC_PM2.5,,0.2,0.0577777777777777,,,ChemSpec,ug/m3,ug/m3,,USPA-0171,2022-11-10,0.2,0.057777777778,4412,USPA,34.199433,-118.17317,366.0,USPA-0171,2022,11,10,9.0,2022,11,11,9.0,24.0,28203,EC PM2.5,0.2,Micrograms per cubic meter (ug/m3),,0.0577777777777777,,218,AirPhoton SS5i Sampler with BGI cyclone inlet and 25mm stretched Teflon filter,FTIR,Ambient local,,/Users/ahmadjalil/github/aethmodular/research/filter_combine/FilterBased_ChemSpecPM25_USPA.csv,8d1e40d2a272970c02d9d5acef313f6579d1e36161fcf30316a4ae5653600418,"# File Updated: 2025-07-29
# Data version 3.0
# Site: Pasadena, United States",USPA-0171,ChemSpec_218,True,True,both competing concentration values already present in earlier CSV; upstream role unresolved,False,c91542c705254dd7e7e7271bc36789388d225dc3,a6fda4ea34e7c6d5f3c058ccd56e23d36c2afe07fee3dd8ee9072a80eeae197f
36278,USPA,34.199433,-118.17317,,USPA-0171,2022-11-10,PM2.5,,,,ChemSpec_218,,,ChemSpec_EC_PM2.5,,0.06,0.0577777777777777,,,ChemSpec,ug/m3,ug/m3,,USPA-0171,2022-11-10,0.06,0.057777777778,4413,USPA,34.199433,-118.17317,366.0,USPA-0171,2022,11,10,9.0,2022,11,11,9.0,24.0,28203,EC PM2.5,0.06,Micrograms per cubic meter (ug/m3),,0.0577777777777777,,218,AirPhoton SS5i Sampler with BGI cyclone inlet and 25mm stretched Teflon filter,FTIR,Ambient local,,/Users/ahmadjalil/github/aethmodular/research/filter_combine/FilterBased_ChemSpecPM25_USPA.csv,8d1e40d2a272970c02d9d5acef313f6579d1e36161fcf30316a4ae5653600418,"# File Updated: 2025-07-29
# Data version 3.0
# Site: Pasadena, United States",USPA-0171,ChemSpec_218,True,True,both competing concentration values already present in earlier CSV; upstream role unresolved,False,c91542c705254dd7e7e7271bc36789388d225dc3,a6fda4ea34e7c6d5f3c058ccd56e23d36c2afe07fee3dd8ee9072a80eeae197f
36327,USPA,34.199433,-118.17317,,USPA-0172,2022-11-13,PM2.5,,,,ChemSpec_218,,,ChemSpec_EC_PM2.5,,0.26,0.0577777777777777,,,ChemSpec,ug/m3,ug/m3,,USPA-0172,2022-11-13,0.26,0.057777777778,4453,USPA,34.199433,-118.17317,366.0,USPA-0172,2022,11,13,9.0,2022,11,14,9.0,24.0,28203,EC PM2.5,0.26,Micrograms per cubic meter (ug/m3),,0.0577777777777777,,218,AirPhoton SS5i Sampler with BGI cyclone inlet and 25mm stretched Teflon filter,FTIR,Ambient local,,/Users/ahmadjalil/github/aethmodular/research/filter_combine/FilterBased_ChemSpecPM25_USPA.csv,8d1e40d2a272970c02d9d5acef313f6579d1e36161fcf30316a4ae5653600418,"# File Updated: 2025-07-29
# Data version 3.0
# Site: Pasadena, United States",USPA-0172,ChemSpec_218,True,True,both competing concentration values already present in earlier CSV; upstream role unresolved,False,c91542c705254dd7e7e7271bc36789388d225dc3,a6fda4ea34e7c6d5f3c058ccd56e23d36c2afe07fee3dd8ee9072a80eeae197f
36328,USPA,34.199433,-118.17317,,USPA-0172,2022-11-13,PM2.5,,,,ChemSpec_218,,,ChemSpec_EC_PM2.5,,0.06,0.0577777777777777,,,ChemSpec,ug/m3,ug/m3,,USPA-0172,2022-11-13,0.06,0.057777777778,4454,USPA,34.199433,-118.17317,366.0,USPA-0172,2022,11,13,9.0,2022,11,14,9.0,24.0,28203,EC PM2.5,0.06,Micrograms per cubic meter (ug/m3),,0.0577777777777777,,218,AirPhoton SS5i Sampler with BGI cyclone inlet and 25mm stretched Teflon filter,FTIR,Ambient local,,/Users/ahmadjalil/github/aethmodular/research/filter_combine/FilterBased_ChemSpecPM25_USPA.csv,8d1e40d2a272970c02d9d5acef313f6579d1e36161fcf30316a4ae5653600418,"# File Updated: 2025-07-29
# Data version 3.0
# Site: Pasadena, United States",USPA-0172,ChemSpec_218,True,True,both competing concentration values already present in earlier CSV; upstream role unresolved,False,c91542c705254dd7e7e7271bc36789388d225dc3,a6fda4ea34e7c6d5f3c058ccd56e23d36c2afe07fee3dd8ee9072a80eeae197f
36375,USPA,34.199433,-118.17317,,USPA-0173,2022-11-16,PM2.5,,,,ChemSpec_218,,,ChemSpec_EC_PM2.5,,0.36,0.0577777777777777,,,ChemSpec,ug/m3,ug/m3,,USPA-0173,2022-11-16,0.36,0.057777777778,4494,USPA,34.199433,-118.17317,366.0,USPA-0173,2022,11,16,9.0,2022,11,17,9.0,24.0,28203,EC PM2.5,0.36,Micrograms per cubic meter (ug/m3),,0.0577777777777777,,218,AirPhoton SS5i Sampler with BGI cyclone inlet and 25mm stretched Teflon filter,FTIR,Ambient local,,/Users/ahmadjalil/github/aethmodular/research/filter_combine/FilterBased_ChemSpecPM25_USPA.csv,8d1e40d2a272970c02d9d5acef313f6579d1e36161fcf30316a4ae5653600418,"# File Updated: 2025-07-29
# Data version 3.0
# Site: Pasadena, United States",USPA-0173,ChemSpec_218,True,True,both competing concentration values already present in earlier CSV; upstream role unresolved,False,c91542c705254dd7e7e7271bc36789388d225dc3,a6fda4ea34e7c6d5f3c058ccd56e23d36c2afe07fee3dd8ee9072a80eeae197f
36376,USPA,34.199433,-118.17317,,USPA-0173,2022-11-16,PM2.5,,,,ChemSpec_218,,,ChemSpec_EC_PM2.5,,0.06,0.0577777777777777,,,ChemSpec,ug/m3,ug/m3,,USPA-0173,2022-11-16,0.06,0.057777777778,4495,USPA,34.199433,-118.17317,366.0,USPA-0173,2022,11,16,9.0,2022,11,17,9.0,24.0,28203,EC PM2.5,0.06,Micrograms per cubic meter (ug/m3),,0.0577777777777777,,218,AirPhoton SS5i Sampler with BGI cyclone inlet and 25mm stretched Teflon filter,FTIR,Ambient local,,/Users/ahmadjalil/github/aethmodular/research/filter_combine/FilterBased_ChemSpecPM25_USPA.csv,8d1e40d2a272970c02d9d5acef313f6579d1e36161fcf30316a4ae5653600418,"# File Updated: 2025-07-29
# Data version 3.0
# Site: Pasadena, United States",USPA-0173,ChemSpec_218,True,True,both competing concentration values already present in earlier CSV; upstream role unresolved,False,c91542c705254dd7e7e7271bc36789388d225dc3,a6fda4ea34e7c6d5f3c058ccd56e23d36c2afe07fee3dd8ee9072a80eeae197f
36424,USPA,34.199433,-118.17317,,USPA-0174,2022-11-19,PM2.5,,,,ChemSpec_218,,,ChemSpec_EC_PM2.5,,0.13,0.0577777777777777,,,ChemSpec,ug/m3,ug/m3,,USPA-0174,2022-11-19,0.13,0.057777777778,4534,USPA,34.199433,-118.17317,366.0,USPA-0174,2022,11,19,9.0,2022,11,20,9.0,24.0,28203,EC PM2.5,0.13,Micrograms per cubic meter (ug/m3),,0.0577777777777777,,218,AirPhoton SS5i Sampler with BGI cyclone inlet and 25mm stretched Teflon filter,FTIR,Ambient local,,/Users/ahmadjalil/github/aethmodular/research/filter_combine/FilterBased_ChemSpecPM25_USPA.csv,8d1e40d2a272970c02d9d5acef313f6579d1e36161fcf30316a4ae5653600418,"# File Updated: 2025-07-29
# Data version 3.0
# Site: Pasadena, United States",USPA-0174,ChemSpec_218,True,True,both competing concentration values already present in earlier CSV; upstream role unresolved,False,c91542c705254dd7e7e7271bc36789388d225dc3,a6fda4ea34e7c6d5f3c058ccd56e23d36c2afe07fee3dd8ee9072a80eeae197f
36425,USPA,34.199433,-118.17317,,USPA-0174,2022-11-19,PM2.5,,,,ChemSpec_218,,,ChemSpec_EC_PM2.5,,0.06,0.0577777777777777,,,ChemSpec,ug/m3,ug/m3,,USPA-0174,2022-11-19,0.06,0.057777777778,4535,USPA,34.199433,-118.17317,366.0,USPA-0174,2022,11,19,9.0,2022,11,20,9.0,24.0,28203,EC PM2.5,0.06,Micrograms per cubic meter (ug/m3),,0.0577777777777777,,218,AirPhoton SS5i Sampler with BGI cyclone inlet and 25mm stretched Teflon filter,FTIR,Ambient local,,/Users/ahmadjalil/github/aethmodular/research/filter_combine/FilterBased_ChemSpecPM25_USPA.csv,8d1e40d2a272970c02d9d5acef313f6579d1e36161fcf30316a4ae5653600418,"# File Updated: 2025-07-29
# Data version 3.0
# Site: Pasadena, United States",USPA-0174,ChemSpec_218,True,True,both competing concentration values already present in earlier CSV; upstream role unresolved,False,c91542c705254dd7e7e7271bc36789388d225dc3,a6fda4ea34e7c6d5f3c058ccd56e23d36c2afe07fee3dd8ee9072a80eeae197f
36479,USPA,34.199433,-118.17317,,USPA-0176,2022-11-22,PM2.5,,,,ChemSpec_218,,,ChemSpec_EC_PM2.5,,0.37,0.0565181518151815,,,ChemSpec,ug/m3,ug/m3,,USPA-0176,2022-11-22,0.37,0.056518151815,4575,USPA,34.199433,-118.17317,366.0,USPA-0176,2022,11,22,9.0,2022,11,23,9.0,24.0,28203,EC PM2.5,0.37,Micrograms per cubic meter (ug/m3),,0.0565181518151815,,218,AirPhoton SS5i Sampler with BGI cyclone inlet and 25mm stretched Teflon filter,FTIR,Ambient local,,/Users/ahmadjalil/github/aethmodular/research/filter_combine/FilterBased_ChemSpecPM25_USPA.csv,8d1e40d2a272970c02d9d5acef313f6579d1e36161fcf30316a4ae5653600418,"# File Updated: 2025-07-29
# Data version 3.0
# Site: Pasadena, United States",USPA-0176,ChemSpec_218,True,True,both competing concentration values already present in earlier CSV; upstream role unresolved,False,c91542c705254dd7e7e7271bc36789388d225dc3,a6fda4ea34e7c6d5f3c058ccd56e23d36c2afe07fee3dd8ee9072a80eeae197f
36480,USPA,34.199433,-118.17317,,USPA-0176,2022-11-22,PM2.5,,,,ChemSpec_218,,,ChemSpec_EC_PM2.5,,0.06,0.0565181518151815,,,ChemSpec,ug/m3,ug/m3,,USPA-0176,2022-11-22,0.06,0.056518151815,4576,USPA,34.199433,-118.17317,366.0,USPA-0176,2022,11,22,9.0,2022,11,23,9.0,24.0,28203,EC PM2.5,0.06,Micrograms per cubic meter (ug/m3),,0.0565181518151815,,218,AirPhoton SS5i Sampler with BGI cyclone inlet and 25mm stretched Teflon filter,FTIR,Ambient local,,/Users/ahmadjalil/github/aethmodular/research/filter_combine/FilterBased_ChemSpecPM25_USPA.csv,8d1e40d2a272970c02d9d5acef313f6579d1e36161fcf30316a4ae5653600418,"# File Updated: 2025-07-29
# Data version 3.0
# Site: Pasadena, United States",USPA-0176,ChemSpec_218,True,True,both competing concentration values already present in earlier CSV; upstream role unresolved,False,c91542c705254dd7e7e7271bc36789388d225dc3,a6fda4ea34e7c6d5f3c058ccd56e23d36c2afe07fee3dd8ee9072a80eeae197f
36528,USPA,34.199433,-118.17317,,USPA-0177,2022-11-25,PM2.5,,,,ChemSpec_218,,,ChemSpec_EC_PM2.5,,0.22,0.0600907029478458,,,ChemSpec,ug/m3,ug/m3,,USPA-0177,2022-11-25,0.22,0.060090702948,4616,USPA,34.199433,-118.17317,366.0,USPA-0177,2022,11,25,9.0,2022,11,26,9.0,24.0,28203,EC PM2.5,0.22,Micrograms per cubic meter (ug/m3),,0.0600907029478458,,218,AirPhoton SS5i Sampler with BGI cyclone inlet and 25mm stretched Teflon filter,FTIR,Ambient local,,/Users/ahmadjalil/github/aethmodular/research/filter_combine/FilterBased_ChemSpecPM25_USPA.csv,8d1e40d2a272970c02d9d5acef313f6579d1e36161fcf30316a4ae5653600418,"# File Updated: 2025-07-29
# Data version 3.0
# Site: Pasadena, United States",USPA-0177,ChemSpec_218,True,True,both competing concentration values already present in earlier CSV; upstream role unresolved,False,c91542c705254dd7e7e7271bc36789388d225dc3,a6fda4ea34e7c6d5f3c058ccd56e23d36c2afe07fee3dd8ee9072a80eeae197f
36529,USPA,34.199433,-118.17317,,USPA-0177,2022-11-25,PM2.5,,,,ChemSpec_218,,,ChemSpec_EC_PM2.5,,0.06,0.0600907029478458,,,ChemSpec,ug/m3,ug/m3,,USPA-0177,2022-11-25,0.06,0.060090702948,4617,USPA,34.199433,-118.17317,366.0,USPA-0177,2022,11,25,9.0,2022,11,26,9.0,24.0,28203,EC PM2.5,0.06,Micrograms per cubic meter (ug/m3),,0.0600907029478458,,218,AirPhoton SS5i Sampler with BGI cyclone inlet and 25mm stretched Teflon filter,FTIR,Ambient local,,/Users/ahmadjalil/github/aethmodular/research/filter_combine/FilterBased_ChemSpecPM25_USPA.csv,8d1e40d2a272970c02d9d5acef313f6579d1e36161fcf30316a4ae5653600418,"# File Updated: 2025-07-29
# Data version 3.0
# Site: Pasadena, United States",USPA-0177,ChemSpec_218,True,True,both competing concentration values already present in earlier CSV; upstream role unresolved,False,c91542c705254dd7e7e7271bc36789388d225dc3,a6fda4ea34e7c6d5f3c058ccd56e23d36c2afe07fee3dd8ee9072a80eeae197f
36577,USPA,34.199433,-118.17317,,USPA-0178,2022-11-28,PM2.5,,,,ChemSpec_218,,,ChemSpec_EC_PM2.5,,0.4,0.0600907029478458,,,ChemSpec,ug/m3,ug/m3,,USPA-0178,2022-11-28,0.4,0.060090702948,4657,USPA,34.199433,-118.17317,366.0,USPA-0178,2022,11,28,9.0,2022,11,29,9.0,24.0,28203,EC PM2.5,0.4,Micrograms per cubic meter (ug/m3),,0.0600907029478458,,218,AirPhoton SS5i Sampler with BGI cyclone inlet and 25mm stretched Teflon filter,FTIR,Ambient local,,/Users/ahmadjalil/github/aethmodular/research/filter_combine/FilterBased_ChemSpecPM25_USPA.csv,8d1e40d2a272970c02d9d5acef313f6579d1e36161fcf30316a4ae5653600418,"# File Updated: 2025-07-29
# Data version 3.0
# Site: Pasadena, United States",USPA-0178,ChemSpec_218,True,True,both competing concentration values already present in earlier CSV; upstream role unresolved,False,c91542c705254dd7e7e7271bc36789388d225dc3,a6fda4ea34e7c6d5f3c058ccd56e23d36c2afe07fee3dd8ee9072a80eeae197f
36578,USPA,34.199433,-118.17317,,USPA-0178,2022-11-28,PM2.5,,,,ChemSpec_218,,,ChemSpec_EC_PM2.5,,0.06,0.0600907029478458,,,ChemSpec,ug/m3,ug/m3,,USPA-0178,2022-11-28,0.06,0.060090702948,4658,USPA,34.199433,-118.17317,366.0,USPA-0178,2022,11,28,9.0,2022,11,29,9.0,24.0,28203,EC PM2.5,0.06,Micrograms per cubic meter (ug/m3),,0.0600907029478458,,218,AirPhoton SS5i Sampler with BGI cyclone inlet and 25mm stretched Teflon filter,FTIR,Ambient local,,/Users/ahmadjalil/github/aethmodular/research/filter_combine/FilterBased_ChemSpecPM25_USPA.csv,8d1e40d2a272970c02d9d5acef313f6579d1e36161fcf30316a4ae5653600418,"# File Updated: 2025-07-29
# Data version 3.0
# Site: Pasadena, United States",USPA-0178,ChemSpec_218,True,True,both competing concentration values already present in earlier CSV; upstream role unresolved,False,c91542c705254dd7e7e7271bc36789388d225dc3,a6fda4ea34e7c6d5f3c058ccd56e23d36c2afe07fee3dd8ee9072a80eeae197f
36626,USPA,34.199433,-118.17317,,USPA-0179,2022-12-01,PM2.5,,,,ChemSpec_218,,,ChemSpec_EC_PM2.5,,0.17,0.0600907029478458,,,ChemSpec,ug/m3,ug/m3,,USPA-0179,2022-12-01,0.17,0.060090702948,4698,USPA,34.199433,-118.17317,366.0,USPA-0179,2022,12,1,9.0,2022,12,2,9.0,24.0,28203,EC PM2.5,0.17,Micrograms per cubic meter (ug/m3),,0.0600907029478458,,218,AirPhoton SS5i Sampler with BGI cyclone inlet and 25mm stretched Teflon filter,FTIR,Ambient local,,/Users/ahmadjalil/github/aethmodular/research/filter_combine/FilterBased_ChemSpecPM25_USPA.csv,8d1e40d2a272970c02d9d5acef313f6579d1e36161fcf30316a4ae5653600418,"# File Updated: 2025-07-29
# Data version 3.0
# Site: Pasadena, United States",USPA-0179,ChemSpec_218,True,True,both competing concentration values already present in earlier CSV; upstream role unresolved,False,c91542c705254dd7e7e7271bc36789388d225dc3,a6fda4ea34e7c6d5f3c058ccd56e23d36c2afe07fee3dd8ee9072a80eeae197f
36627,USPA,34.199433,-118.17317,,USPA-0179,2022-12-01,PM2.5,,,,ChemSpec_218,,,ChemSpec_EC_PM2.5,,0.06,0.0600907029478458,,,ChemSpec,ug/m3,ug/m3,,USPA-0179,2022-12-01,0.06,0.060090702948,4699,USPA,34.199433,-118.17317,366.0,USPA-0179,2022,12,1,9.0,2022,12,2,9.0,24.0,28203,EC PM2.5,0.06,Micrograms per cubic meter (ug/m3),,0.0600907029478458,,218,AirPhoton SS5i Sampler with BGI cyclone inlet and 25mm stretched Teflon filter,FTIR,Ambient local,,/Users/ahmadjalil/github/aethmodular/research/filter_combine/FilterBased_ChemSpecPM25_USPA.csv,8d1e40d2a272970c02d9d5acef313f6579d1e36161fcf30316a4ae5653600418,"# File Updated: 2025-07-29
# Data version 3.0
# Site: Pasadena, United States",USPA-0179,ChemSpec_218,True,True,both competing concentration values already present in earlier CSV; upstream role unresolved,False,c91542c705254dd7e7e7271bc36789388d225dc3,a6fda4ea34e7c6d5f3c058ccd56e23d36c2afe07fee3dd8ee9072a80eeae197f
36675,USPA,34.199433,-118.17317,,USPA-0180,2022-12-04,PM2.5,,,,ChemSpec_218,,,ChemSpec_EC_PM2.5,,0.51,0.0589225589225589,,,ChemSpec,ug/m3,ug/m3,,USPA-0180,2022-12-04,0.51,0.058922558923,4739,USPA,34.199433,-118.17317,366.0,USPA-0180,2022,12,4,9.0,2022,12,5,9.0,24.0,28203,EC PM2.5,0.51,Micrograms per cubic meter (ug/m3),,0.0589225589225589,,218,AirPhoton SS5i Sampler with BGI cyclone inlet and 25mm stretched Teflon filter,FTIR,Ambient local,,/Users/ahmadjalil/github/aethmodular/research/filter_combine/FilterBased_ChemSpecPM25_USPA.csv,8d1e40d2a272970c02d9d5acef313f6579d1e36161fcf30316a4ae5653600418,"# File Updated: 2025-07-29
# Data version 3.0
# Site: Pasadena, United States",USPA-0180,ChemSpec_218,True,True,both competing concentration values already present in earlier CSV; upstream role unresolved,False,c91542c705254dd7e7e7271bc36789388d225dc3,a6fda4ea34e7c6d5f3c058ccd56e23d36c2afe07fee3dd8ee9072a80eeae197f
36676,USPA,34.199433,-118.17317,,USPA-0180,2022-12-04,PM2.5,,,,ChemSpec_218,,,ChemSpec_EC_PM2.5,,0.06,0.0589225589225589,,,ChemSpec,ug/m3,ug/m3,,USPA-0180,2022-12-04,0.06,0.058922558923,4740,USPA,34.199433,-118.17317,366.0,USPA-0180,2022,12,4,9.0,2022,12,5,9.0,24.0,28203,EC PM2.5,0.06,Micrograms per cubic meter (ug/m3),,0.0589225589225589,,218,AirPhoton SS5i Sampler with BGI cyclone inlet and 25mm stretched Teflon filter,FTIR,Ambient local,,/Users/ahmadjalil/github/aethmodular/research/filter_combine/FilterBased_ChemSpecPM25_USPA.csv,8d1e40d2a272970c02d9d5acef313f6579d1e36161fcf30316a4ae5653600418,"# File Updated: 2025-07-29
# Data version 3.0
# Site: Pasadena, United States",USPA-0180,ChemSpec_218,True,True,both competing concentration values already present in earlier CSV; upstream role unresolved,False,c91542c705254dd7e7e7271bc36789388d225dc3,a6fda4ea34e7c6d5f3c058ccd56e23d36c2afe07fee3dd8ee9072a80eeae197f
36724,USPA,34.199433,-118.17317,,USPA-0181,2022-12-07,PM2.5,,,,ChemSpec_218,,,ChemSpec_EC_PM2.5,,0.25,0.0600907029478458,,,ChemSpec,ug/m3,ug/m3,,USPA-0181,2022-12-07,0.25,0.060090702948,4780,USPA,34.199433,-118.17317,366.0,USPA-0181,2022,12,7,9.0,2022,12,8,9.0,24.0,28203,EC PM2.5,0.25,Micrograms per cubic meter (ug/m3),,0.0600907029478458,,218,AirPhoton SS5i Sampler with BGI cyclone inlet and 25mm stretched Teflon filter,FTIR,Ambient local,,/Users/ahmadjalil/github/aethmodular/research/filter_combine/FilterBased_ChemSpecPM25_USPA.csv,8d1e40d2a272970c02d9d5acef313f6579d1e36161fcf30316a4ae5653600418,"# File Updated: 2025-07-29
# Data version 3.0
# Site: Pasadena, United States",USPA-0181,ChemSpec_218,True,True,both competing concentration values already present in earlier CSV; upstream role unresolved,False,c91542c705254dd7e7e7271bc36789388d225dc3,a6fda4ea34e7c6d5f3c058ccd56e23d36c2afe07fee3dd8ee9072a80eeae197f
36725,USPA,34.199433,-118.17317,,USPA-0181,2022-12-07,PM2.5,,,,ChemSpec_218,,,ChemSpec_EC_PM2.5,,0.06,0.0600907029478458,,,ChemSpec,ug/m3,ug/m3,,USPA-0181,2022-12-07,0.06,0.060090702948,4781,USPA,34.199433,-118.17317,366.0,USPA-0181,2022,12,7,9.0,2022,12,8,9.0,24.0,28203,EC PM2.5,0.06,Micrograms per cubic meter (ug/m3),,0.0600907029478458,,218,AirPhoton SS5i Sampler with BGI cyclone inlet and 25mm stretched Teflon filter,FTIR,Ambient local,,/Users/ahmadjalil/github/aethmodular/research/filter_combine/FilterBased_ChemSpecPM25_USPA.csv,8d1e40d2a272970c02d9d5acef313f6579d1e36161fcf30316a4ae5653600418,"# File Updated: 2025-07-29
# Data version 3.0
# Site: Pasadena, United States",USPA-0181,ChemSpec_218,True,True,both competing concentration values already present in earlier CSV; upstream role unresolved,False,c91542c705254dd7e7e7271bc36789388d225dc3,a6fda4ea34e7c6d5f3c058ccd56e23d36c2afe07fee3dd8ee9072a80eeae197f
36773,USPA,34.199433,-118.17317,,USPA-0182,2022-12-10,PM2.5,,,,ChemSpec_218,,,ChemSpec_EC_PM2.5,,0.28,0.0589225589225589,,,ChemSpec,ug/m3,ug/m3,,USPA-0182,2022-12-10,0.28,0.058922558923,4820,USPA,34.199433,-118.17317,366.0,USPA-0182,2022,12,10,9.0,2022,12,11,9.0,24.0,28203,EC PM2.5,0.28,Micrograms per cubic meter (ug/m3),,0.0589225589225589,,218,AirPhoton SS5i Sampler with BGI cyclone inlet and 25mm stretched Teflon filter,FTIR,Ambient local,,/Users/ahmadjalil/github/aethmodular/research/filter_combine/FilterBased_ChemSpecPM25_USPA.csv,8d1e40d2a272970c02d9d5acef313f6579d1e36161fcf30316a4ae5653600418,"# File Updated: 2025-07-29
# Data version 3.0
# Site: Pasadena, United States",USPA-0182,ChemSpec_218,True,True,both competing concentration values already present in earlier CSV; upstream role unresolved,False,c91542c705254dd7e7e7271bc36789388d225dc3,a6fda4ea34e7c6d5f3c058ccd56e23d36c2afe07fee3dd8ee9072a80eeae197f
36774,USPA,34.199433,-118.17317,,USPA-0182,2022-12-10,PM2.5,,,,ChemSpec_218,,,ChemSpec_EC_PM2.5,,0.06,0.0589225589225589,,,ChemSpec,ug/m3,ug/m3,,USPA-0182,2022-12-10,0.06,0.058922558923,4821,USPA,34.199433,-118.17317,366.0,USPA-0182,2022,12,10,9.0,2022,12,11,9.0,24.0,28203,EC PM2.5,0.06,Micrograms per cubic meter (ug/m3),,0.0589225589225589,,218,AirPhoton SS5i Sampler with BGI cyclone inlet and 25mm stretched Teflon filter,FTIR,Ambient local,,/Users/ahmadjalil/github/aethmodular/research/filter_combine/FilterBased_ChemSpecPM25_USPA.csv,8d1e40d2a272970c02d9d5acef313f6579d1e36161fcf30316a4ae5653600418,"# File Updated: 2025-07-29
# Data version 3.0
# Site: Pasadena, United States",USPA-0182,ChemSpec_218,True,True,both competing concentration values already present in earlier CSV; upstream role unresolved,False,c91542c705254dd7e7e7271bc36789388d225dc3,a6fda4ea34e7c6d5f3c058ccd56e23d36c2afe07fee3dd8ee9072a80eeae197f
36828,USPA,34.199433,-118.17317,,USPA-0184,2022-12-13,PM2.5,,,,ChemSpec_218,,,ChemSpec_EC_PM2.5,,0.55,0.0600907029478458,,,ChemSpec,ug/m3,ug/m3,,USPA-0184,2022-12-13,0.55,0.060090702948,4861,USPA,34.199433,-118.17317,366.0,USPA-0184,2022,12,13,9.0,2022,12,14,9.0,24.0,28203,EC PM2.5,0.55,Micrograms per cubic meter (ug/m3),,0.0600907029478458,,218,AirPhoton SS5i Sampler with BGI cyclone inlet and 25mm stretched Teflon filter,FTIR,Ambient local,,/Users/ahmadjalil/github/aethmodular/research/filter_combine/FilterBased_ChemSpecPM25_USPA.csv,8d1e40d2a272970c02d9d5acef313f6579d1e36161fcf30316a4ae5653600418,"# File Updated: 2025-07-29
# Data version 3.0
# Site: Pasadena, United States",USPA-0184,ChemSpec_218,True,True,both competing concentration values already present in earlier CSV; upstream role unresolved,False,c91542c705254dd7e7e7271bc36789388d225dc3,a6fda4ea34e7c6d5f3c058ccd56e23d36c2afe07fee3dd8ee9072a80eeae197f
36829,USPA,34.199433,-118.17317,,USPA-0184,2022-12-13,PM2.5,,,,ChemSpec_218,,,ChemSpec_EC_PM2.5,,0.06,0.0600907029478458,,,ChemSpec,ug/m3,ug/m3,,USPA-0184,2022-12-13,0.06,0.060090702948,4862,USPA,34.199433,-118.17317,366.0,USPA-0184,2022,12,13,9.0,2022,12,14,9.0,24.0,28203,EC PM2.5,0.06,Micrograms per cubic meter (ug/m3),,0.0600907029478458,,218,AirPhoton SS5i Sampler with BGI cyclone inlet and 25mm stretched Teflon filter,FTIR,Ambient local,,/Users/ahmadjalil/github/aethmodular/research/filter_combine/FilterBased_ChemSpecPM25_USPA.csv,8d1e40d2a272970c02d9d5acef313f6579d1e36161fcf30316a4ae5653600418,"# File Updated: 2025-07-29
# Data version 3.0
# Site: Pasadena, United States",USPA-0184,ChemSpec_218,True,True,both competing concentration values already present in earlier CSV; upstream role unresolved,False,c91542c705254dd7e7e7271bc36789388d225dc3,a6fda4ea34e7c6d5f3c058ccd56e23d36c2afe07fee3dd8ee9072a80eeae197f
36877,USPA,34.199433,-118.17317,,USPA-0185,2022-12-22,PM2.5,,,,ChemSpec_218,,,ChemSpec_EC_PM2.5,,0.18,0.0565181518151815,,,ChemSpec,ug/m3,ug/m3,,USPA-0185,2022-12-22,0.18,0.056518151815,4901,USPA,34.199433,-118.17317,366.0,USPA-0185,2022,12,22,9.0,2022,12,23,9.0,24.0,28203,EC PM2.5,0.18,Micrograms per cubic meter (ug/m3),,0.0565181518151815,,218,AirPhoton SS5i Sampler with BGI cyclone inlet and 25mm stretched Teflon filter,FTIR,Ambient local,,/Users/ahmadjalil/github/aethmodular/research/filter_combine/FilterBased_ChemSpecPM25_USPA.csv,8d1e40d2a272970c02d9d5acef313f6579d1e36161fcf30316a4ae5653600418,"# File Updated: 2025-07-29
# Data version 3.0
# Site: Pasadena, United States",USPA-0185,ChemSpec_218,True,True,both competing concentration values already present in earlier CSV; upstream role unresolved,False,c91542c705254dd7e7e7271bc36789388d225dc3,a6fda4ea34e7c6d5f3c058ccd56e23d36c2afe07fee3dd8ee9072a80eeae197f
36878,USPA,34.199433,-118.17317,,USPA-0185,2022-12-22,PM2.5,,,,ChemSpec_218,,,ChemSpec_EC_PM2.5,,0.06,0.0565181518151815,,,ChemSpec,ug/m3,ug/m3,,USPA-0185,2022-12-22,0.06,0.056518151815,4902,USPA,34.199433,-118.17317,366.0,USPA-0185,2022,12,22,9.0,2022,12,23,9.0,24.0,28203,EC PM2.5,0.06,Micrograms per cubic meter (ug/m3),,0.0565181518151815,,218,AirPhoton SS5i Sampler with BGI cyclone inlet and 25mm stretched Teflon filter,FTIR,Ambient local,,/Users/ahmadjalil/github/aethmodular/research/filter_combine/FilterBased_ChemSpecPM25_USPA.csv,8d1e40d2a272970c02d9d5acef313f6579d1e36161fcf30316a4ae5653600418,"# File Updated: 2025-07-29
# Data version 3.0
# Site: Pasadena, United States",USPA-0185,ChemSpec_218,True,True,both competing concentration values already present in earlier CSV; upstream role unresolved,False,c91542c705254dd7e7e7271bc36789388d225dc3,a6fda4ea34e7c6d5f3c058ccd56e23d36c2afe07fee3dd8ee9072a80eeae197f
36925,USPA,34.199433,-118.17317,,USPA-0186,2022-12-25,PM2.5,,,,ChemSpec_218,,,ChemSpec_EC_PM2.5,,0.18,0.0554193899782135,,,ChemSpec,ug/m3,ug/m3,,USPA-0186,2022-12-25,0.18,0.055419389978,4942,USPA,34.199433,-118.17317,366.0,USPA-0186,2022,12,25,9.0,2022,12,26,9.0,24.0,28203,EC PM2.5,0.18,Micrograms per cubic meter (ug/m3),,0.0554193899782135,,218,AirPhoton SS5i Sampler with BGI cyclone inlet and 25mm stretched Teflon filter,FTIR,Ambient local,,/Users/ahmadjalil/github/aethmodular/research/filter_combine/FilterBased_ChemSpecPM25_USPA.csv,8d1e40d2a272970c02d9d5acef313f6579d1e36161fcf30316a4ae5653600418,"# File Updated: 2025-07-29
# Data version 3.0
# Site: Pasadena, United States",USPA-0186,ChemSpec_218,True,True,both competing concentration values already present in earlier CSV; upstream role unresolved,False,c91542c705254dd7e7e7271bc36789388d225dc3,a6fda4ea34e7c6d5f3c058ccd56e23d36c2afe07fee3dd8ee9072a80eeae197f
36926,USPA,34.199433,-118.17317,,USPA-0186,2022-12-25,PM2.5,,,,ChemSpec_218,,,ChemSpec_EC_PM2.5,,0.06,0.0554193899782135,,,ChemSpec,ug/m3,ug/m3,,USPA-0186,2022-12-25,0.06,0.055419389978,4943,USPA,34.199433,-118.17317,366.0,USPA-0186,2022,12,25,9.0,2022,12,26,9.0,24.0,28203,EC PM2.5,0.06,Micrograms per cubic meter (ug/m3),,0.0554193899782135,,218,AirPhoton SS5i Sampler with BGI cyclone inlet and 25mm stretched Teflon filter,FTIR,Ambient local,,/Users/ahmadjalil/github/aethmodular/research/filter_combine/FilterBased_ChemSpecPM25_USPA.csv,8d1e40d2a272970c02d9d5acef313f6579d1e36161fcf30316a4ae5653600418,"# File Updated: 2025-07-29
# Data version 3.0
# Site: Pasadena, United States",USPA-0186,ChemSpec_218,True,True,both competing concentration values already present in earlier CSV; upstream role unresolved,False,c91542c705254dd7e7e7271bc36789388d225dc3,a6fda4ea34e7c6d5f3c058ccd56e23d36c2afe07fee3dd8ee9072a80eeae197f
36974,USPA,34.199433,-118.17317,,USPA-0187,2022-12-28,PM2.5,,,,ChemSpec_218,,,ChemSpec_EC_PM2.5,,0.29,0.0565181518151815,,,ChemSpec,ug/m3,ug/m3,,USPA-0187,2022-12-28,0.29,0.056518151815,4983,USPA,34.199433,-118.17317,366.0,USPA-0187,2022,12,28,9.0,2022,12,29,9.0,24.0,28203,EC PM2.5,0.29,Micrograms per cubic meter (ug/m3),,0.0565181518151815,,218,AirPhoton SS5i Sampler with BGI cyclone inlet and 25mm stretched Teflon filter,FTIR,Ambient local,,/Users/ahmadjalil/github/aethmodular/research/filter_combine/FilterBased_ChemSpecPM25_USPA.csv,8d1e40d2a272970c02d9d5acef313f6579d1e36161fcf30316a4ae5653600418,"# File Updated: 2025-07-29
# Data version 3.0
# Site: Pasadena, United States",USPA-0187,ChemSpec_218,True,True,both competing concentration values already present in earlier CSV; upstream role unresolved,False,c91542c705254dd7e7e7271bc36789388d225dc3,a6fda4ea34e7c6d5f3c058ccd56e23d36c2afe07fee3dd8ee9072a80eeae197f
36975,USPA,34.199433,-118.17317,,USPA-0187,2022-12-28,PM2.5,,,,ChemSpec_218,,,ChemSpec_EC_PM2.5,,0.06,0.0565181518151815,,,ChemSpec,ug/m3,ug/m3,,USPA-0187,2022-12-28,0.06,0.056518151815,4984,USPA,34.199433,-118.17317,366.0,USPA-0187,2022,12,28,9.0,2022,12,29,9.0,24.0,28203,EC PM2.5,0.06,Micrograms per cubic meter (ug/m3),,0.0565181518151815,,218,AirPhoton SS5i Sampler with BGI cyclone inlet and 25mm stretched Teflon filter,FTIR,Ambient local,,/Users/ahmadjalil/github/aethmodular/research/filter_combine/FilterBased_ChemSpecPM25_USPA.csv,8d1e40d2a272970c02d9d5acef313f6579d1e36161fcf30316a4ae5653600418,"# File Updated: 2025-07-29
# Data version 3.0
# Site: Pasadena, United States",USPA-0187,ChemSpec_218,True,True,both competing concentration values already present in earlier CSV; upstream role unresolved,False,c91542c705254dd7e7e7271bc36789388d225dc3,a6fda4ea34e7c6d5f3c058ccd56e23d36c2afe07fee3dd8ee9072a80eeae197f
37023,USPA,34.199433,-118.17317,,USPA-0188,2022-12-31,PM2.5,,,,ChemSpec_218,,,ChemSpec_EC_PM2.5,,0.09,0.0565181518151815,,,ChemSpec,ug/m3,ug/m3,,USPA-0188,2022-12-31,0.09,0.056518151815,5024,USPA,34.199433,-118.17317,366.0,USPA-0188,2022,12,31,9.0,2023,1,1,9.0,24.0,28203,EC PM2.5,0.09,Micrograms per cubic meter (ug/m3),,0.0565181518151815,,218,AirPhoton SS5i Sampler with BGI cyclone inlet and 25mm stretched Teflon filter,FTIR,Ambient local,,/Users/ahmadjalil/github/aethmodular/research/filter_combine/FilterBased_ChemSpecPM25_USPA.csv,8d1e40d2a272970c02d9d5acef313f6579d1e36161fcf30316a4ae5653600418,"# File Updated: 2025-07-29
# Data version 3.0
# Site: Pasadena, United States",USPA-0188,ChemSpec_218,True,True,both competing concentration values already present in earlier CSV; upstream role unresolved,False,c91542c705254dd7e7e7271bc36789388d225dc3,a6fda4ea34e7c6d5f3c058ccd56e23d36c2afe07fee3dd8ee9072a80eeae197f
37024,USPA,34.199433,-118.17317,,USPA-0188,2022-12-31,PM2.5,,,,ChemSpec_218,,,ChemSpec_EC_PM2.5,,0.06,0.0565181518151815,,,ChemSpec,ug/m3,ug/m3,,USPA-0188,2022-12-31,0.06,0.056518151815,5025,USPA,34.199433,-118.17317,366.0,USPA-0188,2022,12,31,9.0,2023,1,1,9.0,24.0,28203,EC PM2.5,0.06,Micrograms per cubic meter (ug/m3),,0.0565181518151815,,218,AirPhoton SS5i Sampler with BGI cyclone inlet and 25mm stretched Teflon filter,FTIR,Ambient local,,/Users/ahmadjalil/github/aethmodular/research/filter_combine/FilterBased_ChemSpecPM25_USPA.csv,8d1e40d2a272970c02d9d5acef313f6579d1e36161fcf30316a4ae5653600418,"# File Updated: 2025-07-29
# Data version 3.0
# Site: Pasadena, United States",USPA-0188,ChemSpec_218,True,True,both competing concentration values already present in earlier CSV; upstream role unresolved,False,c91542c705254dd7e7e7271bc36789388d225dc3,a6fda4ea34e7c6d5f3c058ccd56e23d36c2afe07fee3dd8ee9072a80eeae197f
37072,USPA,34.199433,-118.17317,,USPA-0189,2023-01-03,PM2.5,,,,ChemSpec_218,,,ChemSpec_EC_PM2.5,,0.13,0.0565181518151815,,,ChemSpec,ug/m3,ug/m3,,USPA-0189,2023-01-03,0.13,0.056518151815,5064,USPA,34.199433,-118.17317,366.0,USPA-0189,2023,1,3,9.0,2023,1,4,9.0,24.0,28203,EC PM2.5,0.13,Micrograms per cubic meter (ug/m3),,0.0565181518151815,,218,AirPhoton SS5i Sampler with BGI cyclone inlet and 25mm stretched Teflon filter,FTIR,Ambient local,,/Users/ahmadjalil/github/aethmodular/research/filter_combine/FilterBased_ChemSpecPM25_USPA.csv,8d1e40d2a272970c02d9d5acef313f6579d1e36161fcf30316a4ae5653600418,"# File Updated: 2025-07-29
# Data version 3.0
# Site: Pasadena, United States",USPA-0189,ChemSpec_218,True,True,both competing concentration values already present in earlier CSV; upstream role unresolved,False,c91542c705254dd7e7e7271bc36789388d225dc3,a6fda4ea34e7c6d5f3c058ccd56e23d36c2afe07fee3dd8ee9072a80eeae197f
37073,USPA,34.199433,-118.17317,,USPA-0189,2023-01-03,PM2.5,,,,ChemSpec_218,,,ChemSpec_EC_PM2.5,,0.06,0.0565181518151815,,,ChemSpec,ug/m3,ug/m3,,USPA-0189,2023-01-03,0.06,0.056518151815,5065,USPA,34.199433,-118.17317,366.0,USPA-0189,2023,1,3,9.0,2023,1,4,9.0,24.0,28203,EC PM2.5,0.06,Micrograms per cubic meter (ug/m3),,0.0565181518151815,,218,AirPhoton SS5i Sampler with BGI cyclone inlet and 25mm stretched Teflon filter,FTIR,Ambient local,,/Users/ahmadjalil/github/aethmodular/research/filter_combine/FilterBased_ChemSpecPM25_USPA.csv,8d1e40d2a272970c02d9d5acef313f6579d1e36161fcf30316a4ae5653600418,"# File Updated: 2025-07-29
# Data version 3.0
# Site: Pasadena, United States",USPA-0189,ChemSpec_218,True,True,both competing concentration values already present in earlier CSV; upstream role unresolved,False,c91542c705254dd7e7e7271bc36789388d225dc3,a6fda4ea34e7c6d5f3c058ccd56e23d36c2afe07fee3dd8ee9072a80eeae197f
37120,USPA,34.199433,-118.17317,,USPA-0190,2023-01-06,PM2.5,,,,ChemSpec_218,,,ChemSpec_EC_PM2.5,,0.12,0.0565181518151815,,,ChemSpec,ug/m3,ug/m3,,USPA-0190,2023-01-06,0.12,0.056518151815,5105,USPA,34.199433,-118.17317,366.0,USPA-0190,2023,1,6,9.0,2023,1,7,9.0,24.0,28203,EC PM2.5,0.12,Micrograms per cubic meter (ug/m3),,0.0565181518151815,,218,AirPhoton SS5i Sampler with BGI cyclone inlet and 25mm stretched Teflon filter,FTIR,Ambient local,,/Users/ahmadjalil/github/aethmodular/research/filter_combine/FilterBased_ChemSpecPM25_USPA.csv,8d1e40d2a272970c02d9d5acef313f6579d1e36161fcf30316a4ae5653600418,"# File Updated: 2025-07-29
# Data version 3.0
# Site: Pasadena, United States",USPA-0190,ChemSpec_218,True,True,both competing concentration values already present in earlier CSV; upstream role unresolved,False,c91542c705254dd7e7e7271bc36789388d225dc3,a6fda4ea34e7c6d5f3c058ccd56e23d36c2afe07fee3dd8ee9072a80eeae197f
37121,USPA,34.199433,-118.17317,,USPA-0190,2023-01-06,PM2.5,,,,ChemSpec_218,,,ChemSpec_EC_PM2.5,,0.06,0.0565181518151815,,,ChemSpec,ug/m3,ug/m3,,USPA-0190,2023-01-06,0.06,0.056518151815,5106,USPA,34.199433,-118.17317,366.0,USPA-0190,2023,1,6,9.0,2023,1,7,9.0,24.0,28203,EC PM2.5,0.06,Micrograms per cubic meter (ug/m3),,0.0565181518151815,,218,AirPhoton SS5i Sampler with BGI cyclone inlet and 25mm stretched Teflon filter,FTIR,Ambient local,,/Users/ahmadjalil/github/aethmodular/research/filter_combine/FilterBased_ChemSpecPM25_USPA.csv,8d1e40d2a272970c02d9d5acef313f6579d1e36161fcf30316a4ae5653600418,"# File Updated: 2025-07-29
# Data version 3.0
# Site: Pasadena, United States",USPA-0190,ChemSpec_218,True,True,both competing concentration values already present in earlier CSV; upstream role unresolved,False,c91542c705254dd7e7e7271bc36789388d225dc3,a6fda4ea34e7c6d5f3c058ccd56e23d36c2afe07fee3dd8ee9072a80eeae197f
37175,USPA,34.199433,-118.17317,,USPA-0192,2023-01-09,PM2.5,,,,ChemSpec_218,,,ChemSpec_EC_PM2.5,,-0.04,0.0577777777777777,,,ChemSpec,ug/m3,ug/m3,,USPA-0192,2023-01-09,-0.04,0.057777777778,5145,USPA,34.199433,-118.17317,366.0,USPA-0192,2023,1,9,9.0,2023,1,10,9.0,24.0,28203,EC PM2.5,-0.04,Micrograms per cubic meter (ug/m3),,0.0577777777777777,,218,AirPhoton SS5i Sampler with BGI cyclone inlet and 25mm stretched Teflon filter,FTIR,Ambient local,,/Users/ahmadjalil/github/aethmodular/research/filter_combine/FilterBased_ChemSpecPM25_USPA.csv,8d1e40d2a272970c02d9d5acef313f6579d1e36161fcf30316a4ae5653600418,"# File Updated: 2025-07-29
# Data version 3.0
# Site: Pasadena, United States",USPA-0192,ChemSpec_218,True,True,both competing concentration values already present in earlier CSV; upstream role unresolved,False,c91542c705254dd7e7e7271bc36789388d225dc3,a6fda4ea34e7c6d5f3c058ccd56e23d36c2afe07fee3dd8ee9072a80eeae197f
37176,USPA,34.199433,-118.17317,,USPA-0192,2023-01-09,PM2.5,,,,ChemSpec_218,,,ChemSpec_EC_PM2.5,,0.06,0.0577777777777777,,,ChemSpec,ug/m3,ug/m3,,USPA-0192,2023-01-09,0.06,0.057777777778,5146,USPA,34.199433,-118.17317,366.0,USPA-0192,2023,1,9,9.0,2023,1,10,9.0,24.0,28203,EC PM2.5,0.06,Micrograms per cubic meter (ug/m3),,0.0577777777777777,,218,AirPhoton SS5i Sampler with BGI cyclone inlet and 25mm stretched Teflon filter,FTIR,Ambient local,,/Users/ahmadjalil/github/aethmodular/research/filter_combine/FilterBased_ChemSpecPM25_USPA.csv,8d1e40d2a272970c02d9d5acef313f6579d1e36161fcf30316a4ae5653600418,"# File Updated: 2025-07-29
# Data version 3.0
# Site: Pasadena, United States",USPA-0192,ChemSpec_218,True,True,both competing concentration values already present in earlier CSV; upstream role unresolved,False,c91542c705254dd7e7e7271bc36789388d225dc3,a6fda4ea34e7c6d5f3c058ccd56e23d36c2afe07fee3dd8ee9072a80eeae197f
37991,USPA,34.199433,-118.17317,,USPA-0209,2023-02-23,PM2.5,,,,ChemSpec_218,,,ChemSpec_EC_PM2.5,,0.28,0.0655940594059405,,,ChemSpec,ug/m3,ug/m3,,USPA-0209,2023-02-23,0.28,0.065594059406,5687,USPA,34.199433,-118.17317,366.0,USPA-0209,2023,2,23,9.0,2023,2,24,9.0,24.0,28203,EC PM2.5,0.28,Micrograms per cubic meter (ug/m3),,0.0655940594059405,,218,AirPhoton SS5i Sampler with BGI cyclone inlet and 25mm stretched Teflon filter,FTIR,Ambient local,,/Users/ahmadjalil/github/aethmodular/research/filter_combine/FilterBased_ChemSpecPM25_USPA.csv,8d1e40d2a272970c02d9d5acef313f6579d1e36161fcf30316a4ae5653600418,"# File Updated: 2025-07-29
# Data version 3.0
# Site: Pasadena, United States",USPA-0209,ChemSpec_218,True,True,both competing concentration values already present in earlier CSV; upstream role unresolved,False,c91542c705254dd7e7e7271bc36789388d225dc3,a6fda4ea34e7c6d5f3c058ccd56e23d36c2afe07fee3dd8ee9072a80eeae197f
37992,USPA,34.199433,-118.17317,,USPA-0209,2023-02-23,PM2.5,,,,ChemSpec_218,,,ChemSpec_EC_PM2.5,,0.07,0.0655940594059405,,,ChemSpec,ug/m3,ug/m3,,USPA-0209,2023-02-23,0.07,0.065594059406,5688,USPA,34.199433,-118.17317,366.0,USPA-0209,2023,2,23,9.0,2023,2,24,9.0,24.0,28203,EC PM2.5,0.07,Micrograms per cubic meter (ug/m3),,0.0655940594059405,,218,AirPhoton SS5i Sampler with BGI cyclone inlet and 25mm stretched Teflon filter,FTIR,Ambient local,,/Users/ahmadjalil/github/aethmodular/research/filter_combine/FilterBased_ChemSpecPM25_USPA.csv,8d1e40d2a272970c02d9d5acef313f6579d1e36161fcf30316a4ae5653600418,"# File Updated: 2025-07-29
# Data version 3.0
# Site: Pasadena, United States",USPA-0209,ChemSpec_218,True,True,both competing concentration values already present in earlier CSV; upstream role unresolved,False,c91542c705254dd7e7e7271bc36789388d225dc3,a6fda4ea34e7c6d5f3c058ccd56e23d36c2afe07fee3dd8ee9072a80eeae197f
38049,USPA,34.199433,-118.17317,,USPA-0210,2023-02-26,PM2.5,,,,ChemSpec_218,,,ChemSpec_EC_PM2.5,,0.48,0.0669444444444444,,,ChemSpec,ug/m3,ug/m3,,USPA-0210,2023-02-26,0.48,0.066944444444,5728,USPA,34.199433,-118.17317,366.0,USPA-0210,2023,2,26,9.0,2023,2,27,9.0,24.0,28203,EC PM2.5,0.48,Micrograms per cubic meter (ug/m3),,0.0669444444444444,,218,AirPhoton SS5i Sampler with BGI cyclone inlet and 25mm stretched Teflon filter,FTIR,Ambient local,,/Users/ahmadjalil/github/aethmodular/research/filter_combine/FilterBased_ChemSpecPM25_USPA.csv,8d1e40d2a272970c02d9d5acef313f6579d1e36161fcf30316a4ae5653600418,"# File Updated: 2025-07-29
# Data version 3.0
# Site: Pasadena, United States",USPA-0210,ChemSpec_218,True,True,both competing concentration values already present in earlier CSV; upstream role unresolved,False,c91542c705254dd7e7e7271bc36789388d225dc3,a6fda4ea34e7c6d5f3c058ccd56e23d36c2afe07fee3dd8ee9072a80eeae197f
38050,USPA,34.199433,-118.17317,,USPA-0210,2023-02-26,PM2.5,,,,ChemSpec_218,,,ChemSpec_EC_PM2.5,,0.07,0.0669444444444444,,,ChemSpec,ug/m3,ug/m3,,USPA-0210,2023-02-26,0.07,0.066944444444,5729,USPA,34.199433,-118.17317,366.0,USPA-0210,2023,2,26,9.0,2023,2,27,9.0,24.0,28203,EC PM2.5,0.07,Micrograms per cubic meter (ug/m3),,0.0669444444444444,,218,AirPhoton SS5i Sampler with BGI cyclone inlet and 25mm stretched Teflon filter,FTIR,Ambient local,,/Users/ahmadjalil/github/aethmodular/research/filter_combine/FilterBased_ChemSpecPM25_USPA.csv,8d1e40d2a272970c02d9d5acef313f6579d1e36161fcf30316a4ae5653600418,"# File Updated: 2025-07-29
# Data version 3.0
# Site: Pasadena, United States",USPA-0210,ChemSpec_218,True,True,both competing concentration values already present in earlier CSV; upstream role unresolved,False,c91542c705254dd7e7e7271bc36789388d225dc3,a6fda4ea34e7c6d5f3c058ccd56e23d36c2afe07fee3dd8ee9072a80eeae197f
38124,USPA,34.199433,-118.17317,,USPA-0212,2023-03-04,PM2.5,,,,ChemSpec_218,,,ChemSpec_EC_PM2.5,,0.53,0.0669444444444444,,,ChemSpec,ug/m3,ug/m3,,USPA-0212,2023-03-04,0.53,0.066944444444,5769,USPA,34.199433,-118.17317,366.0,USPA-0212,2023,3,4,9.0,2023,3,5,9.0,24.0,28203,EC PM2.5,0.53,Micrograms per cubic meter (ug/m3),,0.0669444444444444,,218,AirPhoton SS5i Sampler with BGI cyclone inlet and 25mm stretched Teflon filter,FTIR,Ambient local,,/Users/ahmadjalil/github/aethmodular/research/filter_combine/FilterBased_ChemSpecPM25_USPA.csv,8d1e40d2a272970c02d9d5acef313f6579d1e36161fcf30316a4ae5653600418,"# File Updated: 2025-07-29
# Data version 3.0
# Site: Pasadena, United States",USPA-0212,ChemSpec_218,True,True,both competing concentration values already present in earlier CSV; upstream role unresolved,False,c91542c705254dd7e7e7271bc36789388d225dc3,a6fda4ea34e7c6d5f3c058ccd56e23d36c2afe07fee3dd8ee9072a80eeae197f
38125,USPA,34.199433,-118.17317,,USPA-0212,2023-03-04,PM2.5,,,,ChemSpec_218,,,ChemSpec_EC_PM2.5,,0.07,0.0669444444444444,,,ChemSpec,ug/m3,ug/m3,,USPA-0212,2023-03-04,0.07,0.066944444444,5770,USPA,34.199433,-118.17317,366.0,USPA-0212,2023,3,4,9.0,2023,3,5,9.0,24.0,28203,EC PM2.5,0.07,Micrograms per cubic meter (ug/m3),,0.0669444444444444,,218,AirPhoton SS5i Sampler with BGI cyclone inlet and 25mm stretched Teflon filter,FTIR,Ambient local,,/Users/ahmadjalil/github/aethmodular/research/filter_combine/FilterBased_ChemSpecPM25_USPA.csv,8d1e40d2a272970c02d9d5acef313f6579d1e36161fcf30316a4ae5653600418,"# File Updated: 2025-07-29
# Data version 3.0
# Site: Pasadena, United States",USPA-0212,ChemSpec_218,True,True,both competing concentration values already present in earlier CSV; upstream role unresolved,False,c91542c705254dd7e7e7271bc36789388d225dc3,a6fda4ea34e7c6d5f3c058ccd56e23d36c2afe07fee3dd8ee9072a80eeae197f
38182,USPA,34.199433,-118.17317,,USPA-0213,2023-03-07,PM2.5,,,,ChemSpec_218,,,ChemSpec_EC_PM2.5,,0.42,0.0669444444444444,,,ChemSpec,ug/m3,ug/m3,,USPA-0213,2023-03-07,0.42,0.066944444444,5810,USPA,34.199433,-118.17317,366.0,USPA-0213,2023,3,7,9.0,2023,3,8,9.0,24.0,28203,EC PM2.5,0.42,Micrograms per cubic meter (ug/m3),,0.0669444444444444,,218,AirPhoton SS5i Sampler with BGI cyclone inlet and 25mm stretched Teflon filter,FTIR,Ambient local,,/Users/ahmadjalil/github/aethmodular/research/filter_combine/FilterBased_ChemSpecPM25_USPA.csv,8d1e40d2a272970c02d9d5acef313f6579d1e36161fcf30316a4ae5653600418,"# File Updated: 2025-07-29
# Data version 3.0
# Site: Pasadena, United States",USPA-0213,ChemSpec_218,True,True,both competing concentration values already present in earlier CSV; upstream role unresolved,False,c91542c705254dd7e7e7271bc36789388d225dc3,a6fda4ea34e7c6d5f3c058ccd56e23d36c2afe07fee3dd8ee9072a80eeae197f
38183,USPA,34.199433,-118.17317,,USPA-0213,2023-03-07,PM2.5,,,,ChemSpec_218,,,ChemSpec_EC_PM2.5,,0.07,0.0669444444444444,,,ChemSpec,ug/m3,ug/m3,,USPA-0213,2023-03-07,0.07,0.066944444444,5811,USPA,34.199433,-118.17317,366.0,USPA-0213,2023,3,7,9.0,2023,3,8,9.0,24.0,28203,EC PM2.5,0.07,Micrograms per cubic meter (ug/m3),,0.0669444444444444,,218,AirPhoton SS5i Sampler with BGI cyclone inlet and 25mm stretched Teflon filter,FTIR,Ambient local,,/Users/ahmadjalil/github/aethmodular/research/filter_combine/FilterBased_ChemSpecPM25_USPA.csv,8d1e40d2a272970c02d9d5acef313f6579d1e36161fcf30316a4ae5653600418,"# File Updated: 2025-07-29
# Data version 3.0
# Site: Pasadena, United States",USPA-0213,ChemSpec_218,True,True,both competing concentration values already present in earlier CSV; upstream role unresolved,False,c91542c705254dd7e7e7271bc36789388d225dc3,a6fda4ea34e7c6d5f3c058ccd56e23d36c2afe07fee3dd8ee9072a80eeae197f
38271,USPA,34.199433,-118.17317,,USPA-0216,2023-03-13,PM2.5,,,,ChemSpec_218,,,ChemSpec_EC_PM2.5,,0.48,0.0655940594059405,,,ChemSpec,ug/m3,ug/m3,,USPA-0216,2023-03-13,0.48,0.065594059406,5850,USPA,34.199433,-118.17317,366.0,USPA-0216,2023,3,13,9.0,2023,3,14,9.0,24.0,28203,EC PM2.5,0.48,Micrograms per cubic meter (ug/m3),,0.0655940594059405,,218,AirPhoton SS5i Sampler with BGI cyclone inlet and 25mm stretched Teflon filter,FTIR,Ambient local,,/Users/ahmadjalil/github/aethmodular/research/filter_combine/FilterBased_ChemSpecPM25_USPA.csv,8d1e40d2a272970c02d9d5acef313f6579d1e36161fcf30316a4ae5653600418,"# File Updated: 2025-07-29
# Data version 3.0
# Site: Pasadena, United States",USPA-0216,ChemSpec_218,True,True,both competing concentration values already present in earlier CSV; upstream role unresolved,False,c91542c705254dd7e7e7271bc36789388d225dc3,a6fda4ea34e7c6d5f3c058ccd56e23d36c2afe07fee3dd8ee9072a80eeae197f
38272,USPA,34.199433,-118.17317,,USPA-0216,2023-03-13,PM2.5,,,,ChemSpec_218,,,ChemSpec_EC_PM2.5,,0.07,0.0655940594059405,,,ChemSpec,ug/m3,ug/m3,,USPA-0216,2023-03-13,0.07,0.065594059406,5851,USPA,34.199433,-118.17317,366.0,USPA-0216,2023,3,13,9.0,2023,3,14,9.0,24.0,28203,EC PM2.5,0.07,Micrograms per cubic meter (ug/m3),,0.0655940594059405,,218,AirPhoton SS5i Sampler with BGI cyclone inlet and 25mm stretched Teflon filter,FTIR,Ambient local,,/Users/ahmadjalil/github/aethmodular/research/filter_combine/FilterBased_ChemSpecPM25_USPA.csv,8d1e40d2a272970c02d9d5acef313f6579d1e36161fcf30316a4ae5653600418,"# File Updated: 2025-07-29
# Data version 3.0
# Site: Pasadena, United States",USPA-0216,ChemSpec_218,True,True,both competing concentration values already present in earlier CSV; upstream role unresolved,False,c91542c705254dd7e7e7271bc36789388d225dc3,a6fda4ea34e7c6d5f3c058ccd56e23d36c2afe07fee3dd8ee9072a80eeae197f
38326,USPA,34.199433,-118.17317,,USPA-0217,2023-03-16,PM2.5,,,,ChemSpec_218,,,ChemSpec_EC_PM2.5,,0.54,0.0669444444444444,,,ChemSpec,ug/m3,ug/m3,,USPA-0217,2023-03-16,0.54,0.066944444444,5883,USPA,34.199433,-118.17317,366.0,USPA-0217,2023,3,16,9.0,2023,3,17,9.0,24.0,28203,EC PM2.5,0.54,Micrograms per cubic meter (ug/m3),,0.0669444444444444,,218,AirPhoton SS5i Sampler with BGI cyclone inlet and 25mm stretched Teflon filter,FTIR,Ambient local,,/Users/ahmadjalil/github/aethmodular/research/filter_combine/FilterBased_ChemSpecPM25_USPA.csv,8d1e40d2a272970c02d9d5acef313f6579d1e36161fcf30316a4ae5653600418,"# File Updated: 2025-07-29
# Data version 3.0
# Site: Pasadena, United States",USPA-0217,ChemSpec_218,True,True,both competing concentration values already present in earlier CSV; upstream role unresolved,False,c91542c705254dd7e7e7271bc36789388d225dc3,a6fda4ea34e7c6d5f3c058ccd56e23d36c2afe07fee3dd8ee9072a80eeae197f
38327,USPA,34.199433,-118.17317,,USPA-0217,2023-03-16,PM2.5,,,,ChemSpec_218,,,ChemSpec_EC_PM2.5,,0.07,0.0669444444444444,,,ChemSpec,ug/m3,ug/m3,,USPA-0217,2023-03-16,0.07,0.066944444444,5884,USPA,34.199433,-118.17317,366.0,USPA-0217,2023,3,16,9.0,2023,3,17,9.0,24.0,28203,EC PM2.5,0.07,Micrograms per cubic meter (ug/m3),,0.0669444444444444,,218,AirPhoton SS5i Sampler with BGI cyclone inlet and 25mm stretched Teflon filter,FTIR,Ambient local,,/Users/ahmadjalil/github/aethmodular/research/filter_combine/FilterBased_ChemSpecPM25_USPA.csv,8d1e40d2a272970c02d9d5acef313f6579d1e36161fcf30316a4ae5653600418,"# File Updated: 2025-07-29
# Data version 3.0
# Site: Pasadena, United States",USPA-0217,ChemSpec_218,True,True,both competing concentration values already present in earlier CSV; upstream role unresolved,False,c91542c705254dd7e7e7271bc36789388d225dc3,a6fda4ea34e7c6d5f3c058ccd56e23d36c2afe07fee3dd8ee9072a80eeae197f
38376,USPA,34.199433,-118.17317,,USPA-0218,2023-03-19,PM2.5,,,,ChemSpec_218,,,ChemSpec_EC_PM2.5,,0.43,0.0669444444444444,,,ChemSpec,ug/m3,ug/m3,,USPA-0218,2023-03-19,0.43,0.066944444444,5916,USPA,34.199433,-118.17317,366.0,USPA-0218,2023,3,19,9.0,2023,3,20,9.0,24.0,28203,EC PM2.5,0.43,Micrograms per cubic meter (ug/m3),,0.0669444444444444,,218,AirPhoton SS5i Sampler with BGI cyclone inlet and 25mm stretched Teflon filter,FTIR,Ambient local,,/Users/ahmadjalil/github/aethmodular/research/filter_combine/FilterBased_ChemSpecPM25_USPA.csv,8d1e40d2a272970c02d9d5acef313f6579d1e36161fcf30316a4ae5653600418,"# File Updated: 2025-07-29
# Data version 3.0
# Site: Pasadena, United States",USPA-0218,ChemSpec_218,True,True,both competing concentration values already present in earlier CSV; upstream role unresolved,False,c91542c705254dd7e7e7271bc36789388d225dc3,a6fda4ea34e7c6d5f3c058ccd56e23d36c2afe07fee3dd8ee9072a80eeae197f
38377,USPA,34.199433,-118.17317,,USPA-0218,2023-03-19,PM2.5,,,,ChemSpec_218,,,ChemSpec_EC_PM2.5,,0.07,0.0669444444444444,,,ChemSpec,ug/m3,ug/m3,,USPA-0218,2023-03-19,0.07,0.066944444444,5917,USPA,34.199433,-118.17317,366.0,USPA-0218,2023,3,19,9.0,2023,3,20,9.0,24.0,28203,EC PM2.5,0.07,Micrograms per cubic meter (ug/m3),,0.0669444444444444,,218,AirPhoton SS5i Sampler with BGI cyclone inlet and 25mm stretched Teflon filter,FTIR,Ambient local,,/Users/ahmadjalil/github/aethmodular/research/filter_combine/FilterBased_ChemSpecPM25_USPA.csv,8d1e40d2a272970c02d9d5acef313f6579d1e36161fcf30316a4ae5653600418,"# File Updated: 2025-07-29
# Data version 3.0
# Site: Pasadena, United States",USPA-0218,ChemSpec_218,True,True,both competing concentration values already present in earlier CSV; upstream role unresolved,False,c91542c705254dd7e7e7271bc36789388d225dc3,a6fda4ea34e7c6d5f3c058ccd56e23d36c2afe07fee3dd8ee9072a80eeae197f
38426,USPA,34.199433,-118.17317,,USPA-0219,2023-03-22,PM2.5,,,,ChemSpec_218,,,ChemSpec_EC_PM2.5,,0.3,0.0669444444444444,,,ChemSpec,ug/m3,ug/m3,,USPA-0219,2023-03-22,0.3,0.066944444444,5949,USPA,34.199433,-118.17317,366.0,USPA-0219,2023,3,22,9.0,2023,3,23,9.0,24.0,28203,EC PM2.5,0.3,Micrograms per cubic meter (ug/m3),,0.0669444444444444,,218,AirPhoton SS5i Sampler with BGI cyclone inlet and 25mm stretched Teflon filter,FTIR,Ambient local,,/Users/ahmadjalil/github/aethmodular/research/filter_combine/FilterBased_ChemSpecPM25_USPA.csv,8d1e40d2a272970c02d9d5acef313f6579d1e36161fcf30316a4ae5653600418,"# File Updated: 2025-07-29
# Data version 3.0
# Site: Pasadena, United States",USPA-0219,ChemSpec_218,True,True,both competing concentration values already present in earlier CSV; upstream role unresolved,False,c91542c705254dd7e7e7271bc36789388d225dc3,a6fda4ea34e7c6d5f3c058ccd56e23d36c2afe07fee3dd8ee9072a80eeae197f
38427,USPA,34.199433,-118.17317,,USPA-0219,2023-03-22,PM2.5,,,,ChemSpec_218,,,ChemSpec_EC_PM2.5,,0.07,0.0669444444444444,,,ChemSpec,ug/m3,ug/m3,,USPA-0219,2023-03-22,0.07,0.066944444444,5950,USPA,34.199433,-118.17317,366.0,USPA-0219,2023,3,22,9.0,2023,3,23,9.0,24.0,28203,EC PM2.5,0.07,Micrograms per cubic meter (ug/m3),,0.0669444444444444,,218,AirPhoton SS5i Sampler with BGI cyclone inlet and 25mm stretched Teflon filter,FTIR,Ambient local,,/Users/ahmadjalil/github/aethmodular/research/filter_combine/FilterBased_ChemSpecPM25_USPA.csv,8d1e40d2a272970c02d9d5acef313f6579d1e36161fcf30316a4ae5653600418,"# File Updated: 2025-07-29
# Data version 3.0
# Site: Pasadena, United States",USPA-0219,ChemSpec_218,True,True,both competing concentration values already present in earlier CSV; upstream role unresolved,False,c91542c705254dd7e7e7271bc36789388d225dc3,a6fda4ea34e7c6d5f3c058ccd56e23d36c2afe07fee3dd8ee9072a80eeae197f
38476,USPA,34.199433,-118.17317,,USPA-0220,2023-03-25,PM2.5,,,,ChemSpec_218,,,ChemSpec_EC_PM2.5,,0.28,0.0669444444444444,,,ChemSpec,ug/m3,ug/m3,,USPA-0220,2023-03-25,0.28,0.066944444444,5982,USPA,34.199433,-118.17317,366.0,USPA-0220,2023,3,25,9.0,2023,3,26,9.0,24.0,28203,EC PM2.5,0.28,Micrograms per cubic meter (ug/m3),,0.0669444444444444,,218,AirPhoton SS5i Sampler with BGI cyclone inlet and 25mm stretched Teflon filter,FTIR,Ambient local,,/Users/ahmadjalil/github/aethmodular/research/filter_combine/FilterBased_ChemSpecPM25_USPA.csv,8d1e40d2a272970c02d9d5acef313f6579d1e36161fcf30316a4ae5653600418,"# File Updated: 2025-07-29
# Data version 3.0
# Site: Pasadena, United States",USPA-0220,ChemSpec_218,True,True,both competing concentration values already present in earlier CSV; upstream role unresolved,False,c91542c705254dd7e7e7271bc36789388d225dc3,a6fda4ea34e7c6d5f3c058ccd56e23d36c2afe07fee3dd8ee9072a80eeae197f
38477,USPA,34.199433,-118.17317,,USPA-0220,2023-03-25,PM2.5,,,,ChemSpec_218,,,ChemSpec_EC_PM2.5,,0.07,0.0669444444444444,,,ChemSpec,ug/m3,ug/m3,,USPA-0220,2023-03-25,0.07,0.066944444444,5983,USPA,34.199433,-118.17317,366.0,USPA-0220,2023,3,25,9.0,2023,3,26,9.0,24.0,28203,EC PM2.5,0.07,Micrograms per cubic meter (ug/m3),,0.0669444444444444,,218,AirPhoton SS5i Sampler with BGI cyclone inlet and 25mm stretched Teflon filter,FTIR,Ambient local,,/Users/ahmadjalil/github/aethmodular/research/filter_combine/FilterBased_ChemSpecPM25_USPA.csv,8d1e40d2a272970c02d9d5acef313f6579d1e36161fcf30316a4ae5653600418,"# File Updated: 2025-07-29
# Data version 3.0
# Site: Pasadena, United States",USPA-0220,ChemSpec_218,True,True,both competing concentration values already present in earlier CSV; upstream role unresolved,False,c91542c705254dd7e7e7271bc36789388d225dc3,a6fda4ea34e7c6d5f3c058ccd56e23d36c2afe07fee3dd8ee9072a80eeae197f
38526,USPA,34.199433,-118.17317,,USPA-0221,2023-03-28,PM2.5,,,,ChemSpec_218,,,ChemSpec_EC_PM2.5,,0.37,0.0669444444444444,,,ChemSpec,ug/m3,ug/m3,,USPA-0221,2023-03-28,0.37,0.066944444444,6015,USPA,34.199433,-118.17317,366.0,USPA-0221,2023,3,28,9.0,2023,3,29,9.0,24.0,28203,EC PM2.5,0.37,Micrograms per cubic meter (ug/m3),,0.0669444444444444,,218,AirPhoton SS5i Sampler with BGI cyclone inlet and 25mm stretched Teflon filter,FTIR,Ambient local,,/Users/ahmadjalil/github/aethmodular/research/filter_combine/FilterBased_ChemSpecPM25_USPA.csv,8d1e40d2a272970c02d9d5acef313f6579d1e36161fcf30316a4ae5653600418,"# File Updated: 2025-07-29
# Data version 3.0
# Site: Pasadena, United States",USPA-0221,ChemSpec_218,True,True,both competing concentration values already present in earlier CSV; upstream role unresolved,False,c91542c705254dd7e7e7271bc36789388d225dc3,a6fda4ea34e7c6d5f3c058ccd56e23d36c2afe07fee3dd8ee9072a80eeae197f
38527,USPA,34.199433,-118.17317,,USPA-0221,2023-03-28,PM2.5,,,,ChemSpec_218,,,ChemSpec_EC_PM2.5,,0.07,0.0669444444444444,,,ChemSpec,ug/m3,ug/m3,,USPA-0221,2023-03-28,0.07,0.066944444444,6016,USPA,34.199433,-118.17317,366.0,USPA-0221,2023,3,28,9.0,2023,3,29,9.0,24.0,28203,EC PM2.5,0.07,Micrograms per cubic meter (ug/m3),,0.0669444444444444,,218,AirPhoton SS5i Sampler with BGI cyclone inlet and 25mm stretched Teflon filter,FTIR,Ambient local,,/Users/ahmadjalil/github/aethmodular/research/filter_combine/FilterBased_ChemSpecPM25_USPA.csv,8d1e40d2a272970c02d9d5acef313f6579d1e36161fcf30316a4ae5653600418,"# File Updated: 2025-07-29
# Data version 3.0
# Site: Pasadena, United States",USPA-0221,ChemSpec_218,True,True,both competing concentration values already present in earlier CSV; upstream role unresolved,False,c91542c705254dd7e7e7271bc36789388d225dc3,a6fda4ea34e7c6d5f3c058ccd56e23d36c2afe07fee3dd8ee9072a80eeae197f
38576,USPA,34.199433,-118.17317,,USPA-0222,2023-03-31,PM2.5,,,,ChemSpec_218,,,ChemSpec_EC_PM2.5,,0.36,0.0669444444444444,,,ChemSpec,ug/m3,ug/m3,,USPA-0222,2023-03-31,0.36,0.066944444444,6048,USPA,34.199433,-118.17317,366.0,USPA-0222,2023,3,31,9.0,2023,4,1,9.0,24.0,28203,EC PM2.5,0.36,Micrograms per cubic meter (ug/m3),,0.0669444444444444,,218,AirPhoton SS5i Sampler with BGI cyclone inlet and 25mm stretched Teflon filter,FTIR,Ambient local,,/Users/ahmadjalil/github/aethmodular/research/filter_combine/FilterBased_ChemSpecPM25_USPA.csv,8d1e40d2a272970c02d9d5acef313f6579d1e36161fcf30316a4ae5653600418,"# File Updated: 2025-07-29
# Data version 3.0
# Site: Pasadena, United States",USPA-0222,ChemSpec_218,True,True,both competing concentration values already present in earlier CSV; upstream role unresolved,False,c91542c705254dd7e7e7271bc36789388d225dc3,a6fda4ea34e7c6d5f3c058ccd56e23d36c2afe07fee3dd8ee9072a80eeae197f
38577,USPA,34.199433,-118.17317,,USPA-0222,2023-03-31,PM2.5,,,,ChemSpec_218,,,ChemSpec_EC_PM2.5,,0.07,0.0669444444444444,,,ChemSpec,ug/m3,ug/m3,,USPA-0222,2023-03-31,0.07,0.066944444444,6049,USPA,34.199433,-118.17317,366.0,USPA-0222,2023,3,31,9.0,2023,4,1,9.0,24.0,28203,EC PM2.5,0.07,Micrograms per cubic meter (ug/m3),,0.0669444444444444,,218,AirPhoton SS5i Sampler with BGI cyclone inlet and 25mm stretched Teflon filter,FTIR,Ambient local,,/Users/ahmadjalil/github/aethmodular/research/filter_combine/FilterBased_ChemSpecPM25_USPA.csv,8d1e40d2a272970c02d9d5acef313f6579d1e36161fcf30316a4ae5653600418,"# File Updated: 2025-07-29
# Data version 3.0
# Site: Pasadena, United States",USPA-0222,ChemSpec_218,True,True,both competing concentration values already present in earlier CSV; upstream role unresolved,False,c91542c705254dd7e7e7271bc36789388d225dc3,a6fda4ea34e7c6d5f3c058ccd56e23d36c2afe07fee3dd8ee9072a80eeae197f
38640,USPA,34.199433,-118.17317,,USPA-0224,2023-04-03,PM2.5,,,,ChemSpec_218,,,ChemSpec_EC_PM2.5,,0.14,0.0669444444444444,,,ChemSpec,ug/m3,ug/m3,,USPA-0224,2023-04-03,0.14,0.066944444444,6081,USPA,34.199433,-118.17317,366.0,USPA-0224,2023,4,3,9.0,2023,4,4,9.0,24.0,28203,EC PM2.5,0.14,Micrograms per cubic meter (ug/m3),,0.0669444444444444,,218,AirPhoton SS5i Sampler with BGI cyclone inlet and 25mm stretched Teflon filter,FTIR,Ambient local,,/Users/ahmadjalil/github/aethmodular/research/filter_combine/FilterBased_ChemSpecPM25_USPA.csv,8d1e40d2a272970c02d9d5acef313f6579d1e36161fcf30316a4ae5653600418,"# File Updated: 2025-07-29
# Data version 3.0
# Site: Pasadena, United States",USPA-0224,ChemSpec_218,True,True,both competing concentration values already present in earlier CSV; upstream role unresolved,False,c91542c705254dd7e7e7271bc36789388d225dc3,a6fda4ea34e7c6d5f3c058ccd56e23d36c2afe07fee3dd8ee9072a80eeae197f
38641,USPA,34.199433,-118.17317,,USPA-0224,2023-04-03,PM2.5,,,,ChemSpec_218,,,ChemSpec_EC_PM2.5,,0.07,0.0669444444444444,,,ChemSpec,ug/m3,ug/m3,,USPA-0224,2023-04-03,0.07,0.066944444444,6082,USPA,34.199433,-118.17317,366.0,USPA-0224,2023,4,3,9.0,2023,4,4,9.0,24.0,28203,EC PM2.5,0.07,Micrograms per cubic meter (ug/m3),,0.0669444444444444,,218,AirPhoton SS5i Sampler with BGI cyclone inlet and 25mm stretched Teflon filter,FTIR,Ambient local,,/Users/ahmadjalil/github/aethmodular/research/filter_combine/FilterBased_ChemSpecPM25_USPA.csv,8d1e40d2a272970c02d9d5acef313f6579d1e36161fcf30316a4ae5653600418,"# File Updated: 2025-07-29
# Data version 3.0
# Site: Pasadena, United States",USPA-0224,ChemSpec_218,True,True,both competing concentration values already present in earlier CSV; upstream role unresolved,False,c91542c705254dd7e7e7271bc36789388d225dc3,a6fda4ea34e7c6d5f3c058ccd56e23d36c2afe07fee3dd8ee9072a80eeae197f
38690,USPA,34.199433,-118.17317,,USPA-0225,2023-04-07,PM2.5,,,,ChemSpec_218,,,ChemSpec_EC_PM2.5,,0.6,0.0577777777777777,,,ChemSpec,ug/m3,ug/m3,,USPA-0225,2023-04-07,0.6,0.057777777778,6114,USPA,34.199433,-118.17317,366.0,USPA-0225,2023,4,7,9.0,2023,4,8,9.0,24.0,28203,EC PM2.5,0.6,Micrograms per cubic meter (ug/m3),,0.0577777777777777,,218,AirPhoton SS5i Sampler with BGI cyclone inlet and 25mm stretched Teflon filter,FTIR,Ambient local,,/Users/ahmadjalil/github/aethmodular/research/filter_combine/FilterBased_ChemSpecPM25_USPA.csv,8d1e40d2a272970c02d9d5acef313f6579d1e36161fcf30316a4ae5653600418,"# File Updated: 2025-07-29
# Data version 3.0
# Site: Pasadena, United States",USPA-0225,ChemSpec_218,True,True,both competing concentration values already present in earlier CSV; upstream role unresolved,False,c91542c705254dd7e7e7271bc36789388d225dc3,a6fda4ea34e7c6d5f3c058ccd56e23d36c2afe07fee3dd8ee9072a80eeae197f
38691,USPA,34.199433,-118.17317,,USPA-0225,2023-04-07,PM2.5,,,,ChemSpec_218,,,ChemSpec_EC_PM2.5,,0.06,0.0577777777777777,,,ChemSpec,ug/m3,ug/m3,,USPA-0225,2023-04-07,0.06,0.057777777778,6115,USPA,34.199433,-118.17317,366.0,USPA-0225,2023,4,7,9.0,2023,4,8,9.0,24.0,28203,EC PM2.5,0.06,Micrograms per cubic meter (ug/m3),,0.0577777777777777,,218,AirPhoton SS5i Sampler with BGI cyclone inlet and 25mm stretched Teflon filter,FTIR,Ambient local,,/Users/ahmadjalil/github/aethmodular/research/filter_combine/FilterBased_ChemSpecPM25_USPA.csv,8d1e40d2a272970c02d9d5acef313f6579d1e36161fcf30316a4ae5653600418,"# File Updated: 2025-07-29
# Data version 3.0
# Site: Pasadena, United States",USPA-0225,ChemSpec_218,True,True,both competing concentration values already present in earlier CSV; upstream role unresolved,False,c91542c705254dd7e7e7271bc36789388d225dc3,a6fda4ea34e7c6d5f3c058ccd56e23d36c2afe07fee3dd8ee9072a80eeae197f
38740,USPA,34.199433,-118.17317,,USPA-0226,2023-04-10,PM2.5,,,,ChemSpec_218,,,ChemSpec_EC_PM2.5,,0.94,0.0577777777777777,,,ChemSpec,ug/m3,ug/m3,,USPA-0226,2023-04-10,0.94,0.057777777778,6147,USPA,34.199433,-118.17317,366.0,USPA-0226,2023,4,10,9.0,2023,4,11,9.0,24.0,28203,EC PM2.5,0.94,Micrograms per cubic meter (ug/m3),,0.0577777777777777,,218,AirPhoton SS5i Sampler with BGI cyclone inlet and 25mm stretched Teflon filter,FTIR,Ambient local,,/Users/ahmadjalil/github/aethmodular/research/filter_combine/FilterBased_ChemSpecPM25_USPA.csv,8d1e40d2a272970c02d9d5acef313f6579d1e36161fcf30316a4ae5653600418,"# File Updated: 2025-07-29
# Data version 3.0
# Site: Pasadena, United States",USPA-0226,ChemSpec_218,True,True,both competing concentration values already present in earlier CSV; upstream role unresolved,False,c91542c705254dd7e7e7271bc36789388d225dc3,a6fda4ea34e7c6d5f3c058ccd56e23d36c2afe07fee3dd8ee9072a80eeae197f
38741,USPA,34.199433,-118.17317,,USPA-0226,2023-04-10,PM2.5,,,,ChemSpec_218,,,ChemSpec_EC_PM2.5,,0.06,0.0577777777777777,,,ChemSpec,ug/m3,ug/m3,,USPA-0226,2023-04-10,0.06,0.057777777778,6148,USPA,34.199433,-118.17317,366.0,USPA-0226,2023,4,10,9.0,2023,4,11,9.0,24.0,28203,EC PM2.5,0.06,Micrograms per cubic meter (ug/m3),,0.0577777777777777,,218,AirPhoton SS5i Sampler with BGI cyclone inlet and 25mm stretched Teflon filter,FTIR,Ambient local,,/Users/ahmadjalil/github/aethmodular/research/filter_combine/FilterBased_ChemSpecPM25_USPA.csv,8d1e40d2a272970c02d9d5acef313f6579d1e36161fcf30316a4ae5653600418,"# File Updated: 2025-07-29
# Data version 3.0
# Site: Pasadena, United States",USPA-0226,ChemSpec_218,True,True,both competing concentration values already present in earlier CSV; upstream role unresolved,False,c91542c705254dd7e7e7271bc36789388d225dc3,a6fda4ea34e7c6d5f3c058ccd56e23d36c2afe07fee3dd8ee9072a80eeae197f
38790,USPA,34.199433,-118.17317,,USPA-0227,2023-04-13,PM2.5,,,,ChemSpec_218,,,ChemSpec_EC_PM2.5,,0.35,0.0577777777777777,,,ChemSpec,ug/m3,ug/m3,,USPA-0227,2023-04-13,0.35,0.057777777778,6180,USPA,34.199433,-118.17317,366.0,USPA-0227,2023,4,13,9.0,2023,4,14,9.0,24.0,28203,EC PM2.5,0.35,Micrograms per cubic meter (ug/m3),,0.0577777777777777,,218,AirPhoton SS5i Sampler with BGI cyclone inlet and 25mm stretched Teflon filter,FTIR,Ambient local,,/Users/ahmadjalil/github/aethmodular/research/filter_combine/FilterBased_ChemSpecPM25_USPA.csv,8d1e40d2a272970c02d9d5acef313f6579d1e36161fcf30316a4ae5653600418,"# File Updated: 2025-07-29
# Data version 3.0
# Site: Pasadena, United States",USPA-0227,ChemSpec_218,True,True,both competing concentration values already present in earlier CSV; upstream role unresolved,False,c91542c705254dd7e7e7271bc36789388d225dc3,a6fda4ea34e7c6d5f3c058ccd56e23d36c2afe07fee3dd8ee9072a80eeae197f
38791,USPA,34.199433,-118.17317,,USPA-0227,2023-04-13,PM2.5,,,,ChemSpec_218,,,ChemSpec_EC_PM2.5,,0.06,0.0577777777777777,,,ChemSpec,ug/m3,ug/m3,,USPA-0227,2023-04-13,0.06,0.057777777778,6181,USPA,34.199433,-118.17317,366.0,USPA-0227,2023,4,13,9.0,2023,4,14,9.0,24.0,28203,EC PM2.5,0.06,Micrograms per cubic meter (ug/m3),,0.0577777777777777,,218,AirPhoton SS5i Sampler with BGI cyclone inlet and 25mm stretched Teflon filter,FTIR,Ambient local,,/Users/ahmadjalil/github/aethmodular/research/filter_combine/FilterBased_ChemSpecPM25_USPA.csv,8d1e40d2a272970c02d9d5acef313f6579d1e36161fcf30316a4ae5653600418,"# File Updated: 2025-07-29
# Data version 3.0
# Site: Pasadena, United States",USPA-0227,ChemSpec_218,True,True,both competing concentration values already present in earlier CSV; upstream role unresolved,False,c91542c705254dd7e7e7271bc36789388d225dc3,a6fda4ea34e7c6d5f3c058ccd56e23d36c2afe07fee3dd8ee9072a80eeae197f
38840,USPA,34.199433,-118.17317,,USPA-0228,2023-04-16,PM2.5,,,,ChemSpec_218,,,ChemSpec_EC_PM2.5,,0.66,0.0577777777777777,,,ChemSpec,ug/m3,ug/m3,,USPA-0228,2023-04-16,0.66,0.057777777778,6213,USPA,34.199433,-118.17317,366.0,USPA-0228,2023,4,16,9.0,2023,4,17,9.0,24.0,28203,EC PM2.5,0.66,Micrograms per cubic meter (ug/m3),,0.0577777777777777,,218,AirPhoton SS5i Sampler with BGI cyclone inlet and 25mm stretched Teflon filter,FTIR,Ambient local,,/Users/ahmadjalil/github/aethmodular/research/filter_combine/FilterBased_ChemSpecPM25_USPA.csv,8d1e40d2a272970c02d9d5acef313f6579d1e36161fcf30316a4ae5653600418,"# File Updated: 2025-07-29
# Data version 3.0
# Site: Pasadena, United States",USPA-0228,ChemSpec_218,True,True,both competing concentration values already present in earlier CSV; upstream role unresolved,False,c91542c705254dd7e7e7271bc36789388d225dc3,a6fda4ea34e7c6d5f3c058ccd56e23d36c2afe07fee3dd8ee9072a80eeae197f
38841,USPA,34.199433,-118.17317,,USPA-0228,2023-04-16,PM2.5,,,,ChemSpec_218,,,ChemSpec_EC_PM2.5,,0.06,0.0577777777777777,,,ChemSpec,ug/m3,ug/m3,,USPA-0228,2023-04-16,0.06,0.057777777778,6214,USPA,34.199433,-118.17317,366.0,USPA-0228,2023,4,16,9.0,2023,4,17,9.0,24.0,28203,EC PM2.5,0.06,Micrograms per cubic meter (ug/m3),,0.0577777777777777,,218,AirPhoton SS5i Sampler with BGI cyclone inlet and 25mm stretched Teflon filter,FTIR,Ambient local,,/Users/ahmadjalil/github/aethmodular/research/filter_combine/FilterBased_ChemSpecPM25_USPA.csv,8d1e40d2a272970c02d9d5acef313f6579d1e36161fcf30316a4ae5653600418,"# File Updated: 2025-07-29
# Data version 3.0
# Site: Pasadena, United States",USPA-0228,ChemSpec_218,True,True,both competing concentration values already present in earlier CSV; upstream role unresolved,False,c91542c705254dd7e7e7271bc36789388d225dc3,a6fda4ea34e7c6d5f3c058ccd56e23d36c2afe07fee3dd8ee9072a80eeae197f
38946,USPA,34.199433,-118.17317,,USPA-0233,2023-04-19,PM2.5,,,,ChemSpec_218,,,ChemSpec_EC_PM2.5,,0.35,0.0577777777777777,,,ChemSpec,ug/m3,ug/m3,,USPA-0233,2023-04-19,0.35,0.057777777778,6246,USPA,34.199433,-118.17317,366.0,USPA-0233,2023,4,19,9.0,2023,4,20,9.0,24.0,28203,EC PM2.5,0.35,Micrograms per cubic meter (ug/m3),,0.0577777777777777,,218,AirPhoton SS5i Sampler with BGI cyclone inlet and 25mm stretched Teflon filter,FTIR,Ambient local,,/Users/ahmadjalil/github/aethmodular/research/filter_combine/FilterBased_ChemSpecPM25_USPA.csv,8d1e40d2a272970c02d9d5acef313f6579d1e36161fcf30316a4ae5653600418,"# File Updated: 2025-07-29
# Data version 3.0
# Site: Pasadena, United States",USPA-0233,ChemSpec_218,True,True,both competing concentration values already present in earlier CSV; upstream role unresolved,False,c91542c705254dd7e7e7271bc36789388d225dc3,a6fda4ea34e7c6d5f3c058ccd56e23d36c2afe07fee3dd8ee9072a80eeae197f
38947,USPA,34.199433,-118.17317,,USPA-0233,2023-04-19,PM2.5,,,,ChemSpec_218,,,ChemSpec_EC_PM2.5,,0.06,0.0577777777777777,,,ChemSpec,ug/m3,ug/m3,,USPA-0233,2023-04-19,0.06,0.057777777778,6247,USPA,34.199433,-118.17317,366.0,USPA-0233,2023,4,19,9.0,2023,4,20,9.0,24.0,28203,EC PM2.5,0.06,Micrograms per cubic meter (ug/m3),,0.0577777777777777,,218,AirPhoton SS5i Sampler with BGI cyclone inlet and 25mm stretched Teflon filter,FTIR,Ambient local,,/Users/ahmadjalil/github/aethmodular/research/filter_combine/FilterBased_ChemSpecPM25_USPA.csv,8d1e40d2a272970c02d9d5acef313f6579d1e36161fcf30316a4ae5653600418,"# File Updated: 2025-07-29
# Data version 3.0
# Site: Pasadena, United States",USPA-0233,ChemSpec_218,True,True,both competing concentration values already present in earlier CSV; upstream role unresolved,False,c91542c705254dd7e7e7271bc36789388d225dc3,a6fda4ea34e7c6d5f3c058ccd56e23d36c2afe07fee3dd8ee9072a80eeae197f
38996,USPA,34.199433,-118.17317,,USPA-0234,2023-04-22,PM2.5,,,,ChemSpec_218,,,ChemSpec_EC_PM2.5,,0.73,0.0577777777777777,,,ChemSpec,ug/m3,ug/m3,,USPA-0234,2023-04-22,0.73,0.057777777778,6279,USPA,34.199433,-118.17317,366.0,USPA-0234,2023,4,22,9.0,2023,4,23,9.0,24.0,28203,EC PM2.5,0.73,Micrograms per cubic meter (ug/m3),,0.0577777777777777,,218,AirPhoton SS5i Sampler with BGI cyclone inlet and 25mm stretched Teflon filter,FTIR,Ambient local,,/Users/ahmadjalil/github/aethmodular/research/filter_combine/FilterBased_ChemSpecPM25_USPA.csv,8d1e40d2a272970c02d9d5acef313f6579d1e36161fcf30316a4ae5653600418,"# File Updated: 2025-07-29
# Data version 3.0
# Site: Pasadena, United States",USPA-0234,ChemSpec_218,True,True,both competing concentration values already present in earlier CSV; upstream role unresolved,False,c91542c705254dd7e7e7271bc36789388d225dc3,a6fda4ea34e7c6d5f3c058ccd56e23d36c2afe07fee3dd8ee9072a80eeae197f
38997,USPA,34.199433,-118.17317,,USPA-0234,2023-04-22,PM2.5,,,,ChemSpec_218,,,ChemSpec_EC_PM2.5,,0.06,0.0577777777777777,,,ChemSpec,ug/m3,ug/m3,,USPA-0234,2023-04-22,0.06,0.057777777778,6280,USPA,34.199433,-118.17317,366.0,USPA-0234,2023,4,22,9.0,2023,4,23,9.0,24.0,28203,EC PM2.5,0.06,Micrograms per cubic meter (ug/m3),,0.0577777777777777,,218,AirPhoton SS5i Sampler with BGI cyclone inlet and 25mm stretched Teflon filter,FTIR,Ambient local,,/Users/ahmadjalil/github/aethmodular/research/filter_combine/FilterBased_ChemSpecPM25_USPA.csv,8d1e40d2a272970c02d9d5acef313f6579d1e36161fcf30316a4ae5653600418,"# File Updated: 2025-07-29
# Data version 3.0
# Site: Pasadena, United States",USPA-0234,ChemSpec_218,True,True,both competing concentration values already present in earlier CSV; upstream role unresolved,False,c91542c705254dd7e7e7271bc36789388d225dc3,a6fda4ea34e7c6d5f3c058ccd56e23d36c2afe07fee3dd8ee9072a80eeae197f
39046,USPA,34.199433,-118.17317,,USPA-0235,2023-04-25,PM2.5,,,,ChemSpec_218,,,ChemSpec_EC_PM2.5,,0.64,0.0577777777777777,,,ChemSpec,ug/m3,ug/m3,,USPA-0235,2023-04-25,0.64,0.057777777778,6312,USPA,34.199433,-118.17317,366.0,USPA-0235,2023,4,25,9.0,2023,4,26,9.0,24.0,28203,EC PM2.5,0.64,Micrograms per cubic meter (ug/m3),,0.0577777777777777,,218,AirPhoton SS5i Sampler with BGI cyclone inlet and 25mm stretched Teflon filter,FTIR,Ambient local,,/Users/ahmadjalil/github/aethmodular/research/filter_combine/FilterBased_ChemSpecPM25_USPA.csv,8d1e40d2a272970c02d9d5acef313f6579d1e36161fcf30316a4ae5653600418,"# File Updated: 2025-07-29
# Data version 3.0
# Site: Pasadena, United States",USPA-0235,ChemSpec_218,True,True,both competing concentration values already present in earlier CSV; upstream role unresolved,False,c91542c705254dd7e7e7271bc36789388d225dc3,a6fda4ea34e7c6d5f3c058ccd56e23d36c2afe07fee3dd8ee9072a80eeae197f
39047,USPA,34.199433,-118.17317,,USPA-0235,2023-04-25,PM2.5,,,,ChemSpec_218,,,ChemSpec_EC_PM2.5,,0.06,0.0577777777777777,,,ChemSpec,ug/m3,ug/m3,,USPA-0235,2023-04-25,0.06,0.057777777778,6313,USPA,34.199433,-118.17317,366.0,USPA-0235,2023,4,25,9.0,2023,4,26,9.0,24.0,28203,EC PM2.5,0.06,Micrograms per cubic meter (ug/m3),,0.0577777777777777,,218,AirPhoton SS5i Sampler with BGI cyclone inlet and 25mm stretched Teflon filter,FTIR,Ambient local,,/Users/ahmadjalil/github/aethmodular/research/filter_combine/FilterBased_ChemSpecPM25_USPA.csv,8d1e40d2a272970c02d9d5acef313f6579d1e36161fcf30316a4ae5653600418,"# File Updated: 2025-07-29
# Data version 3.0
# Site: Pasadena, United States",USPA-0235,ChemSpec_218,True,True,both competing concentration values already present in earlier CSV; upstream role unresolved,False,c91542c705254dd7e7e7271bc36789388d225dc3,a6fda4ea34e7c6d5f3c058ccd56e23d36c2afe07fee3dd8ee9072a80eeae197f
39096,USPA,34.199433,-118.17317,,USPA-0236,2023-04-28,PM2.5,,,,ChemSpec_218,,,ChemSpec_EC_PM2.5,,0.86,0.0577777777777777,,,ChemSpec,ug/m3,ug/m3,,USPA-0236,2023-04-28,0.86,0.057777777778,6345,USPA,34.199433,-118.17317,366.0,USPA-0236,2023,4,28,9.0,2023,4,29,9.0,24.0,28203,EC PM2.5,0.86,Micrograms per cubic meter (ug/m3),,0.0577777777777777,,218,AirPhoton SS5i Sampler with BGI cyclone inlet and 25mm stretched Teflon filter,FTIR,Ambient local,,/Users/ahmadjalil/github/aethmodular/research/filter_combine/FilterBased_ChemSpecPM25_USPA.csv,8d1e40d2a272970c02d9d5acef313f6579d1e36161fcf30316a4ae5653600418,"# File Updated: 2025-07-29
# Data version 3.0
# Site: Pasadena, United States",USPA-0236,ChemSpec_218,True,True,both competing concentration values already present in earlier CSV; upstream role unresolved,False,c91542c705254dd7e7e7271bc36789388d225dc3,a6fda4ea34e7c6d5f3c058ccd56e23d36c2afe07fee3dd8ee9072a80eeae197f
39097,USPA,34.199433,-118.17317,,USPA-0236,2023-04-28,PM2.5,,,,ChemSpec_218,,,ChemSpec_EC_PM2.5,,0.06,0.0577777777777777,,,ChemSpec,ug/m3,ug/m3,,USPA-0236,2023-04-28,0.06,0.057777777778,6346,USPA,34.199433,-118.17317,366.0,USPA-0236,2023,4,28,9.0,2023,4,29,9.0,24.0,28203,EC PM2.5,0.06,Micrograms per cubic meter (ug/m3),,0.0577777777777777,,218,AirPhoton SS5i Sampler with BGI cyclone inlet and 25mm stretched Teflon filter,FTIR,Ambient local,,/Users/ahmadjalil/github/aethmodular/research/filter_combine/FilterBased_ChemSpecPM25_USPA.csv,8d1e40d2a272970c02d9d5acef313f6579d1e36161fcf30316a4ae5653600418,"# File Updated: 2025-07-29
# Data version 3.0
# Site: Pasadena, United States",USPA-0236,ChemSpec_218,True,True,both competing concentration values already present in earlier CSV; upstream role unresolved,False,c91542c705254dd7e7e7271bc36789388d225dc3,a6fda4ea34e7c6d5f3c058ccd56e23d36c2afe07fee3dd8ee9072a80eeae197f
39146,USPA,34.199433,-118.17317,,USPA-0237,2023-05-01,PM2.5,,,,ChemSpec_218,,,ChemSpec_EC_PM2.5,,0.27,0.0577777777777777,,,ChemSpec,ug/m3,ug/m3,,USPA-0237,2023-05-01,0.27,0.057777777778,6378,USPA,34.199433,-118.17317,366.0,USPA-0237,2023,5,1,9.0,2023,5,2,9.0,24.0,28203,EC PM2.5,0.27,Micrograms per cubic meter (ug/m3),,0.0577777777777777,,218,AirPhoton SS5i Sampler with BGI cyclone inlet and 25mm stretched Teflon filter,FTIR,Ambient local,,/Users/ahmadjalil/github/aethmodular/research/filter_combine/FilterBased_ChemSpecPM25_USPA.csv,8d1e40d2a272970c02d9d5acef313f6579d1e36161fcf30316a4ae5653600418,"# File Updated: 2025-07-29
# Data version 3.0
# Site: Pasadena, United States",USPA-0237,ChemSpec_218,True,True,both competing concentration values already present in earlier CSV; upstream role unresolved,False,c91542c705254dd7e7e7271bc36789388d225dc3,a6fda4ea34e7c6d5f3c058ccd56e23d36c2afe07fee3dd8ee9072a80eeae197f
39147,USPA,34.199433,-118.17317,,USPA-0237,2023-05-01,PM2.5,,,,ChemSpec_218,,,ChemSpec_EC_PM2.5,,0.06,0.0577777777777777,,,ChemSpec,ug/m3,ug/m3,,USPA-0237,2023-05-01,0.06,0.057777777778,6379,USPA,34.199433,-118.17317,366.0,USPA-0237,2023,5,1,9.0,2023,5,2,9.0,24.0,28203,EC PM2.5,0.06,Micrograms per cubic meter (ug/m3),,0.0577777777777777,,218,AirPhoton SS5i Sampler with BGI cyclone inlet and 25mm stretched Teflon filter,FTIR,Ambient local,,/Users/ahmadjalil/github/aethmodular/research/filter_combine/FilterBased_ChemSpecPM25_USPA.csv,8d1e40d2a272970c02d9d5acef313f6579d1e36161fcf30316a4ae5653600418,"# File Updated: 2025-07-29
# Data version 3.0
# Site: Pasadena, United States",USPA-0237,ChemSpec_218,True,True,both competing concentration values already present in earlier CSV; upstream role unresolved,False,c91542c705254dd7e7e7271bc36789388d225dc3,a6fda4ea34e7c6d5f3c058ccd56e23d36c2afe07fee3dd8ee9072a80eeae197f
39196,USPA,34.199433,-118.17317,,USPA-0238,2023-05-04,PM2.5,,,,ChemSpec_218,,,ChemSpec_EC_PM2.5,,0.39,0.0577777777777777,,,ChemSpec,ug/m3,ug/m3,,USPA-0238,2023-05-04,0.39,0.057777777778,6411,USPA,34.199433,-118.17317,366.0,USPA-0238,2023,5,4,9.0,2023,5,5,9.0,24.0,28203,EC PM2.5,0.39,Micrograms per cubic meter (ug/m3),,0.0577777777777777,,218,AirPhoton SS5i Sampler with BGI cyclone inlet and 25mm stretched Teflon filter,FTIR,Ambient local,,/Users/ahmadjalil/github/aethmodular/research/filter_combine/FilterBased_ChemSpecPM25_USPA.csv,8d1e40d2a272970c02d9d5acef313f6579d1e36161fcf30316a4ae5653600418,"# File Updated: 2025-07-29
# Data version 3.0
# Site: Pasadena, United States",USPA-0238,ChemSpec_218,True,True,both competing concentration values already present in earlier CSV; upstream role unresolved,False,c91542c705254dd7e7e7271bc36789388d225dc3,a6fda4ea34e7c6d5f3c058ccd56e23d36c2afe07fee3dd8ee9072a80eeae197f
39197,USPA,34.199433,-118.17317,,USPA-0238,2023-05-04,PM2.5,,,,ChemSpec_218,,,ChemSpec_EC_PM2.5,,0.06,0.0577777777777777,,,ChemSpec,ug/m3,ug/m3,,USPA-0238,2023-05-04,0.06,0.057777777778,6412,USPA,34.199433,-118.17317,366.0,USPA-0238,2023,5,4,9.0,2023,5,5,9.0,24.0,28203,EC PM2.5,0.06,Micrograms per cubic meter (ug/m3),,0.0577777777777777,,218,AirPhoton SS5i Sampler with BGI cyclone inlet and 25mm stretched Teflon filter,FTIR,Ambient local,,/Users/ahmadjalil/github/aethmodular/research/filter_combine/FilterBased_ChemSpecPM25_USPA.csv,8d1e40d2a272970c02d9d5acef313f6579d1e36161fcf30316a4ae5653600418,"# File Updated: 2025-07-29
# Data version 3.0
# Site: Pasadena, United States",USPA-0238,ChemSpec_218,True,True,both competing concentration values already present in earlier CSV; upstream role unresolved,False,c91542c705254dd7e7e7271bc36789388d225dc3,a6fda4ea34e7c6d5f3c058ccd56e23d36c2afe07fee3dd8ee9072a80eeae197f
39260,USPA,34.199433,-118.17317,,USPA-0240,2023-05-07,PM2.5,,,,ChemSpec_218,,,ChemSpec_EC_PM2.5,,0.45,0.0577777777777777,,,ChemSpec,ug/m3,ug/m3,,USPA-0240,2023-05-07,0.45,0.057777777778,6444,USPA,34.199433,-118.17317,366.0,USPA-0240,2023,5,7,9.0,2023,5,8,9.0,24.0,28203,EC PM2.5,0.45,Micrograms per cubic meter (ug/m3),,0.0577777777777777,,218,AirPhoton SS5i Sampler with BGI cyclone inlet and 25mm stretched Teflon filter,FTIR,Ambient local,,/Users/ahmadjalil/github/aethmodular/research/filter_combine/FilterBased_ChemSpecPM25_USPA.csv,8d1e40d2a272970c02d9d5acef313f6579d1e36161fcf30316a4ae5653600418,"# File Updated: 2025-07-29
# Data version 3.0
# Site: Pasadena, United States",USPA-0240,ChemSpec_218,True,True,both competing concentration values already present in earlier CSV; upstream role unresolved,False,c91542c705254dd7e7e7271bc36789388d225dc3,a6fda4ea34e7c6d5f3c058ccd56e23d36c2afe07fee3dd8ee9072a80eeae197f
39261,USPA,34.199433,-118.17317,,USPA-0240,2023-05-07,PM2.5,,,,ChemSpec_218,,,ChemSpec_EC_PM2.5,,0.06,0.0577777777777777,,,ChemSpec,ug/m3,ug/m3,,USPA-0240,2023-05-07,0.06,0.057777777778,6445,USPA,34.199433,-118.17317,366.0,USPA-0240,2023,5,7,9.0,2023,5,8,9.0,24.0,28203,EC PM2.5,0.06,Micrograms per cubic meter (ug/m3),,0.0577777777777777,,218,AirPhoton SS5i Sampler with BGI cyclone inlet and 25mm stretched Teflon filter,FTIR,Ambient local,,/Users/ahmadjalil/github/aethmodular/research/filter_combine/FilterBased_ChemSpecPM25_USPA.csv,8d1e40d2a272970c02d9d5acef313f6579d1e36161fcf30316a4ae5653600418,"# File Updated: 2025-07-29
# Data version 3.0
# Site: Pasadena, United States",USPA-0240,ChemSpec_218,True,True,both competing concentration values already present in earlier CSV; upstream role unresolved,False,c91542c705254dd7e7e7271bc36789388d225dc3,a6fda4ea34e7c6d5f3c058ccd56e23d36c2afe07fee3dd8ee9072a80eeae197f
39312,USPA,34.199433,-118.17317,,USPA-0241,2023-05-12,PM2.5,,,,ChemSpec_218,,,ChemSpec_EC_PM2.5,,0.6,0.0577777777777777,,,ChemSpec,ug/m3,ug/m3,,USPA-0241,2023-05-12,0.6,0.057777777778,6485,USPA,34.199433,-118.17317,366.0,USPA-0241,2023,5,12,9.0,2023,5,13,9.0,24.0,28203,EC PM2.5,0.6,Micrograms per cubic meter (ug/m3),,0.0577777777777777,,218,AirPhoton SS5i Sampler with BGI cyclone inlet and 25mm stretched Teflon filter,FTIR,Ambient local,,/Users/ahmadjalil/github/aethmodular/research/filter_combine/FilterBased_ChemSpecPM25_USPA.csv,8d1e40d2a272970c02d9d5acef313f6579d1e36161fcf30316a4ae5653600418,"# File Updated: 2025-07-29
# Data version 3.0
# Site: Pasadena, United States",USPA-0241,ChemSpec_218,True,True,both competing concentration values already present in earlier CSV; upstream role unresolved,False,c91542c705254dd7e7e7271bc36789388d225dc3,a6fda4ea34e7c6d5f3c058ccd56e23d36c2afe07fee3dd8ee9072a80eeae197f
39313,USPA,34.199433,-118.17317,,USPA-0241,2023-05-12,PM2.5,,,,ChemSpec_218,,,ChemSpec_EC_PM2.5,,0.06,0.0577777777777777,,,ChemSpec,ug/m3,ug/m3,,USPA-0241,2023-05-12,0.06,0.057777777778,6486,USPA,34.199433,-118.17317,366.0,USPA-0241,2023,5,12,9.0,2023,5,13,9.0,24.0,28203,EC PM2.5,0.06,Micrograms per cubic meter (ug/m3),,0.0577777777777777,,218,AirPhoton SS5i Sampler with BGI cyclone inlet and 25mm stretched Teflon filter,FTIR,Ambient local,,/Users/ahmadjalil/github/aethmodular/research/filter_combine/FilterBased_ChemSpecPM25_USPA.csv,8d1e40d2a272970c02d9d5acef313f6579d1e36161fcf30316a4ae5653600418,"# File Updated: 2025-07-29
# Data version 3.0
# Site: Pasadena, United States",USPA-0241,ChemSpec_218,True,True,both competing concentration values already present in earlier CSV; upstream role unresolved,False,c91542c705254dd7e7e7271bc36789388d225dc3,a6fda4ea34e7c6d5f3c058ccd56e23d36c2afe07fee3dd8ee9072a80eeae197f
39370,USPA,34.199433,-118.17317,,USPA-0242,2023-05-15,PM2.5,,,,ChemSpec_218,,,ChemSpec_EC_PM2.5,,0.7,0.0577777777777777,,,ChemSpec,ug/m3,ug/m3,,USPA-0242,2023-05-15,0.7,0.057777777778,6526,USPA,34.199433,-118.17317,366.0,USPA-0242,2023,5,15,9.0,2023,5,16,9.0,24.0,28203,EC PM2.5,0.7,Micrograms per cubic meter (ug/m3),,0.0577777777777777,,218,AirPhoton SS5i Sampler with BGI cyclone inlet and 25mm stretched Teflon filter,FTIR,Ambient local,,/Users/ahmadjalil/github/aethmodular/research/filter_combine/FilterBased_ChemSpecPM25_USPA.csv,8d1e40d2a272970c02d9d5acef313f6579d1e36161fcf30316a4ae5653600418,"# File Updated: 2025-07-29
# Data version 3.0
# Site: Pasadena, United States",USPA-0242,ChemSpec_218,True,True,both competing concentration values already present in earlier CSV; upstream role unresolved,False,c91542c705254dd7e7e7271bc36789388d225dc3,a6fda4ea34e7c6d5f3c058ccd56e23d36c2afe07fee3dd8ee9072a80eeae197f
39371,USPA,34.199433,-118.17317,,USPA-0242,2023-05-15,PM2.5,,,,ChemSpec_218,,,ChemSpec_EC_PM2.5,,0.06,0.0577777777777777,,,ChemSpec,ug/m3,ug/m3,,USPA-0242,2023-05-15,0.06,0.057777777778,6527,USPA,34.199433,-118.17317,366.0,USPA-0242,2023,5,15,9.0,2023,5,16,9.0,24.0,28203,EC PM2.5,0.06,Micrograms per cubic meter (ug/m3),,0.0577777777777777,,218,AirPhoton SS5i Sampler with BGI cyclone inlet and 25mm stretched Teflon filter,FTIR,Ambient local,,/Users/ahmadjalil/github/aethmodular/research/filter_combine/FilterBased_ChemSpecPM25_USPA.csv,8d1e40d2a272970c02d9d5acef313f6579d1e36161fcf30316a4ae5653600418,"# File Updated: 2025-07-29
# Data version 3.0
# Site: Pasadena, United States",USPA-0242,ChemSpec_218,True,True,both competing concentration values already present in earlier CSV; upstream role unresolved,False,c91542c705254dd7e7e7271bc36789388d225dc3,a6fda4ea34e7c6d5f3c058ccd56e23d36c2afe07fee3dd8ee9072a80eeae197f
39428,USPA,34.199433,-118.17317,,USPA-0243,2023-05-18,PM2.5,,,,ChemSpec_218,,,ChemSpec_EC_PM2.5,,0.63,0.0577777777777777,,,ChemSpec,ug/m3,ug/m3,,USPA-0243,2023-05-18,0.63,0.057777777778,6566,USPA,34.199433,-118.17317,366.0,USPA-0243,2023,5,18,9.0,2023,5,19,8.0,24.0,28203,EC PM2.5,0.63,Micrograms per cubic meter (ug/m3),,0.0577777777777777,,218,AirPhoton SS5i Sampler with BGI cyclone inlet and 25mm stretched Teflon filter,FTIR,Ambient local,,/Users/ahmadjalil/github/aethmodular/research/filter_combine/FilterBased_ChemSpecPM25_USPA.csv,8d1e40d2a272970c02d9d5acef313f6579d1e36161fcf30316a4ae5653600418,"# File Updated: 2025-07-29
# Data version 3.0
# Site: Pasadena, United States",USPA-0243,ChemSpec_218,True,True,both competing concentration values already present in earlier CSV; upstream role unresolved,False,c91542c705254dd7e7e7271bc36789388d225dc3,a6fda4ea34e7c6d5f3c058ccd56e23d36c2afe07fee3dd8ee9072a80eeae197f
39429,USPA,34.199433,-118.17317,,USPA-0243,2023-05-18,PM2.5,,,,ChemSpec_218,,,ChemSpec_EC_PM2.5,,0.06,0.0577777777777777,,,ChemSpec,ug/m3,ug/m3,,USPA-0243,2023-05-18,0.06,0.057777777778,6567,USPA,34.199433,-118.17317,366.0,USPA-0243,2023,5,18,9.0,2023,5,19,8.0,24.0,28203,EC PM2.5,0.06,Micrograms per cubic meter (ug/m3),,0.0577777777777777,,218,AirPhoton SS5i Sampler with BGI cyclone inlet and 25mm stretched Teflon filter,FTIR,Ambient local,,/Users/ahmadjalil/github/aethmodular/research/filter_combine/FilterBased_ChemSpecPM25_USPA.csv,8d1e40d2a272970c02d9d5acef313f6579d1e36161fcf30316a4ae5653600418,"# File Updated: 2025-07-29
# Data version 3.0
# Site: Pasadena, United States",USPA-0243,ChemSpec_218,True,True,both competing concentration values already present in earlier CSV; upstream role unresolved,False,c91542c705254dd7e7e7271bc36789388d225dc3,a6fda4ea34e7c6d5f3c058ccd56e23d36c2afe07fee3dd8ee9072a80eeae197f
39485,USPA,34.199433,-118.17317,,USPA-0244,2023-05-21,PM2.5,,,,ChemSpec_218,,,ChemSpec_EC_PM2.5,,0.71,0.0577777777777777,,,ChemSpec,ug/m3,ug/m3,,USPA-0244,2023-05-21,0.71,0.057777777778,6607,USPA,34.199433,-118.17317,366.0,USPA-0244,2023,5,21,9.0,2023,5,22,9.0,24.0,28203,EC PM2.5,0.71,Micrograms per cubic meter (ug/m3),,0.0577777777777777,,218,AirPhoton SS5i Sampler with BGI cyclone inlet and 25mm stretched Teflon filter,FTIR,Ambient local,,/Users/ahmadjalil/github/aethmodular/research/filter_combine/FilterBased_ChemSpecPM25_USPA.csv,8d1e40d2a272970c02d9d5acef313f6579d1e36161fcf30316a4ae5653600418,"# File Updated: 2025-07-29
# Data version 3.0
# Site: Pasadena, United States",USPA-0244,ChemSpec_218,True,True,both competing concentration values already present in earlier CSV; upstream role unresolved,False,c91542c705254dd7e7e7271bc36789388d225dc3,a6fda4ea34e7c6d5f3c058ccd56e23d36c2afe07fee3dd8ee9072a80eeae197f
39486,USPA,34.199433,-118.17317,,USPA-0244,2023-05-21,PM2.5,,,,ChemSpec_218,,,ChemSpec_EC_PM2.5,,0.06,0.0577777777777777,,,ChemSpec,ug/m3,ug/m3,,USPA-0244,2023-05-21,0.06,0.057777777778,6608,USPA,34.199433,-118.17317,366.0,USPA-0244,2023,5,21,9.0,2023,5,22,9.0,24.0,28203,EC PM2.5,0.06,Micrograms per cubic meter (ug/m3),,0.0577777777777777,,218,AirPhoton SS5i Sampler with BGI cyclone inlet and 25mm stretched Teflon filter,FTIR,Ambient local,,/Users/ahmadjalil/github/aethmodular/research/filter_combine/FilterBased_ChemSpecPM25_USPA.csv,8d1e40d2a272970c02d9d5acef313f6579d1e36161fcf30316a4ae5653600418,"# File Updated: 2025-07-29
# Data version 3.0
# Site: Pasadena, United States",USPA-0244,ChemSpec_218,True,True,both competing concentration values already present in earlier CSV; upstream role unresolved,False,c91542c705254dd7e7e7271bc36789388d225dc3,a6fda4ea34e7c6d5f3c058ccd56e23d36c2afe07fee3dd8ee9072a80eeae197f
39543,USPA,34.199433,-118.17317,,USPA-0245,2023-05-24,PM2.5,,,,ChemSpec_218,,,ChemSpec_EC_PM2.5,,0.42,0.0577777777777777,,,ChemSpec,ug/m3,ug/m3,,USPA-0245,2023-05-24,0.42,0.057777777778,6648,USPA,34.199433,-118.17317,366.0,USPA-0245,2023,5,24,9.0,2023,5,25,9.0,24.0,28203,EC PM2.5,0.42,Micrograms per cubic meter (ug/m3),,0.0577777777777777,,218,AirPhoton SS5i Sampler with BGI cyclone inlet and 25mm stretched Teflon filter,FTIR,Ambient local,,/Users/ahmadjalil/github/aethmodular/research/filter_combine/FilterBased_ChemSpecPM25_USPA.csv,8d1e40d2a272970c02d9d5acef313f6579d1e36161fcf30316a4ae5653600418,"# File Updated: 2025-07-29
# Data version 3.0
# Site: Pasadena, United States",USPA-0245,ChemSpec_218,True,True,both competing concentration values already present in earlier CSV; upstream role unresolved,False,c91542c705254dd7e7e7271bc36789388d225dc3,a6fda4ea34e7c6d5f3c058ccd56e23d36c2afe07fee3dd8ee9072a80eeae197f
39544,USPA,34.199433,-118.17317,,USPA-0245,2023-05-24,PM2.5,,,,ChemSpec_218,,,ChemSpec_EC_PM2.5,,0.06,0.0577777777777777,,,ChemSpec,ug/m3,ug/m3,,USPA-0245,2023-05-24,0.06,0.057777777778,6649,USPA,34.199433,-118.17317,366.0,USPA-0245,2023,5,24,9.0,2023,5,25,9.0,24.0,28203,EC PM2.5,0.06,Micrograms per cubic meter (ug/m3),,0.0577777777777777,,218,AirPhoton SS5i Sampler with BGI cyclone inlet and 25mm stretched Teflon filter,FTIR,Ambient local,,/Users/ahmadjalil/github/aethmodular/research/filter_combine/FilterBased_ChemSpecPM25_USPA.csv,8d1e40d2a272970c02d9d5acef313f6579d1e36161fcf30316a4ae5653600418,"# File Updated: 2025-07-29
# Data version 3.0
# Site: Pasadena, United States",USPA-0245,ChemSpec_218,True,True,both competing concentration values already present in earlier CSV; upstream role unresolved,False,c91542c705254dd7e7e7271bc36789388d225dc3,a6fda4ea34e7c6d5f3c058ccd56e23d36c2afe07fee3dd8ee9072a80eeae197f
39601,USPA,34.199433,-118.17317,,USPA-0246,2023-05-27,PM2.5,,,,ChemSpec_218,,,ChemSpec_EC_PM2.5,,0.36,0.0577777777777777,,,ChemSpec,ug/m3,ug/m3,,USPA-0246,2023-05-27,0.36,0.057777777778,6689,USPA,34.199433,-118.17317,366.0,USPA-0246,2023,5,27,9.0,2023,5,28,9.0,24.0,28203,EC PM2.5,0.36,Micrograms per cubic meter (ug/m3),,0.0577777777777777,,218,AirPhoton SS5i Sampler with BGI cyclone inlet and 25mm stretched Teflon filter,FTIR,Ambient local,,/Users/ahmadjalil/github/aethmodular/research/filter_combine/FilterBased_ChemSpecPM25_USPA.csv,8d1e40d2a272970c02d9d5acef313f6579d1e36161fcf30316a4ae5653600418,"# File Updated: 2025-07-29
# Data version 3.0
# Site: Pasadena, United States",USPA-0246,ChemSpec_218,True,True,both competing concentration values already present in earlier CSV; upstream role unresolved,False,c91542c705254dd7e7e7271bc36789388d225dc3,a6fda4ea34e7c6d5f3c058ccd56e23d36c2afe07fee3dd8ee9072a80eeae197f
39602,USPA,34.199433,-118.17317,,USPA-0246,2023-05-27,PM2.5,,,,ChemSpec_218,,,ChemSpec_EC_PM2.5,,0.06,0.0577777777777777,,,ChemSpec,ug/m3,ug/m3,,USPA-0246,2023-05-27,0.06,0.057777777778,6690,USPA,34.199433,-118.17317,366.0,USPA-0246,2023,5,27,9.0,2023,5,28,9.0,24.0,28203,EC PM2.5,0.06,Micrograms per cubic meter (ug/m3),,0.0577777777777777,,218,AirPhoton SS5i Sampler with BGI cyclone inlet and 25mm stretched Teflon filter,FTIR,Ambient local,,/Users/ahmadjalil/github/aethmodular/research/filter_combine/FilterBased_ChemSpecPM25_USPA.csv,8d1e40d2a272970c02d9d5acef313f6579d1e36161fcf30316a4ae5653600418,"# File Updated: 2025-07-29
# Data version 3.0
# Site: Pasadena, United States",USPA-0246,ChemSpec_218,True,True,both competing concentration values already present in earlier CSV; upstream role unresolved,False,c91542c705254dd7e7e7271bc36789388d225dc3,a6fda4ea34e7c6d5f3c058ccd56e23d36c2afe07fee3dd8ee9072a80eeae197f
39672,USPA,34.199433,-118.17317,,USPA-0248,2023-05-30,PM2.5,,,,ChemSpec_218,,,ChemSpec_EC_PM2.5,,0.24,0.0554193899782135,,,ChemSpec,ug/m3,ug/m3,,USPA-0248,2023-05-30,0.24,0.055419389978,6728,USPA,34.199433,-118.17317,366.0,USPA-0248,2023,5,30,9.0,2023,5,31,9.0,24.0,28203,EC PM2.5,0.24,Micrograms per cubic meter (ug/m3),,0.0554193899782135,,218,AirPhoton SS5i Sampler with BGI cyclone inlet and 25mm stretched Teflon filter,FTIR,Ambient local,,/Users/ahmadjalil/github/aethmodular/research/filter_combine/FilterBased_ChemSpecPM25_USPA.csv,8d1e40d2a272970c02d9d5acef313f6579d1e36161fcf30316a4ae5653600418,"# File Updated: 2025-07-29
# Data version 3.0
# Site: Pasadena, United States",USPA-0248,ChemSpec_218,True,True,both competing concentration values already present in earlier CSV; upstream role unresolved,False,c91542c705254dd7e7e7271bc36789388d225dc3,a6fda4ea34e7c6d5f3c058ccd56e23d36c2afe07fee3dd8ee9072a80eeae197f
39673,USPA,34.199433,-118.17317,,USPA-0248,2023-05-30,PM2.5,,,,ChemSpec_218,,,ChemSpec_EC_PM2.5,,0.06,0.0554193899782135,,,ChemSpec,ug/m3,ug/m3,,USPA-0248,2023-05-30,0.06,0.055419389978,6729,USPA,34.199433,-118.17317,366.0,USPA-0248,2023,5,30,9.0,2023,5,31,9.0,24.0,28203,EC PM2.5,0.06,Micrograms per cubic meter (ug/m3),,0.0554193899782135,,218,AirPhoton SS5i Sampler with BGI cyclone inlet and 25mm stretched Teflon filter,FTIR,Ambient local,,/Users/ahmadjalil/github/aethmodular/research/filter_combine/FilterBased_ChemSpecPM25_USPA.csv,8d1e40d2a272970c02d9d5acef313f6579d1e36161fcf30316a4ae5653600418,"# File Updated: 2025-07-29
# Data version 3.0
# Site: Pasadena, United States",USPA-0248,ChemSpec_218,True,True,both competing concentration values already present in earlier CSV; upstream role unresolved,False,c91542c705254dd7e7e7271bc36789388d225dc3,a6fda4ea34e7c6d5f3c058ccd56e23d36c2afe07fee3dd8ee9072a80eeae197f
39729,USPA,34.199433,-118.17317,,USPA-0249,2023-06-01,PM2.5,,,,ChemSpec_218,,,ChemSpec_EC_PM2.5,,0.47,0.0589225589225589,,,ChemSpec,ug/m3,ug/m3,,USPA-0249,2023-06-01,0.47,0.058922558923,6769,USPA,34.199433,-118.17317,366.0,USPA-0249,2023,6,1,9.0,2023,6,2,9.0,24.0,28203,EC PM2.5,0.47,Micrograms per cubic meter (ug/m3),,0.0589225589225589,,218,AirPhoton SS5i Sampler with BGI cyclone inlet and 25mm stretched Teflon filter,FTIR,Ambient local,,/Users/ahmadjalil/github/aethmodular/research/filter_combine/FilterBased_ChemSpecPM25_USPA.csv,8d1e40d2a272970c02d9d5acef313f6579d1e36161fcf30316a4ae5653600418,"# File Updated: 2025-07-29
# Data version 3.0
# Site: Pasadena, United States",USPA-0249,ChemSpec_218,True,True,both competing concentration values already present in earlier CSV; upstream role unresolved,False,c91542c705254dd7e7e7271bc36789388d225dc3,a6fda4ea34e7c6d5f3c058ccd56e23d36c2afe07fee3dd8ee9072a80eeae197f
39730,USPA,34.199433,-118.17317,,USPA-0249,2023-06-01,PM2.5,,,,ChemSpec_218,,,ChemSpec_EC_PM2.5,,0.06,0.0589225589225589,,,ChemSpec,ug/m3,ug/m3,,USPA-0249,2023-06-01,0.06,0.058922558923,6770,USPA,34.199433,-118.17317,366.0,USPA-0249,2023,6,1,9.0,2023,6,2,9.0,24.0,28203,EC PM2.5,0.06,Micrograms per cubic meter (ug/m3),,0.0589225589225589,,218,AirPhoton SS5i Sampler with BGI cyclone inlet and 25mm stretched Teflon filter,FTIR,Ambient local,,/Users/ahmadjalil/github/aethmodular/research/filter_combine/FilterBased_ChemSpecPM25_USPA.csv,8d1e40d2a272970c02d9d5acef313f6579d1e36161fcf30316a4ae5653600418,"# File Updated: 2025-07-29
# Data version 3.0
# Site: Pasadena, United States",USPA-0249,ChemSpec_218,True,True,both competing concentration values already present in earlier CSV; upstream role unresolved,False,c91542c705254dd7e7e7271bc36789388d225dc3,a6fda4ea34e7c6d5f3c058ccd56e23d36c2afe07fee3dd8ee9072a80eeae197f
39787,USPA,34.199433,-118.17317,,USPA-0250,2023-06-04,PM2.5,,,,ChemSpec_218,,,ChemSpec_EC_PM2.5,,0.51,0.0589225589225589,,,ChemSpec,ug/m3,ug/m3,,USPA-0250,2023-06-04,0.51,0.058922558923,6810,USPA,34.199433,-118.17317,366.0,USPA-0250,2023,6,4,9.0,2023,6,5,9.0,24.0,28203,EC PM2.5,0.51,Micrograms per cubic meter (ug/m3),,0.0589225589225589,,218,AirPhoton SS5i Sampler with BGI cyclone inlet and 25mm stretched Teflon filter,FTIR,Ambient local,,/Users/ahmadjalil/github/aethmodular/research/filter_combine/FilterBased_ChemSpecPM25_USPA.csv,8d1e40d2a272970c02d9d5acef313f6579d1e36161fcf30316a4ae5653600418,"# File Updated: 2025-07-29
# Data version 3.0
# Site: Pasadena, United States",USPA-0250,ChemSpec_218,True,True,both competing concentration values already present in earlier CSV; upstream role unresolved,False,c91542c705254dd7e7e7271bc36789388d225dc3,a6fda4ea34e7c6d5f3c058ccd56e23d36c2afe07fee3dd8ee9072a80eeae197f
39788,USPA,34.199433,-118.17317,,USPA-0250,2023-06-04,PM2.5,,,,ChemSpec_218,,,ChemSpec_EC_PM2.5,,0.06,0.0589225589225589,,,ChemSpec,ug/m3,ug/m3,,USPA-0250,2023-06-04,0.06,0.058922558923,6811,USPA,34.199433,-118.17317,366.0,USPA-0250,2023,6,4,9.0,2023,6,5,9.0,24.0,28203,EC PM2.5,0.06,Micrograms per cubic meter (ug/m3),,0.0589225589225589,,218,AirPhoton SS5i Sampler with BGI cyclone inlet and 25mm stretched Teflon filter,FTIR,Ambient local,,/Users/ahmadjalil/github/aethmodular/research/filter_combine/FilterBased_ChemSpecPM25_USPA.csv,8d1e40d2a272970c02d9d5acef313f6579d1e36161fcf30316a4ae5653600418,"# File Updated: 2025-07-29
# Data version 3.0
# Site: Pasadena, United States",USPA-0250,ChemSpec_218,True,True,both competing concentration values already present in earlier CSV; upstream role unresolved,False,c91542c705254dd7e7e7271bc36789388d225dc3,a6fda4ea34e7c6d5f3c058ccd56e23d36c2afe07fee3dd8ee9072a80eeae197f
39845,USPA,34.199433,-118.17317,,USPA-0251,2023-06-07,PM2.5,,,,ChemSpec_218,,,ChemSpec_EC_PM2.5,,0.39,0.0589225589225589,,,ChemSpec,ug/m3,ug/m3,,USPA-0251,2023-06-07,0.39,0.058922558923,6851,USPA,34.199433,-118.17317,366.0,USPA-0251,2023,6,7,9.0,2023,6,8,9.0,24.0,28203,EC PM2.5,0.39,Micrograms per cubic meter (ug/m3),,0.0589225589225589,,218,AirPhoton SS5i Sampler with BGI cyclone inlet and 25mm stretched Teflon filter,FTIR,Ambient local,,/Users/ahmadjalil/github/aethmodular/research/filter_combine/FilterBased_ChemSpecPM25_USPA.csv,8d1e40d2a272970c02d9d5acef313f6579d1e36161fcf30316a4ae5653600418,"# File Updated: 2025-07-29
# Data version 3.0
# Site: Pasadena, United States",USPA-0251,ChemSpec_218,True,True,both competing concentration values already present in earlier CSV; upstream role unresolved,False,c91542c705254dd7e7e7271bc36789388d225dc3,a6fda4ea34e7c6d5f3c058ccd56e23d36c2afe07fee3dd8ee9072a80eeae197f
39846,USPA,34.199433,-118.17317,,USPA-0251,2023-06-07,PM2.5,,,,ChemSpec_218,,,ChemSpec_EC_PM2.5,,0.06,0.0589225589225589,,,ChemSpec,ug/m3,ug/m3,,USPA-0251,2023-06-07,0.06,0.058922558923,6852,USPA,34.199433,-118.17317,366.0,USPA-0251,2023,6,7,9.0,2023,6,8,9.0,24.0,28203,EC PM2.5,0.06,Micrograms per cubic meter (ug/m3),,0.0589225589225589,,218,AirPhoton SS5i Sampler with BGI cyclone inlet and 25mm stretched Teflon filter,FTIR,Ambient local,,/Users/ahmadjalil/github/aethmodular/research/filter_combine/FilterBased_ChemSpecPM25_USPA.csv,8d1e40d2a272970c02d9d5acef313f6579d1e36161fcf30316a4ae5653600418,"# File Updated: 2025-07-29
# Data version 3.0
# Site: Pasadena, United States",USPA-0251,ChemSpec_218,True,True,both competing concentration values already present in earlier CSV; upstream role unresolved,False,c91542c705254dd7e7e7271bc36789388d225dc3,a6fda4ea34e7c6d5f3c058ccd56e23d36c2afe07fee3dd8ee9072a80eeae197f
39903,USPA,34.199433,-118.17317,,USPA-0252,2023-06-10,PM2.5,,,,ChemSpec_218,,,ChemSpec_EC_PM2.5,,0.5,0.0589225589225589,,,ChemSpec,ug/m3,ug/m3,,USPA-0252,2023-06-10,0.5,0.058922558923,6891,USPA,34.199433,-118.17317,366.0,USPA-0252,2023,6,10,9.0,2023,6,11,9.0,24.0,28203,EC PM2.5,0.5,Micrograms per cubic meter (ug/m3),,0.0589225589225589,,218,AirPhoton SS5i Sampler with BGI cyclone inlet and 25mm stretched Teflon filter,FTIR,Ambient local,,/Users/ahmadjalil/github/aethmodular/research/filter_combine/FilterBased_ChemSpecPM25_USPA.csv,8d1e40d2a272970c02d9d5acef313f6579d1e36161fcf30316a4ae5653600418,"# File Updated: 2025-07-29
# Data version 3.0
# Site: Pasadena, United States",USPA-0252,ChemSpec_218,True,True,both competing concentration values already present in earlier CSV; upstream role unresolved,False,c91542c705254dd7e7e7271bc36789388d225dc3,a6fda4ea34e7c6d5f3c058ccd56e23d36c2afe07fee3dd8ee9072a80eeae197f
39904,USPA,34.199433,-118.17317,,USPA-0252,2023-06-10,PM2.5,,,,ChemSpec_218,,,ChemSpec_EC_PM2.5,,0.06,0.0589225589225589,,,ChemSpec,ug/m3,ug/m3,,USPA-0252,2023-06-10,0.06,0.058922558923,6892,USPA,34.199433,-118.17317,366.0,USPA-0252,2023,6,10,9.0,2023,6,11,9.0,24.0,28203,EC PM2.5,0.06,Micrograms per cubic meter (ug/m3),,0.0589225589225589,,218,AirPhoton SS5i Sampler with BGI cyclone inlet and 25mm stretched Teflon filter,FTIR,Ambient local,,/Users/ahmadjalil/github/aethmodular/research/filter_combine/FilterBased_ChemSpecPM25_USPA.csv,8d1e40d2a272970c02d9d5acef313f6579d1e36161fcf30316a4ae5653600418,"# File Updated: 2025-07-29
# Data version 3.0
# Site: Pasadena, United States",USPA-0252,ChemSpec_218,True,True,both competing concentration values already present in earlier CSV; upstream role unresolved,False,c91542c705254dd7e7e7271bc36789388d225dc3,a6fda4ea34e7c6d5f3c058ccd56e23d36c2afe07fee3dd8ee9072a80eeae197f
39960,USPA,34.199433,-118.17317,,USPA-0253,2023-06-13,PM2.5,,,,ChemSpec_218,,,ChemSpec_EC_PM2.5,,0.52,0.0589225589225589,,,ChemSpec,ug/m3,ug/m3,,USPA-0253,2023-06-13,0.52,0.058922558923,6932,USPA,34.199433,-118.17317,366.0,USPA-0253,2023,6,13,9.0,2023,6,14,9.0,24.0,28203,EC PM2.5,0.52,Micrograms per cubic meter (ug/m3),,0.0589225589225589,,218,AirPhoton SS5i Sampler with BGI cyclone inlet and 25mm stretched Teflon filter,FTIR,Ambient local,,/Users/ahmadjalil/github/aethmodular/research/filter_combine/FilterBased_ChemSpecPM25_USPA.csv,8d1e40d2a272970c02d9d5acef313f6579d1e36161fcf30316a4ae5653600418,"# File Updated: 2025-07-29
# Data version 3.0
# Site: Pasadena, United States",USPA-0253,ChemSpec_218,True,True,both competing concentration values already present in earlier CSV; upstream role unresolved,False,c91542c705254dd7e7e7271bc36789388d225dc3,a6fda4ea34e7c6d5f3c058ccd56e23d36c2afe07fee3dd8ee9072a80eeae197f
39961,USPA,34.199433,-118.17317,,USPA-0253,2023-06-13,PM2.5,,,,ChemSpec_218,,,ChemSpec_EC_PM2.5,,0.06,0.0589225589225589,,,ChemSpec,ug/m3,ug/m3,,USPA-0253,2023-06-13,0.06,0.058922558923,6933,USPA,34.199433,-118.17317,366.0,USPA-0253,2023,6,13,9.0,2023,6,14,9.0,24.0,28203,EC PM2.5,0.06,Micrograms per cubic meter (ug/m3),,0.0589225589225589,,218,AirPhoton SS5i Sampler with BGI cyclone inlet and 25mm stretched Teflon filter,FTIR,Ambient local,,/Users/ahmadjalil/github/aethmodular/research/filter_combine/FilterBased_ChemSpecPM25_USPA.csv,8d1e40d2a272970c02d9d5acef313f6579d1e36161fcf30316a4ae5653600418,"# File Updated: 2025-07-29
# Data version 3.0
# Site: Pasadena, United States",USPA-0253,ChemSpec_218,True,True,both competing concentration values already present in earlier CSV; upstream role unresolved,False,c91542c705254dd7e7e7271bc36789388d225dc3,a6fda4ea34e7c6d5f3c058ccd56e23d36c2afe07fee3dd8ee9072a80eeae197f
40018,USPA,34.199433,-118.17317,,USPA-0254,2023-06-16,PM2.5,,,,ChemSpec_218,,,ChemSpec_EC_PM2.5,,0.61,0.0589225589225589,,,ChemSpec,ug/m3,ug/m3,,USPA-0254,2023-06-16,0.61,0.058922558923,6973,USPA,34.199433,-118.17317,366.0,USPA-0254,2023,6,16,9.0,2023,6,17,9.0,24.0,28203,EC PM2.5,0.61,Micrograms per cubic meter (ug/m3),,0.0589225589225589,,218,AirPhoton SS5i Sampler with BGI cyclone inlet and 25mm stretched Teflon filter,FTIR,Ambient local,,/Users/ahmadjalil/github/aethmodular/research/filter_combine/FilterBased_ChemSpecPM25_USPA.csv,8d1e40d2a272970c02d9d5acef313f6579d1e36161fcf30316a4ae5653600418,"# File Updated: 2025-07-29
# Data version 3.0
# Site: Pasadena, United States",USPA-0254,ChemSpec_218,True,True,both competing concentration values already present in earlier CSV; upstream role unresolved,False,c91542c705254dd7e7e7271bc36789388d225dc3,a6fda4ea34e7c6d5f3c058ccd56e23d36c2afe07fee3dd8ee9072a80eeae197f
40019,USPA,34.199433,-118.17317,,USPA-0254,2023-06-16,PM2.5,,,,ChemSpec_218,,,ChemSpec_EC_PM2.5,,0.06,0.0589225589225589,,,ChemSpec,ug/m3,ug/m3,,USPA-0254,2023-06-16,0.06,0.058922558923,6974,USPA,34.199433,-118.17317,366.0,USPA-0254,2023,6,16,9.0,2023,6,17,9.0,24.0,28203,EC PM2.5,0.06,Micrograms per cubic meter (ug/m3),,0.0589225589225589,,218,AirPhoton SS5i Sampler with BGI cyclone inlet and 25mm stretched Teflon filter,FTIR,Ambient local,,/Users/ahmadjalil/github/aethmodular/research/filter_combine/FilterBased_ChemSpecPM25_USPA.csv,8d1e40d2a272970c02d9d5acef313f6579d1e36161fcf30316a4ae5653600418,"# File Updated: 2025-07-29
# Data version 3.0
# Site: Pasadena, United States",USPA-0254,ChemSpec_218,True,True,both competing concentration values already present in earlier CSV; upstream role unresolved,False,c91542c705254dd7e7e7271bc36789388d225dc3,a6fda4ea34e7c6d5f3c058ccd56e23d36c2afe07fee3dd8ee9072a80eeae197f
40090,USPA,34.199433,-118.17317,,USPA-0256,2023-06-19,PM2.5,,,,ChemSpec_218,,,ChemSpec_EC_PM2.5,,0.36,0.061282932416953,,,ChemSpec,ug/m3,ug/m3,,USPA-0256,2023-06-19,0.36,0.061282932417,7014,USPA,34.199433,-118.17317,366.0,USPA-0256,2023,6,19,9.0,2023,6,20,9.0,24.0,28203,EC PM2.5,0.36,Micrograms per cubic meter (ug/m3),,0.061282932416953,,218,AirPhoton SS5i Sampler with BGI cyclone inlet and 25mm stretched Teflon filter,FTIR,Ambient local,,/Users/ahmadjalil/github/aethmodular/research/filter_combine/FilterBased_ChemSpecPM25_USPA.csv,8d1e40d2a272970c02d9d5acef313f6579d1e36161fcf30316a4ae5653600418,"# File Updated: 2025-07-29
# Data version 3.0
# Site: Pasadena, United States",USPA-0256,ChemSpec_218,True,True,both competing concentration values already present in earlier CSV; upstream role unresolved,False,c91542c705254dd7e7e7271bc36789388d225dc3,a6fda4ea34e7c6d5f3c058ccd56e23d36c2afe07fee3dd8ee9072a80eeae197f
40091,USPA,34.199433,-118.17317,,USPA-0256,2023-06-19,PM2.5,,,,ChemSpec_218,,,ChemSpec_EC_PM2.5,,0.06,0.061282932416953,,,ChemSpec,ug/m3,ug/m3,,USPA-0256,2023-06-19,0.06,0.061282932417,7015,USPA,34.199433,-118.17317,366.0,USPA-0256,2023,6,19,9.0,2023,6,20,9.0,24.0,28203,EC PM2.5,0.06,Micrograms per cubic meter (ug/m3),,0.061282932416953,,218,AirPhoton SS5i Sampler with BGI cyclone inlet and 25mm stretched Teflon filter,FTIR,Ambient local,,/Users/ahmadjalil/github/aethmodular/research/filter_combine/FilterBased_ChemSpecPM25_USPA.csv,8d1e40d2a272970c02d9d5acef313f6579d1e36161fcf30316a4ae5653600418,"# File Updated: 2025-07-29
# Data version 3.0
# Site: Pasadena, United States",USPA-0256,ChemSpec_218,True,True,both competing concentration values already present in earlier CSV; upstream role unresolved,False,c91542c705254dd7e7e7271bc36789388d225dc3,a6fda4ea34e7c6d5f3c058ccd56e23d36c2afe07fee3dd8ee9072a80eeae197f
40148,USPA,34.199433,-118.17317,,USPA-0257,2023-06-23,PM2.5,,,,ChemSpec_218,,,ChemSpec_EC_PM2.5,,0.51,0.0589225589225589,,,ChemSpec,ug/m3,ug/m3,,USPA-0257,2023-06-23,0.51,0.058922558923,7055,USPA,34.199433,-118.17317,366.0,USPA-0257,2023,6,23,9.0,2023,6,24,9.0,24.0,28203,EC PM2.5,0.51,Micrograms per cubic meter (ug/m3),,0.0589225589225589,,218,AirPhoton SS5i Sampler with BGI cyclone inlet and 25mm stretched Teflon filter,FTIR,Ambient local,,/Users/ahmadjalil/github/aethmodular/research/filter_combine/FilterBased_ChemSpecPM25_USPA.csv,8d1e40d2a272970c02d9d5acef313f6579d1e36161fcf30316a4ae5653600418,"# File Updated: 2025-07-29
# Data version 3.0
# Site: Pasadena, United States",USPA-0257,ChemSpec_218,True,True,both competing concentration values already present in earlier CSV; upstream role unresolved,False,c91542c705254dd7e7e7271bc36789388d225dc3,a6fda4ea34e7c6d5f3c058ccd56e23d36c2afe07fee3dd8ee9072a80eeae197f
40149,USPA,34.199433,-118.17317,,USPA-0257,2023-06-23,PM2.5,,,,ChemSpec_218,,,ChemSpec_EC_PM2.5,,0.06,0.0589225589225589,,,ChemSpec,ug/m3,ug/m3,,USPA-0257,2023-06-23,0.06,0.058922558923,7056,USPA,34.199433,-118.17317,366.0,USPA-0257,2023,6,23,9.0,2023,6,24,9.0,24.0,28203,EC PM2.5,0.06,Micrograms per cubic meter (ug/m3),,0.0589225589225589,,218,AirPhoton SS5i Sampler with BGI cyclone inlet and 25mm stretched Teflon filter,FTIR,Ambient local,,/Users/ahmadjalil/github/aethmodular/research/filter_combine/FilterBased_ChemSpecPM25_USPA.csv,8d1e40d2a272970c02d9d5acef313f6579d1e36161fcf30316a4ae5653600418,"# File Updated: 2025-07-29
# Data version 3.0
# Site: Pasadena, United States",USPA-0257,ChemSpec_218,True,True,both competing concentration values already present in earlier CSV; upstream role unresolved,False,c91542c705254dd7e7e7271bc36789388d225dc3,a6fda4ea34e7c6d5f3c058ccd56e23d36c2afe07fee3dd8ee9072a80eeae197f
40206,USPA,34.199433,-118.17317,,USPA-0258,2023-06-26,PM2.5,,,,ChemSpec_218,,,ChemSpec_EC_PM2.5,,0.52,0.0589225589225589,,,ChemSpec,ug/m3,ug/m3,,USPA-0258,2023-06-26,0.52,0.058922558923,7096,USPA,34.199433,-118.17317,366.0,USPA-0258,2023,6,26,9.0,2023,6,27,9.0,24.0,28203,EC PM2.5,0.52,Micrograms per cubic meter (ug/m3),,0.0589225589225589,,218,AirPhoton SS5i Sampler with BGI cyclone inlet and 25mm stretched Teflon filter,FTIR,Ambient local,,/Users/ahmadjalil/github/aethmodular/research/filter_combine/FilterBased_ChemSpecPM25_USPA.csv,8d1e40d2a272970c02d9d5acef313f6579d1e36161fcf30316a4ae5653600418,"# File Updated: 2025-07-29
# Data version 3.0
# Site: Pasadena, United States",USPA-0258,ChemSpec_218,True,True,both competing concentration values already present in earlier CSV; upstream role unresolved,False,c91542c705254dd7e7e7271bc36789388d225dc3,a6fda4ea34e7c6d5f3c058ccd56e23d36c2afe07fee3dd8ee9072a80eeae197f
40207,USPA,34.199433,-118.17317,,USPA-0258,2023-06-26,PM2.5,,,,ChemSpec_218,,,ChemSpec_EC_PM2.5,,0.06,0.0589225589225589,,,ChemSpec,ug/m3,ug/m3,,USPA-0258,2023-06-26,0.06,0.058922558923,7097,USPA,34.199433,-118.17317,366.0,USPA-0258,2023,6,26,9.0,2023,6,27,9.0,24.0,28203,EC PM2.5,0.06,Micrograms per cubic meter (ug/m3),,0.0589225589225589,,218,AirPhoton SS5i Sampler with BGI cyclone inlet and 25mm stretched Teflon filter,FTIR,Ambient local,,/Users/ahmadjalil/github/aethmodular/research/filter_combine/FilterBased_ChemSpecPM25_USPA.csv,8d1e40d2a272970c02d9d5acef313f6579d1e36161fcf30316a4ae5653600418,"# File Updated: 2025-07-29
# Data version 3.0
# Site: Pasadena, United States",USPA-0258,ChemSpec_218,True,True,both competing concentration values already present in earlier CSV; upstream role unresolved,False,c91542c705254dd7e7e7271bc36789388d225dc3,a6fda4ea34e7c6d5f3c058ccd56e23d36c2afe07fee3dd8ee9072a80eeae197f
40264,USPA,34.199433,-118.17317,,USPA-0259,2023-06-29,PM2.5,,,,ChemSpec_218,,,ChemSpec_EC_PM2.5,,0.59,0.0589225589225589,,,ChemSpec,ug/m3,ug/m3,,USPA-0259,2023-06-29,0.59,0.058922558923,7136,USPA,34.199433,-118.17317,366.0,USPA-0259,2023,6,29,9.0,2023,6,30,9.0,24.0,28203,EC PM2.5,0.59,Micrograms per cubic meter (ug/m3),,0.0589225589225589,,218,AirPhoton SS5i Sampler with BGI cyclone inlet and 25mm stretched Teflon filter,FTIR,Ambient local,,/Users/ahmadjalil/github/aethmodular/research/filter_combine/FilterBased_ChemSpecPM25_USPA.csv,8d1e40d2a272970c02d9d5acef313f6579d1e36161fcf30316a4ae5653600418,"# File Updated: 2025-07-29
# Data version 3.0
# Site: Pasadena, United States",USPA-0259,ChemSpec_218,True,True,both competing concentration values already present in earlier CSV; upstream role unresolved,False,c91542c705254dd7e7e7271bc36789388d225dc3,a6fda4ea34e7c6d5f3c058ccd56e23d36c2afe07fee3dd8ee9072a80eeae197f
40265,USPA,34.199433,-118.17317,,USPA-0259,2023-06-29,PM2.5,,,,ChemSpec_218,,,ChemSpec_EC_PM2.5,,0.06,0.0589225589225589,,,ChemSpec,ug/m3,ug/m3,,USPA-0259,2023-06-29,0.06,0.058922558923,7137,USPA,34.199433,-118.17317,366.0,USPA-0259,2023,6,29,9.0,2023,6,30,9.0,24.0,28203,EC PM2.5,0.06,Micrograms per cubic meter (ug/m3),,0.0589225589225589,,218,AirPhoton SS5i Sampler with BGI cyclone inlet and 25mm stretched Teflon filter,FTIR,Ambient local,,/Users/ahmadjalil/github/aethmodular/research/filter_combine/FilterBased_ChemSpecPM25_USPA.csv,8d1e40d2a272970c02d9d5acef313f6579d1e36161fcf30316a4ae5653600418,"# File Updated: 2025-07-29
# Data version 3.0
# Site: Pasadena, United States",USPA-0259,ChemSpec_218,True,True,both competing concentration values already present in earlier CSV; upstream role unresolved,False,c91542c705254dd7e7e7271bc36789388d225dc3,a6fda4ea34e7c6d5f3c058ccd56e23d36c2afe07fee3dd8ee9072a80eeae197f
40319,USPA,34.199433,-118.17317,,USPA-0260,2023-07-02,PM2.5,,,,ChemSpec_218,,,ChemSpec_EC_PM2.5,,0.72,0.0589225589225589,,,ChemSpec,ug/m3,ug/m3,,USPA-0260,2023-07-02,0.72,0.058922558923,7169,USPA,34.199433,-118.17317,366.0,USPA-0260,2023,7,2,9.0,2023,7,3,9.0,24.0,28203,EC PM2.5,0.72,Micrograms per cubic meter (ug/m3),,0.0589225589225589,,218,AirPhoton SS5i Sampler with BGI cyclone inlet and 25mm stretched Teflon filter,FTIR,Ambient local,,/Users/ahmadjalil/github/aethmodular/research/filter_combine/FilterBased_ChemSpecPM25_USPA.csv,8d1e40d2a272970c02d9d5acef313f6579d1e36161fcf30316a4ae5653600418,"# File Updated: 2025-07-29
# Data version 3.0
# Site: Pasadena, United States",USPA-0260,ChemSpec_218,True,True,both competing concentration values already present in earlier CSV; upstream role unresolved,False,c91542c705254dd7e7e7271bc36789388d225dc3,a6fda4ea34e7c6d5f3c058ccd56e23d36c2afe07fee3dd8ee9072a80eeae197f
40320,USPA,34.199433,-118.17317,,USPA-0260,2023-07-02,PM2.5,,,,ChemSpec_218,,,ChemSpec_EC_PM2.5,,0.06,0.0589225589225589,,,ChemSpec,ug/m3,ug/m3,,USPA-0260,2023-07-02,0.06,0.058922558923,7170,USPA,34.199433,-118.17317,366.0,USPA-0260,2023,7,2,9.0,2023,7,3,9.0,24.0,28203,EC PM2.5,0.06,Micrograms per cubic meter (ug/m3),,0.0589225589225589,,218,AirPhoton SS5i Sampler with BGI cyclone inlet and 25mm stretched Teflon filter,FTIR,Ambient local,,/Users/ahmadjalil/github/aethmodular/research/filter_combine/FilterBased_ChemSpecPM25_USPA.csv,8d1e40d2a272970c02d9d5acef313f6579d1e36161fcf30316a4ae5653600418,"# File Updated: 2025-07-29
# Data version 3.0
# Site: Pasadena, United States",USPA-0260,ChemSpec_218,True,True,both competing concentration values already present in earlier CSV; upstream role unresolved,False,c91542c705254dd7e7e7271bc36789388d225dc3,a6fda4ea34e7c6d5f3c058ccd56e23d36c2afe07fee3dd8ee9072a80eeae197f
40371,USPA,34.199433,-118.17317,,USPA-0261,2023-07-05,PM2.5,,,,ChemSpec_218,,,ChemSpec_EC_PM2.5,,1.14,0.0589225589225589,,,ChemSpec,ug/m3,ug/m3,,USPA-0261,2023-07-05,1.14,0.058922558923,7210,USPA,34.199433,-118.17317,366.0,USPA-0261,2023,7,5,9.0,2023,7,6,9.0,24.0,28203,EC PM2.5,1.14,Micrograms per cubic meter (ug/m3),,0.0589225589225589,,218,AirPhoton SS5i Sampler with BGI cyclone inlet and 25mm stretched Teflon filter,FTIR,Ambient local,,/Users/ahmadjalil/github/aethmodular/research/filter_combine/FilterBased_ChemSpecPM25_USPA.csv,8d1e40d2a272970c02d9d5acef313f6579d1e36161fcf30316a4ae5653600418,"# File Updated: 2025-07-29
# Data version 3.0
# Site: Pasadena, United States",USPA-0261,ChemSpec_218,True,True,both competing concentration values already present in earlier CSV; upstream role unresolved,False,c91542c705254dd7e7e7271bc36789388d225dc3,a6fda4ea34e7c6d5f3c058ccd56e23d36c2afe07fee3dd8ee9072a80eeae197f
40372,USPA,34.199433,-118.17317,,USPA-0261,2023-07-05,PM2.5,,,,ChemSpec_218,,,ChemSpec_EC_PM2.5,,0.06,0.0589225589225589,,,ChemSpec,ug/m3,ug/m3,,USPA-0261,2023-07-05,0.06,0.058922558923,7211,USPA,34.199433,-118.17317,366.0,USPA-0261,2023,7,5,9.0,2023,7,6,9.0,24.0,28203,EC PM2.5,0.06,Micrograms per cubic meter (ug/m3),,0.0589225589225589,,218,AirPhoton SS5i Sampler with BGI cyclone inlet and 25mm stretched Teflon filter,FTIR,Ambient local,,/Users/ahmadjalil/github/aethmodular/research/filter_combine/FilterBased_ChemSpecPM25_USPA.csv,8d1e40d2a272970c02d9d5acef313f6579d1e36161fcf30316a4ae5653600418,"# File Updated: 2025-07-29
# Data version 3.0
# Site: Pasadena, United States",USPA-0261,ChemSpec_218,True,True,both competing concentration values already present in earlier CSV; upstream role unresolved,False,c91542c705254dd7e7e7271bc36789388d225dc3,a6fda4ea34e7c6d5f3c058ccd56e23d36c2afe07fee3dd8ee9072a80eeae197f
40429,USPA,34.199433,-118.17317,,USPA-0262,2023-07-08,PM2.5,,,,ChemSpec_218,,,ChemSpec_EC_PM2.5,,0.68,0.0589225589225589,,,ChemSpec,ug/m3,ug/m3,,USPA-0262,2023-07-08,0.68,0.058922558923,7251,USPA,34.199433,-118.17317,366.0,USPA-0262,2023,7,8,9.0,2023,7,9,9.0,24.0,28203,EC PM2.5,0.68,Micrograms per cubic meter (ug/m3),,0.0589225589225589,,218,AirPhoton SS5i Sampler with BGI cyclone inlet and 25mm stretched Teflon filter,FTIR,Ambient local,,/Users/ahmadjalil/github/aethmodular/research/filter_combine/FilterBased_ChemSpecPM25_USPA.csv,8d1e40d2a272970c02d9d5acef313f6579d1e36161fcf30316a4ae5653600418,"# File Updated: 2025-07-29
# Data version 3.0
# Site: Pasadena, United States",USPA-0262,ChemSpec_218,True,True,both competing concentration values already present in earlier CSV; upstream role unresolved,False,c91542c705254dd7e7e7271bc36789388d225dc3,a6fda4ea34e7c6d5f3c058ccd56e23d36c2afe07fee3dd8ee9072a80eeae197f
40430,USPA,34.199433,-118.17317,,USPA-0262,2023-07-08,PM2.5,,,,ChemSpec_218,,,ChemSpec_EC_PM2.5,,0.06,0.0589225589225589,,,ChemSpec,ug/m3,ug/m3,,USPA-0262,2023-07-08,0.06,0.058922558923,7252,USPA,34.199433,-118.17317,366.0,USPA-0262,2023,7,8,9.0,2023,7,9,9.0,24.0,28203,EC PM2.5,0.06,Micrograms per cubic meter (ug/m3),,0.0589225589225589,,218,AirPhoton SS5i Sampler with BGI cyclone inlet and 25mm stretched Teflon filter,FTIR,Ambient local,,/Users/ahmadjalil/github/aethmodular/research/filter_combine/FilterBased_ChemSpecPM25_USPA.csv,8d1e40d2a272970c02d9d5acef313f6579d1e36161fcf30316a4ae5653600418,"# File Updated: 2025-07-29
# Data version 3.0
# Site: Pasadena, United States",USPA-0262,ChemSpec_218,True,True,both competing concentration values already present in earlier CSV; upstream role unresolved,False,c91542c705254dd7e7e7271bc36789388d225dc3,a6fda4ea34e7c6d5f3c058ccd56e23d36c2afe07fee3dd8ee9072a80eeae197f
40501,USPA,34.199433,-118.17317,,USPA-0264,2023-07-11,PM2.5,,,,ChemSpec_218,,,ChemSpec_EC_PM2.5,,0.52,0.0589225589225589,,,ChemSpec,ug/m3,ug/m3,,USPA-0264,2023-07-11,0.52,0.058922558923,7292,USPA,34.199433,-118.17317,366.0,USPA-0264,2023,7,11,9.0,2023,7,12,9.0,24.0,28203,EC PM2.5,0.52,Micrograms per cubic meter (ug/m3),,0.0589225589225589,,218,AirPhoton SS5i Sampler with BGI cyclone inlet and 25mm stretched Teflon filter,FTIR,Ambient local,,/Users/ahmadjalil/github/aethmodular/research/filter_combine/FilterBased_ChemSpecPM25_USPA.csv,8d1e40d2a272970c02d9d5acef313f6579d1e36161fcf30316a4ae5653600418,"# File Updated: 2025-07-29
# Data version 3.0
# Site: Pasadena, United States",USPA-0264,ChemSpec_218,True,True,both competing concentration values already present in earlier CSV; upstream role unresolved,False,c91542c705254dd7e7e7271bc36789388d225dc3,a6fda4ea34e7c6d5f3c058ccd56e23d36c2afe07fee3dd8ee9072a80eeae197f
40502,USPA,34.199433,-118.17317,,USPA-0264,2023-07-11,PM2.5,,,,ChemSpec_218,,,ChemSpec_EC_PM2.5,,0.06,0.0589225589225589,,,ChemSpec,ug/m3,ug/m3,,USPA-0264,2023-07-11,0.06,0.058922558923,7293,USPA,34.199433,-118.17317,366.0,USPA-0264,2023,7,11,9.0,2023,7,12,9.0,24.0,28203,EC PM2.5,0.06,Micrograms per cubic meter (ug/m3),,0.0589225589225589,,218,AirPhoton SS5i Sampler with BGI cyclone inlet and 25mm stretched Teflon filter,FTIR,Ambient local,,/Users/ahmadjalil/github/aethmodular/research/filter_combine/FilterBased_ChemSpecPM25_USPA.csv,8d1e40d2a272970c02d9d5acef313f6579d1e36161fcf30316a4ae5653600418,"# File Updated: 2025-07-29
# Data version 3.0
# Site: Pasadena, United States",USPA-0264,ChemSpec_218,True,True,both competing concentration values already present in earlier CSV; upstream role unresolved,False,c91542c705254dd7e7e7271bc36789388d225dc3,a6fda4ea34e7c6d5f3c058ccd56e23d36c2afe07fee3dd8ee9072a80eeae197f
40559,USPA,34.199433,-118.17317,,USPA-0265,2023-07-14,PM2.5,,,,ChemSpec_218,,,ChemSpec_EC_PM2.5,,0.71,0.0565181518151815,,,ChemSpec,ug/m3,ug/m3,,USPA-0265,2023-07-14,0.71,0.056518151815,7332,USPA,34.199433,-118.17317,366.0,USPA-0265,2023,7,14,9.0,2023,7,15,9.0,24.0,28203,EC PM2.5,0.71,Micrograms per cubic meter (ug/m3),,0.0565181518151815,,218,AirPhoton SS5i Sampler with BGI cyclone inlet and 25mm stretched Teflon filter,FTIR,Ambient local,,/Users/ahmadjalil/github/aethmodular/research/filter_combine/FilterBased_ChemSpecPM25_USPA.csv,8d1e40d2a272970c02d9d5acef313f6579d1e36161fcf30316a4ae5653600418,"# File Updated: 2025-07-29
# Data version 3.0
# Site: Pasadena, United States",USPA-0265,ChemSpec_218,True,True,both competing concentration values already present in earlier CSV; upstream role unresolved,False,c91542c705254dd7e7e7271bc36789388d225dc3,a6fda4ea34e7c6d5f3c058ccd56e23d36c2afe07fee3dd8ee9072a80eeae197f
40560,USPA,34.199433,-118.17317,,USPA-0265,2023-07-14,PM2.5,,,,ChemSpec_218,,,ChemSpec_EC_PM2.5,,0.06,0.0565181518151815,,,ChemSpec,ug/m3,ug/m3,,USPA-0265,2023-07-14,0.06,0.056518151815,7333,USPA,34.199433,-118.17317,366.0,USPA-0265,2023,7,14,9.0,2023,7,15,9.0,24.0,28203,EC PM2.5,0.06,Micrograms per cubic meter (ug/m3),,0.0565181518151815,,218,AirPhoton SS5i Sampler with BGI cyclone inlet and 25mm stretched Teflon filter,FTIR,Ambient local,,/Users/ahmadjalil/github/aethmodular/research/filter_combine/FilterBased_ChemSpecPM25_USPA.csv,8d1e40d2a272970c02d9d5acef313f6579d1e36161fcf30316a4ae5653600418,"# File Updated: 2025-07-29
# Data version 3.0
# Site: Pasadena, United States",USPA-0265,ChemSpec_218,True,True,both competing concentration values already present in earlier CSV; upstream role unresolved,False,c91542c705254dd7e7e7271bc36789388d225dc3,a6fda4ea34e7c6d5f3c058ccd56e23d36c2afe07fee3dd8ee9072a80eeae197f
40616,USPA,34.199433,-118.17317,,USPA-0266,2023-07-17,PM2.5,,,,ChemSpec_218,,,ChemSpec_EC_PM2.5,,0.68,0.0565181518151815,,,ChemSpec,ug/m3,ug/m3,,USPA-0266,2023-07-17,0.68,0.056518151815,7372,USPA,34.199433,-118.17317,366.0,USPA-0266,2023,7,17,9.0,2023,7,18,9.0,24.0,28203,EC PM2.5,0.68,Micrograms per cubic meter (ug/m3),,0.0565181518151815,,218,AirPhoton SS5i Sampler with BGI cyclone inlet and 25mm stretched Teflon filter,FTIR,Ambient local,,/Users/ahmadjalil/github/aethmodular/research/filter_combine/FilterBased_ChemSpecPM25_USPA.csv,8d1e40d2a272970c02d9d5acef313f6579d1e36161fcf30316a4ae5653600418,"# File Updated: 2025-07-29
# Data version 3.0
# Site: Pasadena, United States",USPA-0266,ChemSpec_218,True,True,both competing concentration values already present in earlier CSV; upstream role unresolved,False,c91542c705254dd7e7e7271bc36789388d225dc3,a6fda4ea34e7c6d5f3c058ccd56e23d36c2afe07fee3dd8ee9072a80eeae197f
40617,USPA,34.199433,-118.17317,,USPA-0266,2023-07-17,PM2.5,,,,ChemSpec_218,,,ChemSpec_EC_PM2.5,,0.06,0.0565181518151815,,,ChemSpec,ug/m3,ug/m3,,USPA-0266,2023-07-17,0.06,0.056518151815,7373,USPA,34.199433,-118.17317,366.0,USPA-0266,2023,7,17,9.0,2023,7,18,9.0,24.0,28203,EC PM2.5,0.06,Micrograms per cubic meter (ug/m3),,0.0565181518151815,,218,AirPhoton SS5i Sampler with BGI cyclone inlet and 25mm stretched Teflon filter,FTIR,Ambient local,,/Users/ahmadjalil/github/aethmodular/research/filter_combine/FilterBased_ChemSpecPM25_USPA.csv,8d1e40d2a272970c02d9d5acef313f6579d1e36161fcf30316a4ae5653600418,"# File Updated: 2025-07-29
# Data version 3.0
# Site: Pasadena, United States",USPA-0266,ChemSpec_218,True,True,both competing concentration values already present in earlier CSV; upstream role unresolved,False,c91542c705254dd7e7e7271bc36789388d225dc3,a6fda4ea34e7c6d5f3c058ccd56e23d36c2afe07fee3dd8ee9072a80eeae197f
40673,USPA,34.199433,-118.17317,,USPA-0267,2023-07-20,PM2.5,,,,ChemSpec_218,,,ChemSpec_EC_PM2.5,,0.58,0.0565181518151815,,,ChemSpec,ug/m3,ug/m3,,USPA-0267,2023-07-20,0.58,0.056518151815,7412,USPA,34.199433,-118.17317,366.0,USPA-0267,2023,7,20,9.0,2023,7,21,9.0,24.0,28203,EC PM2.5,0.58,Micrograms per cubic meter (ug/m3),,0.0565181518151815,,218,AirPhoton SS5i Sampler with BGI cyclone inlet and 25mm stretched Teflon filter,FTIR,Ambient local,,/Users/ahmadjalil/github/aethmodular/research/filter_combine/FilterBased_ChemSpecPM25_USPA.csv,8d1e40d2a272970c02d9d5acef313f6579d1e36161fcf30316a4ae5653600418,"# File Updated: 2025-07-29
# Data version 3.0
# Site: Pasadena, United States",USPA-0267,ChemSpec_218,True,True,both competing concentration values already present in earlier CSV; upstream role unresolved,False,c91542c705254dd7e7e7271bc36789388d225dc3,a6fda4ea34e7c6d5f3c058ccd56e23d36c2afe07fee3dd8ee9072a80eeae197f
40674,USPA,34.199433,-118.17317,,USPA-0267,2023-07-20,PM2.5,,,,ChemSpec_218,,,ChemSpec_EC_PM2.5,,0.06,0.0565181518151815,,,ChemSpec,ug/m3,ug/m3,,USPA-0267,2023-07-20,0.06,0.056518151815,7413,USPA,34.199433,-118.17317,366.0,USPA-0267,2023,7,20,9.0,2023,7,21,9.0,24.0,28203,EC PM2.5,0.06,Micrograms per cubic meter (ug/m3),,0.0565181518151815,,218,AirPhoton SS5i Sampler with BGI cyclone inlet and 25mm stretched Teflon filter,FTIR,Ambient local,,/Users/ahmadjalil/github/aethmodular/research/filter_combine/FilterBased_ChemSpecPM25_USPA.csv,8d1e40d2a272970c02d9d5acef313f6579d1e36161fcf30316a4ae5653600418,"# File Updated: 2025-07-29
# Data version 3.0
# Site: Pasadena, United States",USPA-0267,ChemSpec_218,True,True,both competing concentration values already present in earlier CSV; upstream role unresolved,False,c91542c705254dd7e7e7271bc36789388d225dc3,a6fda4ea34e7c6d5f3c058ccd56e23d36c2afe07fee3dd8ee9072a80eeae197f
40730,USPA,34.199433,-118.17317,,USPA-0268,2023-07-23,PM2.5,,,,ChemSpec_218,,,ChemSpec_EC_PM2.5,,0.66,0.0565181518151815,,,ChemSpec,ug/m3,ug/m3,,USPA-0268,2023-07-23,0.66,0.056518151815,7450,USPA,34.199433,-118.17317,366.0,USPA-0268,2023,7,23,9.0,2023,7,24,9.0,24.0,28203,EC PM2.5,0.66,Micrograms per cubic meter (ug/m3),,0.0565181518151815,,218,AirPhoton SS5i Sampler with BGI cyclone inlet and 25mm stretched Teflon filter,FTIR,Ambient local,,/Users/ahmadjalil/github/aethmodular/research/filter_combine/FilterBased_ChemSpecPM25_USPA.csv,8d1e40d2a272970c02d9d5acef313f6579d1e36161fcf30316a4ae5653600418,"# File Updated: 2025-07-29
# Data version 3.0
# Site: Pasadena, United States",USPA-0268,ChemSpec_218,True,True,both competing concentration values already present in earlier CSV; upstream role unresolved,False,c91542c705254dd7e7e7271bc36789388d225dc3,a6fda4ea34e7c6d5f3c058ccd56e23d36c2afe07fee3dd8ee9072a80eeae197f
40731,USPA,34.199433,-118.17317,,USPA-0268,2023-07-23,PM2.5,,,,ChemSpec_218,,,ChemSpec_EC_PM2.5,,0.06,0.0565181518151815,,,ChemSpec,ug/m3,ug/m3,,USPA-0268,2023-07-23,0.06,0.056518151815,7451,USPA,34.199433,-118.17317,366.0,USPA-0268,2023,7,23,9.0,2023,7,24,9.0,24.0,28203,EC PM2.5,0.06,Micrograms per cubic meter (ug/m3),,0.0565181518151815,,218,AirPhoton SS5i Sampler with BGI cyclone inlet and 25mm stretched Teflon filter,FTIR,Ambient local,,/Users/ahmadjalil/github/aethmodular/research/filter_combine/FilterBased_ChemSpecPM25_USPA.csv,8d1e40d2a272970c02d9d5acef313f6579d1e36161fcf30316a4ae5653600418,"# File Updated: 2025-07-29
# Data version 3.0
# Site: Pasadena, United States",USPA-0268,ChemSpec_218,True,True,both competing concentration values already present in earlier CSV; upstream role unresolved,False,c91542c705254dd7e7e7271bc36789388d225dc3,a6fda4ea34e7c6d5f3c058ccd56e23d36c2afe07fee3dd8ee9072a80eeae197f
40785,USPA,34.199433,-118.17317,,USPA-0269,2023-07-26,PM2.5,,,,ChemSpec_218,,,ChemSpec_EC_PM2.5,,0.52,0.0565181518151815,,,ChemSpec,ug/m3,ug/m3,,USPA-0269,2023-07-26,0.52,0.056518151815,7490,USPA,34.199433,-118.17317,366.0,USPA-0269,2023,7,26,9.0,2023,7,27,9.0,24.0,28203,EC PM2.5,0.52,Micrograms per cubic meter (ug/m3),,0.0565181518151815,,218,AirPhoton SS5i Sampler with BGI cyclone inlet and 25mm stretched Teflon filter,FTIR,Ambient local,,/Users/ahmadjalil/github/aethmodular/research/filter_combine/FilterBased_ChemSpecPM25_USPA.csv,8d1e40d2a272970c02d9d5acef313f6579d1e36161fcf30316a4ae5653600418,"# File Updated: 2025-07-29
# Data version 3.0
# Site: Pasadena, United States",USPA-0269,ChemSpec_218,True,True,both competing concentration values already present in earlier CSV; upstream role unresolved,False,c91542c705254dd7e7e7271bc36789388d225dc3,a6fda4ea34e7c6d5f3c058ccd56e23d36c2afe07fee3dd8ee9072a80eeae197f
40786,USPA,34.199433,-118.17317,,USPA-0269,2023-07-26,PM2.5,,,,ChemSpec_218,,,ChemSpec_EC_PM2.5,,0.06,0.0565181518151815,,,ChemSpec,ug/m3,ug/m3,,USPA-0269,2023-07-26,0.06,0.056518151815,7491,USPA,34.199433,-118.17317,366.0,USPA-0269,2023,7,26,9.0,2023,7,27,9.0,24.0,28203,EC PM2.5,0.06,Micrograms per cubic meter (ug/m3),,0.0565181518151815,,218,AirPhoton SS5i Sampler with BGI cyclone inlet and 25mm stretched Teflon filter,FTIR,Ambient local,,/Users/ahmadjalil/github/aethmodular/research/filter_combine/FilterBased_ChemSpecPM25_USPA.csv,8d1e40d2a272970c02d9d5acef313f6579d1e36161fcf30316a4ae5653600418,"# File Updated: 2025-07-29
# Data version 3.0
# Site: Pasadena, United States",USPA-0269,ChemSpec_218,True,True,both competing concentration values already present in earlier CSV; upstream role unresolved,False,c91542c705254dd7e7e7271bc36789388d225dc3,a6fda4ea34e7c6d5f3c058ccd56e23d36c2afe07fee3dd8ee9072a80eeae197f
40842,USPA,34.199433,-118.17317,,USPA-0270,2023-07-29,PM2.5,,,,ChemSpec_218,,,ChemSpec_EC_PM2.5,,0.63,0.0565181518151815,,,ChemSpec,ug/m3,ug/m3,,USPA-0270,2023-07-29,0.63,0.056518151815,7529,USPA,34.199433,-118.17317,366.0,USPA-0270,2023,7,29,9.0,2023,7,30,9.0,24.0,28203,EC PM2.5,0.63,Micrograms per cubic meter (ug/m3),,0.0565181518151815,,218,AirPhoton SS5i Sampler with BGI cyclone inlet and 25mm stretched Teflon filter,FTIR,Ambient local,,/Users/ahmadjalil/github/aethmodular/research/filter_combine/FilterBased_ChemSpecPM25_USPA.csv,8d1e40d2a272970c02d9d5acef313f6579d1e36161fcf30316a4ae5653600418,"# File Updated: 2025-07-29
# Data version 3.0
# Site: Pasadena, United States",USPA-0270,ChemSpec_218,True,True,both competing concentration values already present in earlier CSV; upstream role unresolved,False,c91542c705254dd7e7e7271bc36789388d225dc3,a6fda4ea34e7c6d5f3c058ccd56e23d36c2afe07fee3dd8ee9072a80eeae197f
40843,USPA,34.199433,-118.17317,,USPA-0270,2023-07-29,PM2.5,,,,ChemSpec_218,,,ChemSpec_EC_PM2.5,,0.06,0.0565181518151815,,,ChemSpec,ug/m3,ug/m3,,USPA-0270,2023-07-29,0.06,0.056518151815,7530,USPA,34.199433,-118.17317,366.0,USPA-0270,2023,7,29,9.0,2023,7,30,9.0,24.0,28203,EC PM2.5,0.06,Micrograms per cubic meter (ug/m3),,0.0565181518151815,,218,AirPhoton SS5i Sampler with BGI cyclone inlet and 25mm stretched Teflon filter,FTIR,Ambient local,,/Users/ahmadjalil/github/aethmodular/research/filter_combine/FilterBased_ChemSpecPM25_USPA.csv,8d1e40d2a272970c02d9d5acef313f6579d1e36161fcf30316a4ae5653600418,"# File Updated: 2025-07-29
# Data version 3.0
# Site: Pasadena, United States",USPA-0270,ChemSpec_218,True,True,both competing concentration values already present in earlier CSV; upstream role unresolved,False,c91542c705254dd7e7e7271bc36789388d225dc3,a6fda4ea34e7c6d5f3c058ccd56e23d36c2afe07fee3dd8ee9072a80eeae197f
40912,USPA,34.199433,-118.17317,,USPA-0272,2023-08-01,PM2.5,,,,ChemSpec_218,,,ChemSpec_EC_PM2.5,,0.49,0.0577777777777777,,,ChemSpec,ug/m3,ug/m3,,USPA-0272,2023-08-01,0.49,0.057777777778,7569,USPA,34.199433,-118.17317,366.0,USPA-0272,2023,8,1,9.0,2023,8,2,9.0,24.0,28203,EC PM2.5,0.49,Micrograms per cubic meter (ug/m3),,0.0577777777777777,,218,AirPhoton SS5i Sampler with BGI cyclone inlet and 25mm stretched Teflon filter,FTIR,Ambient local,,/Users/ahmadjalil/github/aethmodular/research/filter_combine/FilterBased_ChemSpecPM25_USPA.csv,8d1e40d2a272970c02d9d5acef313f6579d1e36161fcf30316a4ae5653600418,"# File Updated: 2025-07-29
# Data version 3.0
# Site: Pasadena, United States",USPA-0272,ChemSpec_218,True,True,both competing concentration values already present in earlier CSV; upstream role unresolved,False,c91542c705254dd7e7e7271bc36789388d225dc3,a6fda4ea34e7c6d5f3c058ccd56e23d36c2afe07fee3dd8ee9072a80eeae197f
40913,USPA,34.199433,-118.17317,,USPA-0272,2023-08-01,PM2.5,,,,ChemSpec_218,,,ChemSpec_EC_PM2.5,,0.06,0.0577777777777777,,,ChemSpec,ug/m3,ug/m3,,USPA-0272,2023-08-01,0.06,0.057777777778,7570,USPA,34.199433,-118.17317,366.0,USPA-0272,2023,8,1,9.0,2023,8,2,9.0,24.0,28203,EC PM2.5,0.06,Micrograms per cubic meter (ug/m3),,0.0577777777777777,,218,AirPhoton SS5i Sampler with BGI cyclone inlet and 25mm stretched Teflon filter,FTIR,Ambient local,,/Users/ahmadjalil/github/aethmodular/research/filter_combine/FilterBased_ChemSpecPM25_USPA.csv,8d1e40d2a272970c02d9d5acef313f6579d1e36161fcf30316a4ae5653600418,"# File Updated: 2025-07-29
# Data version 3.0
# Site: Pasadena, United States",USPA-0272,ChemSpec_218,True,True,both competing concentration values already present in earlier CSV; upstream role unresolved,False,c91542c705254dd7e7e7271bc36789388d225dc3,a6fda4ea34e7c6d5f3c058ccd56e23d36c2afe07fee3dd8ee9072a80eeae197f
40969,USPA,34.199433,-118.17317,,USPA-0273,2023-08-04,PM2.5,,,,ChemSpec_218,,,ChemSpec_EC_PM2.5,,0.49,0.0594618055555555,,,ChemSpec,ug/m3,ug/m3,,USPA-0273,2023-08-04,0.49,0.059461805556,7610,USPA,34.199433,-118.17317,366.0,USPA-0273,2023,8,4,9.0,2023,8,5,9.0,24.0,28203,EC PM2.5,0.49,Micrograms per cubic meter (ug/m3),,0.0594618055555555,,218,AirPhoton SS5i Sampler with BGI cyclone inlet and 25mm stretched Teflon filter,FTIR,Ambient local,,/Users/ahmadjalil/github/aethmodular/research/filter_combine/FilterBased_ChemSpecPM25_USPA.csv,8d1e40d2a272970c02d9d5acef313f6579d1e36161fcf30316a4ae5653600418,"# File Updated: 2025-07-29
# Data version 3.0
# Site: Pasadena, United States",USPA-0273,ChemSpec_218,True,True,both competing concentration values already present in earlier CSV; upstream role unresolved,False,c91542c705254dd7e7e7271bc36789388d225dc3,a6fda4ea34e7c6d5f3c058ccd56e23d36c2afe07fee3dd8ee9072a80eeae197f
40970,USPA,34.199433,-118.17317,,USPA-0273,2023-08-04,PM2.5,,,,ChemSpec_218,,,ChemSpec_EC_PM2.5,,0.06,0.0594618055555555,,,ChemSpec,ug/m3,ug/m3,,USPA-0273,2023-08-04,0.06,0.059461805556,7611,USPA,34.199433,-118.17317,366.0,USPA-0273,2023,8,4,9.0,2023,8,5,9.0,24.0,28203,EC PM2.5,0.06,Micrograms per cubic meter (ug/m3),,0.0594618055555555,,218,AirPhoton SS5i Sampler with BGI cyclone inlet and 25mm stretched Teflon filter,FTIR,Ambient local,,/Users/ahmadjalil/github/aethmodular/research/filter_combine/FilterBased_ChemSpecPM25_USPA.csv,8d1e40d2a272970c02d9d5acef313f6579d1e36161fcf30316a4ae5653600418,"# File Updated: 2025-07-29
# Data version 3.0
# Site: Pasadena, United States",USPA-0273,ChemSpec_218,True,True,both competing concentration values already present in earlier CSV; upstream role unresolved,False,c91542c705254dd7e7e7271bc36789388d225dc3,a6fda4ea34e7c6d5f3c058ccd56e23d36c2afe07fee3dd8ee9072a80eeae197f
41027,USPA,34.199433,-118.17317,,USPA-0274,2023-08-07,PM2.5,,,,ChemSpec_218,,,ChemSpec_EC_PM2.5,,0.3,0.0594618055555555,,,ChemSpec,ug/m3,ug/m3,,USPA-0274,2023-08-07,0.3,0.059461805556,7651,USPA,34.199433,-118.17317,366.0,USPA-0274,2023,8,7,9.0,2023,8,8,9.0,24.0,28203,EC PM2.5,0.3,Micrograms per cubic meter (ug/m3),,0.0594618055555555,,218,AirPhoton SS5i Sampler with BGI cyclone inlet and 25mm stretched Teflon filter,FTIR,Ambient local,,/Users/ahmadjalil/github/aethmodular/research/filter_combine/FilterBased_ChemSpecPM25_USPA.csv,8d1e40d2a272970c02d9d5acef313f6579d1e36161fcf30316a4ae5653600418,"# File Updated: 2025-07-29
# Data version 3.0
# Site: Pasadena, United States",USPA-0274,ChemSpec_218,True,True,both competing concentration values already present in earlier CSV; upstream role unresolved,False,c91542c705254dd7e7e7271bc36789388d225dc3,a6fda4ea34e7c6d5f3c058ccd56e23d36c2afe07fee3dd8ee9072a80eeae197f
41028,USPA,34.199433,-118.17317,,USPA-0274,2023-08-07,PM2.5,,,,ChemSpec_218,,,ChemSpec_EC_PM2.5,,0.06,0.0594618055555555,,,ChemSpec,ug/m3,ug/m3,,USPA-0274,2023-08-07,0.06,0.059461805556,7652,USPA,34.199433,-118.17317,366.0,USPA-0274,2023,8,7,9.0,2023,8,8,9.0,24.0,28203,EC PM2.5,0.06,Micrograms per cubic meter (ug/m3),,0.0594618055555555,,218,AirPhoton SS5i Sampler with BGI cyclone inlet and 25mm stretched Teflon filter,FTIR,Ambient local,,/Users/ahmadjalil/github/aethmodular/research/filter_combine/FilterBased_ChemSpecPM25_USPA.csv,8d1e40d2a272970c02d9d5acef313f6579d1e36161fcf30316a4ae5653600418,"# File Updated: 2025-07-29
# Data version 3.0
# Site: Pasadena, United States",USPA-0274,ChemSpec_218,True,True,both competing concentration values already present in earlier CSV; upstream role unresolved,False,c91542c705254dd7e7e7271bc36789388d225dc3,a6fda4ea34e7c6d5f3c058ccd56e23d36c2afe07fee3dd8ee9072a80eeae197f
41085,USPA,34.199433,-118.17317,,USPA-0275,2023-08-10,PM2.5,,,,ChemSpec_218,,,ChemSpec_EC_PM2.5,,0.26,0.0594618055555555,,,ChemSpec,ug/m3,ug/m3,,USPA-0275,2023-08-10,0.26,0.059461805556,7692,USPA,34.199433,-118.17317,366.0,USPA-0275,2023,8,10,9.0,2023,8,11,9.0,24.0,28203,EC PM2.5,0.26,Micrograms per cubic meter (ug/m3),,0.0594618055555555,,218,AirPhoton SS5i Sampler with BGI cyclone inlet and 25mm stretched Teflon filter,FTIR,Ambient local,,/Users/ahmadjalil/github/aethmodular/research/filter_combine/FilterBased_ChemSpecPM25_USPA.csv,8d1e40d2a272970c02d9d5acef313f6579d1e36161fcf30316a4ae5653600418,"# File Updated: 2025-07-29
# Data version 3.0
# Site: Pasadena, United States",USPA-0275,ChemSpec_218,True,True,both competing concentration values already present in earlier CSV; upstream role unresolved,False,c91542c705254dd7e7e7271bc36789388d225dc3,a6fda4ea34e7c6d5f3c058ccd56e23d36c2afe07fee3dd8ee9072a80eeae197f
41086,USPA,34.199433,-118.17317,,USPA-0275,2023-08-10,PM2.5,,,,ChemSpec_218,,,ChemSpec_EC_PM2.5,,0.06,0.0594618055555555,,,ChemSpec,ug/m3,ug/m3,,USPA-0275,2023-08-10,0.06,0.059461805556,7693,USPA,34.199433,-118.17317,366.0,USPA-0275,2023,8,10,9.0,2023,8,11,9.0,24.0,28203,EC PM2.5,0.06,Micrograms per cubic meter (ug/m3),,0.0594618055555555,,218,AirPhoton SS5i Sampler with BGI cyclone inlet and 25mm stretched Teflon filter,FTIR,Ambient local,,/Users/ahmadjalil/github/aethmodular/research/filter_combine/FilterBased_ChemSpecPM25_USPA.csv,8d1e40d2a272970c02d9d5acef313f6579d1e36161fcf30316a4ae5653600418,"# File Updated: 2025-07-29
# Data version 3.0
# Site: Pasadena, United States",USPA-0275,ChemSpec_218,True,True,both competing concentration values already present in earlier CSV; upstream role unresolved,False,c91542c705254dd7e7e7271bc36789388d225dc3,a6fda4ea34e7c6d5f3c058ccd56e23d36c2afe07fee3dd8ee9072a80eeae197f
41143,USPA,34.199433,-118.17317,,USPA-0276,2023-08-13,PM2.5,,,,ChemSpec_218,,,ChemSpec_EC_PM2.5,,0.15,0.0594618055555555,,,ChemSpec,ug/m3,ug/m3,,USPA-0276,2023-08-13,0.15,0.059461805556,7733,USPA,34.199433,-118.17317,366.0,USPA-0276,2023,8,13,9.0,2023,8,14,9.0,24.0,28203,EC PM2.5,0.15,Micrograms per cubic meter (ug/m3),,0.0594618055555555,,218,AirPhoton SS5i Sampler with BGI cyclone inlet and 25mm stretched Teflon filter,FTIR,Ambient local,,/Users/ahmadjalil/github/aethmodular/research/filter_combine/FilterBased_ChemSpecPM25_USPA.csv,8d1e40d2a272970c02d9d5acef313f6579d1e36161fcf30316a4ae5653600418,"# File Updated: 2025-07-29
# Data version 3.0
# Site: Pasadena, United States",USPA-0276,ChemSpec_218,True,True,both competing concentration values already present in earlier CSV; upstream role unresolved,False,c91542c705254dd7e7e7271bc36789388d225dc3,a6fda4ea34e7c6d5f3c058ccd56e23d36c2afe07fee3dd8ee9072a80eeae197f
41144,USPA,34.199433,-118.17317,,USPA-0276,2023-08-13,PM2.5,,,,ChemSpec_218,,,ChemSpec_EC_PM2.5,,0.06,0.0594618055555555,,,ChemSpec,ug/m3,ug/m3,,USPA-0276,2023-08-13,0.06,0.059461805556,7734,USPA,34.199433,-118.17317,366.0,USPA-0276,2023,8,13,9.0,2023,8,14,9.0,24.0,28203,EC PM2.5,0.06,Micrograms per cubic meter (ug/m3),,0.0594618055555555,,218,AirPhoton SS5i Sampler with BGI cyclone inlet and 25mm stretched Teflon filter,FTIR,Ambient local,,/Users/ahmadjalil/github/aethmodular/research/filter_combine/FilterBased_ChemSpecPM25_USPA.csv,8d1e40d2a272970c02d9d5acef313f6579d1e36161fcf30316a4ae5653600418,"# File Updated: 2025-07-29
# Data version 3.0
# Site: Pasadena, United States",USPA-0276,ChemSpec_218,True,True,both competing concentration values already present in earlier CSV; upstream role unresolved,False,c91542c705254dd7e7e7271bc36789388d225dc3,a6fda4ea34e7c6d5f3c058ccd56e23d36c2afe07fee3dd8ee9072a80eeae197f
41201,USPA,34.199433,-118.17317,,USPA-0277,2023-08-16,PM2.5,,,,ChemSpec_218,,,ChemSpec_EC_PM2.5,,0.34,0.0594618055555555,,,ChemSpec,ug/m3,ug/m3,,USPA-0277,2023-08-16,0.34,0.059461805556,7774,USPA,34.199433,-118.17317,366.0,USPA-0277,2023,8,16,9.0,2023,8,17,9.0,24.0,28203,EC PM2.5,0.34,Micrograms per cubic meter (ug/m3),,0.0594618055555555,,218,AirPhoton SS5i Sampler with BGI cyclone inlet and 25mm stretched Teflon filter,FTIR,Ambient local,,/Users/ahmadjalil/github/aethmodular/research/filter_combine/FilterBased_ChemSpecPM25_USPA.csv,8d1e40d2a272970c02d9d5acef313f6579d1e36161fcf30316a4ae5653600418,"# File Updated: 2025-07-29
# Data version 3.0
# Site: Pasadena, United States",USPA-0277,ChemSpec_218,True,True,both competing concentration values already present in earlier CSV; upstream role unresolved,False,c91542c705254dd7e7e7271bc36789388d225dc3,a6fda4ea34e7c6d5f3c058ccd56e23d36c2afe07fee3dd8ee9072a80eeae197f
41202,USPA,34.199433,-118.17317,,USPA-0277,2023-08-16,PM2.5,,,,ChemSpec_218,,,ChemSpec_EC_PM2.5,,0.06,0.0594618055555555,,,ChemSpec,ug/m3,ug/m3,,USPA-0277,2023-08-16,0.06,0.059461805556,7775,USPA,34.199433,-118.17317,366.0,USPA-0277,2023,8,16,9.0,2023,8,17,9.0,24.0,28203,EC PM2.5,0.06,Micrograms per cubic meter (ug/m3),,0.0594618055555555,,218,AirPhoton SS5i Sampler with BGI cyclone inlet and 25mm stretched Teflon filter,FTIR,Ambient local,,/Users/ahmadjalil/github/aethmodular/research/filter_combine/FilterBased_ChemSpecPM25_USPA.csv,8d1e40d2a272970c02d9d5acef313f6579d1e36161fcf30316a4ae5653600418,"# File Updated: 2025-07-29
# Data version 3.0
# Site: Pasadena, United States",USPA-0277,ChemSpec_218,True,True,both competing concentration values already present in earlier CSV; upstream role unresolved,False,c91542c705254dd7e7e7271bc36789388d225dc3,a6fda4ea34e7c6d5f3c058ccd56e23d36c2afe07fee3dd8ee9072a80eeae197f
41259,USPA,34.199433,-118.17317,,USPA-0278,2023-08-19,PM2.5,,,,ChemSpec_218,,,ChemSpec_EC_PM2.5,,0.53,0.0594618055555555,,,ChemSpec,ug/m3,ug/m3,,USPA-0278,2023-08-19,0.53,0.059461805556,7815,USPA,34.199433,-118.17317,366.0,USPA-0278,2023,8,19,9.0,2023,8,20,9.0,24.0,28203,EC PM2.5,0.53,Micrograms per cubic meter (ug/m3),,0.0594618055555555,,218,AirPhoton SS5i Sampler with BGI cyclone inlet and 25mm stretched Teflon filter,FTIR,Ambient local,,/Users/ahmadjalil/github/aethmodular/research/filter_combine/FilterBased_ChemSpecPM25_USPA.csv,8d1e40d2a272970c02d9d5acef313f6579d1e36161fcf30316a4ae5653600418,"# File Updated: 2025-07-29
# Data version 3.0
# Site: Pasadena, United States",USPA-0278,ChemSpec_218,True,True,both competing concentration values already present in earlier CSV; upstream role unresolved,False,c91542c705254dd7e7e7271bc36789388d225dc3,a6fda4ea34e7c6d5f3c058ccd56e23d36c2afe07fee3dd8ee9072a80eeae197f
41260,USPA,34.199433,-118.17317,,USPA-0278,2023-08-19,PM2.5,,,,ChemSpec_218,,,ChemSpec_EC_PM2.5,,0.06,0.0594618055555555,,,ChemSpec,ug/m3,ug/m3,,USPA-0278,2023-08-19,0.06,0.059461805556,7816,USPA,34.199433,-118.17317,366.0,USPA-0278,2023,8,19,9.0,2023,8,20,9.0,24.0,28203,EC PM2.5,0.06,Micrograms per cubic meter (ug/m3),,0.0594618055555555,,218,AirPhoton SS5i Sampler with BGI cyclone inlet and 25mm stretched Teflon filter,FTIR,Ambient local,,/Users/ahmadjalil/github/aethmodular/research/filter_combine/FilterBased_ChemSpecPM25_USPA.csv,8d1e40d2a272970c02d9d5acef313f6579d1e36161fcf30316a4ae5653600418,"# File Updated: 2025-07-29
# Data version 3.0
# Site: Pasadena, United States",USPA-0278,ChemSpec_218,True,True,both competing concentration values already present in earlier CSV; upstream role unresolved,False,c91542c705254dd7e7e7271bc36789388d225dc3,a6fda4ea34e7c6d5f3c058ccd56e23d36c2afe07fee3dd8ee9072a80eeae197f
41331,USPA,34.199433,-118.17317,,USPA-0280,2023-08-22,PM2.5,,,,ChemSpec_218,,,ChemSpec_EC_PM2.5,,0.16,0.0588487972508591,,,ChemSpec,ug/m3,ug/m3,,USPA-0280,2023-08-22,0.16,0.058848797251,7856,USPA,34.199433,-118.17317,366.0,USPA-0280,2023,8,22,9.0,2023,8,23,9.0,24.0,28203,EC PM2.5,0.16,Micrograms per cubic meter (ug/m3),,0.0588487972508591,,218,AirPhoton SS5i Sampler with BGI cyclone inlet and 25mm stretched Teflon filter,FTIR,Ambient local,,/Users/ahmadjalil/github/aethmodular/research/filter_combine/FilterBased_ChemSpecPM25_USPA.csv,8d1e40d2a272970c02d9d5acef313f6579d1e36161fcf30316a4ae5653600418,"# File Updated: 2025-07-29
# Data version 3.0
# Site: Pasadena, United States",USPA-0280,ChemSpec_218,True,True,both competing concentration values already present in earlier CSV; upstream role unresolved,False,c91542c705254dd7e7e7271bc36789388d225dc3,a6fda4ea34e7c6d5f3c058ccd56e23d36c2afe07fee3dd8ee9072a80eeae197f
41332,USPA,34.199433,-118.17317,,USPA-0280,2023-08-22,PM2.5,,,,ChemSpec_218,,,ChemSpec_EC_PM2.5,,0.06,0.0588487972508591,,,ChemSpec,ug/m3,ug/m3,,USPA-0280,2023-08-22,0.06,0.058848797251,7857,USPA,34.199433,-118.17317,366.0,USPA-0280,2023,8,22,9.0,2023,8,23,9.0,24.0,28203,EC PM2.5,0.06,Micrograms per cubic meter (ug/m3),,0.0588487972508591,,218,AirPhoton SS5i Sampler with BGI cyclone inlet and 25mm stretched Teflon filter,FTIR,Ambient local,,/Users/ahmadjalil/github/aethmodular/research/filter_combine/FilterBased_ChemSpecPM25_USPA.csv,8d1e40d2a272970c02d9d5acef313f6579d1e36161fcf30316a4ae5653600418,"# File Updated: 2025-07-29
# Data version 3.0
# Site: Pasadena, United States",USPA-0280,ChemSpec_218,True,True,both competing concentration values already present in earlier CSV; upstream role unresolved,False,c91542c705254dd7e7e7271bc36789388d225dc3,a6fda4ea34e7c6d5f3c058ccd56e23d36c2afe07fee3dd8ee9072a80eeae197f
41389,USPA,34.199433,-118.17317,,USPA-0281,2023-08-25,PM2.5,,,,ChemSpec_218,,,ChemSpec_EC_PM2.5,,0.37,0.0572057205720572,,,ChemSpec,ug/m3,ug/m3,,USPA-0281,2023-08-25,0.37,0.057205720572,7897,USPA,34.199433,-118.17317,366.0,USPA-0281,2023,8,25,9.0,2023,8,26,9.0,24.0,28203,EC PM2.5,0.37,Micrograms per cubic meter (ug/m3),,0.0572057205720572,,218,AirPhoton SS5i Sampler with BGI cyclone inlet and 25mm stretched Teflon filter,FTIR,Ambient local,,/Users/ahmadjalil/github/aethmodular/research/filter_combine/FilterBased_ChemSpecPM25_USPA.csv,8d1e40d2a272970c02d9d5acef313f6579d1e36161fcf30316a4ae5653600418,"# File Updated: 2025-07-29
# Data version 3.0
# Site: Pasadena, United States",USPA-0281,ChemSpec_218,True,True,both competing concentration values already present in earlier CSV; upstream role unresolved,False,c91542c705254dd7e7e7271bc36789388d225dc3,a6fda4ea34e7c6d5f3c058ccd56e23d36c2afe07fee3dd8ee9072a80eeae197f
41390,USPA,34.199433,-118.17317,,USPA-0281,2023-08-25,PM2.5,,,,ChemSpec_218,,,ChemSpec_EC_PM2.5,,0.06,0.0572057205720572,,,ChemSpec,ug/m3,ug/m3,,USPA-0281,2023-08-25,0.06,0.057205720572,7898,USPA,34.199433,-118.17317,366.0,USPA-0281,2023,8,25,9.0,2023,8,26,9.0,24.0,28203,EC PM2.5,0.06,Micrograms per cubic meter (ug/m3),,0.0572057205720572,,218,AirPhoton SS5i Sampler with BGI cyclone inlet and 25mm stretched Teflon filter,FTIR,Ambient local,,/Users/ahmadjalil/github/aethmodular/research/filter_combine/FilterBased_ChemSpecPM25_USPA.csv,8d1e40d2a272970c02d9d5acef313f6579d1e36161fcf30316a4ae5653600418,"# File Updated: 2025-07-29
# Data version 3.0
# Site: Pasadena, United States",USPA-0281,ChemSpec_218,True,True,both competing concentration values already present in earlier CSV; upstream role unresolved,False,c91542c705254dd7e7e7271bc36789388d225dc3,a6fda4ea34e7c6d5f3c058ccd56e23d36c2afe07fee3dd8ee9072a80eeae197f
41447,USPA,34.199433,-118.17317,,USPA-0282,2023-08-28,PM2.5,,,,ChemSpec_218,,,ChemSpec_EC_PM2.5,,0.43,0.0572057205720572,,,ChemSpec,ug/m3,ug/m3,,USPA-0282,2023-08-28,0.43,0.057205720572,7938,USPA,34.199433,-118.17317,366.0,USPA-0282,2023,8,28,9.0,2023,8,29,9.0,24.0,28203,EC PM2.5,0.43,Micrograms per cubic meter (ug/m3),,0.0572057205720572,,218,AirPhoton SS5i Sampler with BGI cyclone inlet and 25mm stretched Teflon filter,FTIR,Ambient local,,/Users/ahmadjalil/github/aethmodular/research/filter_combine/FilterBased_ChemSpecPM25_USPA.csv,8d1e40d2a272970c02d9d5acef313f6579d1e36161fcf30316a4ae5653600418,"# File Updated: 2025-07-29
# Data version 3.0
# Site: Pasadena, United States",USPA-0282,ChemSpec_218,True,True,both competing concentration values already present in earlier CSV; upstream role unresolved,False,c91542c705254dd7e7e7271bc36789388d225dc3,a6fda4ea34e7c6d5f3c058ccd56e23d36c2afe07fee3dd8ee9072a80eeae197f
41448,USPA,34.199433,-118.17317,,USPA-0282,2023-08-28,PM2.5,,,,ChemSpec_218,,,ChemSpec_EC_PM2.5,,0.06,0.0572057205720572,,,ChemSpec,ug/m3,ug/m3,,USPA-0282,2023-08-28,0.06,0.057205720572,7939,USPA,34.199433,-118.17317,366.0,USPA-0282,2023,8,28,9.0,2023,8,29,9.0,24.0,28203,EC PM2.5,0.06,Micrograms per cubic meter (ug/m3),,0.0572057205720572,,218,AirPhoton SS5i Sampler with BGI cyclone inlet and 25mm stretched Teflon filter,FTIR,Ambient local,,/Users/ahmadjalil/github/aethmodular/research/filter_combine/FilterBased_ChemSpecPM25_USPA.csv,8d1e40d2a272970c02d9d5acef313f6579d1e36161fcf30316a4ae5653600418,"# File Updated: 2025-07-29
# Data version 3.0
# Site: Pasadena, United States",USPA-0282,ChemSpec_218,True,True,both competing concentration values already present in earlier CSV; upstream role unresolved,False,c91542c705254dd7e7e7271bc36789388d225dc3,a6fda4ea34e7c6d5f3c058ccd56e23d36c2afe07fee3dd8ee9072a80eeae197f
41505,USPA,34.199433,-118.17317,,USPA-0283,2023-08-31,PM2.5,,,,ChemSpec_218,,,ChemSpec_EC_PM2.5,,0.46,0.0572057205720572,,,ChemSpec,ug/m3,ug/m3,,USPA-0283,2023-08-31,0.46,0.057205720572,7979,USPA,34.199433,-118.17317,366.0,USPA-0283,2023,8,31,9.0,2023,9,1,9.0,24.0,28203,EC PM2.5,0.46,Micrograms per cubic meter (ug/m3),,0.0572057205720572,,218,AirPhoton SS5i Sampler with BGI cyclone inlet and 25mm stretched Teflon filter,FTIR,Ambient local,,/Users/ahmadjalil/github/aethmodular/research/filter_combine/FilterBased_ChemSpecPM25_USPA.csv,8d1e40d2a272970c02d9d5acef313f6579d1e36161fcf30316a4ae5653600418,"# File Updated: 2025-07-29
# Data version 3.0
# Site: Pasadena, United States",USPA-0283,ChemSpec_218,True,True,both competing concentration values already present in earlier CSV; upstream role unresolved,False,c91542c705254dd7e7e7271bc36789388d225dc3,a6fda4ea34e7c6d5f3c058ccd56e23d36c2afe07fee3dd8ee9072a80eeae197f
41506,USPA,34.199433,-118.17317,,USPA-0283,2023-08-31,PM2.5,,,,ChemSpec_218,,,ChemSpec_EC_PM2.5,,0.06,0.0572057205720572,,,ChemSpec,ug/m3,ug/m3,,USPA-0283,2023-08-31,0.06,0.057205720572,7980,USPA,34.199433,-118.17317,366.0,USPA-0283,2023,8,31,9.0,2023,9,1,9.0,24.0,28203,EC PM2.5,0.06,Micrograms per cubic meter (ug/m3),,0.0572057205720572,,218,AirPhoton SS5i Sampler with BGI cyclone inlet and 25mm stretched Teflon filter,FTIR,Ambient local,,/Users/ahmadjalil/github/aethmodular/research/filter_combine/FilterBased_ChemSpecPM25_USPA.csv,8d1e40d2a272970c02d9d5acef313f6579d1e36161fcf30316a4ae5653600418,"# File Updated: 2025-07-29
# Data version 3.0
# Site: Pasadena, United States",USPA-0283,ChemSpec_218,True,True,both competing concentration values already present in earlier CSV; upstream role unresolved,False,c91542c705254dd7e7e7271bc36789388d225dc3,a6fda4ea34e7c6d5f3c058ccd56e23d36c2afe07fee3dd8ee9072a80eeae197f
41563,USPA,34.199433,-118.17317,,USPA-0284,2023-09-03,PM2.5,,,,ChemSpec_218,,,ChemSpec_EC_PM2.5,,0.31,0.0572057205720572,,,ChemSpec,ug/m3,ug/m3,,USPA-0284,2023-09-03,0.31,0.057205720572,8020,USPA,34.199433,-118.17317,366.0,USPA-0284,2023,9,3,9.0,2023,9,4,9.0,24.0,28203,EC PM2.5,0.31,Micrograms per cubic meter (ug/m3),,0.0572057205720572,,218,AirPhoton SS5i Sampler with BGI cyclone inlet and 25mm stretched Teflon filter,FTIR,Ambient local,,/Users/ahmadjalil/github/aethmodular/research/filter_combine/FilterBased_ChemSpecPM25_USPA.csv,8d1e40d2a272970c02d9d5acef313f6579d1e36161fcf30316a4ae5653600418,"# File Updated: 2025-07-29
# Data version 3.0
# Site: Pasadena, United States",USPA-0284,ChemSpec_218,True,True,both competing concentration values already present in earlier CSV; upstream role unresolved,False,c91542c705254dd7e7e7271bc36789388d225dc3,a6fda4ea34e7c6d5f3c058ccd56e23d36c2afe07fee3dd8ee9072a80eeae197f
41564,USPA,34.199433,-118.17317,,USPA-0284,2023-09-03,PM2.5,,,,ChemSpec_218,,,ChemSpec_EC_PM2.5,,0.06,0.0572057205720572,,,ChemSpec,ug/m3,ug/m3,,USPA-0284,2023-09-03,0.06,0.057205720572,8021,USPA,34.199433,-118.17317,366.0,USPA-0284,2023,9,3,9.0,2023,9,4,9.0,24.0,28203,EC PM2.5,0.06,Micrograms per cubic meter (ug/m3),,0.0572057205720572,,218,AirPhoton SS5i Sampler with BGI cyclone inlet and 25mm stretched Teflon filter,FTIR,Ambient local,,/Users/ahmadjalil/github/aethmodular/research/filter_combine/FilterBased_ChemSpecPM25_USPA.csv,8d1e40d2a272970c02d9d5acef313f6579d1e36161fcf30316a4ae5653600418,"# File Updated: 2025-07-29
# Data version 3.0
# Site: Pasadena, United States",USPA-0284,ChemSpec_218,True,True,both competing concentration values already present in earlier CSV; upstream role unresolved,False,c91542c705254dd7e7e7271bc36789388d225dc3,a6fda4ea34e7c6d5f3c058ccd56e23d36c2afe07fee3dd8ee9072a80eeae197f
41621,USPA,34.199433,-118.17317,,USPA-0285,2023-09-06,PM2.5,,,,ChemSpec_218,,,ChemSpec_EC_PM2.5,,0.48,0.0572057205720572,,,ChemSpec,ug/m3,ug/m3,,USPA-0285,2023-09-06,0.48,0.057205720572,8061,USPA,34.199433,-118.17317,366.0,USPA-0285,2023,9,6,9.0,2023,9,7,9.0,24.0,28203,EC PM2.5,0.48,Micrograms per cubic meter (ug/m3),,0.0572057205720572,,218,AirPhoton SS5i Sampler with BGI cyclone inlet and 25mm stretched Teflon filter,FTIR,Ambient local,,/Users/ahmadjalil/github/aethmodular/research/filter_combine/FilterBased_ChemSpecPM25_USPA.csv,8d1e40d2a272970c02d9d5acef313f6579d1e36161fcf30316a4ae5653600418,"# File Updated: 2025-07-29
# Data version 3.0
# Site: Pasadena, United States",USPA-0285,ChemSpec_218,True,True,both competing concentration values already present in earlier CSV; upstream role unresolved,False,c91542c705254dd7e7e7271bc36789388d225dc3,a6fda4ea34e7c6d5f3c058ccd56e23d36c2afe07fee3dd8ee9072a80eeae197f
41622,USPA,34.199433,-118.17317,,USPA-0285,2023-09-06,PM2.5,,,,ChemSpec_218,,,ChemSpec_EC_PM2.5,,0.06,0.0572057205720572,,,ChemSpec,ug/m3,ug/m3,,USPA-0285,2023-09-06,0.06,0.057205720572,8062,USPA,34.199433,-118.17317,366.0,USPA-0285,2023,9,6,9.0,2023,9,7,9.0,24.0,28203,EC PM2.5,0.06,Micrograms per cubic meter (ug/m3),,0.0572057205720572,,218,AirPhoton SS5i Sampler with BGI cyclone inlet and 25mm stretched Teflon filter,FTIR,Ambient local,,/Users/ahmadjalil/github/aethmodular/research/filter_combine/FilterBased_ChemSpecPM25_USPA.csv,8d1e40d2a272970c02d9d5acef313f6579d1e36161fcf30316a4ae5653600418,"# File Updated: 2025-07-29
# Data version 3.0
# Site: Pasadena, United States",USPA-0285,ChemSpec_218,True,True,both competing concentration values already present in earlier CSV; upstream role unresolved,False,c91542c705254dd7e7e7271bc36789388d225dc3,a6fda4ea34e7c6d5f3c058ccd56e23d36c2afe07fee3dd8ee9072a80eeae197f
41679,USPA,34.199433,-118.17317,,USPA-0286,2023-09-09,PM2.5,,,,ChemSpec_218,,,ChemSpec_EC_PM2.5,,0.58,0.0572057205720572,,,ChemSpec,ug/m3,ug/m3,,USPA-0286,2023-09-09,0.58,0.057205720572,8102,USPA,34.199433,-118.17317,366.0,USPA-0286,2023,9,9,9.0,2023,9,10,9.0,24.0,28203,EC PM2.5,0.58,Micrograms per cubic meter (ug/m3),,0.0572057205720572,,218,AirPhoton SS5i Sampler with BGI cyclone inlet and 25mm stretched Teflon filter,FTIR,Ambient local,,/Users/ahmadjalil/github/aethmodular/research/filter_combine/FilterBased_ChemSpecPM25_USPA.csv,8d1e40d2a272970c02d9d5acef313f6579d1e36161fcf30316a4ae5653600418,"# File Updated: 2025-07-29
# Data version 3.0
# Site: Pasadena, United States",USPA-0286,ChemSpec_218,True,True,both competing concentration values already present in earlier CSV; upstream role unresolved,False,c91542c705254dd7e7e7271bc36789388d225dc3,a6fda4ea34e7c6d5f3c058ccd56e23d36c2afe07fee3dd8ee9072a80eeae197f
41680,USPA,34.199433,-118.17317,,USPA-0286,2023-09-09,PM2.5,,,,ChemSpec_218,,,ChemSpec_EC_PM2.5,,0.06,0.0572057205720572,,,ChemSpec,ug/m3,ug/m3,,USPA-0286,2023-09-09,0.06,0.057205720572,8103,USPA,34.199433,-118.17317,366.0,USPA-0286,2023,9,9,9.0,2023,9,10,9.0,24.0,28203,EC PM2.5,0.06,Micrograms per cubic meter (ug/m3),,0.0572057205720572,,218,AirPhoton SS5i Sampler with BGI cyclone inlet and 25mm stretched Teflon filter,FTIR,Ambient local,,/Users/ahmadjalil/github/aethmodular/research/filter_combine/FilterBased_ChemSpecPM25_USPA.csv,8d1e40d2a272970c02d9d5acef313f6579d1e36161fcf30316a4ae5653600418,"# File Updated: 2025-07-29
# Data version 3.0
# Site: Pasadena, United States",USPA-0286,ChemSpec_218,True,True,both competing concentration values already present in earlier CSV; upstream role unresolved,False,c91542c705254dd7e7e7271bc36789388d225dc3,a6fda4ea34e7c6d5f3c058ccd56e23d36c2afe07fee3dd8ee9072a80eeae197f
41751,USPA,34.199433,-118.17317,,USPA-0288,2023-09-12,PM2.5,,,,ChemSpec_218,,,ChemSpec_EC_PM2.5,,0.58,0.0572057205720572,,,ChemSpec,ug/m3,ug/m3,,USPA-0288,2023-09-12,0.58,0.057205720572,8143,USPA,34.199433,-118.17317,366.0,USPA-0288,2023,9,12,9.0,2023,9,13,9.0,24.0,28203,EC PM2.5,0.58,Micrograms per cubic meter (ug/m3),,0.0572057205720572,,218,AirPhoton SS5i Sampler with BGI cyclone inlet and 25mm stretched Teflon filter,FTIR,Ambient local,,/Users/ahmadjalil/github/aethmodular/research/filter_combine/FilterBased_ChemSpecPM25_USPA.csv,8d1e40d2a272970c02d9d5acef313f6579d1e36161fcf30316a4ae5653600418,"# File Updated: 2025-07-29
# Data version 3.0
# Site: Pasadena, United States",USPA-0288,ChemSpec_218,True,True,both competing concentration values already present in earlier CSV; upstream role unresolved,False,c91542c705254dd7e7e7271bc36789388d225dc3,a6fda4ea34e7c6d5f3c058ccd56e23d36c2afe07fee3dd8ee9072a80eeae197f
41752,USPA,34.199433,-118.17317,,USPA-0288,2023-09-12,PM2.5,,,,ChemSpec_218,,,ChemSpec_EC_PM2.5,,0.06,0.0572057205720572,,,ChemSpec,ug/m3,ug/m3,,USPA-0288,2023-09-12,0.06,0.057205720572,8144,USPA,34.199433,-118.17317,366.0,USPA-0288,2023,9,12,9.0,2023,9,13,9.0,24.0,28203,EC PM2.5,0.06,Micrograms per cubic meter (ug/m3),,0.0572057205720572,,218,AirPhoton SS5i Sampler with BGI cyclone inlet and 25mm stretched Teflon filter,FTIR,Ambient local,,/Users/ahmadjalil/github/aethmodular/research/filter_combine/FilterBased_ChemSpecPM25_USPA.csv,8d1e40d2a272970c02d9d5acef313f6579d1e36161fcf30316a4ae5653600418,"# File Updated: 2025-07-29
# Data version 3.0
# Site: Pasadena, United States",USPA-0288,ChemSpec_218,True,True,both competing concentration values already present in earlier CSV; upstream role unresolved,False,c91542c705254dd7e7e7271bc36789388d225dc3,a6fda4ea34e7c6d5f3c058ccd56e23d36c2afe07fee3dd8ee9072a80eeae197f
41809,USPA,34.199433,-118.17317,,USPA-0289,2023-09-15,PM2.5,,,,ChemSpec_218,,,ChemSpec_EC_PM2.5,,0.62,0.0626446759259259,,,ChemSpec,ug/m3,ug/m3,,USPA-0289,2023-09-15,0.62,0.062644675926,8184,USPA,34.199433,-118.17317,366.0,USPA-0289,2023,9,15,9.0,2023,9,16,9.0,24.0,28203,EC PM2.5,0.62,Micrograms per cubic meter (ug/m3),,0.0626446759259259,,218,AirPhoton SS5i Sampler with BGI cyclone inlet and 25mm stretched Teflon filter,FTIR,Ambient local,,/Users/ahmadjalil/github/aethmodular/research/filter_combine/FilterBased_ChemSpecPM25_USPA.csv,8d1e40d2a272970c02d9d5acef313f6579d1e36161fcf30316a4ae5653600418,"# File Updated: 2025-07-29
# Data version 3.0
# Site: Pasadena, United States",USPA-0289,ChemSpec_218,True,True,both competing concentration values already present in earlier CSV; upstream role unresolved,False,c91542c705254dd7e7e7271bc36789388d225dc3,a6fda4ea34e7c6d5f3c058ccd56e23d36c2afe07fee3dd8ee9072a80eeae197f
41810,USPA,34.199433,-118.17317,,USPA-0289,2023-09-15,PM2.5,,,,ChemSpec_218,,,ChemSpec_EC_PM2.5,,0.06,0.0626446759259259,,,ChemSpec,ug/m3,ug/m3,,USPA-0289,2023-09-15,0.06,0.062644675926,8185,USPA,34.199433,-118.17317,366.0,USPA-0289,2023,9,15,9.0,2023,9,16,9.0,24.0,28203,EC PM2.5,0.06,Micrograms per cubic meter (ug/m3),,0.0626446759259259,,218,AirPhoton SS5i Sampler with BGI cyclone inlet and 25mm stretched Teflon filter,FTIR,Ambient local,,/Users/ahmadjalil/github/aethmodular/research/filter_combine/FilterBased_ChemSpecPM25_USPA.csv,8d1e40d2a272970c02d9d5acef313f6579d1e36161fcf30316a4ae5653600418,"# File Updated: 2025-07-29
# Data version 3.0
# Site: Pasadena, United States",USPA-0289,ChemSpec_218,True,True,both competing concentration values already present in earlier CSV; upstream role unresolved,False,c91542c705254dd7e7e7271bc36789388d225dc3,a6fda4ea34e7c6d5f3c058ccd56e23d36c2afe07fee3dd8ee9072a80eeae197f
41867,USPA,34.199433,-118.17317,,USPA-0290,2023-09-18,PM2.5,,,,ChemSpec_218,,,ChemSpec_EC_PM2.5,,0.56,0.0626446759259259,,,ChemSpec,ug/m3,ug/m3,,USPA-0290,2023-09-18,0.56,0.062644675926,8225,USPA,34.199433,-118.17317,366.0,USPA-0290,2023,9,18,9.0,2023,9,19,9.0,24.0,28203,EC PM2.5,0.56,Micrograms per cubic meter (ug/m3),,0.0626446759259259,,218,AirPhoton SS5i Sampler with BGI cyclone inlet and 25mm stretched Teflon filter,FTIR,Ambient local,,/Users/ahmadjalil/github/aethmodular/research/filter_combine/FilterBased_ChemSpecPM25_USPA.csv,8d1e40d2a272970c02d9d5acef313f6579d1e36161fcf30316a4ae5653600418,"# File Updated: 2025-07-29
# Data version 3.0
# Site: Pasadena, United States",USPA-0290,ChemSpec_218,True,True,both competing concentration values already present in earlier CSV; upstream role unresolved,False,c91542c705254dd7e7e7271bc36789388d225dc3,a6fda4ea34e7c6d5f3c058ccd56e23d36c2afe07fee3dd8ee9072a80eeae197f
41868,USPA,34.199433,-118.17317,,USPA-0290,2023-09-18,PM2.5,,,,ChemSpec_218,,,ChemSpec_EC_PM2.5,,0.06,0.0626446759259259,,,ChemSpec,ug/m3,ug/m3,,USPA-0290,2023-09-18,0.06,0.062644675926,8226,USPA,34.199433,-118.17317,366.0,USPA-0290,2023,9,18,9.0,2023,9,19,9.0,24.0,28203,EC PM2.5,0.06,Micrograms per cubic meter (ug/m3),,0.0626446759259259,,218,AirPhoton SS5i Sampler with BGI cyclone inlet and 25mm stretched Teflon filter,FTIR,Ambient local,,/Users/ahmadjalil/github/aethmodular/research/filter_combine/FilterBased_ChemSpecPM25_USPA.csv,8d1e40d2a272970c02d9d5acef313f6579d1e36161fcf30316a4ae5653600418,"# File Updated: 2025-07-29
# Data version 3.0
# Site: Pasadena, United States",USPA-0290,ChemSpec_218,True,True,both competing concentration values already present in earlier CSV; upstream role unresolved,False,c91542c705254dd7e7e7271bc36789388d225dc3,a6fda4ea34e7c6d5f3c058ccd56e23d36c2afe07fee3dd8ee9072a80eeae197f
41925,USPA,34.199433,-118.17317,,USPA-0291,2023-09-21,PM2.5,,,,ChemSpec_218,,,ChemSpec_EC_PM2.5,,0.51,0.0626446759259259,,,ChemSpec,ug/m3,ug/m3,,USPA-0291,2023-09-21,0.51,0.062644675926,8266,USPA,34.199433,-118.17317,366.0,USPA-0291,2023,9,21,9.0,2023,9,22,9.0,24.0,28203,EC PM2.5,0.51,Micrograms per cubic meter (ug/m3),,0.0626446759259259,,218,AirPhoton SS5i Sampler with BGI cyclone inlet and 25mm stretched Teflon filter,FTIR,Ambient local,,/Users/ahmadjalil/github/aethmodular/research/filter_combine/FilterBased_ChemSpecPM25_USPA.csv,8d1e40d2a272970c02d9d5acef313f6579d1e36161fcf30316a4ae5653600418,"# File Updated: 2025-07-29
# Data version 3.0
# Site: Pasadena, United States",USPA-0291,ChemSpec_218,True,True,both competing concentration values already present in earlier CSV; upstream role unresolved,False,c91542c705254dd7e7e7271bc36789388d225dc3,a6fda4ea34e7c6d5f3c058ccd56e23d36c2afe07fee3dd8ee9072a80eeae197f
41926,USPA,34.199433,-118.17317,,USPA-0291,2023-09-21,PM2.5,,,,ChemSpec_218,,,ChemSpec_EC_PM2.5,,0.06,0.0626446759259259,,,ChemSpec,ug/m3,ug/m3,,USPA-0291,2023-09-21,0.06,0.062644675926,8267,USPA,34.199433,-118.17317,366.0,USPA-0291,2023,9,21,9.0,2023,9,22,9.0,24.0,28203,EC PM2.5,0.06,Micrograms per cubic meter (ug/m3),,0.0626446759259259,,218,AirPhoton SS5i Sampler with BGI cyclone inlet and 25mm stretched Teflon filter,FTIR,Ambient local,,/Users/ahmadjalil/github/aethmodular/research/filter_combine/FilterBased_ChemSpecPM25_USPA.csv,8d1e40d2a272970c02d9d5acef313f6579d1e36161fcf30316a4ae5653600418,"# File Updated: 2025-07-29
# Data version 3.0
# Site: Pasadena, United States",USPA-0291,ChemSpec_218,True,True,both competing concentration values already present in earlier CSV; upstream role unresolved,False,c91542c705254dd7e7e7271bc36789388d225dc3,a6fda4ea34e7c6d5f3c058ccd56e23d36c2afe07fee3dd8ee9072a80eeae197f
41983,USPA,34.199433,-118.17317,,USPA-0292,2023-09-24,PM2.5,,,,ChemSpec_218,,,ChemSpec_EC_PM2.5,,0.63,0.0626446759259259,,,ChemSpec,ug/m3,ug/m3,,USPA-0292,2023-09-24,0.63,0.062644675926,8306,USPA,34.199433,-118.17317,366.0,USPA-0292,2023,9,24,9.0,2023,9,25,9.0,24.0,28203,EC PM2.5,0.63,Micrograms per cubic meter (ug/m3),,0.0626446759259259,,218,AirPhoton SS5i Sampler with BGI cyclone inlet and 25mm stretched Teflon filter,FTIR,Ambient local,,/Users/ahmadjalil/github/aethmodular/research/filter_combine/FilterBased_ChemSpecPM25_USPA.csv,8d1e40d2a272970c02d9d5acef313f6579d1e36161fcf30316a4ae5653600418,"# File Updated: 2025-07-29
# Data version 3.0
# Site: Pasadena, United States",USPA-0292,ChemSpec_218,True,True,both competing concentration values already present in earlier CSV; upstream role unresolved,False,c91542c705254dd7e7e7271bc36789388d225dc3,a6fda4ea34e7c6d5f3c058ccd56e23d36c2afe07fee3dd8ee9072a80eeae197f
41984,USPA,34.199433,-118.17317,,USPA-0292,2023-09-24,PM2.5,,,,ChemSpec_218,,,ChemSpec_EC_PM2.5,,0.06,0.0626446759259259,,,ChemSpec,ug/m3,ug/m3,,USPA-0292,2023-09-24,0.06,0.062644675926,8307,USPA,34.199433,-118.17317,366.0,USPA-0292,2023,9,24,9.0,2023,9,25,9.0,24.0,28203,EC PM2.5,0.06,Micrograms per cubic meter (ug/m3),,0.0626446759259259,,218,AirPhoton SS5i Sampler with BGI cyclone inlet and 25mm stretched Teflon filter,FTIR,Ambient local,,/Users/ahmadjalil/github/aethmodular/research/filter_combine/FilterBased_ChemSpecPM25_USPA.csv,8d1e40d2a272970c02d9d5acef313f6579d1e36161fcf30316a4ae5653600418,"# File Updated: 2025-07-29
# Data version 3.0
# Site: Pasadena, United States",USPA-0292,ChemSpec_218,True,True,both competing concentration values already present in earlier CSV; upstream role unresolved,False,c91542c705254dd7e7e7271bc36789388d225dc3,a6fda4ea34e7c6d5f3c058ccd56e23d36c2afe07fee3dd8ee9072a80eeae197f
42040,USPA,34.199433,-118.17317,,USPA-0293,2023-09-27,PM2.5,,,,ChemSpec_218,,,ChemSpec_EC_PM2.5,,0.95,0.0626446759259259,,,ChemSpec,ug/m3,ug/m3,,USPA-0293,2023-09-27,0.95,0.062644675926,8347,USPA,34.199433,-118.17317,366.0,USPA-0293,2023,9,27,9.0,2023,9,28,9.0,24.0,28203,EC PM2.5,0.95,Micrograms per cubic meter (ug/m3),,0.0626446759259259,,218,AirPhoton SS5i Sampler with BGI cyclone inlet and 25mm stretched Teflon filter,FTIR,Ambient local,,/Users/ahmadjalil/github/aethmodular/research/filter_combine/FilterBased_ChemSpecPM25_USPA.csv,8d1e40d2a272970c02d9d5acef313f6579d1e36161fcf30316a4ae5653600418,"# File Updated: 2025-07-29
# Data version 3.0
# Site: Pasadena, United States",USPA-0293,ChemSpec_218,True,True,both competing concentration values already present in earlier CSV; upstream role unresolved,False,c91542c705254dd7e7e7271bc36789388d225dc3,a6fda4ea34e7c6d5f3c058ccd56e23d36c2afe07fee3dd8ee9072a80eeae197f
42041,USPA,34.199433,-118.17317,,USPA-0293,2023-09-27,PM2.5,,,,ChemSpec_218,,,ChemSpec_EC_PM2.5,,0.06,0.0626446759259259,,,ChemSpec,ug/m3,ug/m3,,USPA-0293,2023-09-27,0.06,0.062644675926,8348,USPA,34.199433,-118.17317,366.0,USPA-0293,2023,9,27,9.0,2023,9,28,9.0,24.0,28203,EC PM2.5,0.06,Micrograms per cubic meter (ug/m3),,0.0626446759259259,,218,AirPhoton SS5i Sampler with BGI cyclone inlet and 25mm stretched Teflon filter,FTIR,Ambient local,,/Users/ahmadjalil/github/aethmodular/research/filter_combine/FilterBased_ChemSpecPM25_USPA.csv,8d1e40d2a272970c02d9d5acef313f6579d1e36161fcf30316a4ae5653600418,"# File Updated: 2025-07-29
# Data version 3.0
# Site: Pasadena, United States",USPA-0293,ChemSpec_218,True,True,both competing concentration values already present in earlier CSV; upstream role unresolved,False,c91542c705254dd7e7e7271bc36789388d225dc3,a6fda4ea34e7c6d5f3c058ccd56e23d36c2afe07fee3dd8ee9072a80eeae197f
42098,USPA,34.199433,-118.17317,,USPA-0294,2023-09-30,PM2.5,,,,ChemSpec_218,,,ChemSpec_EC_PM2.5,,0.33,0.061282932416953,,,ChemSpec,ug/m3,ug/m3,,USPA-0294,2023-09-30,0.33,0.061282932417,8388,USPA,34.199433,-118.17317,366.0,USPA-0294,2023,9,30,9.0,2023,10,1,9.0,24.0,28203,EC PM2.5,0.33,Micrograms per cubic meter (ug/m3),,0.061282932416953,,218,AirPhoton SS5i Sampler with BGI cyclone inlet and 25mm stretched Teflon filter,FTIR,Ambient local,,/Users/ahmadjalil/github/aethmodular/research/filter_combine/FilterBased_ChemSpecPM25_USPA.csv,8d1e40d2a272970c02d9d5acef313f6579d1e36161fcf30316a4ae5653600418,"# File Updated: 2025-07-29
# Data version 3.0
# Site: Pasadena, United States",USPA-0294,ChemSpec_218,True,True,both competing concentration values already present in earlier CSV; upstream role unresolved,False,c91542c705254dd7e7e7271bc36789388d225dc3,a6fda4ea34e7c6d5f3c058ccd56e23d36c2afe07fee3dd8ee9072a80eeae197f
42099,USPA,34.199433,-118.17317,,USPA-0294,2023-09-30,PM2.5,,,,ChemSpec_218,,,ChemSpec_EC_PM2.5,,0.06,0.061282932416953,,,ChemSpec,ug/m3,ug/m3,,USPA-0294,2023-09-30,0.06,0.061282932417,8389,USPA,34.199433,-118.17317,366.0,USPA-0294,2023,9,30,9.0,2023,10,1,9.0,24.0,28203,EC PM2.5,0.06,Micrograms per cubic meter (ug/m3),,0.061282932416953,,218,AirPhoton SS5i Sampler with BGI cyclone inlet and 25mm stretched Teflon filter,FTIR,Ambient local,,/Users/ahmadjalil/github/aethmodular/research/filter_combine/FilterBased_ChemSpecPM25_USPA.csv,8d1e40d2a272970c02d9d5acef313f6579d1e36161fcf30316a4ae5653600418,"# File Updated: 2025-07-29
# Data version 3.0
# Site: Pasadena, United States",USPA-0294,ChemSpec_218,True,True,both competing concentration values already present in earlier CSV; upstream role unresolved,False,c91542c705254dd7e7e7271bc36789388d225dc3,a6fda4ea34e7c6d5f3c058ccd56e23d36c2afe07fee3dd8ee9072a80eeae197f
42170,USPA,34.199433,-118.17317,,USPA-0296,2023-10-03,PM2.5,,,,ChemSpec_218,,,ChemSpec_EC_PM2.5,,0.3,0.0626446759259259,,,ChemSpec,ug/m3,ug/m3,,USPA-0296,2023-10-03,0.3,0.062644675926,8429,USPA,34.199433,-118.17317,366.0,USPA-0296,2023,10,3,9.0,2023,10,4,9.0,24.0,28203,EC PM2.5,0.3,Micrograms per cubic meter (ug/m3),,0.0626446759259259,,218,AirPhoton SS5i Sampler with BGI cyclone inlet and 25mm stretched Teflon filter,FTIR,Ambient local,,/Users/ahmadjalil/github/aethmodular/research/filter_combine/FilterBased_ChemSpecPM25_USPA.csv,8d1e40d2a272970c02d9d5acef313f6579d1e36161fcf30316a4ae5653600418,"# File Updated: 2025-07-29
# Data version 3.0
# Site: Pasadena, United States",USPA-0296,ChemSpec_218,True,True,both competing concentration values already present in earlier CSV; upstream role unresolved,False,c91542c705254dd7e7e7271bc36789388d225dc3,a6fda4ea34e7c6d5f3c058ccd56e23d36c2afe07fee3dd8ee9072a80eeae197f
42171,USPA,34.199433,-118.17317,,USPA-0296,2023-10-03,PM2.5,,,,ChemSpec_218,,,ChemSpec_EC_PM2.5,,0.06,0.0626446759259259,,,ChemSpec,ug/m3,ug/m3,,USPA-0296,2023-10-03,0.06,0.062644675926,8430,USPA,34.199433,-118.17317,366.0,USPA-0296,2023,10,3,9.0,2023,10,4,9.0,24.0,28203,EC PM2.5,0.06,Micrograms per cubic meter (ug/m3),,0.0626446759259259,,218,AirPhoton SS5i Sampler with BGI cyclone inlet and 25mm stretched Teflon filter,FTIR,Ambient local,,/Users/ahmadjalil/github/aethmodular/research/filter_combine/FilterBased_ChemSpecPM25_USPA.csv,8d1e40d2a272970c02d9d5acef313f6579d1e36161fcf30316a4ae5653600418,"# File Updated: 2025-07-29
# Data version 3.0
# Site: Pasadena, United States",USPA-0296,ChemSpec_218,True,True,both competing concentration values already present in earlier CSV; upstream role unresolved,False,c91542c705254dd7e7e7271bc36789388d225dc3,a6fda4ea34e7c6d5f3c058ccd56e23d36c2afe07fee3dd8ee9072a80eeae197f
42228,USPA,34.199433,-118.17317,,USPA-0297,2023-10-06,PM2.5,,,,ChemSpec_218,,,ChemSpec_EC_PM2.5,,0.32,0.0554193899782135,,,ChemSpec,ug/m3,ug/m3,,USPA-0297,2023-10-06,0.32,0.055419389978,8470,USPA,34.199433,-118.17317,366.0,USPA-0297,2023,10,6,9.0,2023,10,7,9.0,24.0,28203,EC PM2.5,0.32,Micrograms per cubic meter (ug/m3),,0.0554193899782135,,218,AirPhoton SS5i Sampler with BGI cyclone inlet and 25mm stretched Teflon filter,FTIR,Ambient local,,/Users/ahmadjalil/github/aethmodular/research/filter_combine/FilterBased_ChemSpecPM25_USPA.csv,8d1e40d2a272970c02d9d5acef313f6579d1e36161fcf30316a4ae5653600418,"# File Updated: 2025-07-29
# Data version 3.0
# Site: Pasadena, United States",USPA-0297,ChemSpec_218,True,True,both competing concentration values already present in earlier CSV; upstream role unresolved,False,c91542c705254dd7e7e7271bc36789388d225dc3,a6fda4ea34e7c6d5f3c058ccd56e23d36c2afe07fee3dd8ee9072a80eeae197f
42229,USPA,34.199433,-118.17317,,USPA-0297,2023-10-06,PM2.5,,,,ChemSpec_218,,,ChemSpec_EC_PM2.5,,0.06,0.0554193899782135,,,ChemSpec,ug/m3,ug/m3,,USPA-0297,2023-10-06,0.06,0.055419389978,8471,USPA,34.199433,-118.17317,366.0,USPA-0297,2023,10,6,9.0,2023,10,7,9.0,24.0,28203,EC PM2.5,0.06,Micrograms per cubic meter (ug/m3),,0.0554193899782135,,218,AirPhoton SS5i Sampler with BGI cyclone inlet and 25mm stretched Teflon filter,FTIR,Ambient local,,/Users/ahmadjalil/github/aethmodular/research/filter_combine/FilterBased_ChemSpecPM25_USPA.csv,8d1e40d2a272970c02d9d5acef313f6579d1e36161fcf30316a4ae5653600418,"# File Updated: 2025-07-29
# Data version 3.0
# Site: Pasadena, United States",USPA-0297,ChemSpec_218,True,True,both competing concentration values already present in earlier CSV; upstream role unresolved,False,c91542c705254dd7e7e7271bc36789388d225dc3,a6fda4ea34e7c6d5f3c058ccd56e23d36c2afe07fee3dd8ee9072a80eeae197f
42286,USPA,34.199433,-118.17317,,USPA-0298,2023-10-09,PM2.5,,,,ChemSpec_218,,,ChemSpec_EC_PM2.5,,0.75,0.0554193899782135,,,ChemSpec,ug/m3,ug/m3,,USPA-0298,2023-10-09,0.75,0.055419389978,8510,USPA,34.199433,-118.17317,366.0,USPA-0298,2023,10,9,9.0,2023,10,10,9.0,24.0,28203,EC PM2.5,0.75,Micrograms per cubic meter (ug/m3),,0.0554193899782135,,218,AirPhoton SS5i Sampler with BGI cyclone inlet and 25mm stretched Teflon filter,FTIR,Ambient local,,/Users/ahmadjalil/github/aethmodular/research/filter_combine/FilterBased_ChemSpecPM25_USPA.csv,8d1e40d2a272970c02d9d5acef313f6579d1e36161fcf30316a4ae5653600418,"# File Updated: 2025-07-29
# Data version 3.0
# Site: Pasadena, United States",USPA-0298,ChemSpec_218,True,True,both competing concentration values already present in earlier CSV; upstream role unresolved,False,c91542c705254dd7e7e7271bc36789388d225dc3,a6fda4ea34e7c6d5f3c058ccd56e23d36c2afe07fee3dd8ee9072a80eeae197f
42287,USPA,34.199433,-118.17317,,USPA-0298,2023-10-09,PM2.5,,,,ChemSpec_218,,,ChemSpec_EC_PM2.5,,0.06,0.0554193899782135,,,ChemSpec,ug/m3,ug/m3,,USPA-0298,2023-10-09,0.06,0.055419389978,8511,USPA,34.199433,-118.17317,366.0,USPA-0298,2023,10,9,9.0,2023,10,10,9.0,24.0,28203,EC PM2.5,0.06,Micrograms per cubic meter (ug/m3),,0.0554193899782135,,218,AirPhoton SS5i Sampler with BGI cyclone inlet and 25mm stretched Teflon filter,FTIR,Ambient local,,/Users/ahmadjalil/github/aethmodular/research/filter_combine/FilterBased_ChemSpecPM25_USPA.csv,8d1e40d2a272970c02d9d5acef313f6579d1e36161fcf30316a4ae5653600418,"# File Updated: 2025-07-29
# Data version 3.0
# Site: Pasadena, United States",USPA-0298,ChemSpec_218,True,True,both competing concentration values already present in earlier CSV; upstream role unresolved,False,c91542c705254dd7e7e7271bc36789388d225dc3,a6fda4ea34e7c6d5f3c058ccd56e23d36c2afe07fee3dd8ee9072a80eeae197f
42343,USPA,34.199433,-118.17317,,USPA-0299,2023-10-12,PM2.5,,,,ChemSpec_218,,,ChemSpec_EC_PM2.5,,0.48,0.0554193899782135,,,ChemSpec,ug/m3,ug/m3,,USPA-0299,2023-10-12,0.48,0.055419389978,8551,USPA,34.199433,-118.17317,366.0,USPA-0299,2023,10,12,9.0,2023,10,13,9.0,24.0,28203,EC PM2.5,0.48,Micrograms per cubic meter (ug/m3),,0.0554193899782135,,218,AirPhoton SS5i Sampler with BGI cyclone inlet and 25mm stretched Teflon filter,FTIR,Ambient local,,/Users/ahmadjalil/github/aethmodular/research/filter_combine/FilterBased_ChemSpecPM25_USPA.csv,8d1e40d2a272970c02d9d5acef313f6579d1e36161fcf30316a4ae5653600418,"# File Updated: 2025-07-29
# Data version 3.0
# Site: Pasadena, United States",USPA-0299,ChemSpec_218,True,True,both competing concentration values already present in earlier CSV; upstream role unresolved,False,c91542c705254dd7e7e7271bc36789388d225dc3,a6fda4ea34e7c6d5f3c058ccd56e23d36c2afe07fee3dd8ee9072a80eeae197f
42344,USPA,34.199433,-118.17317,,USPA-0299,2023-10-12,PM2.5,,,,ChemSpec_218,,,ChemSpec_EC_PM2.5,,0.06,0.0554193899782135,,,ChemSpec,ug/m3,ug/m3,,USPA-0299,2023-10-12,0.06,0.055419389978,8552,USPA,34.199433,-118.17317,366.0,USPA-0299,2023,10,12,9.0,2023,10,13,9.0,24.0,28203,EC PM2.5,0.06,Micrograms per cubic meter (ug/m3),,0.0554193899782135,,218,AirPhoton SS5i Sampler with BGI cyclone inlet and 25mm stretched Teflon filter,FTIR,Ambient local,,/Users/ahmadjalil/github/aethmodular/research/filter_combine/FilterBased_ChemSpecPM25_USPA.csv,8d1e40d2a272970c02d9d5acef313f6579d1e36161fcf30316a4ae5653600418,"# File Updated: 2025-07-29
# Data version 3.0
# Site: Pasadena, United States",USPA-0299,ChemSpec_218,True,True,both competing concentration values already present in earlier CSV; upstream role unresolved,False,c91542c705254dd7e7e7271bc36789388d225dc3,a6fda4ea34e7c6d5f3c058ccd56e23d36c2afe07fee3dd8ee9072a80eeae197f
42401,USPA,34.199433,-118.17317,,USPA-0300,2023-10-15,PM2.5,,,,ChemSpec_218,,,ChemSpec_EC_PM2.5,,0.39,0.0554193899782135,,,ChemSpec,ug/m3,ug/m3,,USPA-0300,2023-10-15,0.39,0.055419389978,8592,USPA,34.199433,-118.17317,366.0,USPA-0300,2023,10,15,9.0,2023,10,16,9.0,24.0,28203,EC PM2.5,0.39,Micrograms per cubic meter (ug/m3),,0.0554193899782135,,218,AirPhoton SS5i Sampler with BGI cyclone inlet and 25mm stretched Teflon filter,FTIR,Ambient local,,/Users/ahmadjalil/github/aethmodular/research/filter_combine/FilterBased_ChemSpecPM25_USPA.csv,8d1e40d2a272970c02d9d5acef313f6579d1e36161fcf30316a4ae5653600418,"# File Updated: 2025-07-29
# Data version 3.0
# Site: Pasadena, United States",USPA-0300,ChemSpec_218,True,True,both competing concentration values already present in earlier CSV; upstream role unresolved,False,c91542c705254dd7e7e7271bc36789388d225dc3,a6fda4ea34e7c6d5f3c058ccd56e23d36c2afe07fee3dd8ee9072a80eeae197f
42402,USPA,34.199433,-118.17317,,USPA-0300,2023-10-15,PM2.5,,,,ChemSpec_218,,,ChemSpec_EC_PM2.5,,0.06,0.0554193899782135,,,ChemSpec,ug/m3,ug/m3,,USPA-0300,2023-10-15,0.06,0.055419389978,8593,USPA,34.199433,-118.17317,366.0,USPA-0300,2023,10,15,9.0,2023,10,16,9.0,24.0,28203,EC PM2.5,0.06,Micrograms per cubic meter (ug/m3),,0.0554193899782135,,218,AirPhoton SS5i Sampler with BGI cyclone inlet and 25mm stretched Teflon filter,FTIR,Ambient local,,/Users/ahmadjalil/github/aethmodular/research/filter_combine/FilterBased_ChemSpecPM25_USPA.csv,8d1e40d2a272970c02d9d5acef313f6579d1e36161fcf30316a4ae5653600418,"# File Updated: 2025-07-29
# Data version 3.0
# Site: Pasadena, United States",USPA-0300,ChemSpec_218,True,True,both competing concentration values already present in earlier CSV; upstream role unresolved,False,c91542c705254dd7e7e7271bc36789388d225dc3,a6fda4ea34e7c6d5f3c058ccd56e23d36c2afe07fee3dd8ee9072a80eeae197f
42459,USPA,34.199433,-118.17317,,USPA-0301,2023-10-18,PM2.5,,,,ChemSpec_218,,,ChemSpec_EC_PM2.5,,0.57,0.0554193899782135,,,ChemSpec,ug/m3,ug/m3,,USPA-0301,2023-10-18,0.57,0.055419389978,8633,USPA,34.199433,-118.17317,366.0,USPA-0301,2023,10,18,9.0,2023,10,19,9.0,24.0,28203,EC PM2.5,0.57,Micrograms per cubic meter (ug/m3),,0.0554193899782135,,218,AirPhoton SS5i Sampler with BGI cyclone inlet and 25mm stretched Teflon filter,FTIR,Ambient local,,/Users/ahmadjalil/github/aethmodular/research/filter_combine/FilterBased_ChemSpecPM25_USPA.csv,8d1e40d2a272970c02d9d5acef313f6579d1e36161fcf30316a4ae5653600418,"# File Updated: 2025-07-29
# Data version 3.0
# Site: Pasadena, United States",USPA-0301,ChemSpec_218,True,True,both competing concentration values already present in earlier CSV; upstream role unresolved,False,c91542c705254dd7e7e7271bc36789388d225dc3,a6fda4ea34e7c6d5f3c058ccd56e23d36c2afe07fee3dd8ee9072a80eeae197f
42460,USPA,34.199433,-118.17317,,USPA-0301,2023-10-18,PM2.5,,,,ChemSpec_218,,,ChemSpec_EC_PM2.5,,0.06,0.0554193899782135,,,ChemSpec,ug/m3,ug/m3,,USPA-0301,2023-10-18,0.06,0.055419389978,8634,USPA,34.199433,-118.17317,366.0,USPA-0301,2023,10,18,9.0,2023,10,19,9.0,24.0,28203,EC PM2.5,0.06,Micrograms per cubic meter (ug/m3),,0.0554193899782135,,218,AirPhoton SS5i Sampler with BGI cyclone inlet and 25mm stretched Teflon filter,FTIR,Ambient local,,/Users/ahmadjalil/github/aethmodular/research/filter_combine/FilterBased_ChemSpecPM25_USPA.csv,8d1e40d2a272970c02d9d5acef313f6579d1e36161fcf30316a4ae5653600418,"# File Updated: 2025-07-29
# Data version 3.0
# Site: Pasadena, United States",USPA-0301,ChemSpec_218,True,True,both competing concentration values already present in earlier CSV; upstream role unresolved,False,c91542c705254dd7e7e7271bc36789388d225dc3,a6fda4ea34e7c6d5f3c058ccd56e23d36c2afe07fee3dd8ee9072a80eeae197f
42517,USPA,34.199433,-118.17317,,USPA-0302,2023-10-21,PM2.5,,,,ChemSpec_218,,,ChemSpec_EC_PM2.5,,0.47,0.0554193899782135,,,ChemSpec,ug/m3,ug/m3,,USPA-0302,2023-10-21,0.47,0.055419389978,8674,USPA,34.199433,-118.17317,366.0,USPA-0302,2023,10,21,9.0,2023,10,22,9.0,24.0,28203,EC PM2.5,0.47,Micrograms per cubic meter (ug/m3),,0.0554193899782135,,218,AirPhoton SS5i Sampler with BGI cyclone inlet and 25mm stretched Teflon filter,FTIR,Ambient local,,/Users/ahmadjalil/github/aethmodular/research/filter_combine/FilterBased_ChemSpecPM25_USPA.csv,8d1e40d2a272970c02d9d5acef313f6579d1e36161fcf30316a4ae5653600418,"# File Updated: 2025-07-29
# Data version 3.0
# Site: Pasadena, United States",USPA-0302,ChemSpec_218,True,True,both competing concentration values already present in earlier CSV; upstream role unresolved,False,c91542c705254dd7e7e7271bc36789388d225dc3,a6fda4ea34e7c6d5f3c058ccd56e23d36c2afe07fee3dd8ee9072a80eeae197f
42518,USPA,34.199433,-118.17317,,USPA-0302,2023-10-21,PM2.5,,,,ChemSpec_218,,,ChemSpec_EC_PM2.5,,0.06,0.0554193899782135,,,ChemSpec,ug/m3,ug/m3,,USPA-0302,2023-10-21,0.06,0.055419389978,8675,USPA,34.199433,-118.17317,366.0,USPA-0302,2023,10,21,9.0,2023,10,22,9.0,24.0,28203,EC PM2.5,0.06,Micrograms per cubic meter (ug/m3),,0.0554193899782135,,218,AirPhoton SS5i Sampler with BGI cyclone inlet and 25mm stretched Teflon filter,FTIR,Ambient local,,/Users/ahmadjalil/github/aethmodular/research/filter_combine/FilterBased_ChemSpecPM25_USPA.csv,8d1e40d2a272970c02d9d5acef313f6579d1e36161fcf30316a4ae5653600418,"# File Updated: 2025-07-29
# Data version 3.0
# Site: Pasadena, United States",USPA-0302,ChemSpec_218,True,True,both competing concentration values already present in earlier CSV; upstream role unresolved,False,c91542c705254dd7e7e7271bc36789388d225dc3,a6fda4ea34e7c6d5f3c058ccd56e23d36c2afe07fee3dd8ee9072a80eeae197f
42589,USPA,34.199433,-118.17317,,USPA-0304,2023-10-24,PM2.5,,,,ChemSpec_218,,,ChemSpec_EC_PM2.5,,0.42,0.0554193899782135,,,ChemSpec,ug/m3,ug/m3,,USPA-0304,2023-10-24,0.42,0.055419389978,8715,USPA,34.199433,-118.17317,366.0,USPA-0304,2023,10,24,9.0,2023,10,25,9.0,24.0,28203,EC PM2.5,0.42,Micrograms per cubic meter (ug/m3),,0.0554193899782135,,218,AirPhoton SS5i Sampler with BGI cyclone inlet and 25mm stretched Teflon filter,FTIR,Ambient local,,/Users/ahmadjalil/github/aethmodular/research/filter_combine/FilterBased_ChemSpecPM25_USPA.csv,8d1e40d2a272970c02d9d5acef313f6579d1e36161fcf30316a4ae5653600418,"# File Updated: 2025-07-29
# Data version 3.0
# Site: Pasadena, United States",USPA-0304,ChemSpec_218,True,True,both competing concentration values already present in earlier CSV; upstream role unresolved,False,c91542c705254dd7e7e7271bc36789388d225dc3,a6fda4ea34e7c6d5f3c058ccd56e23d36c2afe07fee3dd8ee9072a80eeae197f
42590,USPA,34.199433,-118.17317,,USPA-0304,2023-10-24,PM2.5,,,,ChemSpec_218,,,ChemSpec_EC_PM2.5,,0.06,0.0554193899782135,,,ChemSpec,ug/m3,ug/m3,,USPA-0304,2023-10-24,0.06,0.055419389978,8716,USPA,34.199433,-118.17317,366.0,USPA-0304,2023,10,24,9.0,2023,10,25,9.0,24.0,28203,EC PM2.5,0.06,Micrograms per cubic meter (ug/m3),,0.0554193899782135,,218,AirPhoton SS5i Sampler with BGI cyclone inlet and 25mm stretched Teflon filter,FTIR,Ambient local,,/Users/ahmadjalil/github/aethmodular/research/filter_combine/FilterBased_ChemSpecPM25_USPA.csv,8d1e40d2a272970c02d9d5acef313f6579d1e36161fcf30316a4ae5653600418,"# File Updated: 2025-07-29
# Data version 3.0
# Site: Pasadena, United States",USPA-0304,ChemSpec_218,True,True,both competing concentration values already present in earlier CSV; upstream role unresolved,False,c91542c705254dd7e7e7271bc36789388d225dc3,a6fda4ea34e7c6d5f3c058ccd56e23d36c2afe07fee3dd8ee9072a80eeae197f
42647,USPA,34.199433,-118.17317,,USPA-0305,2023-10-27,PM2.5,,,,ChemSpec_218,,,ChemSpec_EC_PM2.5,,0.62,0.0589225589225589,,,ChemSpec,ug/m3,ug/m3,,USPA-0305,2023-10-27,0.62,0.058922558923,8756,USPA,34.199433,-118.17317,366.0,USPA-0305,2023,10,27,9.0,2023,10,28,9.0,24.0,28203,EC PM2.5,0.62,Micrograms per cubic meter (ug/m3),,0.0589225589225589,,218,AirPhoton SS5i Sampler with BGI cyclone inlet and 25mm stretched Teflon filter,FTIR,Ambient local,,/Users/ahmadjalil/github/aethmodular/research/filter_combine/FilterBased_ChemSpecPM25_USPA.csv,8d1e40d2a272970c02d9d5acef313f6579d1e36161fcf30316a4ae5653600418,"# File Updated: 2025-07-29
# Data version 3.0
# Site: Pasadena, United States",USPA-0305,ChemSpec_218,True,True,both competing concentration values already present in earlier CSV; upstream role unresolved,False,c91542c705254dd7e7e7271bc36789388d225dc3,a6fda4ea34e7c6d5f3c058ccd56e23d36c2afe07fee3dd8ee9072a80eeae197f
42648,USPA,34.199433,-118.17317,,USPA-0305,2023-10-27,PM2.5,,,,ChemSpec_218,,,ChemSpec_EC_PM2.5,,0.06,0.0589225589225589,,,ChemSpec,ug/m3,ug/m3,,USPA-0305,2023-10-27,0.06,0.058922558923,8757,USPA,34.199433,-118.17317,366.0,USPA-0305,2023,10,27,9.0,2023,10,28,9.0,24.0,28203,EC PM2.5,0.06,Micrograms per cubic meter (ug/m3),,0.0589225589225589,,218,AirPhoton SS5i Sampler with BGI cyclone inlet and 25mm stretched Teflon filter,FTIR,Ambient local,,/Users/ahmadjalil/github/aethmodular/research/filter_combine/FilterBased_ChemSpecPM25_USPA.csv,8d1e40d2a272970c02d9d5acef313f6579d1e36161fcf30316a4ae5653600418,"# File Updated: 2025-07-29
# Data version 3.0
# Site: Pasadena, United States",USPA-0305,ChemSpec_218,True,True,both competing concentration values already present in earlier CSV; upstream role unresolved,False,c91542c705254dd7e7e7271bc36789388d225dc3,a6fda4ea34e7c6d5f3c058ccd56e23d36c2afe07fee3dd8ee9072a80eeae197f
42705,USPA,34.199433,-118.17317,,USPA-0306,2023-10-30,PM2.5,,,,ChemSpec_218,,,ChemSpec_EC_PM2.5,,0.35,0.0589225589225589,,,ChemSpec,ug/m3,ug/m3,,USPA-0306,2023-10-30,0.35,0.058922558923,8796,USPA,34.199433,-118.17317,366.0,USPA-0306,2023,10,30,9.0,2023,10,31,9.0,24.0,28203,EC PM2.5,0.35,Micrograms per cubic meter (ug/m3),,0.0589225589225589,,218,AirPhoton SS5i Sampler with BGI cyclone inlet and 25mm stretched Teflon filter,FTIR,Ambient local,,/Users/ahmadjalil/github/aethmodular/research/filter_combine/FilterBased_ChemSpecPM25_USPA.csv,8d1e40d2a272970c02d9d5acef313f6579d1e36161fcf30316a4ae5653600418,"# File Updated: 2025-07-29
# Data version 3.0
# Site: Pasadena, United States",USPA-0306,ChemSpec_218,True,True,both competing concentration values already present in earlier CSV; upstream role unresolved,False,c91542c705254dd7e7e7271bc36789388d225dc3,a6fda4ea34e7c6d5f3c058ccd56e23d36c2afe07fee3dd8ee9072a80eeae197f
42706,USPA,34.199433,-118.17317,,USPA-0306,2023-10-30,PM2.5,,,,ChemSpec_218,,,ChemSpec_EC_PM2.5,,0.06,0.0589225589225589,,,ChemSpec,ug/m3,ug/m3,,USPA-0306,2023-10-30,0.06,0.058922558923,8797,USPA,34.199433,-118.17317,366.0,USPA-0306,2023,10,30,9.0,2023,10,31,9.0,24.0,28203,EC PM2.5,0.06,Micrograms per cubic meter (ug/m3),,0.0589225589225589,,218,AirPhoton SS5i Sampler with BGI cyclone inlet and 25mm stretched Teflon filter,FTIR,Ambient local,,/Users/ahmadjalil/github/aethmodular/research/filter_combine/FilterBased_ChemSpecPM25_USPA.csv,8d1e40d2a272970c02d9d5acef313f6579d1e36161fcf30316a4ae5653600418,"# File Updated: 2025-07-29
# Data version 3.0
# Site: Pasadena, United States",USPA-0306,ChemSpec_218,True,True,both competing concentration values already present in earlier CSV; upstream role unresolved,False,c91542c705254dd7e7e7271bc36789388d225dc3,a6fda4ea34e7c6d5f3c058ccd56e23d36c2afe07fee3dd8ee9072a80eeae197f
42762,USPA,34.199433,-118.17317,,USPA-0307,2023-11-02,PM2.5,,,,ChemSpec_218,,,ChemSpec_EC_PM2.5,,0.49,0.0589225589225589,,,ChemSpec,ug/m3,ug/m3,,USPA-0307,2023-11-02,0.49,0.058922558923,8837,USPA,34.199433,-118.17317,366.0,USPA-0307,2023,11,2,9.0,2023,11,3,9.0,24.0,28203,EC PM2.5,0.49,Micrograms per cubic meter (ug/m3),,0.0589225589225589,,218,AirPhoton SS5i Sampler with BGI cyclone inlet and 25mm stretched Teflon filter,FTIR,Ambient local,,/Users/ahmadjalil/github/aethmodular/research/filter_combine/FilterBased_ChemSpecPM25_USPA.csv,8d1e40d2a272970c02d9d5acef313f6579d1e36161fcf30316a4ae5653600418,"# File Updated: 2025-07-29
# Data version 3.0
# Site: Pasadena, United States",USPA-0307,ChemSpec_218,True,True,both competing concentration values already present in earlier CSV; upstream role unresolved,False,c91542c705254dd7e7e7271bc36789388d225dc3,a6fda4ea34e7c6d5f3c058ccd56e23d36c2afe07fee3dd8ee9072a80eeae197f
42763,USPA,34.199433,-118.17317,,USPA-0307,2023-11-02,PM2.5,,,,ChemSpec_218,,,ChemSpec_EC_PM2.5,,0.06,0.0589225589225589,,,ChemSpec,ug/m3,ug/m3,,USPA-0307,2023-11-02,0.06,0.058922558923,8838,USPA,34.199433,-118.17317,366.0,USPA-0307,2023,11,2,9.0,2023,11,3,9.0,24.0,28203,EC PM2.5,0.06,Micrograms per cubic meter (ug/m3),,0.0589225589225589,,218,AirPhoton SS5i Sampler with BGI cyclone inlet and 25mm stretched Teflon filter,FTIR,Ambient local,,/Users/ahmadjalil/github/aethmodular/research/filter_combine/FilterBased_ChemSpecPM25_USPA.csv,8d1e40d2a272970c02d9d5acef313f6579d1e36161fcf30316a4ae5653600418,"# File Updated: 2025-07-29
# Data version 3.0
# Site: Pasadena, United States",USPA-0307,ChemSpec_218,True,True,both competing concentration values already present in earlier CSV; upstream role unresolved,False,c91542c705254dd7e7e7271bc36789388d225dc3,a6fda4ea34e7c6d5f3c058ccd56e23d36c2afe07fee3dd8ee9072a80eeae197f
42820,USPA,34.199433,-118.17317,,USPA-0308,2023-11-05,PM2.5,,,,ChemSpec_218,,,ChemSpec_EC_PM2.5,,0.85,0.0589225589225589,,,ChemSpec,ug/m3,ug/m3,,USPA-0308,2023-11-05,0.85,0.058922558923,8878,USPA,34.199433,-118.17317,366.0,USPA-0308,2023,11,5,9.0,2023,11,6,9.0,24.0,28203,EC PM2.5,0.85,Micrograms per cubic meter (ug/m3),,0.0589225589225589,,218,AirPhoton SS5i Sampler with BGI cyclone inlet and 25mm stretched Teflon filter,FTIR,Ambient local,,/Users/ahmadjalil/github/aethmodular/research/filter_combine/FilterBased_ChemSpecPM25_USPA.csv,8d1e40d2a272970c02d9d5acef313f6579d1e36161fcf30316a4ae5653600418,"# File Updated: 2025-07-29
# Data version 3.0
# Site: Pasadena, United States",USPA-0308,ChemSpec_218,True,True,both competing concentration values already present in earlier CSV; upstream role unresolved,False,c91542c705254dd7e7e7271bc36789388d225dc3,a6fda4ea34e7c6d5f3c058ccd56e23d36c2afe07fee3dd8ee9072a80eeae197f
42821,USPA,34.199433,-118.17317,,USPA-0308,2023-11-05,PM2.5,,,,ChemSpec_218,,,ChemSpec_EC_PM2.5,,0.06,0.0589225589225589,,,ChemSpec,ug/m3,ug/m3,,USPA-0308,2023-11-05,0.06,0.058922558923,8879,USPA,34.199433,-118.17317,366.0,USPA-0308,2023,11,5,9.0,2023,11,6,9.0,24.0,28203,EC PM2.5,0.06,Micrograms per cubic meter (ug/m3),,0.0589225589225589,,218,AirPhoton SS5i Sampler with BGI cyclone inlet and 25mm stretched Teflon filter,FTIR,Ambient local,,/Users/ahmadjalil/github/aethmodular/research/filter_combine/FilterBased_ChemSpecPM25_USPA.csv,8d1e40d2a272970c02d9d5acef313f6579d1e36161fcf30316a4ae5653600418,"# File Updated: 2025-07-29
# Data version 3.0
# Site: Pasadena, United States",USPA-0308,ChemSpec_218,True,True,both competing concentration values already present in earlier CSV; upstream role unresolved,False,c91542c705254dd7e7e7271bc36789388d225dc3,a6fda4ea34e7c6d5f3c058ccd56e23d36c2afe07fee3dd8ee9072a80eeae197f
42878,USPA,34.199433,-118.17317,,USPA-0309,2023-11-08,PM2.5,,,,ChemSpec_218,,,ChemSpec_EC_PM2.5,,0.26,0.0589225589225589,,,ChemSpec,ug/m3,ug/m3,,USPA-0309,2023-11-08,0.26,0.058922558923,8919,USPA,34.199433,-118.17317,366.0,USPA-0309,2023,11,8,9.0,2023,11,9,9.0,24.0,28203,EC PM2.5,0.26,Micrograms per cubic meter (ug/m3),,0.0589225589225589,,218,AirPhoton SS5i Sampler with BGI cyclone inlet and 25mm stretched Teflon filter,FTIR,Ambient local,,/Users/ahmadjalil/github/aethmodular/research/filter_combine/FilterBased_ChemSpecPM25_USPA.csv,8d1e40d2a272970c02d9d5acef313f6579d1e36161fcf30316a4ae5653600418,"# File Updated: 2025-07-29
# Data version 3.0
# Site: Pasadena, United States",USPA-0309,ChemSpec_218,True,True,both competing concentration values already present in earlier CSV; upstream role unresolved,False,c91542c705254dd7e7e7271bc36789388d225dc3,a6fda4ea34e7c6d5f3c058ccd56e23d36c2afe07fee3dd8ee9072a80eeae197f
42879,USPA,34.199433,-118.17317,,USPA-0309,2023-11-08,PM2.5,,,,ChemSpec_218,,,ChemSpec_EC_PM2.5,,0.06,0.0589225589225589,,,ChemSpec,ug/m3,ug/m3,,USPA-0309,2023-11-08,0.06,0.058922558923,8920,USPA,34.199433,-118.17317,366.0,USPA-0309,2023,11,8,9.0,2023,11,9,9.0,24.0,28203,EC PM2.5,0.06,Micrograms per cubic meter (ug/m3),,0.0589225589225589,,218,AirPhoton SS5i Sampler with BGI cyclone inlet and 25mm stretched Teflon filter,FTIR,Ambient local,,/Users/ahmadjalil/github/aethmodular/research/filter_combine/FilterBased_ChemSpecPM25_USPA.csv,8d1e40d2a272970c02d9d5acef313f6579d1e36161fcf30316a4ae5653600418,"# File Updated: 2025-07-29
# Data version 3.0
# Site: Pasadena, United States",USPA-0309,ChemSpec_218,True,True,both competing concentration values already present in earlier CSV; upstream role unresolved,False,c91542c705254dd7e7e7271bc36789388d225dc3,a6fda4ea34e7c6d5f3c058ccd56e23d36c2afe07fee3dd8ee9072a80eeae197f
42936,USPA,34.199433,-118.17317,,USPA-0310,2023-11-11,PM2.5,,,,ChemSpec_218,,,ChemSpec_EC_PM2.5,,0.43,0.0589225589225589,,,ChemSpec,ug/m3,ug/m3,,USPA-0310,2023-11-11,0.43,0.058922558923,8960,USPA,34.199433,-118.17317,366.0,USPA-0310,2023,11,11,9.0,2023,11,12,9.0,24.0,28203,EC PM2.5,0.43,Micrograms per cubic meter (ug/m3),,0.0589225589225589,,218,AirPhoton SS5i Sampler with BGI cyclone inlet and 25mm stretched Teflon filter,FTIR,Ambient local,,/Users/ahmadjalil/github/aethmodular/research/filter_combine/FilterBased_ChemSpecPM25_USPA.csv,8d1e40d2a272970c02d9d5acef313f6579d1e36161fcf30316a4ae5653600418,"# File Updated: 2025-07-29
# Data version 3.0
# Site: Pasadena, United States",USPA-0310,ChemSpec_218,True,True,both competing concentration values already present in earlier CSV; upstream role unresolved,False,c91542c705254dd7e7e7271bc36789388d225dc3,a6fda4ea34e7c6d5f3c058ccd56e23d36c2afe07fee3dd8ee9072a80eeae197f
42937,USPA,34.199433,-118.17317,,USPA-0310,2023-11-11,PM2.5,,,,ChemSpec_218,,,ChemSpec_EC_PM2.5,,0.06,0.0589225589225589,,,ChemSpec,ug/m3,ug/m3,,USPA-0310,2023-11-11,0.06,0.058922558923,8961,USPA,34.199433,-118.17317,366.0,USPA-0310,2023,11,11,9.0,2023,11,12,9.0,24.0,28203,EC PM2.5,0.06,Micrograms per cubic meter (ug/m3),,0.0589225589225589,,218,AirPhoton SS5i Sampler with BGI cyclone inlet and 25mm stretched Teflon filter,FTIR,Ambient local,,/Users/ahmadjalil/github/aethmodular/research/filter_combine/FilterBased_ChemSpecPM25_USPA.csv,8d1e40d2a272970c02d9d5acef313f6579d1e36161fcf30316a4ae5653600418,"# File Updated: 2025-07-29
# Data version 3.0
# Site: Pasadena, United States",USPA-0310,ChemSpec_218,True,True,both competing concentration values already present in earlier CSV; upstream role unresolved,False,c91542c705254dd7e7e7271bc36789388d225dc3,a6fda4ea34e7c6d5f3c058ccd56e23d36c2afe07fee3dd8ee9072a80eeae197f
43008,USPA,34.199433,-118.17317,,USPA-0312,2023-11-14,PM2.5,,,,ChemSpec_218,,,ChemSpec_EC_PM2.5,,0.5,0.0577777777777777,,,ChemSpec,ug/m3,ug/m3,,USPA-0312,2023-11-14,0.5,0.057777777778,9001,USPA,34.199433,-118.17317,366.0,USPA-0312,2023,11,14,9.0,2023,11,15,9.0,24.0,28203,EC PM2.5,0.5,Micrograms per cubic meter (ug/m3),,0.0577777777777777,,218,AirPhoton SS5i Sampler with BGI cyclone inlet and 25mm stretched Teflon filter,FTIR,Ambient local,,/Users/ahmadjalil/github/aethmodular/research/filter_combine/FilterBased_ChemSpecPM25_USPA.csv,8d1e40d2a272970c02d9d5acef313f6579d1e36161fcf30316a4ae5653600418,"# File Updated: 2025-07-29
# Data version 3.0
# Site: Pasadena, United States",USPA-0312,ChemSpec_218,True,True,both competing concentration values already present in earlier CSV; upstream role unresolved,False,c91542c705254dd7e7e7271bc36789388d225dc3,a6fda4ea34e7c6d5f3c058ccd56e23d36c2afe07fee3dd8ee9072a80eeae197f
43009,USPA,34.199433,-118.17317,,USPA-0312,2023-11-14,PM2.5,,,,ChemSpec_218,,,ChemSpec_EC_PM2.5,,0.06,0.0577777777777777,,,ChemSpec,ug/m3,ug/m3,,USPA-0312,2023-11-14,0.06,0.057777777778,9002,USPA,34.199433,-118.17317,366.0,USPA-0312,2023,11,14,9.0,2023,11,15,9.0,24.0,28203,EC PM2.5,0.06,Micrograms per cubic meter (ug/m3),,0.0577777777777777,,218,AirPhoton SS5i Sampler with BGI cyclone inlet and 25mm stretched Teflon filter,FTIR,Ambient local,,/Users/ahmadjalil/github/aethmodular/research/filter_combine/FilterBased_ChemSpecPM25_USPA.csv,8d1e40d2a272970c02d9d5acef313f6579d1e36161fcf30316a4ae5653600418,"# File Updated: 2025-07-29
# Data version 3.0
# Site: Pasadena, United States",USPA-0312,ChemSpec_218,True,True,both competing concentration values already present in earlier CSV; upstream role unresolved,False,c91542c705254dd7e7e7271bc36789388d225dc3,a6fda4ea34e7c6d5f3c058ccd56e23d36c2afe07fee3dd8ee9072a80eeae197f
