notebook,zone,archived,cell_index,section,title,xlabel,ylabel,recipe,gallery_category,gallery_chart,has_fit,has_log_axis,is_grid,color_by_third_var,rendered_png_outputs
notebooks/analysis/absorption/AAARpos.ipynb,notebooks/analysis,False,8,- Red shaded region: Where Method 3 predicts BC > 0 despite Fabs = 0,Physical Constraint Check: BC = 0 when Fabs = 0\n,HIPS Fabs (Mm⁻¹),FTIR EC (μg/m³),plot+scatter,correlation,Scatterplot,False,False,False,False,1
notebooks/analysis/absorption/AAARpos.ipynb,notebooks/analysis,False,10,- Red shaded region: Where Method 3 predicts BC > 0 despite Fabs = 0,MAC Time Series by Season - {site_code}\n(Outliers Removed),Date,MAC (m²/g),scatter,correlation,Scatterplot,True,False,False,False,1
notebooks/analysis/absorption/AAARpos.ipynb,notebooks/analysis,False,11,- Red shaded region: Where Method 3 predicts BC > 0 despite Fabs = 0,Method Agreement: Aethalometer vs HIPS vs FTIR-EC - {site_code},Date,Concentration (μg/m³),plot,evolution,Timeseries,False,False,False,False,0
notebooks/analysis/absorption/ETAD_Aug13.ipynb,notebooks/analysis,False,9,3. Analysis Functions,,Date,,plot+scatter,correlation,Scatterplot,True,False,False,False,0
notebooks/analysis/absorption/ETAD_Aug13.ipynb,notebooks/analysis,False,12,4. HIPS Fabs vs Aethalometer Babs Analysis,MAC Time Series by Season{title_suffix},Date,MAC (m²/g),scatter,correlation,Scatterplot,False,False,False,False,0
notebooks/analysis/absorption/ETAD_Aug13.ipynb,notebooks/analysis,False,15,5. BCc vs FTIR EC Analysis,MAC Time Series by Season{title_suffix},Date,MAC (m²/g),scatter,correlation,Scatterplot,False,False,False,False,0
notebooks/analysis/absorption/ETAD_Aug13.ipynb,notebooks/analysis,False,22,8.5. Fe/EC Time Series Analysis,Iron and FTIR EC Time Series,Date,Concentration (μg/m³),plot,evolution,Timeseries,False,False,True,False,1
notebooks/analysis/absorption/ETAD_Aug13.ipynb,notebooks/analysis,False,27,9. Time Series Analysis,Normalized FTIR EC vs BCc Time Series,Date,Normalized Concentration,plot,evolution,Timeseries,False,False,False,False,2
notebooks/analysis/absorption/ETAD_Aug13.ipynb,notebooks/analysis,False,30,9.5. Iron-Coded BCc vs FTIR EC Analysis,,,,plot+scatter,correlation,Bubble,True,False,False,True,0
notebooks/analysis/absorption/ETAD_Aug13.ipynb,notebooks/analysis,False,35,9.6. Seasonal MAC Analysis,Red BCc Smoothed MAC by Ethiopian Season,Season,MAC Red Smoothed (m²/g),boxplot+scatter,correlation,Bubble,False,False,False,True,5
notebooks/analysis/absorption/ETAD_Aug13.ipynb,notebooks/analysis,False,40,11. Method Agreement Analysis: Aethalometer vs HIPS vs FTIR-EC,Method Agreement: Aethalometer vs HIPS vs FTIR-EC\nTime Series Comparison,Date,Concentration (μg/m³),plot+scatter,correlation,Scatterplot,True,False,False,False,2
notebooks/analysis/absorption/ETAD_Aug13.ipynb,notebooks/analysis,False,41,11. Method Agreement Analysis: Aethalometer vs HIPS vs FTIR-EC,Red Wavelength Comparison\n625nm vs 633nm (Δλ = 8nm),Aethalometer Red BCc (625nm) [μg/m³],HIPS Fabs (633nm) [Mm⁻¹],bar+plot+scatter,correlation,Scatterplot,True,False,False,False,5
notebooks/analysis/absorption/ETAD_Aug13.ipynb,notebooks/analysis,False,42,11. Method Agreement Analysis: Aethalometer vs HIPS vs FTIR-EC,{wavelength} ({info[,{wavelength} Aethalometer Babs (Mm⁻¹),HIPS Fabs (Mm⁻¹),bar+plot+scatter,correlation,Scatterplot,True,False,False,False,0
notebooks/analysis/absorption/ETAD_Aug13.ipynb,notebooks/analysis,False,43,11. Method Agreement Analysis: Aethalometer vs HIPS vs FTIR-EC,Method Agreement: Aethalometer vs HIPS vs FTIR-EC\nTime Series Comparison,Date,Concentration (μg/m³),bar+plot+scatter,correlation,Scatterplot,True,False,False,False,4
notebooks/analysis/absorption/ETAD_Aug13.ipynb,notebooks/analysis,False,44,11. Method Agreement Analysis: Aethalometer vs HIPS vs FTIR-EC,IR BCc vs Iron (Y-axis to 10),IR BCc (μg/m³),Iron (μg/m³),plot+scatter,correlation,Scatterplot,True,False,False,False,5
notebooks/analysis/absorption/ETAD_Aug13.ipynb,notebooks/analysis,False,45,11. Method Agreement Analysis: Aethalometer vs HIPS vs FTIR-EC,IR BCc vs FTIR EC: Fe/BC Ratio Analysis\nInvestigating Slope Change Above 10 μg/m³,IR BCc Smoothed (μg/m³),FTIR EC (μg/m³),plot+scatter,correlation,Bubble,True,False,False,True,1
notebooks/analysis/absorption/ETAD_Aug13.ipynb,notebooks/analysis,False,46,11. Method Agreement Analysis: Aethalometer vs HIPS vs FTIR-EC,IR BCc vs FTIR EC: Fe/BC Ratio Analysis\nInvestigating Slope Change Above 10 μg/m³,IR BCc Smoothed (μg/m³),FTIR EC (μg/m³),plot+scatter,correlation,Bubble,True,False,False,True,2
notebooks/analysis/absorption/ETAD_Aug13.ipynb,notebooks/analysis,False,47,11. Method Agreement Analysis: Aethalometer vs HIPS vs FTIR-EC,IR BCc vs FTIR EC (Iron Color-Coded),IR BCc (μg/m³),FTIR EC (μg/m³),plot+scatter,correlation,Bubble,True,False,False,True,1
notebooks/analysis/absorption/ETAD_Aug13.ipynb,notebooks/analysis,False,48,11. Method Agreement Analysis: Aethalometer vs HIPS vs FTIR-EC,IR BCc vs FTIR EC (Iron Color-Coded),IR BCc (μg/m³),FTIR EC (μg/m³),plot+scatter,correlation,Bubble,True,False,False,True,2
notebooks/analysis/absorption/ETAD_Aug13.ipynb,notebooks/analysis,False,49,11. Method Agreement Analysis: Aethalometer vs HIPS vs FTIR-EC,Red Wavelength Comparison,Aethalometer Red Babs (625nm) [Mm⁻¹],HIPS Fabs (633nm) [Mm⁻¹],plot+scatter,correlation,Scatterplot,True,False,False,False,1
notebooks/analysis/absorption/ETAD_comprehensive_absorption_analysis.ipynb,notebooks/analysis,False,8,3. Analysis Functions,,Date,,plot+scatter,correlation,Scatterplot,True,False,False,False,0
notebooks/analysis/absorption/ETAD_comprehensive_absorption_analysis.ipynb,notebooks/analysis,False,26,9. Time Series Analysis,Normalized FTIR EC vs BCc Time Series,Date,Normalized Concentration,plot,evolution,Timeseries,False,False,False,False,2
notebooks/analysis/absorption/ETAD_comprehensive_absorption_analysis.ipynb,notebooks/analysis,False,29,9.5. Iron-Coded BCc vs FTIR EC Analysis,,,,plot+scatter,correlation,Bubble,True,False,False,True,0
notebooks/analysis/absorption/ETAD_comprehensive_absorption_analysis.ipynb,notebooks/analysis,False,32,9.5. Iron-Coded BCc vs FTIR EC Analysis,,,Iron (ng/m³),plot,evolution,Timeseries,False,False,False,False,1
notebooks/analysis/absorption/ETAD_comprehensive_absorption_analysis.ipynb,notebooks/analysis,False,35,9.6. Seasonal MAC Analysis,MAC by Ethiopian Season,Season,MAC (m²/g),boxplot+scatter,correlation,Scatterplot,False,False,False,False,1
notebooks/analysis/absorption/ETAD_comprehensive_absorption_analysis.ipynb,notebooks/analysis,False,41,10.5. MAC Outlier Analysis and Improved Seasonal Visualization,MAC by Ethiopian Season (Outliers Removed),Season,MAC (m²/g),boxplot,distribution,Boxplot,False,False,False,False,1
notebooks/analysis/absorption/ETAD_comprehensive_absorption_analysis.ipynb,notebooks/analysis,False,42,10.5. MAC Outlier Analysis and Improved Seasonal Visualization,{season} - MAC Time Series,Date,MAC (m²/g),scatter,correlation,Scatterplot,False,False,True,False,1
notebooks/analysis/absorption/ETAD_comprehensive_absorption_analysis.ipynb,notebooks/analysis,False,44,10.5. MAC Outlier Analysis and Improved Seasonal Visualization,MAC by Ethiopian Season (Outliers Removed),Season,MAC (m²/g),boxplot,distribution,Boxplot,False,False,False,False,1
notebooks/analysis/absorption/ETAD_comprehensive_absorption_analysis.ipynb,notebooks/analysis,False,45,10.5. MAC Outlier Analysis and Improved Seasonal Visualization,MAC Time Series by Season{title_suffix},Date,MAC (m²/g),scatter,correlation,Scatterplot,False,False,False,False,1
notebooks/analysis/absorption/ETAD_comprehensive_absorption_analysis.ipynb,notebooks/analysis,False,46,10.5. MAC Outlier Analysis and Improved Seasonal Visualization,"Aethalometer MAC Time Series with Individual Seasonal Instance Averages\n(MAC = IR Babs / FTIR EC, Outliers Removed)",Date,Aethalometer MAC (m²/g),scatter,correlation,Scatterplot,False,False,False,False,1
notebooks/analysis/absorption/ETAD_comprehensive_absorption_analysis.ipynb,notebooks/analysis,False,48,10.5. MAC Outlier Analysis and Improved Seasonal Visualization,Aethalometer MAC Methods - Physical Constraint Check\nDashed Line = Has Intercept Issue,FTIR EC (μg/m³),IR Babs Equivalent (Mm⁻¹),bar+fill_between+plot+scatter,correlation,Scatterplot,True,False,True,False,2
notebooks/analysis/absorption/ETAD_comprehensive_absorption_analysis.ipynb,notebooks/analysis,False,49,10.5. MAC Outlier Analysis and Improved Seasonal Visualization,Aethalometer MAC Methods - Physical Constraint Check\nDashed Line = Has Intercept Issue,FTIR EC (μg/m³),IR Babs Equivalent (Mm⁻¹),fill_between+plot+scatter,correlation,Scatterplot,True,False,False,False,2
notebooks/analysis/absorption/ETAD_comprehensive_absorption_analysis.ipynb,notebooks/analysis,False,50,10.5. MAC Outlier Analysis and Improved Seasonal Visualization,EC vs HIPS Fabs by Ethiopian Season\nIndividual Regression Lines,FTIR EC (μg/m³),HIPS Fabs (Mm⁻¹),fill_between+plot+scatter,correlation,Scatterplot,True,False,False,False,2
notebooks/analysis/absorption/warren_ratio_diagnostics.ipynb,notebooks/analysis,False,16,6. Create Warren-Style Diagnostic Plots,HIPS Warren-Style Ratio Diagnostic,Fe/EC Ratio,F_abs/EC (Mm⁻¹/(μg/m³)),plot+scatter,correlation,Scatterplot,True,False,False,False,1
notebooks/analysis/absorption/warren_ratio_diagnostics.ipynb,notebooks/analysis,False,18,6a. Classic Cross-Plots (EC vs Absorption),HIPS: EC vs F_abs,EC (µg m⁻³),F_abs (Mm⁻¹),plot+scatter,correlation,Scatterplot,True,False,False,False,1
notebooks/analysis/data_availability/filter_data_availability_strip_chart.ipynb,notebooks/analysis,False,8,Filter Data Availability Strip Chart,{site_label} Sample-Day Availability,Sample Date,,scatter,correlation,Scatterplot,False,False,False,False,4
notebooks/analysis/diurnal_pub_figures.ipynb,notebooks/analysis,False,4,Slide 5: Multi-Wavelength Diurnal Overlay,Median Diurnal BC by Wavelength ({label})\n(shading = IQR),Hour of Day (local),BC concentration (ug/m3),fill_between+plot,evolution,Area chart,False,False,False,False,0
notebooks/analysis/diurnal_pub_figures.ipynb,notebooks/analysis,False,6,Slide 6: Wavelength / IR Ratios (Spectral Shape),Diurnal Spectral Shape\n(>1 = enhanced short-wave absorption),Hour of Day (local),BC wavelength / IR BCc ratio,fill_between+plot,evolution,Area chart,False,False,False,False,0
notebooks/analysis/diurnal_pub_figures.ipynb,notebooks/analysis,False,8,Slide 7: AAE Diurnal (TRUE AAE = apparent + 1),True AAE Diurnal Pattern\n(MA350 apparent AAE + 1.0 correction),Hour of Day (local),Absorption Angstrom Exponent (true),boxplot+fill_between+plot,distribution,Boxplot,False,False,False,False,0
notebooks/analysis/diurnal_pub_figures.ipynb,notebooks/analysis,False,9,Slide 7: AAE Diurnal (TRUE AAE = apparent + 1),Delta-C Diurnal Pattern\n(positive = biomass burning signal),Hour of Day (local),"Delta-C (UV - IR BCc, ug/m3)",fill_between+plot,evolution,Area chart,False,False,False,False,0
notebooks/analysis/diurnal_pub_figures.ipynb,notebooks/analysis,False,10,Slide 7: AAE Diurnal (TRUE AAE = apparent + 1),Wavelength Spread (CV) by Hour\n(higher = wavelengths more different),Hour of Day (local),CV across 5 wavelengths,fill_between+plot,evolution,Area chart,False,False,False,False,0
notebooks/analysis/diurnal_pub_figures.ipynb,notebooks/analysis,False,11,Slide 7: AAE Diurnal (TRUE AAE = apparent + 1),{season}\n(absolute BC),Hour,BC (ug/m3),plot,evolution,Timeseries,False,False,True,False,0
notebooks/analysis/diurnal_pub_figures.ipynb,notebooks/analysis,False,12,Slide 7: AAE Diurnal (TRUE AAE = apparent + 1),"{day} -- {desc} (CV={daily_cv[day]:.2f}, {season})",Time of Day (local),BC (ug/m3),plot,evolution,Timeseries,False,False,True,False,0
notebooks/analysis/diurnal_pub_figures.ipynb,notebooks/analysis,False,13,Slide 7: AAE Diurnal (TRUE AAE = apparent + 1),Diurnal Amplification by Wavelength\n(1.0 = daily average),Hour of Day,Ratio to daily median,imshow+plot,correlation,Heatmap,False,False,False,True,0
notebooks/analysis/iron_correction_test.ipynb,notebooks/analysis,False,8,Test 3: Subtract Iron Absorption → Check Corrected F_abs vs EC,(a) Slope vs Iron correction factor k,k (Mm-1 per ug/m3 Iron),Recovered slope (m2/g),plot,evolution,Line chart,True,False,False,False,0
notebooks/analysis/iron_correction_test.ipynb,notebooks/analysis,False,10,Test 4: Before/After Scatter Plots — The Key Figure,Iron Correction: Does subtracting iron absorption recover MAC = 10 m$^2$/g?,FTIR EC (ug/m3),F$_{abs}$ (Mm$^{-1}$),plot+scatter,correlation,Scatterplot,True,False,False,False,0
notebooks/analysis/iron_correction_test.ipynb,notebooks/analysis,False,14,Test 6: Residual Analysis — What Remains After Iron Correction?,(a) Residual vs Iron\n(should be flat if iron fully explains),Iron (ug/m3),Residual (Mm-1),boxplot+scatter,correlation,Scatterplot,False,False,False,False,0
notebooks/analysis/meteorology/Seasonalclass.ipynb,notebooks/analysis,False,0,,Daily Precipitation in 2023 with Paper\,Date,Precipitation (mm),bar+plot,ranking,Barplot,False,False,True,False,0
notebooks/analysis/meteorology/Seasonalclass.ipynb,notebooks/analysis,False,1,,Precipitation Patterns: Dec 2022 - Oct 2024\nApplying 2023 Seasonal Boundaries,Date,Daily Precipitation (mm),bar+plot,ranking,Barplot,False,False,False,False,0
notebooks/analysis/meteorology/Seasonalclass.ipynb,notebooks/analysis,False,3,,Paper\,Date (2023),Daily Precipitation (mm),bar+plot,ranking,Barplot,False,False,True,False,0
notebooks/analysis/meteorology/Seasonalclass.ipynb,notebooks/analysis,False,4,,Paper\,Date (2023),Daily Precipitation (mm),bar+plot,ranking,Barplot,False,False,True,False,0
notebooks/analysis/meteorology/Seasonalclass.ipynb,notebooks/analysis,False,5,,Paper\,Season,Average Daily Precipitation (mm),bar,ranking,Barplot,False,False,False,False,0
notebooks/analysis/meteorology/Seasonalclass.ipynb,notebooks/analysis,False,6,,Precipitation Patterns: Dec 2022 - Oct 2024\nPaper\,Date,Daily Precipitation (mm),bar+plot+scatter,correlation,Connected Scatter,False,False,False,False,0
notebooks/analysis/meteorology/Seasonalclass.ipynb,notebooks/analysis,False,7,,Precipitation During Filter Sampling Periods\n(Green lines = Filter sampling dates),Date,Daily Precipitation (mm),bar+plot,ranking,Barplot,False,False,True,False,0
notebooks/analysis/meteorology/addis_hips_two_problem_decomposition.ipynb,notebooks/analysis,False,4,Section 1: The Raw Problem,HIPS BC vs FTIR EC,FTIR EC (ug/m\u00b3),HIPS BC (ug/m\u00b3),hist+plot+scatter,correlation,Bubble,True,False,False,True,0
notebooks/analysis/meteorology/addis_hips_two_problem_decomposition.ipynb,notebooks/analysis,False,7,Section 2: Baseline Subtraction — What Goes Negative?,Negative Points on Original Scatter,FTIR EC (ug/m\u00b3),HIPS BC (ug/m\u00b3),boxplot+hist+plot+scatter,correlation,Bubble,True,False,True,True,0
notebooks/analysis/meteorology/addis_hips_two_problem_decomposition.ipynb,notebooks/analysis,False,10,Section 3: Strategies for Handling Negative Values,Strategy Comparison,FTIR EC (ug/m\u00b3),Corrected HIPS BC,plot+scatter,correlation,Bubble,True,False,True,True,0
notebooks/analysis/meteorology/addis_hips_two_problem_decomposition.ipynb,notebooks/analysis,False,13,Section 4: Filter Loading / Saturation — Why Is the Slope 0.40?,Slope vs EC Level (window={window_size}),FTIR EC Window Center (ug/m\u00b3),Local Regression Slope,fill_between+plot+scatter,correlation,Bubble,True,False,False,True,0
notebooks/analysis/meteorology/addis_hips_two_problem_decomposition.ipynb,notebooks/analysis,False,16,Section 5: Two-Parameter Correction with Negative-Value Handling,Original (both problems present),FTIR EC (ug/m\u00b3),HIPS BC (ug/m\u00b3),plot+scatter,correlation,Bubble,True,False,True,True,0
notebooks/analysis/meteorology/addis_hips_two_problem_decomposition.ipynb,notebooks/analysis,False,18,Section 6: Validation Against Aethalometer,Original HIPS vs Aethalometer,Aeth IR BCc (ug/m\u00b3),HIPS BC (ug/m\u00b3),plot+scatter,correlation,Bubble,True,False,False,True,0
notebooks/analysis/meteorology/aeronet_addis_deep_dive.ipynb,notebooks/analysis,False,11,1. Diurnal Decoupling — The Headline Finding,{season} (insufficient data),Hour (local time),Surface BC (µg/m³),fill_between+plot,evolution,Area chart,False,False,False,False,0
notebooks/analysis/meteorology/aeronet_addis_deep_dive.ipynb,notebooks/analysis,False,13,2. BC/AOD Ratio — Boundary Layer Depth Proxy,BC-to-AOD Ratio Diurnal Cycle\n(higher = more surface-confined),Hour (local time),BC / AOD$_{500}$ ratio,boxplot+fill_between+plot+scatter,correlation,Scatterplot,True,False,False,False,0
notebooks/analysis/meteorology/aeronet_addis_deep_dive.ipynb,notebooks/analysis,False,16,3. Filter Data × AERONET — Connecting 24h Averages to the Column,{label.split(,,AOD 500nm,scatter,correlation,Scatterplot,False,False,True,False,0
notebooks/analysis/meteorology/aeronet_addis_deep_dive.ipynb,notebooks/analysis,False,18,4. Dust Interference Null Result,HIPS-FTIR Discrepancy vs Dust\n(negative r = dust NOT the cause),Coarse Mode AOD 500nm (dust proxy),HIPS EC / FTIR EC,plot+scatter,correlation,Scatterplot,True,False,False,False,0
notebooks/analysis/meteorology/aeronet_addis_deep_dive.ipynb,notebooks/analysis,False,20,5. Kiremt Coarse Mode Anomaly,Fine & Coarse Mode AOD Time Series\n(blue shading = Kiremt rainy season),Date,AOD 500nm,bar+plot,ranking,Barplot,False,False,False,False,0
notebooks/analysis/meteorology/aeronet_addis_deep_dive.ipynb,notebooks/analysis,False,21,5. Kiremt Coarse Mode Anomaly,HIPS-FTIR Discrepancy by Season,Precipitable Water (cm),HIPS EC / FTIR EC,boxplot+scatter,correlation,Scatterplot,True,False,False,False,0
notebooks/analysis/meteorology/aeronet_addis_deep_dive.ipynb,notebooks/analysis,False,23,6. AAE Data Quality Check,BC Ratio Distribution\n(>1 means IR > UV → negative AAE),IR BCc / UV BCc,Density,hist+plot,distribution,Histogram,False,False,False,False,0
notebooks/analysis/meteorology/aeronet_addis_deep_dive.ipynb,notebooks/analysis,False,27,7. Regime Synthesis — FMF × BC × Filter Data,Regime Quadrants by Season,BC (µg/m³),Fine Mode Fraction,boxplot+plot+scatter,correlation,Connected Scatter,False,False,True,False,0
notebooks/analysis/meteorology/aeronet_addis_diagnostics.ipynb,notebooks/analysis,False,15,Experiment 2: Diurnal Decoupling — Boundary Layer Trapping Signal,"{season} (n={len(sdata)}, insufficient data)",Hour (local),BC (µg/m³),errorbar,ranking,Lollipop,False,False,False,False,0
notebooks/analysis/meteorology/aeronet_addis_diagnostics.ipynb,notebooks/analysis,False,16,Experiment 2: Diurnal Decoupling — Boundary Layer Trapping Signal,BC-to-AOD Ratio Diurnal Cycle\n(higher = more surface-confined),Hour (local),BC / AOD_500nm ratio,boxplot+plot,distribution,Boxplot,False,False,False,False,0
notebooks/analysis/meteorology/aeronet_addis_diagnostics.ipynb,notebooks/analysis,False,17,Experiment 2: Diurnal Decoupling — Boundary Layer Trapping Signal,{season},BC (µg/m³),AOD 500nm,plot+scatter,correlation,Scatterplot,True,False,False,False,0
notebooks/analysis/meteorology/aeronet_addis_diagnostics.ipynb,notebooks/analysis,False,19,Experiment 3: Coarse Mode AOD as Dust Proxy,Fine vs Coarse Mode AOD,Fine Mode AOD 500nm,Coarse Mode AOD 500nm,boxplot+plot+scatter,correlation,Scatterplot,True,False,False,False,0
notebooks/analysis/meteorology/aeronet_addis_diagnostics.ipynb,notebooks/analysis,False,21,Experiment 3: Coarse Mode AOD as Dust Proxy,HIPS-FTIR Discrepancy vs\nColumnar Dust Loading,Coarse Mode AOD 500nm,HIPS EC / FTIR EC ratio,scatter,correlation,Scatterplot,False,False,False,False,0
notebooks/analysis/meteorology/aeronet_addis_diagnostics.ipynb,notebooks/analysis,False,23,Experiment 4: Surface AAE vs Columnar AE — Source Type Consistency,Surface vs Columnar Angstrom,Columnar AE (440-870nm),Surface AAE (375-880nm),boxplot+plot+scatter,correlation,Connected Scatter,False,False,False,False,0
notebooks/analysis/meteorology/aeronet_addis_diagnostics.ipynb,notebooks/analysis,False,26,Experiment 5: Fine Mode Fraction × BC Regime Analysis,BC vs FMF by Season\n(quadrants = regimes),BC (µg/m³),Fine Mode Fraction (500nm),boxplot+plot+scatter,correlation,Connected Scatter,False,False,False,False,0
notebooks/analysis/meteorology/aeronet_addis_diagnostics.ipynb,notebooks/analysis,False,29,Experiment 6: Temporal Variability — Does the Surface Track the Column?,Do surface and column\nvary together within days?,AOD intra-day CV,BC intra-day CV,bar+plot+scatter,correlation,Scatterplot,True,False,False,False,0
notebooks/analysis/meteorology/aeronet_method_agreement.ipynb,notebooks/analysis,False,10,1. Dual MAC: HIPS vs Aethalometer,{mac_label.split(,Precipitable Water (cm),Effective MAC (m²/g),plot+scatter,correlation,Scatterplot,True,False,False,False,0
notebooks/analysis/meteorology/aeronet_method_agreement.ipynb,notebooks/analysis,False,11,1. Dual MAC: HIPS vs Aethalometer,{mac_label} by PW Tercile,Precipitable Water Tercile,{mac_label} (m²/g),boxplot+scatter,correlation,Scatterplot,False,False,False,False,0
notebooks/analysis/meteorology/aeronet_method_agreement.ipynb,notebooks/analysis,False,15,2. HIPS Residual vs Coarse-Mode Regime,HIPS Residual vs {description},,HIPS Residual (1/Mm),plot+scatter,correlation,Scatterplot,True,False,False,False,0
notebooks/analysis/meteorology/aeronet_method_agreement.ipynb,notebooks/analysis,False,17,3. Compression by AOD Terciles,HIPS Fabs vs FTIR EC by AOD Tercile\n(slope = MAC),FTIR EC (µg/m³),HIPS Fabs (1/Mm),bar+hist+plot+scatter,correlation,Scatterplot,True,False,False,False,0
notebooks/analysis/meteorology/aeronet_method_agreement.ipynb,notebooks/analysis,False,18,3. Compression by AOD Terciles,Variance Ratio by Season\n(<1 = HIPS compressed),,Var(HIPS EC) / Var(FTIR EC),bar,ranking,Barplot,False,False,False,False,0
notebooks/analysis/meteorology/aeronet_method_agreement.ipynb,notebooks/analysis,False,22,4. Daytime (10–14h) vs 24h Representativeness,{bc_label} vs FTIR EC,FTIR EC (µg/m³),{bc_label} (µg/m³),plot+scatter,correlation,Scatterplot,True,False,True,False,0
notebooks/analysis/meteorology/aeronet_method_agreement.ipynb,notebooks/analysis,False,24,4. Daytime (10–14h) vs 24h Representativeness,MAC vs {pw_label},,MAC$_{HIPS}$ (m²/g),plot+scatter,correlation,Scatterplot,True,False,False,False,0
notebooks/analysis/meteorology/aeronet_method_agreement.ipynb,notebooks/analysis,False,26,5. Synthesis: Three Paper-Ready Plots,(A) MAC Tracks Column Moisture,AERONET Precipitable Water (cm),MAC$_{HIPS}$ (m²/g),plot+scatter,correlation,Scatterplot,True,False,False,False,0
notebooks/analysis/meteorology/friday_summary_consolidated.ipynb,notebooks/analysis,False,10,Section 1: PMF Replication — KF-Based Source Fractions,Figure 7 Replication: Daily Source Fractions (KF-based),,Source Fraction (KF-based),bar,ranking,Barplot,False,False,True,False,1
notebooks/analysis/meteorology/friday_summary_consolidated.ipynb,notebooks/analysis,False,13,Section 2: Source Concentration Time Series (KF µg/m³),Source Contributions by Concentration (KF µg/m³),,Source Concentration (µg/m³),bar,ranking,Barplot,False,False,True,False,1
notebooks/analysis/meteorology/friday_summary_consolidated.ipynb,notebooks/analysis,False,15,Section 3: Source Grouping — Combined vs Separate,Original 5 Sources (KF),,Number of Samples,bar,ranking,Barplot,False,False,False,False,1
notebooks/analysis/meteorology/friday_summary_consolidated.ipynb,notebooks/analysis,False,17,Section 4: Cross-Plots by Source Type with Slopes,,,,plot+scatter,correlation,Bubble,True,False,False,True,0
notebooks/analysis/meteorology/friday_summary_consolidated.ipynb,notebooks/analysis,False,21,Section 4: Cross-Plots by Source Type with Slopes,{info[,,,plot,evolution,Line chart,True,False,False,False,3
notebooks/analysis/meteorology/friday_summary_consolidated.ipynb,notebooks/analysis,False,24,Section 5: Threshold Analysis with Grouped Categories,{info[,,,plot,evolution,Line chart,True,False,False,False,3
notebooks/analysis/meteorology/friday_summary_consolidated.ipynb,notebooks/analysis,False,25,Section 5: Threshold Analysis with Grouped Categories,{info[,,,plot,evolution,Line chart,True,False,False,False,3
notebooks/analysis/meteorology/friday_summary_consolidated.ipynb,notebooks/analysis,False,28,Section 6: Seasonal Write-Up — Concentration Patterns,Separate Sources,,Mean Concentration (µg/m³),bar,ranking,Barplot,False,False,False,False,1
notebooks/analysis/meteorology/friday_summary_consolidated.ipynb,notebooks/analysis,False,29,Section 6: Seasonal Write-Up — Concentration Patterns,Dominant Source by Season (Separate),,% of Samples,plot,evolution,Timeseries,False,False,False,False,1
notebooks/analysis/meteorology/hips_ftir_intercept_rh_recursive_diagnostics.ipynb,notebooks/analysis,False,3,Plan,Overall HIPS vs FTIR,FTIR EC (\u00b5g/m\u00b3),HIPS Fabs/MAC (\u00b5g/m\u00b3),plot+scatter,correlation,Bubble,True,False,False,True,0
notebooks/analysis/meteorology/hips_intercept_investigation.ipynb,notebooks/analysis,False,4,Section 1: Baseline Regressions — Characterize the Intercept,{y_label.split(,,,plot+scatter,correlation,Scatterplot,True,False,False,False,0
notebooks/analysis/meteorology/hips_intercept_investigation.ipynb,notebooks/analysis,False,7,Section 2: Residual Decomposition by Chemical Species,Correlation of Regression Residuals with Chemical Species\n,Method Pairing,Chemical Species,heatmap,correlation,Correlogram,True,False,False,True,0
notebooks/analysis/meteorology/hips_intercept_investigation.ipynb,notebooks/analysis,False,9,Section 3: Iron / Mineral Dust Interference,HIPS Excess vs {label},{label} (\u00b5g/m\u00b3),HIPS BC \u2212 FTIR EC (\u00b5g/m\u00b3),plot+scatter,correlation,Bubble,True,False,False,True,0
notebooks/analysis/meteorology/hips_intercept_investigation.ipynb,notebooks/analysis,False,11,Section 4: Brown Carbon (OC / OM / Functional Groups),Does Organic Matter / Brown Carbon Inflate HIPS Relative to FTIR EC?,{label} (\u00b5g/m\u00b3),HIPS BC \u2212 FTIR EC,plot+scatter,correlation,Bubble,True,False,False,True,0
notebooks/analysis/meteorology/hips_intercept_investigation.ipynb,notebooks/analysis,False,13,Section 5: Bland-Altman Bias Analysis,Bland-Altman: {y_short} vs {x_short},Mean of {x_short} & {y_short} (\u00b5g/m\u00b3),{y_short} \u2212 {x_short} (\u00b5g/m\u00b3),plot+scatter,correlation,Scatterplot,True,False,False,False,0
notebooks/analysis/meteorology/hips_intercept_investigation.ipynb,notebooks/analysis,False,15,Section 6: Leverage & Influential Sample Analysis,Residuals vs Leverage,Leverage,Standardized Residual,bar+plot+scatter,correlation,Bubble,True,False,False,True,0
notebooks/analysis/meteorology/hips_intercept_investigation.ipynb,notebooks/analysis,False,16,Section 6: Leverage & Influential Sample Analysis,Chemical Enrichment in Influential Samples (p < 0.10),Ratio \u2212 1 (positive = higher in influential samples),,barh,ranking,Barplot,False,False,False,False,0
notebooks/analysis/meteorology/hips_intercept_investigation.ipynb,notebooks/analysis,False,19,"Section 7: HIPS Dynamic Range Compression — The ""Floor"" Effect",Dynamic Range Comparison,Concentration (\u00b5g/m\u00b3),Count,hist+plot+scatter,correlation,Bubble,True,False,False,True,0
notebooks/analysis/meteorology/hips_two_problem_decomposition.ipynb,notebooks/analysis,False,4,Section 1: Cross-Site Comparison,HIPS BC vs FTIR EC Across All Sites\n,FTIR EC (\u00b5g/m\u00b3),HIPS BC (\u00b5g/m\u00b3),plot+scatter,correlation,Bubble,True,False,False,True,0
notebooks/analysis/meteorology/hips_two_problem_decomposition.ipynb,notebooks/analysis,False,6,Section 2: Baseline Subtraction — Fixing Problem 1,{site_name.replace(,FTIR EC,HIPS BC (\u00b5g/m\u00b3),plot+scatter,correlation,Bubble,True,False,True,True,0
notebooks/analysis/meteorology/hips_two_problem_decomposition.ipynb,notebooks/analysis,False,8,Section 3: Filter Loading / Saturation Hypothesis,"Does Slope Depend on EC Level?\n(sliding window, n=40)",FTIR EC Window Center (\u00b5g/m\u00b3),Local Regression Slope,fill_between+plot+scatter,correlation,Bubble,True,False,False,True,0
notebooks/analysis/meteorology/hips_two_problem_decomposition.ipynb,notebooks/analysis,False,9,Section 3: Filter Loading / Saturation Hypothesis,Non-Linearity Test: Does HIPS Saturate at High Loading?\n,FTIR EC (\u00b5g/m\u00b3),HIPS BC (\u00b5g/m\u00b3),plot+scatter,correlation,Bubble,True,False,False,True,0
notebooks/analysis/meteorology/hips_two_problem_decomposition.ipynb,notebooks/analysis,False,11,Section 4: Two-Parameter Correction,{site_name.replace(,FTIR EC (\u00b5g/m\u00b3),HIPS BC (\u00b5g/m\u00b3),plot+scatter,correlation,Bubble,True,False,True,True,0
notebooks/analysis/meteorology/hips_two_problem_decomposition.ipynb,notebooks/analysis,False,13,Section 5: Validation — Does Corrected HIPS Agree Better with Aethalometer?,{site_name.replace(,Aeth IR BCc (\u00b5g/m\u00b3),HIPS BC (\u00b5g/m\u00b3),plot+scatter,correlation,Bubble,True,False,True,True,0
notebooks/analysis/meteorology/map.ipynb,notebooks/analysis,False,0,,Central Africa — Ethiopia & Addis Ababa Highlighted,Longitude,Latitude,imshow+plot,correlation,Heatmap,False,False,False,False,1
notebooks/analysis/meteorology/meteorology_revisions.ipynb,notebooks/analysis,False,8,Revision 1: Wind Rose Revisions,,,,bar,ranking,Barplot,False,False,False,False,0
notebooks/analysis/meteorology/meteorology_revisions.ipynb,notebooks/analysis,False,13,Revision 2: RH Threshold Analysis (40 % and 50 %),BC/EC Measurement Agreement: RH \u2264 {rh_thresh}% (n={n_low}) vs ,,RH {label_rh}\n{y_label},plot+scatter,correlation,Bubble,True,False,True,True,0
notebooks/analysis/meteorology/meteorology_revisions.ipynb,notebooks/analysis,False,16,Revision 2C: Expanded RH Threshold Sweep,"RH Threshold Sweep: Slopes, Distance from Ideal (1:1), and Sample Split",RH Threshold (%),R$^2$ (dashed),bar+fill_between+plot,evolution,Area chart,True,False,True,False,0
notebooks/analysis/meteorology/meteorology_revisions.ipynb,notebooks/analysis,False,18,Revision 2C: Expanded RH Threshold Sweep,Slope Divergence vs RH Threshold — Identifying Optimal Split Point,RH Threshold (%),|Slope$_{low}$ - Slope$_{high}$|,plot,evolution,Timeseries,False,False,False,False,0
notebooks/analysis/meteorology/meteorology_revisions.ipynb,notebooks/analysis,False,19,Revision 2C: Expanded RH Threshold Sweep,BC/EC Agreement at Optimal RH Thresholds\n({thresh_str}),,{rh_cat.upper()}-RH\n{y_label},plot+scatter,correlation,Bubble,True,False,True,True,0
notebooks/analysis/meteorology/meteorology_revisions.ipynb,notebooks/analysis,False,20,Revision 2C: Expanded RH Threshold Sweep,Season-Stratified RH Threshold Sweep\n,RH Threshold (%),Slope,plot,evolution,Timeseries,True,False,True,False,0
notebooks/analysis/meteorology/meteorology_revisions.ipynb,notebooks/analysis,False,23,Revision 3: Temperature Analysis (Biomass Burning Focus),Temperature vs Biomass Burning Source Concentration\n(zero-concentration points excluded),,,plot+scatter,correlation,Bubble,True,False,True,True,0
notebooks/analysis/meteorology/meteorology_revisions.ipynb,notebooks/analysis,False,25,Revision 4: Relative Humidity × Season × Biomass Burning,Biomass Burning Concentration vs Relative Humidity by Season,Daily Mean RH (%),{conc_label} (\u00b5g/m\u00b3),plot+scatter,correlation,Bubble,True,False,False,True,0
notebooks/analysis/meteorology/meteorology_revisions.ipynb,notebooks/analysis,False,27,Revision 5: Seasonal Correlation Matrices,{season}\n(n={n_samples}),,,heatmap,correlation,Correlogram,False,False,False,True,0
notebooks/analysis/meteorology/meteorology_source_interaction.ipynb,notebooks/analysis,False,8,Section 1: Precipitation Washout by Source Type,Total Source Concentration\nvs Precipitation,,Total KF Concentration (µg/m³),bar+boxplot,distribution,Boxplot,False,False,False,False,0
notebooks/analysis/meteorology/meteorology_source_interaction.ipynb,notebooks/analysis,False,10,Section 1: Precipitation Washout by Source Type,{season}\n(n={len(season_data)}),Daily Precipitation (mm),Total KF (\u00b5g/m\u00b3),plot+scatter,correlation,Bubble,True,False,False,True,0
notebooks/analysis/meteorology/meteorology_source_interaction.ipynb,notebooks/analysis,False,12,Section 2: Wind Direction × Source Type,,,,bar,ranking,Barplot,False,False,False,False,0
notebooks/analysis/meteorology/meteorology_source_interaction.ipynb,notebooks/analysis,False,16,Section 2: Wind Direction × Source Type,Source Concentration vs Mean Wind Direction\n(radius = total KF µg/m³),,,scatter,correlation,Bubble,False,False,False,True,0
notebooks/analysis/meteorology/meteorology_source_interaction.ipynb,notebooks/analysis,False,18,Section 3: Temperature Range vs Concentration (Inversion Proxy),\u0394T vs Total Concentration,Diurnal Temperature Range (\u00b0C),Total KF Concentration (\u00b5g/m\u00b3),boxplot+plot+scatter,correlation,Bubble,True,False,False,True,0
notebooks/analysis/meteorology/meteorology_source_interaction.ipynb,notebooks/analysis,False,20,Section 3: Temperature Range vs Concentration (Inversion Proxy),Meteorology × Source Concentration Correlation Matrix,,,heatmap,correlation,Correlogram,False,False,False,True,0
notebooks/analysis/meteorology/meteorology_source_interaction.ipynb,notebooks/analysis,False,22,Section 4: Humidity Effect on Measurement Agreement,BC/EC Method Comparison Colored by Relative Humidity,,,plot+scatter,correlation,Bubble,True,False,False,True,0
notebooks/analysis/meteorology/meteorology_source_interaction.ipynb,notebooks/analysis,False,23,Section 4: Humidity Effect on Measurement Agreement,BC/EC Measurement Agreement: Dry (RH ≤ {rh_median:.0f}%) vs Humid (RH > {rh_median:.0f}%),,{rh_cat.upper()} Days\n{y_label},plot+scatter,correlation,Bubble,True,False,True,True,0
notebooks/analysis/meteorology/meteorology_source_interaction.ipynb,notebooks/analysis,False,24,Section 4: Humidity Effect on Measurement Agreement,{y_label.split(,RH Threshold (%),R² (dashed),plot,evolution,Line chart,True,False,False,False,0
notebooks/analysis/meteorology/meteorology_source_interaction.ipynb,notebooks/analysis,False,25,Section 4: Humidity Effect on Measurement Agreement,Residuals: {pair_label},Daily Mean RH (%),Regression Residual (\u00b5g/m\u00b3),plot+scatter,correlation,Bubble,True,False,False,True,0
notebooks/analysis/meteorology/meteorology_source_interaction.ipynb,notebooks/analysis,False,26,Section 4: Humidity Effect on Measurement Agreement,BC/EC Measurement Agreement: Dry (RH ≤ {RH_THRESHOLD}%) vs Humid (RH > {RH_THRESHOLD}%)\n,,{rh_cat.upper()} Days\n{y_label},plot+scatter,correlation,Bubble,True,False,True,True,0
notebooks/analysis/meteorology/pw_mac_calibration.ipynb,notebooks/analysis,False,10,1. The Money Plot: Effective MAC vs Precipitable Water,Effective MAC vs Column Moisture\n(the money plot),Precipitable Water (cm),Effective MAC (m²/g),boxplot+fill_between+plot+scatter,correlation,Scatterplot,True,False,False,False,0
notebooks/analysis/meteorology/pw_mac_calibration.ipynb,notebooks/analysis,False,11,1. The Money Plot: Effective MAC vs Precipitable Water,Residuals vs PW\n(check for non-linearity),Precipitable Water (cm),MAC residual (observed − predicted),hist+plot+scatter,correlation,Scatterplot,True,False,False,False,0
notebooks/analysis/meteorology/pw_mac_calibration.ipynb,notebooks/analysis,False,14,2. FTIR vs HIPS Correlation Gap with AOD,{label.split(,FTIR EC (µg/m³),AOD 500nm,plot+scatter,correlation,Scatterplot,True,False,False,False,0
notebooks/analysis/meteorology/pw_mac_calibration.ipynb,notebooks/analysis,False,17,3. Morning-Weighting Bias on 24h Filters,Where Does the Filter Mass Come From?\n(by time of day),% of 24h BC mass from 6-10am,% of 24h BC mass,bar+hist+scatter,correlation,Scatterplot,False,False,False,False,0
notebooks/analysis/meteorology/pw_mac_calibration.ipynb,notebooks/analysis,False,20,4. PW as Predictor of Slope vs Intercept,HIPS Fabs vs FTIR EC\n(slope = effective MAC),FTIR EC (µg/m³),HIPS Fabs (1/Mm),bar+plot+scatter,correlation,Scatterplot,True,False,False,False,0
notebooks/analysis/meteorology/pw_mac_calibration.ipynb,notebooks/analysis,False,21,4. PW as Predictor of Slope vs Intercept,HIPS Fabs vs FTIR EC by PW Tercile\n(slope = MAC),FTIR EC (µg/m³),HIPS Fabs (1/Mm),hist+plot+scatter,correlation,Scatterplot,True,False,False,False,0
notebooks/analysis/meteorology/pw_mac_calibration.ipynb,notebooks/analysis,False,23,5. Synthesis: Toward a PW-Adjusted MAC,(A) Column Moisture Drives MAC Variation,Precipitable Water (cm),Effective MAC (m²/g),bar+plot+scatter,correlation,Scatterplot,True,False,True,False,0
notebooks/analysis/meteorology/rh_sweep_seasonal.ipynb,notebooks/analysis,False,5,Per-Season RH Threshold Sweep (Full 3-Row Diagnostic),{season}\n,RH Threshold (%),R$^2$ (dashed),bar+fill_between+plot,evolution,Area chart,True,False,True,False,0
notebooks/analysis/meteorology/rh_sweep_seasonal.ipynb,notebooks/analysis,False,7,Per-Season RH Threshold Sweep (Full 3-Row Diagnostic),Cross-Season Comparison: Low-RH Slope vs RH Threshold\n,RH Threshold (%),Slope (low-RH subset),plot,evolution,Timeseries,False,False,True,False,0
notebooks/analysis/meteorology/temperature_gradient_analysis.ipynb,notebooks/analysis,False,5,"Section 1: ΔT vs Source Concentration, colored by T_avg",\u0394T vs Source Concentration \u2014 Colored by Daily Average Temperature\n,\u0394T: Diurnal Temperature Range (\u00b0C),,plot+scatter,correlation,Bubble,True,False,True,True,0
notebooks/analysis/meteorology/temperature_gradient_analysis.ipynb,notebooks/analysis,False,7,"Section 2: ΔT vs Source Concentration, colored by T_min and T_max",\u0394T vs Source Concentration \u2014 Colored by Overnight Minimum Temperature\n,\u0394T: Diurnal Temperature Range (\u00b0C),,plot+scatter,correlation,Bubble,True,False,True,True,0
notebooks/analysis/meteorology/temperature_gradient_analysis.ipynb,notebooks/analysis,False,8,"Section 2: ΔT vs Source Concentration, colored by T_min and T_max",\u0394T vs Source Concentration \u2014 Colored by Afternoon Maximum Temperature\n,\u0394T: Diurnal Temperature Range (\u00b0C),,plot+scatter,correlation,Bubble,True,False,True,True,0
notebooks/analysis/meteorology/temperature_gradient_analysis.ipynb,notebooks/analysis,False,10,Section 3: T_min as a Driver — Biomass vs Fossil Fuel,{t_label} \u2192 {conc_label.split(,,,plot+scatter,correlation,Bubble,True,False,True,True,0
notebooks/analysis/meteorology/temperature_gradient_analysis.ipynb,notebooks/analysis,False,11,Section 3: T_min as a Driver — Biomass vs Fossil Fuel,{src_name} by T_min Quartile\n(Q1 = coldest mornings),,{src_name} Conc (µg/m³),bar+boxplot,distribution,Boxplot,False,False,True,False,0
notebooks/analysis/meteorology/temperature_gradient_analysis.ipynb,notebooks/analysis,False,13,Section 4: Thermal Regime Maps (T_min vs T_max),Thermal Regime — Color = {conc_label.split(,T min (°C),T max (°C),plot+scatter,correlation,Bubble,False,False,True,True,0
notebooks/analysis/surface_columnar_figures.ipynb,notebooks/analysis,False,1,Surface–Columnar Linkage: Publication Figures,,,,plot,evolution,Timeseries,True,False,False,False,0
notebooks/analysis/surface_columnar_figures.ipynb,notebooks/analysis,False,8,Figure 1: Sequential Exclusion Scatter (Eom et al.),Ex{ex},BC ($\\mu$g/m$^3$),AOD$_{500}$,scatter,correlation,Scatterplot,True,False,True,False,0
notebooks/analysis/surface_columnar_figures.ipynb,notebooks/analysis,False,10,Figure 2: *w* Parameter Seasonal Breakdown,(a) Non-absorbing fraction by season,,w = (AS + AN) / (AS + AN + BC),bar,ranking,Barplot,False,False,False,False,0
notebooks/analysis/surface_columnar_figures.ipynb,notebooks/analysis,False,12,Figure 3: BC vs Fine Soil,Figure 3: BC vs Fine Soil -- Addis Ababa is BC-dominated,Fine Soil ($\\mu$g/m$^3$),{bc_col.replace(,plot+scatter,correlation,Scatterplot,True,False,False,False,0
notebooks/analysis/surface_columnar_figures.ipynb,notebooks/analysis,False,14,Figure 4: AOD Binning (Segura et al.),(a) Daily scatter,AOD$_{500}$,BC ($\\mu$g/m$^3$),errorbar+plot+scatter,correlation,Scatterplot,True,False,False,False,0
notebooks/analysis/surface_columnar_figures.ipynb,notebooks/analysis,False,16,"Figure 5: SSA Spectral Shape, dSSA, w vs SSA",(a) SSA spectral shape by season,Wavelength (nm),SSA,errorbar+hist+scatter,correlation,Scatterplot,True,False,False,False,0
notebooks/analysis/surface_columnar_figures.ipynb,notebooks/analysis,False,18,Figure 6: eta Decomposition (Snider et al.),(a) $\\eta$ by season,Precipitable Water (cm),$\\eta_{BC}$ = BC / AOD$_{500}$ ($\\mu$g m$^{-3}$),bar+scatter,correlation,Scatterplot,True,False,False,False,0
notebooks/analysis/surface_columnar_figures.ipynb,notebooks/analysis,False,20,Figure 7: HIPS/FTIR Ratio vs AOD,Figure 7: HIPS/FTIR Ratio vs AOD$_{500}$ -- Addis Ababa,AOD$_{500}$,HIPS BC / FTIR EC,scatter,correlation,Scatterplot,True,False,False,False,0
notebooks/analysis/surface_columnar_figures.ipynb,notebooks/analysis,False,22,Figure 8: HIPS vs FTIR Colored by Iron (new),"(a) HIPS vs FTIR, colored by filter iron",FTIR EC ($\\mu$g/m$^3$),HIPS BC ($\\mu$g/m$^3$),plot+scatter,correlation,Bubble,True,False,False,True,0
notebooks/analysis/surface_columnar_figures.ipynb,notebooks/analysis,False,24,Figure 9: Control Sites HIPS/FTIR vs AOD,{site_name},HIPS BC / FTIR EC,Count,hist+plot+scatter,correlation,Scatterplot,True,False,False,False,0
notebooks/analysis/surface_columnar_figures.ipynb,notebooks/analysis,False,26,Figure 10: Season-Separated HIPS vs FTIR Regressions,{s},FTIR EC ($\\mu$g/m$^3$),HIPS BC ($\\mu$g/m$^3$),plot+scatter,correlation,Scatterplot,True,False,False,False,0
notebooks/analysis/surface_columnar_linkage.ipynb,notebooks/analysis,False,1,Sections,,,,plot,evolution,Timeseries,True,False,False,False,0
notebooks/analysis/surface_columnar_linkage.ipynb,notebooks/analysis,False,9,Section 1: BC/AOD Ratio Analysis & Sequential Exclusion,(a) BC/AOD Ratio Distribution,BC / AOD$_{500}$ ($\mu$g m$^{-3}$ per unitless),Count,boxplot+hist+scatter,correlation,Scatterplot,False,False,False,False,0
notebooks/analysis/surface_columnar_linkage.ipynb,notebooks/analysis,False,10,Section 1: BC/AOD Ratio Analysis & Sequential Exclusion,Sequential Exclusion: Correlation Improvement\n(Eom et al. 2025 method),Bottom % of BC/AOD Excluded,Pearson r (BC vs columnar property),plot,evolution,Timeseries,False,False,False,False,0
notebooks/analysis/surface_columnar_linkage.ipynb,notebooks/analysis,False,11,Section 1: BC/AOD Ratio Analysis & Sequential Exclusion,{ylabel} vs BC -- {label},BC (ug/m3),,scatter,correlation,Scatterplot,True,False,True,False,0
notebooks/analysis/surface_columnar_linkage.ipynb,notebooks/analysis,False,14,Section 2: *w* Parameter — Non-absorbing Fraction (Eom et al.),(a) Non-absorbing Fraction by Season,w,w = (AS+AN) / (AS+AN+BC),bar+boxplot+scatter,correlation,Scatterplot,True,False,True,False,0
notebooks/analysis/surface_columnar_linkage.ipynb,notebooks/analysis,False,16,Section 3: Fine Soil & Absorption Proxy — dAOD vs BC−FS,(a) dAOD vs BC-FS (Eom et al. proxy),{bc_for_diff} - Fine Soil (ug/m3),dAOD = AOD$_{440}$ $-$ AOD$_{870}$,boxplot+plot+scatter,correlation,Scatterplot,True,False,False,False,0
notebooks/analysis/surface_columnar_linkage.ipynb,notebooks/analysis,False,18,Section 4: AOD Binning Analysis (Segura et al.),(a) BC vs AOD: Daily + Binned Means,AOD 500nm,BC (µg/m³),bar+errorbar+plot+scatter,correlation,Connected Scatter,False,False,False,False,0
notebooks/analysis/surface_columnar_linkage.ipynb,notebooks/analysis,False,20,Section 5: FMF Seasonal Deep Dive,(a) FMF by Month,BC (ug/m3),Fine Mode Fraction,bar+scatter,correlation,Scatterplot,True,False,True,False,0
notebooks/analysis/surface_columnar_linkage.ipynb,notebooks/analysis,False,22,Section 6: η Decomposition — PM₂.₅/AOD (Snider et al. 2015),(a) $\eta_{BC}$ by Season,Precipitable Water (cm),$\eta_{BC}$ = BC / AOD$_{500}$ ($\mu$g m$^{-3}$),boxplot+plot+scatter,correlation,Scatterplot,True,False,False,False,0
notebooks/analysis/surface_columnar_linkage.ipynb,notebooks/analysis,False,24,Section 7: HIPS vs FTIR Stratified by AOD & BC/AOD,"(a) HIPS vs FTIR, colored by AOD",FTIR EC (ug/m3),HIPS BC (ug/m3),boxplot+plot+scatter,correlation,Bubble,True,False,True,True,0
notebooks/analysis/surface_columnar_linkage.ipynb,notebooks/analysis,False,26,Key analyses:,(a) SSA by Season and Wavelength,BC (ug/m3),Single Scattering Albedo,boxplot+plot+scatter,correlation,Scatterplot,True,False,True,False,0
notebooks/analysis/surface_columnar_linkage.ipynb,notebooks/analysis,False,27,Key analyses:,(a) dSSA vs BC-FS (Eom et al.),{bc_for_diff} - Fine Soil (ug/m3),dSSA = SSA$_{440}$ $-$ SSA$_{870}$,errorbar+scatter,correlation,Scatterplot,True,False,False,False,0
notebooks/analysis/surface_columnar_linkage.ipynb,notebooks/analysis,False,28,Key analyses:,{wl}nm,w = (AS+AN)/(AS+AN+BC),SSA at {wl}nm,scatter,correlation,Scatterplot,True,False,False,False,0
notebooks/archive/ETAD_aethalometer_filter_matching.ipynb,notebooks/archive,True,12,5. Correlation Analysis and Visualization,ETAD Site: Aethalometer-Filter Correlations,IR BC (μg/m³),EC FTIR (μg/m³),heatmap+plot+scatter,correlation,Correlogram,True,False,True,True,1
notebooks/archive/aethalometer_data_analysis.ipynb,notebooks/archive,True,11,5. Time Series Visualization,{col},,Concentration (μg/m³),plot,evolution,Timeseries,False,False,True,False,1
notebooks/archive/aethalometer_data_visualization.ipynb,notebooks/archive,True,9,4. Time Series Visualization,Black Carbon Time Series - {dataset_name} ({summary[,Time,BC Concentration (µg/m³),bar+boxplot+hist+plot,distribution,Boxplot,False,False,True,False,0
notebooks/archive/aethalometer_data_visualization.ipynb,notebooks/archive,True,11,4. Time Series Visualization,BC Correlation Matrix\n{dataset_name} ({summary[,,Quality Score (0-100),bar+imshow,correlation,Correlogram,False,False,True,True,2
notebooks/archive/aethalometer_data_visualization.ipynb,notebooks/archive,True,13,5. Interactive Plotly Visualizations,BC Correlation Matrix\n{dataset_name} ({summary[,BC Concentration (µg/m³),BC Concentration (µg/m³),boxplot+heatmap+hist,correlation,Correlogram,False,False,True,True,0
notebooks/archive/aethalometer_data_visualization.ipynb,notebooks/archive,True,15,6. Advanced Analysis and Source Apportionment,Diurnal Pattern\n{dataset_name} ({summary[,Hour of Day,BC Concentration (µg/m³),bar+plot,ranking,Barplot,False,False,True,False,0
notebooks/archive/aethalometer_data_visualization.ipynb,notebooks/archive,True,17,7. Data Quality Assessment,Overall Data Quality Score,,Quality Score (0-100),bar,ranking,Barplot,False,False,True,False,0
notebooks/archive/aethalometer_data_visualization.ipynb,notebooks/archive,True,21,Simple usage for any aethalometer file,Black Carbon Time Series - {dataset_name} ({summary[,Time,BC Concentration (µg/m³),plot,evolution,Timeseries,False,False,False,False,1
notebooks/archive/aethalometer_data_visualization.ipynb,notebooks/archive,True,22,Simple usage for any aethalometer file,BC Concentration Distribution Comparison,,BC Concentration (µg/m³),bar+boxplot,distribution,Boxplot,False,False,False,False,1
notebooks/archive/aethalometer_data_visualization2.ipynb,notebooks/archive,True,9,4. Time Series Visualization,Black Carbon Time Series - {dataset_name} ({summary[,Time,BC Concentration (µg/m³),bar+boxplot+hist+plot,distribution,Boxplot,False,False,True,False,0
notebooks/archive/aethalometer_data_visualization2.ipynb,notebooks/archive,True,11,4. Time Series Visualization,BC Correlation Matrix\n{dataset_name} ({summary[,,Quality Score (0-100),bar+imshow,correlation,Correlogram,False,False,True,True,2
notebooks/archive/aethalometer_data_visualization2.ipynb,notebooks/archive,True,13,5. Interactive Plotly Visualizations,BC Correlation Matrix\n{dataset_name} ({summary[,BC Concentration (µg/m³),BC Concentration (µg/m³),boxplot+heatmap+hist,correlation,Correlogram,False,False,True,True,0
notebooks/archive/aethalometer_data_visualization2.ipynb,notebooks/archive,True,15,6. Advanced Analysis and Source Apportionment,Diurnal Pattern\n{dataset_name} ({summary[,Hour of Day,BC Concentration (µg/m³),bar+plot,ranking,Barplot,False,False,True,False,0
notebooks/archive/aethalometer_data_visualization2.ipynb,notebooks/archive,True,17,7. Data Quality Assessment,Overall Data Quality Score,,Quality Score (0-100),bar,ranking,Barplot,False,False,True,False,0
notebooks/archive/data_analysis_figures_pkl.ipynb,notebooks/archive,True,11,4. Data Filtering and Preparation,BC1 vs EC-FTIR Scatter Plot\\nETAD Site - PKL Data + Filter Samples,EC-FTIR (μg/m³),BC1 (μg/m³),plot+scatter,correlation,Scatterplot,True,False,False,False,1
notebooks/archive/data_analysis_figures_pkl.ipynb,notebooks/archive,True,13,5. Task A: BC1 vs EC-FTIR Scatter Plot,BC1 vs HIPS Fabs Scatter Plot\\nETAD Site - PKL Data + Filter Samples,HIPS Fabs (Filter Absorption),BC1 (μg/m³),plot+scatter,correlation,Scatterplot,True,False,False,False,1
notebooks/archive/data_analysis_figures_pkl.ipynb,notebooks/archive,True,15,6. Task B: BC1 vs HIPS (Red & IR) Scatter Plots,BC1 Red vs HIPS,HIPS (λ = {wavelengths[,BC1 Red (μg/m³),plot+scatter,correlation,Scatterplot,True,False,False,False,1
notebooks/archive/data_analysis_figures_pkl.ipynb,notebooks/archive,True,20,7. Task C: K/MAC Factor Back-Calculation,MAC Factor Back-Calculation (PKL Data),MAC (m²/g),Frequency,hist,distribution,Histogram,False,False,False,False,0
notebooks/archive/data_analysis_figures_pkl.ipynb,notebooks/archive,True,22,8. Task D: Side-by-Side JPL vs Your Pipeline,Your Cleaned Data (PKL Processing),Date,BC Concentration (μg/m³),fill_between+plot,evolution,Area chart,False,False,True,False,0
notebooks/archive/data_analysis_figures_pkl.ipynb,notebooks/archive,True,25,9. Summary and Export,BC1 vs EC-FTIR Scatter Plot (Real Data Only),EC-FTIR (μg/m³),BC1 (μg/m³),plot+scatter,correlation,Scatterplot,True,False,False,False,0
notebooks/archive/dataloading.ipynb,notebooks/archive,True,8,Data Sources:,Number of Merged Periods,EC FTIR (µg/m³),Count,bar+plot+scatter,correlation,Scatterplot,True,False,True,False,3
notebooks/archive/dual_dataset_ftir_csv_pipeline.ipynb,notebooks/archive,True,6,Dual Dataset Pipeline with FTIR CSV Data,"{dataset_type}: BC vs EC\\nSite: {config.site_code}, n={len(x)}",Aethalometer {bc_type} BC (µg/m³),FTIR EC (µg/m³),hist+plot+scatter,correlation,Scatterplot,True,False,True,False,1
notebooks/archive/dual_dataset_ftir_csv_pipeline.ipynb,notebooks/archive,True,9,Dual Dataset Pipeline with FTIR CSV Data,FTIR EC/OC Comparison Across Sites,Site,Mean Concentration (µg/m³),bar,ranking,Barplot,False,False,False,False,1
notebooks/archive/fullpipeline.ipynb,notebooks/archive,True,21,8. Visualization Functions,{dataset_name}\nBC vs EC,EC FTIR (µg/m³),Aethalometer BC (µg/m³),bar+boxplot+plot+scatter,correlation,Scatterplot,True,False,True,False,3
notebooks/plotting_gaps_scenarios.ipynb,notebooks/plotting_gaps_scenarios.ipynb,False,4,Scenario 1 — Seasonal shading (Ethiopia),,,,plot,evolution,Timeseries,False,False,False,False,0
notebooks/plotting_gaps_scenarios.ipynb,notebooks/plotting_gaps_scenarios.ipynb,False,6,Scenario 2 — Threshold / reference lines,,,,plot,evolution,Timeseries,False,False,False,False,0
notebooks/plotting_gaps_scenarios.ipynb,notebooks/plotting_gaps_scenarios.ipynb,False,8,Scenario 3 — Event date markers (flow-fix boundaries),,,,plot,evolution,Timeseries,False,False,False,False,0
notebooks/plotting_gaps_scenarios.ipynb,notebooks/plotting_gaps_scenarios.ipynb,False,10,Scenario 4 — Uncertainty / percentile bands,,,,fill_between+plot,evolution,Area chart,False,False,False,False,0
notebooks/plotting_gaps_scenarios.ipynb,notebooks/plotting_gaps_scenarios.ipynb,False,12,Scenario 5 — PMF / analysis-window date-range highlight,,,,plot,evolution,Timeseries,False,False,False,False,0
notebooks/plotting_gaps_scenarios.ipynb,notebooks/plotting_gaps_scenarios.ipynb,False,14,Scenario 6 — AAE source-region shading,,,,hist,distribution,Histogram,False,False,False,False,0
notebooks/plotting_gaps_scenarios.ipynb,notebooks/plotting_gaps_scenarios.ipynb,False,16,Scenario 7 — Excluded-sample overlay on a scatter,,,,plot+scatter,correlation,Scatterplot,True,False,False,False,0
notebooks/plotting_gaps_scenarios.ipynb,notebooks/plotting_gaps_scenarios.ipynb,False,18,"Scenario 8 — Site colors, centralized vs. ad-hoc (anti-pattern demo)",Canonical — reads SITES[s][,,,bar,ranking,Barplot,False,False,False,False,0
notebooks/qc/flow_qc_analysis.ipynb,notebooks/qc,False,8,3. Time Series Diagnostics,{location}: Flow Ratio (R) Over Time - Hourly Aggregation,Time,R (Flow1/Flow2),fill_between+plot,evolution,Area chart,False,False,True,False,0
notebooks/qc/flow_qc_analysis.ipynb,notebooks/qc,False,9,3. Time Series Diagnostics,{location}: Flow Sum Consistency Check,Time,(Flow1 + Flow2) - Flow_total (mL/min),scatter,correlation,Scatterplot,False,False,True,False,0
notebooks/qc/flow_qc_analysis.ipynb,notebooks/qc,False,10,3. Time Series Diagnostics,{location}: Flow Fraction f1 Over Time,Time,f1 (Flow1/Flow_total),fill_between+plot,evolution,Area chart,False,False,True,False,0
notebooks/qc/flow_qc_analysis.ipynb,notebooks/qc,False,12,4. Statistical Distributions,{location}: Distribution of Ratio R,R (Flow1/Flow2),Density,boxplot+hist+plot,distribution,Boxplot,False,False,False,False,0
notebooks/qc/flow_qc_analysis.ipynb,notebooks/qc,False,14,5. Flow1 vs Flow2 Scatter Analysis,{location}: Flow1 vs Flow2 Scatter,Flow2 (mL/min),Flow1 (mL/min),hexbin+plot+scatter,correlation,2D Density,False,False,False,True,0
notebooks/qc/flow_qc_analysis.ipynb,notebooks/qc,False,16,6. Combined Analysis Dashboard,{location}: Ratio R Over Time,R,R (Flow1/Flow2),hist+plot+scatter,correlation,Bubble,False,False,False,True,0
research/July07/regular_before_cal0_vs_smoke_hips.ipynb,research/July07,False,1,"Does the smoke calibration beat the one we already use? — Addis, group-talk style",,,,plot+scatter,correlation,Scatterplot,True,False,False,False,0
research/July07/regular_vs_smoke_ec_vs_hips.ipynb,research/July07,False,1,Does the smoke-only calibration actually help? — Regular vs. biomass EC vs. HIPS (ETAD/Addis),,HIPS EC-equivalent = Fabs/10 (µg/m³)  —  ground truth,FTIR-EC (µg/m³),plot+scatter,correlation,Scatterplot,True,False,False,False,0
research/July07/spectra_side_by_side_952_improve_vs_ethiopia.ipynb,research/July07,False,11,"4. The side-by-side figure — identical format, raw (top) and baselined (bottom)",Do the 952-sample calibration spectra look like the Ethiopia spectra?  ,wavenumber (cm$^{-1}$),absorbance (a.u.),plot,evolution,Line chart,False,False,True,False,0
research/July07/spectra_side_by_side_952_improve_vs_ethiopia.ipynb,research/July07,False,13,"5. Bonus — baselined mean shapes, area-normalized and overlaid",Mean baselined shape — IMPROVE 952 vs. ETAD,wavenumber (cm$^{-1}$),area-normalized absorbance,plot,evolution,Line chart,False,False,False,False,0
research/July07/spectra_side_by_side_improve_vs_ethiopia.ipynb,research/July07,False,9,"4. The side-by-side figure — identical format, raw (top) and baselined (bottom)",Do the calibration spectra look like the Ethiopia spectra?  ,wavenumber (cm$^{-1}$),absorbance (a.u.),plot,evolution,Line chart,False,False,True,False,0
research/July07/spectra_side_by_side_improve_vs_ethiopia.ipynb,research/July07,False,11,"5. Bonus — baselined mean shapes, area-normalized and overlaid",Mean baselined shape — IMPROVE vs. ETAD,wavenumber (cm$^{-1}$),area-normalized absorbance,plot,evolution,Line chart,False,False,False,False,0
research/addis_fabs_ec_deming/addis_fabs_ec_deming.ipynb,research/addis_fabs_ec_deming,False,13,Step 3 — how far must EC shift to zero the intercept?,"Addis: fAbs vs FTIR-EC — OLS vs Deming, and the EC shift that zeros the intercept",FTIR-EC (µg/m³),fAbs (Mm⁻¹),plot+scatter,correlation,Scatterplot,True,False,False,False,0
research/addis_fabs_ec_deming/addis_fabs_ec_deming.ipynb,research/addis_fabs_ec_deming,False,23,The three corrections as graphs,"Addis fAbs vs FTIR-EC — raw, additive, and multiplicative EC corrections (each re-fit)",,fAbs (Mm⁻¹),plot+scatter,correlation,Scatterplot,True,False,False,False,0
research/addis_fabs_ec_deming/addis_fabs_ec_deming.ipynb,research/addis_fabs_ec_deming,False,25,Why the multiplier can't move the offset — the geometry,"Additive: every point slides the SAME distance →\nline keeps its slope, drops to origin",EC (µg/m³),fAbs (Mm⁻¹),plot+scatter,correlation,Scatterplot,False,False,False,False,0
research/addis_fabs_ec_deming/addis_fabs_ec_offset_correction.ipynb,research/addis_fabs_ec_deming,False,17,"Three regressions, side by side","Addis fAbs vs FTIR-EC — offset under raw, additive, and multiplicative EC corrections",,fAbs (Mm⁻¹),plot+scatter,correlation,Scatterplot,True,False,False,False,0
research/addis_fabs_ec_deming/addis_fabs_ec_offset_correction.ipynb,research/addis_fabs_ec_deming,False,19,Why a multiplier can't remove the offset (the geometry),"Additive: every point slides the SAME distance →\nline keeps its slope, drops to origin",EC (µg/m³),fAbs (Mm⁻¹),plot+scatter,correlation,Scatterplot,False,False,False,False,0
research/addis_fabs_ec_deming/addis_fabs_ec_offset_correction.ipynb,research/addis_fabs_ec_deming,False,24,"All sites — fAbs vs FTIR-EC crossplot, anchored at (0, 0)",fAbs vs FTIR-EC — all sites from the origin  (♦ = each site’s intercept),FTIR-EC (µg/m³),fAbs (Mm⁻¹),plot+scatter,correlation,Scatterplot,False,False,False,False,0
research/addis_fabs_ec_deming/addis_fabs_ec_offset_correction.ipynb,research/addis_fabs_ec_deming,False,25,"All sites — fAbs vs FTIR-EC crossplot, anchored at (0, 0)",{site.replace(,FTIR-EC (µg/m³),fAbs (Mm⁻¹),plot+scatter,correlation,Scatterplot,False,False,True,False,0
research/addis_fabs_ec_deming/addis_fabs_ec_offset_correction.ipynb,research/addis_fabs_ec_deming,False,28,"Ethiopia only — raw vs additive-corrected, in the same panel style",Addis Ababa (Ethiopia) — additive correction removes the offset; ♦ marks the intercept,,fAbs (Mm⁻¹),plot+scatter,correlation,Scatterplot,True,False,False,False,0
research/addis_fabs_ec_deming/addis_fabs_ec_offset_correction.ipynb,research/addis_fabs_ec_deming,False,30,"All four sites — Addis additive-corrected, the others raw",{site.replace(,,fAbs (Mm⁻¹),plot+scatter,correlation,Scatterplot,True,False,True,False,0
research/addis_fabs_ec_deming/addis_fabs_ec_offset_correction.ipynb,research/addis_fabs_ec_deming,False,32,What about both — a multiplicative *and* additive correction?,To zero the intercept: Δ = k · (offset/slope),multiplier k,additive Δ needed (µg/m³),plot,evolution,Line chart,True,False,False,False,0
research/archive/catch_up/02_loading_volume_operating_envelope.ipynb,research/archive,True,5,"Loading, Volume, and Operating Envelope",,,,boxplot,distribution,Boxplot,False,False,True,False,1
research/archive/catch_up/02_loading_volume_operating_envelope.ipynb,research/archive,True,6,"Loading, Volume, and Operating Envelope",SPARTAN HIPS response by EC surface loading,FTIR EC surface loading (ug/cm2),HIPS Fabs (1/Mm),scatter,correlation,Scatterplot,False,False,False,False,1
research/archive/catch_up/03_residuals_chemistry_spectral_metrics.ipynb,research/archive,True,5,HIPS Residuals vs Chemistry and Aethalometer Spectral Metrics,,,HIPS BC(MAC10) - FTIR EC,plot+scatter,correlation,Scatterplot,True,False,True,False,1
research/archive/catch_up/05_raw_atn_aae_green_channel_diagnostics.ipynb,research/archive,True,5,Raw ATN AAE and Green Channel Diagnostics,Raw dATN AAE (UV/IR),,,hist,distribution,Histogram,False,False,False,False,1
research/archive/catch_up/06_delhi_seasonality_crop_burning_check.ipynb,research/archive,True,6,Delhi Seasonality and Crop-Burning Check,,,,boxplot,distribution,Boxplot,False,False,False,False,1
research/archive/charcoal_ftir/notebooks/charcoal_kbr_ftir_ec_discrepancy_workflow.ipynb,research/archive,True,6,1. KBr Blank Subtraction Module,,Wavenumber (cm^-1),normalized response,plot,evolution,Line chart,False,False,False,False,0
research/archive/charcoal_ftir/notebooks/charcoal_kbr_ftir_ec_discrepancy_workflow.ipynb,research/archive,True,8,2. Functional-Group Quantification and OC/EC Calculator,Functional-Group Region Intensities,,,imshow,correlation,Heatmap,False,False,False,True,1
research/archive/charcoal_ftir/notebooks/charcoal_kbr_ftir_ec_discrepancy_workflow.ipynb,research/archive,True,11,3. Literature Reference Spectra Overlay,Literature vs Lab Charcoal Spectra,Wavenumber (cm^-1),Normalized response,plot,evolution,Line chart,False,False,False,False,0
research/archive/charcoal_ftir/notebooks/charcoal_kbr_ftir_ec_discrepancy_workflow.ipynb,research/archive,True,13,4. Real-World Ground Truth: Adama Sample Comparison,Adama Batch54 PTFE FTIR Spectra,Wavenumber (cm^-1),Normalized response,plot,evolution,Timeseries,False,False,False,False,1
research/archive/charcoal_ftir/notebooks/charcoal_kbr_ftir_ec_discrepancy_workflow.ipynb,research/archive,True,14,4. Real-World Ground Truth: Adama Sample Comparison,Adama TOR char vs soot,soot-EC = EC2 + EC3,char-EC = EC1 - OPTR,bar+plot+scatter,correlation,Connected Scatter,False,False,False,False,1
research/archive/charcoal_ftir/notebooks/charcoal_kbr_ftir_ec_discrepancy_workflow.ipynb,research/archive,True,16,5. Biomass-Burning Decision Tree / Classification Placeholder,Prototype Biomass/Charcoal Decision Space,OC/EC ratio,char-EC / soot-EC,scatter,correlation,Bubble,False,False,False,True,1
research/archive/charcoal_ftir/notebooks/charcoal_kbr_ftir_ec_discrepancy_workflow.ipynb,research/archive,True,18,6. The 7 ug/m3 EC Shift Simulation,Addis HIPS vs shifted FTIR EC,FTIR EC after fixed shift (ug/m3),HIPS BC-equivalent (ug/m3),plot+scatter,correlation,Scatterplot,True,False,False,False,1
research/archive/charcoal_ftir/notebooks/charcoal_kbr_ftir_reference_analysis.ipynb,research/archive,True,11,Minatre / Dryad Charcoal Temperature Spectra,Reference Charcoal FTIR Spectra by Charring Temperature,Wavenumber (cm-1),Normalized relative intensity,plot,evolution,Line chart,False,False,False,False,1
research/archive/charcoal_ftir/notebooks/charcoal_kbr_ftir_reference_analysis.ipynb,research/archive,True,13,Diagnostic Region Summary,Average FTIR Feature Intensity Across Charring Temperature,Reference charring temperature (C),Mean normalized intensity in region,plot,evolution,Timeseries,False,False,False,False,1
research/archive/charcoal_ftir/notebooks/charcoal_kbr_ftir_reference_analysis.ipynb,research/archive,True,15,Low-Dimensional Map of Reference Charcoals,Reference Charcoal Spectral Map,PC1 ({var[0] * 100:.1f}% variance),PC2 ({var[1] * 100:.1f}% variance),scatter,correlation,Bubble,False,False,False,True,1
research/archive/charcoal_ftir/notebooks/charcoal_kbr_ftir_reference_analysis.ipynb,research/archive,True,17,Tigalana Rice-Straw Biochar: Before/After Modification and Pb Loading,Rice-Straw Biochar FTIR: Treatment Comparison,Wavenumber (cm-1),Normalized absorption proxy from transmittance,plot,evolution,Line chart,False,False,False,False,1
research/archive/charcoal_ftir/notebooks/charcoal_kbr_ftir_reference_analysis.ipynb,research/archive,True,19,White Charcoal Quality Tables,White Charcoal Proximate Analysis,,Percent by mass,plot,evolution,Line chart,False,False,False,False,1
research/archive/charcoal_ftir/notebooks/charcoal_kbr_ftir_reference_analysis.ipynb,research/archive,True,21,Optional: Overlay Our Lab KBr Pellet Spectra,Lab KBr Pellet Spectra Overlay,Wavenumber (cm-1),Normalized response,plot,evolution,Line chart,False,False,False,False,0
research/ftir_ec_calibration_2026_06_25/01_adama_spectra.ipynb,research/ftir_ec_calibration_2026_06_25,False,7,Plot — raw spectra with the Teflon artifacts marked,Adama PTFE FTIR spectra (n=5) — substrate artifacts marked,wavenumber (cm⁻¹),absorbance (a.u.),plot,evolution,Timeseries,False,False,False,False,0
research/ftir_ec_calibration_2026_06_25/01_adama_spectra.ipynb,research/ftir_ec_calibration_2026_06_25,False,9,Baseline-flatten + peak-area ranking vs. EC ranking (the hook),Does the highest-EC sample have the biggest CH peak?,general FTIR-EC (µg/m³),"CH-band area (2800–3000, flattened)",scatter,correlation,Scatterplot,False,False,False,False,0
research/ftir_ec_calibration_2026_06_25/02_adama_tor_vs_ftir.ipynb,research/ftir_ec_calibration_2026_06_25,False,9,"Cross-plot — Tor EC (x) vs. FTIR-EC (y), 1:1 reference",Adama — Tor EC vs. FTIR-EC (n=5),"Tor EC (reflectance, µg/m³)  — ground truth",FTIR-EC (µg/m³),plot+scatter,correlation,Scatterplot,True,False,False,False,0
research/ftir_ec_calibration_2026_06_25/03_adama_char_soot.ipynb,research/ftir_ec_calibration_2026_06_25,False,7,Per-sample bar plot — char vs. soot (the meeting's simple plot),Adama — char-EC vs. soot-EC per sample (OPR vs OPT),quartz FilterId,EC mass loading (µg C),bar,ranking,Barplot,False,False,False,False,0
research/ftir_ec_calibration_2026_06_25/03_adama_char_soot.ipynb,research/ftir_ec_calibration_2026_06_25,False,9,"Does OPT change the story? (char/soot ratio, both conventions)",Source discriminator — OPR vs OPT,quartz FilterId,char-EC / soot-EC,bar,ranking,Barplot,True,False,False,False,0
research/ftir_ec_calibration_2026_06_25/04_ethiopia_etad_spectra.ipynb,research/ftir_ec_calibration_2026_06_25,False,5,Plot 1 — all ETAD spectra overlaid,All ETAD (Addis/Ethiopia) FTIR spectra (n={len(X)}),wavenumber (cm⁻¹),absorbance (a.u.),plot,evolution,Line chart,False,False,False,False,0
research/ftir_ec_calibration_2026_06_25/04_ethiopia_etad_spectra.ipynb,research/ftir_ec_calibration_2026_06_25,False,9,Plot 2 — spectra by season (biomass vs diesel),{season} months  ({,wavenumber (cm⁻¹),absorbance (a.u.),plot,evolution,Timeseries,False,False,False,False,0
research/ftir_ec_calibration_2026_06_25/05_calibration_variants.ipynb,research/ftir_ec_calibration_2026_06_25,False,6,2. Consistent component-selection: first major RMSECV minimum,Real EC-training RMSECV curve (n={Xec.shape[0]} samples),n PLS components,"RMSECV (µg, 5-fold)",plot,evolution,Line chart,False,False,False,False,0
research/ftir_ec_calibration_2026_06_25/06_calibration_variants_components.ipynb,research/ftir_ec_calibration_2026_06_25,False,9,Build every variant and draw its predicted-vs-measured 1:1 graph,{name}{tag}\nn={r[,measured EC (µg),predicted EC (µg),plot+scatter,correlation,Scatterplot,True,False,True,False,0
research/ftir_ec_calibration_2026_06_25/06_calibration_variants_components.ipynb,research/ftir_ec_calibration_2026_06_25,False,12,"The ""inverse"" view — which samples each inverse variant trains on",CAL-3 (inverse) — trains only on the under-predicted samples,measured EC (µg),baseline predicted EC (µg),plot+scatter,correlation,Scatterplot,True,False,False,False,0
research/ftir_ec_calibration_2026_06_25/06_calibration_variants_components.ipynb,research/ftir_ec_calibration_2026_06_25,False,13,"The ""inverse"" view — which samples each inverse variant trains on",CAL-2 (inverse) — trains only on the 3σ-removed samples,measured EC (µg),baseline predicted EC (µg),plot+scatter,correlation,Scatterplot,True,False,False,False,0
research/ftir_ec_calibration_2026_06_25/06_calibration_variants_components.ipynb,research/ftir_ec_calibration_2026_06_25,False,15,Number of components — the rules side by side,"RMSECV curve per variant (pick the first major minimum, consistently)",n PLS components,"RMSECV (µg, 5-fold)",plot,evolution,Timeseries,False,False,False,False,0
research/ftir_ec_calibration_2026_06_25/06_calibration_variants_components.ipynb,research/ftir_ec_calibration_2026_06_25,False,19,Figure A — RMSECV: raw vs. 2nd-derivative,"RMSECV: raw vs. 2nd-derivative (CAL-0, n=906)",n PLS components,"RMSECV (µg, 5-fold)",plot,evolution,Line chart,False,False,False,False,0
research/ftir_ec_calibration_2026_06_25/06_calibration_variants_components.ipynb,research/ftir_ec_calibration_2026_06_25,False,21,Figure B — Mean spectrum: raw vs. 2nd-derivative,Mean raw spectrum (sloping PTFE baseline dominates),wavenumber (cm⁻¹),raw absorbance,plot,evolution,Line chart,False,False,True,False,0
research/ftir_ec_calibration_2026_06_25/07_ethiopia_variant_ec.ipynb,research/ftir_ec_calibration_2026_06_25,False,9,How much does the calibration choice move the Ethiopia EC?,ETAD (Addis/Ethiopia) EC by calibration variant  (n=319 filters),,predicted EC (µg/m³),boxplot,distribution,Boxplot,False,False,False,False,0
research/ftir_ec_calibration_2026_06_25/07_ethiopia_variant_ec.ipynb,research/ftir_ec_calibration_2026_06_25,False,11,Paired view — each variant vs. the keep-everything baseline (CAL-0),{c}\nmedian {c.split()[0]}/CAL-0 = {med_ratio:.2f},CAL-0 EC (µg/m³),variant EC (µg/m³),plot+scatter,correlation,Connected Scatter,False,False,False,False,0
research/ftir_ec_calibration_2026_06_25/08_adama_hips_crossplots.ipynb,research/ftir_ec_calibration_2026_06_25,False,1,New-calibration EC vs. reference — Adama (TOR) and ETAD (HIPS),,,,plot+scatter,correlation,Scatterplot,True,False,False,False,0
research/ftir_ec_calibration_2026_06_25/09_component_selection_fixed.ipynb,research/ftir_ec_calibration_2026_06_25,False,7,"Figure 1 — %RMSECV, candidates vs. diagnostics (the corrected graph)","Corrected component selection — %RMSECV, 10-fold interleaved CV",n PLS components,%RMSECV  (= RMSECV ÷ subset mean EC),plot,evolution,Line chart,False,False,False,True,0
research/ftir_ec_calibration_2026_06_25/09_component_selection_fixed.ipynb,research/ftir_ec_calibration_2026_06_25,False,9,Figure 2 — raw vs. 2nd-derivative (CAL-0): why the raw curve is jagged,CAL-0: raw spectra are jagged; 2nd-derivative is smooth (one 5% tol → consistent k),n PLS components,"%RMSECV (CAL-0, n=906)",plot,evolution,Line chart,False,False,False,False,0
research/ftir_ec_calibration_2026_06_25/09_ethiopia_component_ec.ipynb,research/ftir_ec_calibration_2026_06_25,False,12,How much does the component count alone move the Ethiopia EC?,RMSECV — recommended k={kmin} (red),n components,"RMSECV (µg, 5-fold)",boxplot+plot,distribution,Boxplot,False,False,False,False,0
research/ftir_ec_calibration_2026_06_25/10_calibration_variants_effect.ipynb,research/ftir_ec_calibration_2026_06_25,False,7,Figure A — predicted vs. measured at each variant's corrected k\*,{name}\nn={mdl[,measured EC (µg),predicted EC (µg),plot+scatter,correlation,Scatterplot,True,False,True,False,0
research/ftir_ec_calibration_2026_06_25/10_calibration_variants_effect.ipynb,research/ftir_ec_calibration_2026_06_25,False,9,Figure B — THE EFFECT: apply every calibration to the same 906 filters,"Effect of calibration choice — same 906 filters, different predicted EC",,predicted EC on the full 906 filters (µg),boxplot,distribution,Boxplot,False,False,False,False,0
research/ftir_ec_calibration_2026_06_25/10_ethiopia_ec_both_lots.ipynb,research/ftir_ec_calibration_2026_06_25,False,12,How much does spanning both lots move the Ethiopia EC?,"Median Ethiopia EC vs components, by training set",n components,median ETAD EC (µg/m³),plot+scatter,correlation,Scatterplot,False,False,False,False,0
research/ftir_ec_calibration_2026_06_25/11_hips_intercept_calibrations.ipynb,research/ftir_ec_calibration_2026_06_25,False,7,Before / after — the crossplot,ETAD New-EC vs HIPS — steep IMPROVE cal (−5.25)  →  range-matched cal (~−1.3),HIPS EC = Fabs/10 (µg/m³),New FTIR-EC (µg/m³),plot+scatter,correlation,Scatterplot,True,False,False,False,0
research/ftir_ec_calibration_2026_06_25/12_dedicated_ethiopia_calibration.ipynb,research/ftir_ec_calibration_2026_06_25,False,13,Progression crossplot — current → dedicated data → Weakley pipeline,ETAD New-EC vs HIPS — current (−5.25) → dedicated lot-248+251 data → +Weakley pipeline,HIPS EC = Fabs/10 (µg/m³),New FTIR-EC (µg/m³),plot+scatter,correlation,Scatterplot,False,False,False,False,0
research/ftir_ec_calibration_2026_06_25/13_chase_origin_and_biomass.ipynb,research/ftir_ec_calibration_2026_06_25,False,5,"Frontier — slope vs intercept (target = the ⭐ at (1,0))","Can we reach (1,0)? — corrections on the lot-248+251 calibration (k=10)",ETAD-vs-HIPS slope (want 1),intercept µg/m³ (want 0),scatter,correlation,Scatterplot,False,False,False,False,0
research/ftir_ec_calibration_2026_06_25/13_chase_origin_and_biomass.ipynb,research/ftir_ec_calibration_2026_06_25,False,7,Best origin-approaching crossplot — drop-CF (slope≈1) vs SNV (intercept≈0),"The (1,0) tradeoff — you get slope≈1 OR intercept≈0, not both (a real ~−1.3 floor)",HIPS EC = Fabs/10 (µg/m³),New FTIR-EC (µg/m³),plot+scatter,correlation,Scatterplot,False,False,False,False,0
research/ftir_ec_calibration_2026_06_25/13_chase_origin_and_biomass.ipynb,research/ftir_ec_calibration_2026_06_25,False,9,"PART 2 — peak-ratio biomass classifier (the meeting's method, implemented)","Organic-band profile — Addis is OH-dominated (smoldering wood smoke), low aromatic",,fraction of organic band area (median),bar,ranking,Barplot,False,False,False,False,0
research/ftir_ec_calibration_2026_06_25/14_choosing_calibration_data.ipynb,research/ftir_ec_calibration_2026_06_25,False,5,B. Coverage — is ETAD inside the training spectral domain?,"ETAD sits INSIDE the lot-248+251 training domain → interpolation, not extrapolation",leverage (whitened PCA distance to training centre),density,hist,distribution,Histogram,False,False,False,False,0
research/ftir_ec_calibration_2026_06_25/15_downstream_recommended_calibration.ipynb,research/ftir_ec_calibration_2026_06_25,False,1,Downstream with the validated calibration (Ethiopia + Adama),,,,plot+scatter,correlation,Scatterplot,True,False,False,False,0
research/ftir_ec_phase3/ftir_11_ocec_ratio_cohort.ipynb,research/ftir_ec_phase3,False,17,"8. Visualize the cohort cut, CV curves, and Addis crossplots",,,,hist+plot+scatter,correlation,Scatterplot,False,False,False,False,1
research/ftir_ec_phase3/ftir_11_ocec_ratio_cohort.ipynb,research/ftir_ec_phase3,False,18,"8. Visualize the cohort cut, CV curves, and Addis crossplots",OC/EC-ratio cohorts on the fixed phase-2 Addis cohort,"HIPS EC-equivalent, MAC=10 (µg/m³)",FTIR EC (µg/m³),plot+scatter,correlation,Scatterplot,True,False,False,False,1
research/ftir_ec_phase3/ftir_12_band_1600_identity.ipynb,research/ftir_ec_phase3,False,7,3. Peak-center distributions: Addis sits below every IMPROVE cohort,,,,hist,distribution,Histogram,False,False,False,False,0
research/ftir_ec_phase3/ftir_12_band_1600_identity.ipynb,research/ftir_ec_phase3,False,15,7. Median diagnostic-window spectra,,,,plot,evolution,Line chart,False,False,False,False,0
research/ftir_ec_phase3/ftir_13_airspec_corrected_calibrations.ipynb,research/ftir_ec_phase3,False,17,8. Crossplots on the fixed cohort: raw-spectra models vs AIRSpec models,AIRSpec-corrected calibrations on the fixed Addis cohort,"HIPS EC-equivalent, MAC=10 (µg/m³)",FTIR EC (µg/m³),plot+scatter,correlation,Scatterplot,True,False,False,False,0
research/ftir_ec_phase3/ftir_15_uncertainty_and_hybrid.ipynb,research/ftir_ec_phase3,False,5,2. Site-cluster bootstrap of the Addis regression,,,,hist,distribution,Histogram,True,False,False,False,0
research/ftir_ec_phase3/ftir_15_uncertainty_and_hybrid.ipynb,research/ftir_ec_phase3,False,7,"3. Where the corrected model's Addis scatter lives: D², Q, loading, season",Prediction residual vs distance from the calibration cloud,,Addis residual: FTIR EC − HIPS/10 (µg/m³),scatter,correlation,Scatterplot,False,False,False,False,0
research/ftir_ec_phase3/ftir_15_uncertainty_and_hybrid.ipynb,research/ftir_ec_phase3,False,10,4. Hybrid cohort: OC/EC pre-filter + corrected-spectrum similarity,,"HIPS EC-equivalent, MAC=10 (µg/m³)",FTIR EC (µg/m³),plot+scatter,correlation,Scatterplot,True,False,False,False,0
research/ftir_ec_phase3/ftir_16_mac_decision_prep.ipynb,research/ftir_ec_phase3,False,7,3. Implied MAC at Addis under Adama-like composition,,,,hist,distribution,Histogram,False,False,False,False,1
research/ftir_ec_phase3/ftir_16_mac_decision_prep.ipynb,research/ftir_ec_phase3,False,11,5. IMPROVE implied-MAC bridge (auto-runs when `FTIR/local_db` returns),,,,fill_between+plot,evolution,Area chart,False,True,False,False,1
research/ftir_ec_phase3/ftir_17_deck_figures_and_seasonal_spectra.ipynb,research/ftir_ec_phase3,False,5,"2. The all-data cross plot, new format: deployed FTIR EC vs HIPS",Deployed SPARTAN FTIR EC — MAC = {mac},"HIPS EC-equivalent, Fabs/{mac} (µg/m³)",Deployed FTIR EC (µg/m³),plot+scatter,correlation,Scatterplot,True,False,False,False,1
research/ftir_ec_phase3/ftir_17_deck_figures_and_seasonal_spectra.ipynb,research/ftir_ec_phase3,False,7,3. No-cleaning full-pool TOR calibration (protocol-matched),{label} (k={K_RAW if ,"HIPS EC-equivalent, Fabs/10 (µg/m³)",FTIR EC (µg/m³),plot+scatter,correlation,Scatterplot,True,False,False,False,1
research/ftir_ec_phase3/ftir_17_deck_figures_and_seasonal_spectra.ipynb,research/ftir_ec_phase3,False,9,"4. Full-range spectra, IMPROVE vs Addis, side by side",AIRSpec df1=6 corrected,Wavenumber (cm⁻¹),Median absorbance,fill_between+plot,evolution,Area chart,False,False,True,False,1
research/ftir_ec_phase3/ftir_17_deck_figures_and_seasonal_spectra.ipynb,research/ftir_ec_phase3,False,11,5. Addis spectra by Naveed's seasons,Addis median spectra by Naveed,,Median absorbance (IQR shaded),fill_between+plot,evolution,Area chart,False,False,False,False,1
research/ftir_ec_phase3/ftir_18_transfer_roundup.ipynb,research/ftir_ec_phase3,False,9,4. The roundup figure,Every training-set choice on the same Addis axes (MAC = 10)\n,"HIPS EC-equivalent, Fabs/10 (µg/m³)",Predicted EC (µg/m³),plot+scatter,correlation,Scatterplot,True,False,True,False,1
research/ftir_ec_phase3/ftir_19_mac_effect_on_calibrations.ipynb,research/ftir_ec_phase3,False,7,2. Every calibration with the MAC fix applied to HIPS,"The MAC fix applied to HIPS, setup by setup: each calibration pivots on ","HIPS EC-equivalent, Fabs/MAC (µg/m³)",Predicted FTIR EC (µg/m³),plot+scatter,correlation,Scatterplot,True,False,True,False,1
research/ftir_ec_phase3/ftir_19_mac_effect_on_calibrations.ipynb,research/ftir_ec_phase3,False,9,"3. The decision view: slopes swing with MAC, intercepts stand still",Every slope moves ×0.6 from MAC 10 to MAC 6 — every intercept stays put,"Addis slope, predicted EC vs Fabs/MAC (fixed cohort, n = 190)",,plot+scatter,correlation,Scatterplot,False,False,False,False,1
research/ftir_ec_phase3/ftir_20_component_selection_across_setups.ipynb,research/ftir_ec_phase3,False,13,5. The figure: one panel per calibration setup,"Component selection on every calibration setup: same cohorts, two protocols\n",n PLS components,"%RMSECV  (100 × RMSECV / mean EC, log scale)",plot+scatter,correlation,Connected Scatter,False,True,True,False,1
research/ftir_ec_phase3/ftir_20_component_selection_across_setups.ipynb,research/ftir_ec_phase3,False,15,"6. The deck strip: k under each rule, per setup",The two protocols disagree on k by up to 3× — and not always in the same ,PLS components chosen,,plot+scatter,correlation,Scatterplot,False,False,False,False,1
research/ftir_ec_phase3/ftir_21_both_protocols_end_to_end.ipynb,research/ftir_ec_phase3,False,11,4. Both protocols on the same Addis axes,Every calibration setup run twice: Calibration app vs site-held-out protocol\n,"HIPS EC-equivalent, Fabs/10 (µg/m³)",Predicted FTIR EC (µg/m³),plot+scatter,correlation,Scatterplot,True,False,True,False,1
research/ftir_ec_phase3/ftir_21_both_protocols_end_to_end.ipynb,research/ftir_ec_phase3,False,13,"5. The deck strip: intercept and slope, protocol by protocol",Intercept,Addis intercept (µg/m³) — zero is the target,,plot+scatter,correlation,Scatterplot,False,False,False,False,1
research/ftir_ec_phase3/ftir_22_figures_under_both_protocols.ipynb,research/ftir_ec_phase3,False,10,3. ftir_15 re-derived: the bootstrap intercept CI under both protocols,ftir_15 re-derived: the bootstrap CI depends on the protocol too\n,Addis {metric} — site-cluster bootstrap 95% CI (B={B_BOOT}),,plot+scatter,correlation,Connected Scatter,False,False,False,False,1
research/ftir_ec_phase3/ftir_22_figures_under_both_protocols.ipynb,research/ftir_ec_phase3,False,13,4. ftir_15 re-derived: residual structure vs distance from the calibration cloud,{spectra_label} spectra,D² from the calibration score cloud (log),Addis residual: FTIR EC − Fabs/10 (µg/m³),scatter,correlation,Scatterplot,False,True,False,False,1
research/ftir_ec_phase3/ftir_22_figures_under_both_protocols.ipynb,research/ftir_ec_phase3,False,16,5. ftir_11 re-derived: the cohort-size sweep under both protocols,ftir_11 re-derived: the cohort-size sweep under both protocols ,lowest-OC/EC cohort size,,plot,evolution,Line chart,False,True,False,False,1
research/ftir_ec_phase3/ftir_22_figures_under_both_protocols.ipynb,research/ftir_ec_phase3,False,18,6. ftir_19 re-derived: the MAC pivot under both protocols,{spectra_label} spectra,"HIPS EC-equivalent, Fabs/MAC (µg/m³)",Predicted FTIR EC (µg/m³),plot+scatter,correlation,Scatterplot,True,False,False,False,1
research/ftir_ec_phase3/ftir_23_component_selection_by_protocol.ipynb,research/ftir_ec_phase3,False,9,"4. The decision, drawn — one figure per protocol",How the {MODE_SHORT[mode]} protocol chooses k\n,n PLS components,RMSECV (µg/filter),fill_between+plot+scatter,correlation,Connected Scatter,False,False,True,False,2
research/ftir_ec_phase3/ftir_23_component_selection_by_protocol.ipynb,research/ftir_ec_phase3,False,11,5. Selection next to its consequence,The decision,n PLS components,{MODE_SHORT[mode]}\nRMSECV (µg/filter),fill_between+plot+scatter,correlation,Connected Scatter,False,False,True,False,2
research/ftir_ec_phase3/ftir_26_improve_hips_origin.ipynb,research/ftir_ec_phase3,False,27,Figures,IMPROVE HIPS does not read 21.5 Mm⁻¹ at EC = 0 — but its intercepts do grow ,,,errorbar+fill_between+plot+scatter,correlation,Scatterplot,True,True,True,False,1
research/ftir_ec_phase3/ftir_26_improve_hips_origin.ipynb,research/ftir_ec_phase3,False,29,Figures,,,,hist+plot,distribution,Histogram,False,True,False,False,1
research/ftir_ec_phase3/ftir_27_chemspec_circularity.ipynb,research/ftir_ec_phase3,False,23,The diagnostic figure,residuals lie on the rounding lattice,position in the 0.01 µg/m³ cell,residual (10⁻³ µg/m³),plot+scatter,correlation,Scatterplot,True,False,False,False,1
research/ftir_ec_phase3/ftir_28_ma350_brc_falsification.ipynb,research/ftir_ec_phase3,False,11,"Figure 1 — the measured AAE, and the AAE the intercept would need","The measured AAE sits below the black-carbon anchor,\nnot above it","AAE(625, 880) from MA350 b$_{ATN}$, per filter-day",filter-days,hist,distribution,Histogram,False,False,False,False,1
research/ftir_ec_phase3/ftir_28_ma350_brc_falsification.ipynb,research/ftir_ec_phase3,False,15,Figure 2 — the three suspect channels against IR,Channel health on MA350-0238 at Addis: only IR is trustworthy — an instrument ,"b$_{ATN}$(880 nm), Mm⁻¹","b$_{ATN}$(λ), Mm⁻¹",plot+scatter,correlation,Scatterplot,True,False,False,False,1
research/ftir_ec_phase3/ftir_29_provisional_addis_ec_series.ipynb,research/ftir_ec_phase3,False,9,4. Figure 1 — the provisional Addis EC time series,The provisional Addis EC series the corrected calibration gives — no MAC involved,,"provisional FTIR EC (µg/m³)\nlowest-OC/EC 800 + AIRSpec, site-held-out",plot+scatter,correlation,Connected Scatter,False,False,False,False,1
research/ftir_ec_phase3/ftir_29_provisional_addis_ec_series.ipynb,research/ftir_ec_phase3,False,11,5. Figure 2 — what changes versus the deployed SPARTAN numbers,,,,hist+plot+scatter,correlation,Scatterplot,True,False,False,False,1
research/ftir_ec_phase3/ftir_29_provisional_addis_ec_series.ipynb,research/ftir_ec_phase3,False,13,6. Figure 3 — seasonal structure,,,,boxplot+plot+scatter,correlation,Connected Scatter,False,False,False,False,1
research/ftir_ec_phase3/ftir_29_provisional_addis_ec_series.ipynb,research/ftir_ec_phase3,False,15,"7. Figure 4 — the model envelope and the axis disagreement, in one view",,,,plot+scatter,correlation,Bubble,True,False,False,True,1
research/ftir_ec_phase3/ftir_29_provisional_addis_ec_series.ipynb,research/ftir_ec_phase3,False,17,"8. Figure 5 — the offset `c` with a bootstrap CI, from ftir_15's committed draws",,,,errorbar,ranking,Lollipop,False,False,False,False,1
research/ftir_ec_phase3/ftir_30_composition_case_and_its_limits.ipynb,research/ftir_ec_phase3,False,5,Figure 1 — the response to the diagnosis: the cohort is the bottom tail of IMPROVE,,,,hist,distribution,Histogram,False,False,False,False,1
research/ftir_ec_phase3/ftir_30_composition_case_and_its_limits.ipynb,research/ftir_ec_phase3,False,9,"3. Figure 2 — the cure, part 1: errors stop tracking extrapolation distance",Raw model: error grows with extrapolation. Corrected model: a flat offset — the extrapolation disease is gone,,Addis residual (µg/m³),scatter,correlation,Scatterplot,False,False,False,False,1
research/ftir_ec_phase3/ftir_30_composition_case_and_its_limits.ipynb,research/ftir_ec_phase3,False,11,"4. Figure 3 — the cure, part 2: the corrected model reproduces TOR ~1:1 at Addis-like composition",,,,hist+plot+scatter,correlation,Scatterplot,True,False,False,False,1
research/ftir_ec_phase3/ftir_30_composition_case_and_its_limits.ipynb,research/ftir_ec_phase3,False,13,"5. Figure 4 — where the proof stops: Addis is in-domain for the corrected model, but no Addis filter has ground truth",,,,bar,ranking,Barplot,False,True,False,True,1
research/ftir_ec_phase3/ftir_31_deck_figure_regeneration.ipynb,research/ftir_ec_phase3,False,23,1.10 Six-setup crossplots under four regression estimators,Four regression estimators per setup — {mode.replace(,"HIPS EC-equivalent, Fabs/10 (µg/m³)",Predicted FTIR EC (µg/m³),plot+scatter,correlation,Bubble,True,False,True,True,2
research/ftir_ec_phase3/ftir_31_deck_figure_regeneration.ipynb,research/ftir_ec_phase3,False,25,"1.11 The MAC-effect pivot, redone with Deming regression",,"HIPS EC-equivalent, Fabs/MAC (µg/m³)",Predicted FTIR EC (µg/m³),plot+scatter,correlation,Scatterplot,True,False,True,False,2
research/ftir_ec_phase3/ftir_31_deck_figure_regeneration.ipynb,research/ftir_ec_phase3,False,41,"3. The implied-MAC bridge, from the committed 151,843-filter table",IMPROVE bridge: MAC = 10 is centered at Addis-like composition ,TOR OC/EC ratio (log scale),Implied MAC = Fabs / TOR EC (m²/g),fill_between+plot,evolution,Area chart,False,True,False,False,1
research/ftir_ec_phase3/ftir_31_deck_figure_regeneration.ipynb,research/ftir_ec_phase3,False,43,"4. The deployed crossplot, from committed phase-2 predictions",Deployed SPARTAN FTIR EC — MAC = {mac},"HIPS EC-equivalent, Fabs/{mac} (µg/m³)",Deployed FTIR EC (µg/m³),plot+scatter,correlation,Scatterplot,True,False,False,False,1
research/ftir_ec_phase3/ftir_31_deck_figure_regeneration.ipynb,research/ftir_ec_phase3,False,45,5. Seasonal corrected spectra — npz cache joined to committed seasons,"Addis corrected spectra by Ethiopian season — loading moves, shape does not",Wavenumber (cm⁻¹),Baseline-corrected absorbance,fill_between+plot,evolution,Area chart,False,False,False,False,1
research/ftir_ec_phase3/ftir_31_deck_figure_regeneration.ipynb,research/ftir_ec_phase3,False,47,"6. The 1600-band peak centers — committed group stats, drawn",Addis peaks at 1617–1619 cm⁻¹; every IMPROVE cohort sits higher,"1600-band peak center (cm⁻¹) — median dot, IQR bar",,plot,evolution,Line chart,False,False,False,True,1
research/ftir_ec_phase3/ftir_31_deck_figure_regeneration.ipynb,research/ftir_ec_phase3,False,49,7. Adama & Bishoftu context — SPARTAN HIPS export + committed Adama TOR,"Bishoftu (ETBI) absorbs less than Addis,\nfar above IMPROVE levels",HIPS Fabs (Mm⁻¹),Filters,hist+scatter,correlation,Scatterplot,False,False,False,False,1
research/ftir_ec_phase3/ftir_32_cv_scheme_ablation.ipynb,research/ftir_ec_phase3,False,11,5. The figure — four curves per cohort,The CV-scheme 2 × 2: fold structure (colour) vs fold count (line style),PLS components (k),%RMSECV (RMSECV / mean EC loading),plot,evolution,Line chart,False,True,False,True,1
research/ftir_ec_phase3/ftir_33_shape_cohort_explainers.ipynb,research/ftir_ec_phase3,False,3,1. Ethiopia-shaped smoke (300) — nearest Addis in band-feature space,"The selection axis: distance to Addis in\n(CH, carbonyl/CH, 1600/CH) space",Band-feature distance to the Addis medians,Filters,hist+scatter,correlation,Scatterplot,False,False,False,False,1
research/ftir_ec_phase3/ftir_33_shape_cohort_explainers.ipynb,research/ftir_ec_phase3,False,5,2. Spectral analogs (locked 500) — rank by score-space closeness,"The two ranked metrics, for the 400 with\ncommitted metric values",Mahalanobis D² to nearest Addis spectrum (log),VIP-weighted spectral RMSE vs Addis,hist+scatter,correlation,Bubble,False,True,False,True,1
research/ftir_ec_phase3/ftir_33_shape_cohort_explainers.ipynb,research/ftir_ec_phase3,False,7,3. All three cohorts on one compositional ruler,Shape-based selection does not find Addis-like composition — ,TOR OC/EC ratio (log scale),Pool filters,hist,distribution,Histogram,False,True,False,False,1
research/ftir_ec_phase3/ftir_33_shape_cohort_explainers.ipynb,research/ftir_ec_phase3,False,9,4. What the locked test said — the outcome both explainers point at,{name}  {tag}\ny = {s:.2f}x {b:+.2f} · k = {int(row.k)},"HIPS EC-equivalent, Fabs/10 (µg/m³)",Predicted FTIR EC (µg/m³),plot+scatter,correlation,Scatterplot,True,False,False,False,2
research/ftir_ec_phase3/ftir_37_hips_loading_and_curvature.ipynb,research/ftir_ec_phase3,False,6,Held-out-site curvature test,,,,bar+hexbin+hist+plot,correlation,2D Density,False,False,True,True,1
research/ftir_ec_phase3/ftir_38_1617_and_dust_attribution.ipynb,research/ftir_ec_phase3,False,5,Results,,,,barh+scatter,correlation,Scatterplot,False,False,False,False,1
research/ftir_ec_phase3/ftir_39_pls_applicability_domain.ipynb,research/ftir_ec_phase3,False,6,Results,,,,bar+scatter,correlation,Scatterplot,False,False,False,False,1
research/ftir_ec_phase3/ftir_40_quartz_tor_campaign_design.ipynb,research/ftir_ec_phase3,False,5,Results,,,,bar+plot,ranking,Barplot,False,False,False,False,1
research/ftir_ec_phase3/ftir_41_adama_three_method_reconciliation.ipynb,research/ftir_ec_phase3,False,6,1. The reference definition redistributes carbon; it does not change total carbon,Adama quartz thermal carbon under both optical conventions,,,bar+plot+scatter,correlation,Connected Scatter,False,False,False,False,1
research/ftir_ec_phase3/ftir_41_adama_three_method_reconciliation.ipynb,research/ftir_ec_phase3,False,8,Thermal-fraction structure and the pyrolysis term,,,,bar+plot,ranking,Barplot,False,False,False,False,1
research/ftir_ec_phase3/ftir_41_adama_three_method_reconciliation.ipynb,research/ftir_ec_phase3,False,11,2. Total-carbon recovery: the FTIR sum is low on all five dates — and the gap is OC,,,,bar+scatter,correlation,Scatterplot,False,False,False,False,1
research/ftir_ec_phase3/ftir_41_adama_three_method_reconciliation.ipynb,research/ftir_ec_phase3,False,13,3. Three EC definitions and one absorption measurement,,,,fill_between+plot+scatter,correlation,Connected Scatter,False,False,False,False,1
research/ftir_ec_phase3/ftir_42_target_definition_experiment.ipynb,research/ftir_ec_phase3,False,9,Provenance check,"Same spectra, same folds, same rule — only the target changes",,,bar,ranking,Barplot,False,False,False,False,1
research/ftir_ec_phase3/ftir_42_target_definition_experiment.ipynb,research/ftir_ec_phase3,False,12,3. Direct total carbon vs the sum of the parts,"Held-out sites, lowest-OC/EC cohort: amounts vs the split",,,plot+scatter,correlation,Scatterplot,True,False,False,False,1
research/ftir_ec_phase3/ftir_42_target_definition_experiment.ipynb,research/ftir_ec_phase3,False,14,4. Does the thermal convention change the Addis transfer?,,,,hist+plot+scatter,correlation,Scatterplot,True,False,False,False,1
research/ftir_ec_phase3/ftir_43_residual_learner_null_control.ipynb,research/ftir_ec_phase3,False,8,2. The proportional-disagreement null,,,,barh+plot+scatter+violinplot,correlation,Connected Scatter,False,False,False,False,1
research/ftir_ec_phase3/ftir_44_adama_through_locked_calibrations.ipynb,research/ftir_ec_phase3,False,9,4. Where each EC lands relative to the thermal references and the HIPS band,,,,fill_between+plot+scatter,correlation,Connected Scatter,False,True,False,False,1
research/ftir_ec_phase3/ftir_44_adama_through_locked_calibrations.ipynb,research/ftir_ec_phase3,False,11,5. OC and total carbon: does a phase-3 OC/TC model close ftir_41's carbon gap?,,,,bar,ranking,Barplot,False,False,False,False,1
research/ftir_ec_phase3/ftir_45_residual_increment_attribution.ipynb,research/ftir_ec_phase3,False,9,3. Where the residual learner puts its weight,,,,barh+hist+plot,distribution,Histogram,True,False,False,False,1
research/ftir_ec_phase3/ftir_46_paired_increment_and_mass.ipynb,research/ftir_ec_phase3,False,11,"4. Figure — the ladder with intervals, blocked vs forward",,,,errorbar,ranking,Lollipop,False,False,False,False,1
research/ftir_ec_phase3/ftir_46_paired_increment_and_mass.ipynb,research/ftir_ec_phase3,False,13,5. Residual vs gravimetric mass at Addis,,,,plot+scatter,correlation,Scatterplot,True,False,True,False,1
research/ftir_ec_phase3/ftir_46_paired_increment_and_mass.ipynb,research/ftir_ec_phase3,False,19,"8. Figures — per-site mass coefficients, and the residual-vs-mass grid",{label} (n={len(sub)}{f,gravimetric mass concentration (µg/m³),"residual r = f(X) − Fabs/10 (µg/m³), locked 800 + AIRSpec",errorbar+plot+scatter,correlation,Connected Scatter,False,False,False,False,2
research/ftir_ec_phase3/ftir_47_blank_lines_per_deployed_line.ipynb,research/ftir_ec_phase3,False,8,"1. The blank ledger: per deployed line, then per lot",Blank T1 vs R1 by deployed line — dashed: shipped line; solid: per-line quadratic; ,,,plot+scatter,correlation,Scatterplot,False,False,False,False,1
research/ftir_ec_phase3/ftir_47_blank_lines_per_deployed_line.ipynb,research/ftir_ec_phase3,False,11,2. Network exposure: which sites the pooled construction distorts,,,,barh,ranking,Barplot,False,False,False,False,1
research/ftir_ec_phase3/ftir_47_blank_lines_per_deployed_line.ipynb,research/ftir_ec_phase3,False,14,3. The five explorer targets under four blank-line constructions,,,,errorbar,ranking,Lollipop,False,False,False,False,1
research/ftir_ec_phase3/ftir_48_pyrolysis_split_target.ipynb,research/ftir_ec_phase3,False,9,"2. Twelve calibrations: six targets × two cohorts, one protocol",The split correction as a target — held-out sites,,,plot+scatter,correlation,Scatterplot,False,False,True,False,1
research/ftir_ec_phase3/ftir_48_pyrolysis_split_target.ipynb,research/ftir_ec_phase3,False,14,Where the composed error comes from,"Four routes to EC_TOT, identical held-out sites",,,plot+scatter,correlation,Bubble,False,False,True,True,1
research/ftir_ec_phase3/ftir_48_pyrolysis_split_target.ipynb,research/ftir_ec_phase3,False,19,4. Adama: five quartz filters with OP_TOR and OP_TOT measured directly,,,,bar,ranking,Barplot,False,False,False,False,1
research/ftir_ec_phase3/ftir_48_pyrolysis_split_target.ipynb,research/ftir_ec_phase3,False,22,5. Addis: the composed route against the direct EC_TOT model,,,,plot+scatter,correlation,Scatterplot,True,False,False,False,1
research/ftir_ec_phase3/ftir_49_ma350_raw_chain_diagnostics.ipynb,research/ftir_ec_phase3,False,10,"A1. The instrument's K, the BC1/BC2/BCc closure, and the Poland K\*",,,,hist+plot,distribution,Histogram,False,False,False,False,0
research/ftir_ec_phase3/ftir_49_ma350_raw_chain_diagnostics.ipynb,research/ftir_ec_phase3,False,13,A2. Discontinuities at tape advances,,,,hist+scatter,correlation,Scatterplot,False,False,False,False,0
research/ftir_ec_phase3/ftir_49_ma350_raw_chain_diagnostics.ipynb,research/ftir_ec_phase3,False,16,A3. Sensitivity to environment and loading; the clean mask,,,,hist+plot,distribution,Histogram,False,False,False,False,0
research/ftir_ec_phase3/ftir_49_ma350_raw_chain_diagnostics.ipynb,research/ftir_ec_phase3,False,18,B4. Which 20 % is missing matters: masked daily means on complete days,,,,bar+boxplot,distribution,Boxplot,False,False,False,True,0
research/ftir_ec_phase3/ftir_49_ma350_raw_chain_diagnostics.ipynb,research/ftir_ec_phase3,False,20,B5. AAE from daily-aggregated absorption vs the daily mean of instantaneous AAE,,,,hist,distribution,Histogram,False,False,False,False,0
research/ftir_ec_phase3/ftir_49_ma350_raw_chain_diagnostics.ipynb,research/ftir_ec_phase3,False,22,B6. The real ETAD filter dates: calendar day vs 9am–9am vs the ±1-day tolerant mean,,,,hist+plot+scatter,correlation,Connected Scatter,False,False,False,False,0
research/ftir_ec_phase3/ftir_50_spectral_comparison_methods.ipynb,research/ftir_ec_phase3,False,6,"2. The in-domain question, decomposed",In-plane vs off-plane distance to the IMPROVE library ,,Q residual / 95th pct,scatter,correlation,Scatterplot,False,False,False,False,1
research/ftir_ec_phase3/ftir_50_spectral_comparison_methods.ipynb,research/ftir_ec_phase3,False,9,3. Hubness: are analog lists really N independent analogs?,,,,plot,evolution,Line chart,False,False,False,False,1
research/ftir_ec_phase3/ftir_50_spectral_comparison_methods.ipynb,research/ftir_ec_phase3,False,12,4. Where the spectra actually differ,,,,bar,ranking,Barplot,False,False,False,False,1
research/ftir_ec_phase3/ftir_51_priority_figure_export.ipynb,research/ftir_ec_phase3,False,3,The variants,,"HIPS EC-equivalent, Fabs/10 (µg/m³)",FTIR-predicted EC (µg/m³),plot+scatter,correlation,Scatterplot,True,False,False,False,0
research/ftir_ec_phase3/ftir_51_priority_figure_export.ipynb,research/ftir_ec_phase3,False,7,2. Component sweep,,PLS components (k),,plot,evolution,Timeseries,True,False,False,False,0
research/ftir_ec_phase3/ftir_51_priority_figure_export.ipynb,research/ftir_ec_phase3,False,9,3. Seasonal robustness,"Addis ETAD, all dated evaluation filters · Option A · MAC 10 · lot all",,monthly median predicted EC (µg/m³),boxplot+plot,distribution,Boxplot,False,False,True,False,0
research/ftir_ec_phase3/ftir_51_priority_figure_export.ipynb,research/ftir_ec_phase3,False,11,4. Analog selection distributions,the whole {r[,{r[,filters,bar,ranking,Barplot,False,False,True,False,0
research/ftir_ec_phase3/ftir_51_priority_figure_export.ipynb,research/ftir_ec_phase3,False,25,11. OC/EC and OC/fAbs by site: SPARTAN placed in the IMPROVE ranking,,,,errorbar,ranking,Lollipop,False,False,False,False,0
research/ftir_ec_phase3/ftir_51_priority_figure_export.ipynb,research/ftir_ec_phase3,False,27,"11c, 11d. The lowest-OC/EC 800 cohort against the Addis filters, per filter",,,,plot+scatter,correlation,Connected Scatter,False,True,False,False,0
research/ftir_ec_phase3/ftir_52_network_spectral_map.ipynb,research/ftir_ec_phase3,False,10,"Is the smoke-enriched class actually about smoke, or just about loading?",class {c}  n={row[,,,fill_between+plot,evolution,Area chart,False,False,True,False,1
research/ftir_ec_phase3/ftir_52_network_spectral_map.ipynb,research/ftir_ec_phase3,False,11,"Is the smoke-enriched class actually about smoke, or just about loading?",,,,scatter,correlation,Bubble,False,False,False,True,1
research/ftir_ec_phase3/ftir_52_network_spectral_map.ipynb,research/ftir_ec_phase3,False,16,5. A validated similarity threshold (Open Specy's discipline),,,,plot,evolution,Timeseries,False,False,False,False,1
research/ftir_ec_phase3/ftir_52_network_spectral_map.ipynb,research/ftir_ec_phase3,False,19,6. The IMPROVE network compared with itself,,,,hist,distribution,Histogram,False,False,False,False,1
research/ftir_ec_phase3/ftir_52_network_spectral_map.ipynb,research/ftir_ec_phase3,False,22,7. Does baselining change who is similar to whom?,,,,hist+plot+scatter,correlation,Scatterplot,False,False,False,False,1
research/ftir_ec_phase3/ftir_52_network_spectral_map.ipynb,research/ftir_ec_phase3,False,26,8. Addis in raw space: which IMPROVE spectra does it actually match?,,,,plot,evolution,Line chart,False,False,False,False,1
research/ftir_ec_phase3/ftir_52_network_spectral_map.ipynb,research/ftir_ec_phase3,False,27,8. Addis in raw space: which IMPROVE spectra does it actually match?,,,,plot,evolution,Line chart,False,False,False,False,1
research/ftir_ec_phase3/ftir_52_network_spectral_map.ipynb,research/ftir_ec_phase3,False,30,9. Do the Ethiopian seasons have different analogs?,,,,plot,evolution,Timeseries,False,False,False,False,1
research/ftir_ec_phase3/ftir_52_network_spectral_map.ipynb,research/ftir_ec_phase3,False,31,9. Do the Ethiopian seasons have different analogs?,,,,bar,ranking,Barplot,False,False,False,False,1
research/ftir_ec_phase3/ftir_52_network_spectral_map.ipynb,research/ftir_ec_phase3,False,36,"The analogs themselves, named",Each Ethiopian season\u2019s five nearest IMPROVE spectra,,Absorbance (AIRSpec-corrected),plot,evolution,Timeseries,False,False,False,False,1
research/ftir_ec_phase3/ftir_53_committee_backup_figures.ipynb,research/ftir_ec_phase3,False,3,"1. Five sites, one calibration: where the intercept and slope anomalies are",,,,errorbar,ranking,Lollipop,False,False,False,False,0
research/ftir_ec_phase3/ftir_53_committee_backup_figures.ipynb,research/ftir_ec_phase3,False,6,2. Bishoftu: the accepted 26 and the 14 filters the calibration never saw,,,,plot+scatter,correlation,Scatterplot,True,False,False,False,0
research/ftir_ec_phase3/ftir_53_committee_backup_figures.ipynb,research/ftir_ec_phase3,False,9,"3. Lesson 2, stated precisely: protocol swing is a raw-spectra problem",,,,plot+scatter,correlation,Scatterplot,True,False,False,False,0
research/ftir_ec_phase3/ftir_53_committee_backup_figures.ipynb,research/ftir_ec_phase3,False,11,"4. Lesson 3, stated precisely: Kiremt/Dry across all seven variants",,,,scatter,correlation,Scatterplot,False,False,False,False,0
research/ftir_ec_phase3/ftir_53_committee_backup_figures.ipynb,research/ftir_ec_phase3,False,13,5. Speaker-notes backup: the mass term by site (ftir_46),,,,errorbar,ranking,Lollipop,False,False,False,False,0
research/ftir_ec_phase3/ftir_54_model_form_robustness.ipynb,research/ftir_ec_phase3,False,9,"1. Same protocol, five model forms, two cohorts","Lowest-OC/EC 800 cohort, AIRSpec-corrected spectra: the Addis crossplot by model form",,Predicted EC (µg m⁻³),plot+scatter,correlation,Scatterplot,False,False,False,False,1
research/ftir_ec_phase3/ftir_54_model_form_robustness.ipynb,research/ftir_ec_phase3,False,10,"1. Same protocol, five model forms, two cohorts",,,,plot,evolution,Line chart,False,False,False,False,1
research/ftir_ec_phase3/ftir_54_model_form_robustness.ipynb,research/ftir_ec_phase3,False,13,2. Labelled extrapolation tests inside IMPROVE,"Extrapolation inside IMPROVE, where the truth is known",,Predicted EC (µg filter⁻¹),bar+plot+scatter,correlation,Scatterplot,False,False,False,False,2
research/ftir_ec_phase3/ftir_54_model_form_robustness.ipynb,research/ftir_ec_phase3,False,15,3. Diagnosability: what each model form tells you when it is off-domain,"Addis (190 filters), 800-cohort models: prediction and residual against spectral distance",PCA-10 D² of the Addis spectrum (training-fitted),,scatter,correlation,Scatterplot,False,False,True,False,1
research/ftir_ec_phase3/ftir_55_every_combination_tried.ipynb,research/ftir_ec_phase3,False,5,"2. The specification plane: every combination, the objective, the guardrails",,,,plot+scatter,correlation,Scatterplot,True,False,False,False,0
research/ftir_ec_phase3/ftir_55_every_combination_tried.ipynb,research/ftir_ec_phase3,False,7,"2a. The deck's version: folded axes, all pairs, the held-out floor as the only colour",,,,plot+scatter,correlation,Scatterplot,True,False,False,False,0
research/ftir_ec_phase3/ftir_55_every_combination_tried.ipynb,research/ftir_ec_phase3,False,9,"2b. The same plane, one panel per cohort family",,,,scatter,correlation,Scatterplot,True,False,True,False,0
research/ftir_ec_phase3/ftir_55_every_combination_tried.ipynb,research/ftir_ec_phase3,False,11,2c. What each cohort × spectra cell achieved,,,,imshow,correlation,Heatmap,True,False,False,True,0
research/ftir_ec_phase3/ftir_55_every_combination_tried.ipynb,research/ftir_ec_phase3,False,13,2d. How the search moves: score against cutoff for the winning family,,,,plot+scatter,correlation,Connected Scatter,False,False,False,False,0
research/ftir_ec_phase3/ftir_55_every_combination_tried.ipynb,research/ftir_ec_phase3,False,15,3. What the points look like as data: one crossplot per cohort × spectra,,HIPS Fabs/10 (µg/m³),{COHORT_LABEL[coh]},plot+scatter,correlation,Scatterplot,True,False,False,False,0
research/ftir_etad_char/char_01_reference_spectra_survey.ipynb,research/ftir_etad_char,False,5,"1. What each file actually contains, in its own units","{s.label}\n{s.n:,} spectra · {s.native_scale}",wavenumber (cm⁻¹),absorbance,plot,evolution,Line chart,False,False,True,True,1
research/ftir_etad_char/char_01_reference_spectra_survey.ipynb,research/ftir_etad_char,False,10,"3. The charring sequence, collection by collection",{H[key][,wavenumber (cm⁻¹),SNV absorbance,fill_between+plot,evolution,Area chart,False,False,True,False,1
research/ftir_etad_char/char_01_reference_spectra_survey.ipynb,research/ftir_etad_char,False,12,4. The two unlabeled collections,"Minatre combustion facility, by species (n = {bm.shape[0]:,})",wavenumber (cm⁻¹),SNV absorbance,fill_between+plot,evolution,Area chart,False,False,False,False,1
research/ftir_etad_char/char_01_reference_spectra_survey.ipynb,research/ftir_etad_char,False,14,5. Does the charring trajectory agree across collections?,{band}  ({BANDS[{,pyrolysis temperature (°C),mean SNV intensity,fill_between+plot,evolution,Area chart,False,False,False,False,1
research/ftir_etad_char/char_01_reference_spectra_survey.ipynb,research/ftir_etad_char,False,16,5. Does the charring trajectory agree across collections?,The composite aromatization index is non-monotonic,pyrolysis temperature (°C),aromatic C=C − aliphatic C–H  (SNV units),fill_between+plot,evolution,Area chart,False,False,False,False,1
research/ftir_etad_char/char_01_reference_spectra_survey.ipynb,research/ftir_etad_char,False,20,6. How much does pretreatment matter?,pretreatment: {t},wavenumber (cm⁻¹),SNV absorbance,plot,evolution,Timeseries,False,False,False,False,1
research/ftir_etad_char/char_02_addis_vs_charcoal.ipynb,research/ftir_etad_char,False,8,1. The direct overlay,"all collections, grand mean",wavenumber (cm⁻¹),SNV absorbance,fill_between+plot,evolution,Area chart,False,False,True,True,1
research/ftir_etad_char/char_02_addis_vs_charcoal.ipynb,research/ftir_etad_char,False,10,The same overlay in absorbance-like units,"all collections, grand mean",wavenumber (cm⁻¹),area-normalized absorbance,fill_between+plot,evolution,Area chart,False,False,True,True,1
research/ftir_etad_char/char_02_addis_vs_charcoal.ipynb,research/ftir_etad_char,False,12,2. Band space: where does Addis sit on the charring trajectory?,Addis filters vs the charring path (aliphatic axis),,"aromatic C=C, 1580–1620 (SNV)",plot+scatter,correlation,Bubble,False,False,False,True,1
research/ftir_etad_char/char_02_addis_vs_charcoal.ipynb,research/ftir_etad_char,False,15,3. Nearest-analogue matching,How well does anything actually match?,best-match Pearson r,filters / spectra,hist+plot+scatter,correlation,Bubble,False,False,False,True,1
research/ftir_etad_char/char_02_addis_vs_charcoal.ipynb,research/ftir_etad_char,False,18,4. Score space: is Addis inside the charcoal manifold?,Charcoal PCA with Addis projected in,PC1 ({pca.explained_variance_ratio_[0]:.0%}),PC2 ({pca.explained_variance_ratio_[1]:.0%}),scatter,correlation,Bubble,False,False,False,True,1
research/ftir_etad_char/char_02_addis_vs_charcoal.ipynb,research/ftir_etad_char,False,20,4. Score space: is Addis inside the charcoal manifold?,Addis sits on the far edge of the charcoal distribution,Mahalanobis distance from the charcoal centroid (6 PCs),density,hist,distribution,Histogram,False,False,False,False,1
research/ftir_etad_char/char_03_burned_vs_unburned.ipynb,research/ftir_etad_char,False,5,1. What burning actually does to a spectrum,"McCall: raw feedstock vs char, full measured range (shaded = IQR)",wavenumber (cm⁻¹),SNV absorbance,fill_between+plot,evolution,Area chart,False,False,False,False,1
research/ftir_etad_char/char_03_burned_vs_unburned.ipynb,research/ftir_etad_char,False,7,1. What burning actually does to a spectrum,Companion view — unit-area scaling instead of SNV (shaded = IQR),wavenumber (cm⁻¹),area-normalized absorbance,fill_between+plot,evolution,Area chart,False,False,False,False,1
research/ftir_etad_char/char_03_burned_vs_unburned.ipynb,research/ftir_etad_char,False,8,1. What burning actually does to a spectrum,The burning signature: difference of each char class from raw feedstock,wavenumber (cm⁻¹),Δ SNV absorbance,plot,evolution,Line chart,False,False,False,False,1
research/ftir_etad_char/char_03_burned_vs_unburned.ipynb,research/ftir_etad_char,False,10,"2. The same contrast, restricted to what Addis can be compared on","Addis against the burned/unburned reference, 1430–3500 cm⁻¹",wavenumber (cm⁻¹),SNV absorbance,fill_between+plot,evolution,Area chart,False,False,False,False,1
research/ftir_etad_char/char_03_burned_vs_unburned.ipynb,research/ftir_etad_char,False,12,"2. The same contrast, restricted to what Addis can be compared on",Companion view — unit-area scaling instead of SNV,wavenumber (cm⁻¹),area-normalized absorbance,fill_between+plot,evolution,Area chart,False,False,False,False,1
research/ftir_etad_char/char_03_burned_vs_unburned.ipynb,research/ftir_etad_char,False,16,"3. A burned/unburned classifier, honestly cross-validated",Classifier output: cross-validated references and Addis,P(burned),spectra,boxplot+hist,distribution,Boxplot,False,False,False,False,1
research/ftir_etad_char/char_03_burned_vs_unburned.ipynb,research/ftir_etad_char,False,18,4. Band-by-band: which way does Addis lean?,Where Addis sits on each burned/unburned axis,mean SNV intensity,,scatter,correlation,Bubble,False,False,False,True,1
research/ftir_etad_char/char_04_spectral_typology.ipynb,research/ftir_etad_char,False,5,How many types are there? Let the silhouette decide.,How many spectral types does the data support?,number of clusters k,silhouette score,plot,evolution,Timeseries,False,False,False,False,1
research/ftir_etad_char/char_04_spectral_typology.ipynb,research/ftir_etad_char,False,7,Pass A — the types inside the charcoal archive,Archetype spectrum of each type,wavenumber (cm⁻¹),SNV absorbance,bar+plot+scatter,correlation,Bubble,False,False,False,True,1
research/ftir_etad_char/char_04_spectral_typology.ipynb,research/ftir_etad_char,False,9,Pass A — the types inside the charcoal archive,"Pass A archetypes, companion view — unit-area scaling instead of SNV",wavenumber (cm⁻¹),area-normalized absorbance,plot,evolution,Timeseries,False,False,False,False,1
research/ftir_etad_char/char_04_spectral_typology.ipynb,research/ftir_etad_char,False,11,Pass B — add Addis and see whether it forms its own type,"Archetype spectra, Addis included",wavenumber (cm⁻¹),SNV absorbance,barh+plot+scatter,correlation,Bubble,False,False,False,True,1
research/ftir_etad_char/char_04_spectral_typology.ipynb,research/ftir_etad_char,False,13,Pass B — add Addis and see whether it forms its own type,"Pass B archetypes, companion view — unit-area scaling instead of SNV",wavenumber (cm⁻¹),area-normalized absorbance,plot,evolution,Line chart,False,False,False,False,1
research/ftir_etad_char/char_05_addis_vs_unburned_feedstock.ipynb,research/ftir_etad_char,False,5,1. The six raw materials are not one class,"The six unburned feedstocks, full measured range",wavenumber (cm⁻¹),SNV absorbance,plot,evolution,Line chart,False,False,False,False,1
research/ftir_etad_char/char_05_addis_vs_unburned_feedstock.ipynb,research/ftir_etad_char,False,7,1. The six raw materials are not one class,Companion view — unit-area scaling instead of SNV,wavenumber (cm⁻¹),area-normalized absorbance,plot,evolution,Line chart,False,False,False,False,1
research/ftir_etad_char/char_05_addis_vs_unburned_feedstock.ipynb,research/ftir_etad_char,False,9,2. Addis against each unburned feedstock,Addis (violet band = 10–90 %) against each unburned feedstock,wavenumber (cm⁻¹),SNV absorbance,fill_between+plot,evolution,Area chart,False,False,True,False,1
research/ftir_etad_char/char_05_addis_vs_unburned_feedstock.ipynb,research/ftir_etad_char,False,11,2. Addis against each unburned feedstock,Companion view — unit-area scaling instead of SNV,wavenumber (cm⁻¹),area-normalized absorbance,fill_between+plot,evolution,Area chart,False,False,True,False,1
research/ftir_etad_char/char_05_addis_vs_unburned_feedstock.ipynb,research/ftir_etad_char,False,14,3. Which analogue is actually closest — raw biomass or char?,Raw biomass vs char as an Addis analogue,best-match Pearson r for an Addis filter,Addis filters,boxplot+hist,distribution,Boxplot,False,False,False,False,1
research/ftir_etad_char/char_05_addis_vs_unburned_feedstock.ipynb,research/ftir_etad_char,False,16,4. Where the residual disagreement lives,What raw biomass does not explain about an Addis filter,wavenumber (cm⁻¹),Δ SNV absorbance,plot,evolution,Line chart,False,False,False,False,1
research/ftir_etad_char/char_05_addis_vs_unburned_feedstock.ipynb,research/ftir_etad_char,False,18,5. Does it vary by season?,"Every Addis filter, scored against both reference classes",best-match r against McCall char,best-match r against raw feedstock,plot+scatter,correlation,Bubble,False,False,False,True,1
research/ftir_etad_char/char_06_dry_season_anomaly.ipynb,research/ftir_etad_char,False,8,"2. It recurs every year, which no instrument artifact does",Similarity to charcoal collapses every dry season (shaded Oct–Feb),month of year (all years pooled),best-match r against char,bar+scatter,correlation,Bubble,False,False,True,True,1
research/ftir_etad_char/char_06_dry_season_anomaly.ipynb,research/ftir_etad_char,False,11,3. One population or two?,Char similarity by season,best-match r against char,filters,hist+scatter,correlation,Bubble,False,False,False,True,1
research/ftir_etad_char/char_06_dry_season_anomaly.ipynb,research/ftir_etad_char,False,13,4. What do the anomalous spectra look like?,"Addis mean spectrum, by group (shaded = IQR)",wavenumber (cm⁻¹),SNV absorbance,fill_between+plot,evolution,Area chart,False,False,False,False,1
research/ftir_etad_char/char_06_dry_season_anomaly.ipynb,research/ftir_etad_char,False,15,4. What do the anomalous spectra look like?,Companion view — unit-area scaling instead of SNV (shaded = IQR),wavenumber (cm⁻¹),area-normalized absorbance,fill_between+plot,evolution,Area chart,False,False,False,False,1
research/ftir_etad_char/char_06_dry_season_anomaly.ipynb,research/ftir_etad_char,False,20,The other competing explanation: are these just bad spectra?,Char similarity vs EC loading,,best-match r against char,scatter,correlation,Bubble,False,False,False,True,1
research/ftir_etad_char/char_07_char05_without_dry_season.ipynb,research/ftir_etad_char,False,7,1. Does the headline survive?,"The char_05 scatter, with the excluded season greyed",best-match r against McCall char,best-match r against raw feedstock,hist+plot+scatter,correlation,Bubble,False,False,False,True,1
research/ftir_etad_char/char_07_char05_without_dry_season.ipynb,research/ftir_etad_char,False,9,2. The feedstock ordering sharpens — and it changes,Removing the dry season reorders the feedstocks,median mean r against Addis filters,,barh+scatter,correlation,Bubble,False,False,False,True,1
research/ftir_etad_char/char_07_char05_without_dry_season.ipynb,research/ftir_etad_char,False,11,"3. Addis against each feedstock, dry season removed","{sp}   (mean r = {feed.loc[sp, ",wavenumber (cm⁻¹),SNV absorbance,fill_between+plot,evolution,Area chart,False,False,True,False,1
research/ftir_etad_char/char_07_char05_without_dry_season.ipynb,research/ftir_etad_char,False,13,"3. Addis against each feedstock, dry season removed","{sp}   (mean r = {feed.loc[sp, ",wavenumber (cm⁻¹),area-normalized absorbance,fill_between+plot,evolution,Area chart,False,False,True,False,1
research/ftir_etad_char/char_07_char05_without_dry_season.ipynb,research/ftir_etad_char,False,15,4. What changed in the spectra themselves,Mean spectra: what excluding the dry season removes,wavenumber (cm⁻¹),SNV absorbance,plot,evolution,Timeseries,False,False,False,False,1
research/ftir_etad_char/char_07_char05_without_dry_season.ipynb,research/ftir_etad_char,False,17,4. What changed in the spectra themselves,Companion view — unit-area scaling instead of SNV,wavenumber (cm⁻¹),area-normalized absorbance,plot,evolution,Timeseries,False,False,False,False,1
research/ftir_etad_char/char_08_fire_vs_furnace_char.ipynb,research/ftir_etad_char,False,6,1. Does fire-produced char match Addis better than furnace charcoal?,Reference classes ranked (orange = newly included),best-match r against Addis filters,"best-match r, Minatre combustion-facility char",boxplot+plot+scatter,correlation,Bubble,False,False,False,True,1
research/ftir_etad_char/char_08_fire_vs_furnace_char.ipynb,research/ftir_etad_char,False,10,"2. Why? Two explanations, both testable",Furnace charcoal vs real-fire char vs Addis (shaded = IQR / 10–90 %),wavenumber (cm⁻¹),SNV absorbance,fill_between+plot,evolution,Area chart,False,False,False,False,1
research/ftir_etad_char/char_08_fire_vs_furnace_char.ipynb,research/ftir_etad_char,False,12,"2. Why? Two explanations, both testable",Companion view — unit-area scaling instead of SNV (shaded = IQR / ,wavenumber (cm⁻¹),area-normalized absorbance,fill_between+plot,evolution,Area chart,False,False,False,False,1
research/ftir_etad_char/char_08_fire_vs_furnace_char.ipynb,research/ftir_etad_char,False,16,4. Does any of this change the dry-season result?,The dry season matches every reference class worse — no exceptions,,median best-match r,bar,ranking,Barplot,False,False,False,False,1
research/ftir_etad_char/char_09_char08_dry_vs_nondry.ipynb,research/ftir_etad_char,False,8,2. Does furnace still beat fire once the dry season is gone?,"Same ordering in both regimes, uniformly shifted",median best-match r,"best-match r, combustion-facility char",barh+plot+scatter,correlation,Bubble,False,False,False,True,1
research/ftir_etad_char/char_09_char08_dry_vs_nondry.ipynb,research/ftir_etad_char,False,10,3. Which class loses most to the dry season?,No class is spared — and the fire-produced char is not the exception,similarity lost in the dry season (% of the non-dry level),,barh,ranking,Barplot,False,False,False,False,1
research/ftir_etad_char/char_09_char08_dry_vs_nondry.ipynb,research/ftir_etad_char,False,13,"4. The spectra behind it — char_08's overlay, with Addis split","Furnace charcoal vs real-fire char vs Addis, dry and non-dry separated\n",wavenumber (cm⁻¹),SNV absorbance,fill_between+plot,evolution,Area chart,False,False,False,False,1
research/ftir_etad_char/char_09_char08_dry_vs_nondry.ipynb,research/ftir_etad_char,False,15,"4. The spectra behind it — char_08's overlay, with Addis split",Companion view — unit-area scaling instead of SNV\n,wavenumber (cm⁻¹),area-normalized absorbance,fill_between+plot,evolution,Area chart,False,False,False,False,1
research/ftir_etad_char/char_09_char08_dry_vs_nondry.ipynb,research/ftir_etad_char,False,18,4b. The residual each subset leaves against the best reference,Residual against the best reference class — the dry season leaves more,wavenumber (cm⁻¹),Δ SNV absorbance,plot,evolution,Timeseries,False,False,False,False,1
research/ftir_etad_char/char_10_seasonal_spectra.ipynb,research/ftir_etad_char,False,5,1. The raw spectra — and the step that makes them readable,"Raw ETAD spectra by season, as measured — seasons differ mostly in the ",wavenumber (cm⁻¹),absorbance (AU),fill_between+plot,evolution,Area chart,False,False,False,False,1
research/ftir_etad_char/char_10_seasonal_spectra.ipynb,research/ftir_etad_char,False,6,1. The raw spectra — and the step that makes them readable,The same filters AIRSpec-baselined + area-normalized (available above ,wavenumber (cm⁻¹),area-normalized absorbance,fill_between+plot,evolution,Area chart,False,False,False,False,1
research/ftir_etad_char/char_10_seasonal_spectra.ipynb,research/ftir_etad_char,False,8,"2. The three seasons, each on its own curve",Addis mean spectrum by Ethiopian season (shaded = 10–90 % of filters),wavenumber (cm⁻¹),area-normalized absorbance,fill_between+plot,evolution,Area chart,False,False,False,False,1
research/ftir_etad_char/char_10_seasonal_spectra.ipynb,research/ftir_etad_char,False,10,3. All of them on one graph,"All 3 seasons together — every filter (thin), seasonal means, ",wavenumber (cm⁻¹),area-normalized absorbance,plot,evolution,Timeseries,False,False,False,False,1
research/ftir_etad_char/char_10_seasonal_spectra.ipynb,research/ftir_etad_char,False,12,"4. Season by season, in detail",{SHORT[s]}  ·  n={m.sum()},wavenumber (cm⁻¹),area-normalized absorbance,plot,evolution,Timeseries,False,False,False,False,1
research/ftir_etad_char/char_11_normalization_alternatives.ipynb,research/ftir_etad_char,False,11,3. What the genuine alternatives do to a spectrum,One charcoal and one Addis spectrum under each transform ,wavenumber (cm⁻¹),scaled,plot,evolution,Line chart,False,False,False,False,1
research/ftir_etad_char/char_11_normalization_alternatives.ipynb,research/ftir_etad_char,False,17,What the AIRSpec baseline actually does to each side,Charcoal: the fit cuts through real bands,wavenumber (cm⁻¹),absorbance,plot,evolution,Line chart,False,False,True,False,1
research/ftir_etad_char/char_11_normalization_alternatives.ipynb,research/ftir_etad_char,False,21,4. An objective benchmark,Does it generalize across laboratories?,"cross-collection temperature recovery, % within 100 °C",silhouette of temperature tier\n(higher = chemistry preserved),barh+scatter,correlation,Bubble,False,False,False,True,1
research/ftir_etad_char/char_11_normalization_alternatives.ipynb,research/ftir_etad_char,False,24,5. What each choice does to the Addis conclusion,The implied temperature is preprocessing-dependent,analogue-implied temperature for Addis filters (°C),,scatter,correlation,Bubble,False,False,False,True,1
research/ftir_etad_char/char_12_weakley_transferability.ipynb,research/ftir_etad_char,False,5,1. Raw distributions — their Figure 5a,"Raw spectra, IMPROVE vs ETAD — mean and 5–95 % envelope ",wavenumber (cm⁻¹),absorbance (AU),fill_between+plot,evolution,Area chart,False,False,False,False,1
research/ftir_etad_char/char_12_weakley_transferability.ipynb,research/ftir_etad_char,False,7,2. Processed distributions — their Figure 5b/c,{rlo:.0f}–{rhi:.0f} cm⁻¹,wavenumber (cm⁻¹),2nd-derivative absorbance (arb.),fill_between+plot,evolution,Area chart,False,False,False,False,1
research/ftir_etad_char/char_12_weakley_transferability.ipynb,research/ftir_etad_char,False,9,3. How far outside the calibration population does each ETAD filter sit?,Envelope-escape score per filter — where each population sits relative ,fraction of pertinent wavenumbers outside the IMPROVE 5–95 % envelope,density,hist,distribution,Histogram,False,False,False,False,1
research/ftir_etad_char/char_12_weakley_transferability.ipynb,research/ftir_etad_char,False,11,"4. The filter-lot effect, transplanted","Dry-season filters by PTFE lot, aliphatic C–H region",wavenumber (cm⁻¹),2nd-derivative absorbance (arb.),boxplot+fill_between+plot,distribution,Boxplot,False,False,False,False,1
research/ftir_etad_char/char_12_weakley_transferability.ipynb,research/ftir_etad_char,False,13,4b. The same lot comparison in the AIRSpec-baselined view,PTFE lots 248 vs 251 in the AIRSpec-baselined view ,wavenumber (cm⁻¹),area-normalized absorbance,fill_between+plot,evolution,Area chart,False,False,False,False,1
research/ftir_etad_char/char_12_weakley_transferability.ipynb,research/ftir_etad_char,False,16,5. Bonus — the paper's processing as a baseline-free check on the charcoal results,char_08,"best-match r, furnace charcoal (2nd-derivative spectra)","best-match r, combustion-facility char",plot+scatter,correlation,Bubble,False,False,False,True,1
research/ftir_hips_chem/Analysis_Tasks_Jan2025.ipynb,research/ftir_hips_chem,False,10,TASK 1: Iron/EC Ratio Analysis (Priority),"{site_name} - Iron vs FTIR EC\n(n={len(ec)}, Mean Fe/EC ratio: {ratio.mean():.4f})",FTIR EC (µg/m³),Iron (µg/m³),plot+scatter,correlation,Bubble,True,False,False,True,0
research/ftir_hips_chem/Analysis_Tasks_Jan2025.ipynb,research/ftir_hips_chem,False,13,TASK 2: Delhi Plot Fixes,Delhi - BEFORE (bad axis scaling to 60),Aethalometer IR BCc (µg/m³),HIPS Fabs / MAC (µg/m³),plot+scatter,correlation,Scatterplot,True,False,False,False,0
research/ftir_hips_chem/Analysis_Tasks_Jan2025.ipynb,research/ftir_hips_chem,False,16,TASK 3: Matched-Sample Plots (Common Data Mode),"{site_name} - HIPS vs Aethalometer\n(COMMON DATA: n={len(x)}, all 3 measurements)",Aethalometer IR BCc (µg/m³),HIPS Fabs / MAC (µg/m³),plot+scatter,correlation,Bubble,True,False,False,True,0
research/ftir_hips_chem/Analysis_Tasks_Jan2025.ipynb,research/ftir_hips_chem,False,18,"TASK 4: Cross-Plots (All Sites, All Types) - SEPARATE GRAPHS",{site_name} - {config[,,,plot+scatter,correlation,Bubble,True,False,False,True,0
research/ftir_hips_chem/Analysis_Tasks_Jan2025.ipynb,research/ftir_hips_chem,False,22,TASK 6: Raw Attenuation Correlation Matrix,{site_name}\nBC Wavelength Correlation Matrix,,,imshow,correlation,Correlogram,False,False,False,True,0
research/ftir_hips_chem/ETAD_Factor_Analysis.ipynb,research/ftir_hips_chem,False,12,ETAD Filter Sample Coverage vs PMF Analysis,ETAD Filter Samples: All ({n_total}) vs PMF-Analyzed ({n_pmf}),Sample Date,,scatter,correlation,Scatterplot,False,False,False,False,0
research/ftir_hips_chem/ETAD_Factor_Analysis.ipynb,research/ftir_hips_chem,False,13,ETAD Filter Sample Coverage vs PMF Analysis,ETAD: Parameter Coverage Timeline (All Filters vs PMF-Analyzed),Sample Date,,scatter,correlation,Scatterplot,False,False,False,False,0
research/ftir_hips_chem/ETAD_Factor_Analysis.ipynb,research/ftir_hips_chem,False,14,ETAD Filter Sample Coverage vs PMF Analysis,ETAD: {ftir_label} vs {hips_label}\nPMF-Analyzed Samples Highlighted,,,plot+scatter,correlation,Bubble,True,False,False,True,0
research/ftir_hips_chem/ETAD_Factor_Analysis.ipynb,research/ftir_hips_chem,False,20,Source Contributions Over Time,ETAD: Daily Source Contribution Fractions,Date,Source Contribution Fraction,plot,evolution,Timeseries,False,False,True,False,0
research/ftir_hips_chem/ETAD_Factor_Analysis.ipynb,research/ftir_hips_chem,False,21,Source Contributions Over Time,ETAD: Stacked Source Contribution Fractions (Normalized),Date,Normalized Source Contribution Fraction,stackplot,evolution,Stacked Area,False,False,False,False,0
research/ftir_hips_chem/ETAD_Factor_Analysis.ipynb,research/ftir_hips_chem,False,23,Source Concentrations vs Filter Parameters,Correlation: PMF Sources vs Filter Parameters (ETAD),,,heatmap,correlation,Correlogram,False,False,False,True,0
research/ftir_hips_chem/ETAD_Factor_Analysis.ipynb,research/ftir_hips_chem,False,24,Source Concentrations vs Filter Parameters,ETAD: {source_name} vs {param_label},{source_name} (\u03bcg/m\u00b3),,plot+scatter,correlation,Scatterplot,True,False,False,False,0
research/ftir_hips_chem/ETAD_Factor_Analysis.ipynb,research/ftir_hips_chem,False,31,Dominant Source Analysis,ETAD: {ylabel} vs {xlabel}\nColored by Dominant Source (concentration),,,plot+scatter,correlation,Bubble,True,False,False,True,0
research/ftir_hips_chem/ETAD_Factor_Analysis.ipynb,research/ftir_hips_chem,False,32,Dominant Source Analysis,ETAD: {ylabel} vs {xlabel}\nColored by Dominant Source (fraction),,,plot+scatter,correlation,Bubble,True,False,False,True,0
research/ftir_hips_chem/ETAD_Factor_Analysis.ipynb,research/ftir_hips_chem,False,36,Analyses:,{t_label}\n({removed} removed),,Residual: FTIR EC \u2212 Aeth BC (\u03bcg/m\u00b3),plot+scatter,correlation,Bubble,True,False,False,True,0
research/ftir_hips_chem/ETAD_Factor_Analysis.ipynb,research/ftir_hips_chem,False,37,Analyses:,Absolute Residual vs Biomass %,Biomass % (of explained sources),Residual: FTIR EC \u2212 Aeth BC (\u03bcg/m\u00b3),plot+scatter,correlation,Bubble,True,False,False,True,0
research/ftir_hips_chem/ETAD_Factor_Analysis.ipynb,research/ftir_hips_chem,False,38,Analyses:,FTIR\u2013Aeth Residual vs Biomass % by Ethiopian Season,Biomass % (of explained sources),Residual: FTIR EC \u2212 Aeth BC (\u03bcg/m\u00b3),plot+scatter,correlation,Bubble,True,False,False,True,0
research/ftir_hips_chem/Example_Modular_Analysis.ipynb,research/ftir_hips_chem,False,3,1. Setup and Imports,{title_prefix} - {site_name}\nBEFORE (n={valid.sum()}),,,plot+scatter,correlation,Bubble,True,False,False,True,0
research/ftir_hips_chem/Example_Modular_Analysis.ipynb,research/ftir_hips_chem,False,19,6. Cross-Plots (Scatter),,,,scatter,correlation,Scatterplot,True,False,False,False,0
research/ftir_hips_chem/Example_Modular_Analysis.ipynb,research/ftir_hips_chem,False,24,7. Match Aethalometer with HIPS (including smooth/raw info),,,,scatter,correlation,Scatterplot,False,False,False,False,0
research/ftir_hips_chem/Example_Modular_Analysis.ipynb,research/ftir_hips_chem,False,36,10. Data Mode: All vs Common Samples,{site} - {mode} data (n={len(x)}),,,plot+scatter,correlation,Bubble,True,False,False,True,0
research/ftir_hips_chem/FTIR_Group_Talk_Apr2026_Draft.ipynb,research/ftir_hips_chem,False,6,"Figure 1b: Separate Panels (white background, manual exclusions applied)",,,,plot+scatter,correlation,Scatterplot,True,False,False,False,0
research/ftir_hips_chem/FTIR_Group_Talk_Apr2026_Draft.ipynb,research/ftir_hips_chem,False,17,Figure 3b: Iron Median Split — All Four Sites,Iron Median Split — HIPS vs FTIR EC (all four sites),FTIR EC (µg/m³),HIPS Fabs / MAC (µg/m³),plot+scatter,correlation,Scatterplot,True,False,True,False,1
research/ftir_hips_chem/FlowFix_BeforeAfter_Analysis.ipynb,research/ftir_hips_chem,False,12,5. Visualize Data Distribution by Period,{site_name}: ALL Aethalometer BC Data\n{status},Date,Aethalometer IR BC (ng/m³),scatter,correlation,Scatterplot,False,False,False,False,3
research/ftir_hips_chem/FlowFix_BeforeAfter_Analysis.ipynb,research/ftir_hips_chem,False,14,6. Before/After Analysis: FTIR EC vs Aethalometer,{period_label},Aethalometer BC (ng/m³),FTIR EC (ng/m³),plot+scatter,correlation,Scatterplot,True,False,False,False,1
research/ftir_hips_chem/FlowFix_BeforeAfter_Analysis.ipynb,research/ftir_hips_chem,False,16,7. Before/After Analysis: HIPS vs Aethalometer,{period_label},Aethalometer IR BCc (ug/m³),HIPS Fabs / MAC (ug/m³),plot+scatter,correlation,Scatterplot,True,False,False,False,1
research/ftir_hips_chem/FlowFix_BeforeAfter_Analysis.ipynb,research/ftir_hips_chem,False,18,8. Summary Comparison Plot,FTIR EC vs Aethalometer\n(Thermal vs Optical),,R²,bar,ranking,Barplot,False,False,False,False,1
research/ftir_hips_chem/FlowFix_BeforeAfter_Analysis.ipynb,research/ftir_hips_chem,False,19,8. Summary Comparison Plot,FTIR EC vs Aethalometer\n(Thermal vs Optical),,Slope,bar,ranking,Barplot,False,False,False,False,1
research/ftir_hips_chem/FlowFix_BeforeAfter_Analysis.ipynb,research/ftir_hips_chem,False,26,11. Wavelength Dependence Analysis: Before vs After,{period_label},BC (ng/m³),Frequency,boxplot+heatmap+hist,correlation,Correlogram,False,False,True,True,3
research/ftir_hips_chem/FlowFix_BeforeAfter_Analysis.ipynb,research/ftir_hips_chem,False,27,11. Wavelength Dependence Analysis: Before vs After,{site_name}: UV vs IR by Period,IR BCc (ng/m³),UV BCc (ng/m³),boxplot+plot+scatter,correlation,Scatterplot,True,False,False,False,3
research/ftir_hips_chem/HIPS_Aeth_SmoothRaw_Analysis.ipynb,research/ftir_hips_chem,False,9,4. Smooth/Raw Difference Distribution,{site_name},Absolute % Difference |Smooth - Raw| / Raw,Count,hist,distribution,Histogram,False,False,True,False,1
research/ftir_hips_chem/HIPS_Aeth_SmoothRaw_Analysis.ipynb,research/ftir_hips_chem,False,11,5. Baseline: HIPS vs Aethalometer (All Data),{site_name},Aethalometer IR BCc Raw (ug/m³),HIPS Fabs / MAC (ug/m³),plot+scatter,correlation,Scatterplot,True,False,True,False,1
research/ftir_hips_chem/HIPS_Aeth_SmoothRaw_Analysis.ipynb,research/ftir_hips_chem,False,13,6. Threshold Analysis: Impact of Smooth/Raw Filtering,Threshold ≤{threshold}%,Aethalometer IR BCc Raw (ug/m³),HIPS Fabs / MAC (ug/m³),plot+scatter,correlation,Scatterplot,True,False,True,False,4
research/ftir_hips_chem/HIPS_Aeth_SmoothRaw_Analysis.ipynb,research/ftir_hips_chem,False,15,7. Summary: R² vs Threshold,HIPS vs Aethalometer: R² at Different Smooth/Raw Thresholds\n(Higher R² = Better Correlation),Smooth/Raw Threshold,R²,plot,evolution,Line chart,False,False,False,False,1
research/ftir_hips_chem/HIPS_Aeth_SmoothRaw_Analysis.ipynb,research/ftir_hips_chem,False,16,7. Summary: R² vs Threshold,HIPS vs Aethalometer: Slope at Different Smooth/Raw Thresholds\n(Ideal slope = 1.0),Smooth/Raw Threshold,Slope,plot,evolution,Line chart,False,False,False,False,1
research/ftir_hips_chem/HIPS_vs_Aethalometer_Optical_Comparison.ipynb,research/ftir_hips_chem,False,6,3. Load Data,,,,plot+scatter,correlation,Scatterplot,True,False,False,False,0
research/ftir_hips_chem/HIPS_vs_Aethalometer_Optical_Comparison.ipynb,research/ftir_hips_chem,False,18,8. Direct Comparison: ATN vs BCc Correlations with HIPS,"Comparison: Does Processing Improve HIPS Correlation?\n(Points above line = BCc better, below = ATN better)",ATN vs HIPS R²,BCc vs HIPS R²,fill_between+plot+scatter,correlation,Scatterplot,True,False,False,False,1
research/ftir_hips_chem/HIPS_vs_Aethalometer_Optical_Comparison.ipynb,research/ftir_hips_chem,False,21,9. Wavelength-Specific Analysis,HIPS Correlation by Aethalometer Wavelength\n(Across All Sites),Aethalometer Wavelength,Mean R² with HIPS,bar,ranking,Barplot,False,False,False,False,1
research/ftir_hips_chem/Multi_Site_Analysis.ipynb,research/ftir_hips_chem,False,9,1. Time Series: Black Carbon Concentrations,,Date,{wavelength} BC (ng/m³),plot,evolution,Timeseries,False,False,False,False,0
research/ftir_hips_chem/Multi_Site_Analysis.ipynb,research/ftir_hips_chem,False,11,2. Multi-Wavelength BC Comparison,,Date,BC (ng/m³),plot,evolution,Timeseries,False,False,False,False,0
research/ftir_hips_chem/Multi_Site_Analysis.ipynb,research/ftir_hips_chem,False,13,3. BC Distribution (Box Plots),IR BC Distribution - All Sites,,IR BC (ng/m³),boxplot,distribution,Boxplot,False,False,False,False,0
research/ftir_hips_chem/Multi_Site_Analysis.ipynb,research/ftir_hips_chem,False,15,4. Data Completeness Analysis,,Date,Data Completeness (%),plot+scatter,correlation,Connected Scatter,False,False,False,False,0
research/ftir_hips_chem/Multi_Site_Analysis.ipynb,research/ftir_hips_chem,False,17,5. Filter vs Aethalometer Comparison,Aethalometer BC vs Filter EC - All Sites,Date,Concentration (ng/m³),plot,evolution,Timeseries,False,False,False,False,0
research/ftir_hips_chem/Multi_Site_Analysis.ipynb,research/ftir_hips_chem,False,19,6. Scatter: Aethalometer vs Filter EC Correlation,Aethalometer BC vs Filter EC - All Sites (EC ≥ 0.5 µg/m³),Aethalometer IR BC (ng/m³),Filter EC (ng/m³),plot+scatter,correlation,Scatterplot,True,False,False,False,0
research/ftir_hips_chem/Multi_Site_Analysis.ipynb,research/ftir_hips_chem,False,22,7. Summary Statistics Table,,,,plot+scatter,correlation,Scatterplot,True,False,False,False,0
research/ftir_hips_chem/Multi_Site_Analysis.ipynb,research/ftir_hips_chem,False,26,8. Custom Visualization Area,Temperature vs BC - {site_name},Temperature (°C),IR BC (ng/m³),scatter,correlation,Bubble,False,False,False,True,0
research/ftir_hips_chem/Multi_Site_Analysis_Fixed.ipynb,research/ftir_hips_chem,False,12,4. Aethalometer vs FTIR EC Cross-Plots,Aethalometer BC vs FTIR EC - All Sites,Aethalometer IR BC (ng/m³),FTIR EC (ng/m³),plot+scatter,correlation,Scatterplot,True,False,False,False,1
research/ftir_hips_chem/Multi_Site_Analysis_Fixed.ipynb,research/ftir_hips_chem,False,17,5. Outlier Detection and Removal,{site_name}: Aethalometer BC vs FTIR EC (No Outliers),Aethalometer IR BC (ng/m³),FTIR EC (ng/m³),plot+scatter,correlation,Scatterplot,True,False,False,False,7
research/ftir_hips_chem/Multi_Site_Analysis_Fixed.ipynb,research/ftir_hips_chem,False,20,6. Smooth vs Raw BC Analysis,{site_name}: Distribution of Smooth/Raw Differences,Absolute % Difference (Smooth - Raw),Count,fill_between+hist+plot,distribution,Histogram,False,False,False,False,8
research/ftir_hips_chem/Multi_Site_Analysis_Fixed.ipynb,research/ftir_hips_chem,False,21,6. Smooth vs Raw BC Analysis,{site_name}: Threshold <={threshold}% Smooth-Raw Difference,Aethalometer BC (ng/m³),FTIR EC (ng/m³),plot+scatter,correlation,Scatterplot,True,False,False,False,16
research/ftir_hips_chem/Multi_Site_Analysis_Fixed.ipynb,research/ftir_hips_chem,False,32,9. Iron Concentration Color Gradient Cross-Plots,,,,plot+scatter,correlation,Bubble,True,False,False,True,0
research/ftir_hips_chem/Multi_Site_Analysis_Fixed.ipynb,research/ftir_hips_chem,False,35,10. Multi-Site Comparison Plots (All Sites Including Addis Ababa),Multi-Site Comparison: {comp[,,,plot+scatter,correlation,Scatterplot,True,False,False,False,3
research/ftir_hips_chem/Multi_Site_Analysis_Fixed.ipynb,research/ftir_hips_chem,False,39,11. HIPS vs Aethalometer Smooth/Raw Threshold Analysis,"{site_name}: HIPS vs Aeth, Threshold <={threshold}% Smooth-Raw Diff\n(Absorption vs Absorption)",Aethalometer IR BCc (µg/m³),HIPS Fabs / MAC (µg/m³),plot+scatter,correlation,Scatterplot,True,False,False,False,16
research/ftir_hips_chem/Multi_Site_Analysis_Fixed.ipynb,research/ftir_hips_chem,False,43,12. Before/After Flow Fix Separation Analysis,{site_name}: {period_label}\nAethalometer BC vs FTIR EC,Aethalometer IR BC (ng/m³),FTIR EC (ng/m³),plot+scatter,correlation,Scatterplot,True,False,False,False,4
research/ftir_hips_chem/Multi_Site_Analysis_Fixed.ipynb,research/ftir_hips_chem,False,47,13. Wavelength Dependence Analysis (All Sites),{site_name}: UV BCc vs IR BCc\n(Wavelength Dependence),IR BCc (ng/m³),UV BCc (ng/m³),plot+scatter,correlation,Scatterplot,True,False,False,False,4
research/ftir_hips_chem/Multi_Site_Analysis_Fixed.ipynb,research/ftir_hips_chem,False,49,13. Wavelength Dependence Analysis (All Sites),{site_name}: Multi-Wavelength BC Time Series,Date,BC (ng/m³),plot,evolution,Timeseries,False,False,False,False,4
research/ftir_hips_chem/Multi_Site_Analysis_FollowUp.ipynb,research/ftir_hips_chem,False,8,2. Load Data,{site_name}: {comp[,,,plot+scatter,correlation,Bubble,True,False,False,True,21
research/ftir_hips_chem/Multi_Site_Analysis_FollowUp.ipynb,research/ftir_hips_chem,False,10,3b. Fe/EC Ratio Gradient Cross-Plots,{site_name}: {comp[,,,plot+scatter,correlation,Bubble,True,False,False,True,12
research/ftir_hips_chem/Multi_Site_Analysis_FollowUp.ipynb,research/ftir_hips_chem,False,12,4. Multi-Site Comparison Plots (All Sites Including Addis Ababa),Multi-Site Comparison: {comp[,,,plot+scatter,correlation,Scatterplot,True,False,False,False,3
research/ftir_hips_chem/Multi_Site_Analysis_FollowUp.ipynb,research/ftir_hips_chem,False,16,5. HIPS vs Aethalometer Smooth/Raw Threshold Analysis,"{site_name}: HIPS vs Aeth, Threshold <={threshold}% Smooth-Raw Diff\n(Absorption vs Absorption)",Aethalometer IR BCc (ug/m3),HIPS Fabs / MAC (ug/m3),plot+scatter,correlation,Scatterplot,True,False,False,False,16
research/ftir_hips_chem/Multi_Site_Analysis_FollowUp.ipynb,research/ftir_hips_chem,False,20,6. Before/After Flow Fix Separation Analysis,{site_name}: {period_label}\nAethalometer BC vs FTIR EC,Aethalometer IR BC (ng/m3),FTIR EC (ng/m3),plot+scatter,correlation,Scatterplot,True,False,False,False,2
research/ftir_hips_chem/Multi_Site_Analysis_FollowUp.ipynb,research/ftir_hips_chem,False,24,7. Wavelength Dependence Analysis (All Sites),{site_name}: UV BCc vs IR BCc\n(Wavelength Dependence),IR BCc (ng/m3),UV BCc (ng/m3),plot+scatter,correlation,Scatterplot,True,False,False,False,4
research/ftir_hips_chem/Multi_Site_Analysis_FollowUp.ipynb,research/ftir_hips_chem,False,26,7. Wavelength Dependence Analysis (All Sites),{site_name}: Multi-Wavelength BC Time Series,Date,BC (ng/m3),plot,evolution,Timeseries,False,False,False,False,4
research/ftir_hips_chem/Multi_Site_Analysis_FollowUp.ipynb,research/ftir_hips_chem,False,29,"7a. Wavelength BC Correlation, Distribution & Boxplots",{site_name}: BC Wavelength Correlation Matrix\n(n={len(bc_df_complete)}),BC (ng/m3),Frequency,boxplot+hist+imshow,correlation,Correlogram,False,False,False,True,4
research/ftir_hips_chem/Multi_Site_Analysis_FollowUp.ipynb,research/ftir_hips_chem,False,32,Key Research Questions,{site_name}: Multi-Wavelength BC with Excluded Dates Marked,Date,BC (ng/m3),plot,evolution,Timeseries,False,False,False,False,3
research/ftir_hips_chem/Raw_ATN_Correlation_Analysis.ipynb,research/ftir_hips_chem,False,9,4.1 Helper Functions,,,,heatmap,correlation,Correlogram,False,False,False,True,0
research/ftir_hips_chem/Raw_ATN_Correlation_Analysis.ipynb,research/ftir_hips_chem,False,17,6. Quantitative Comparison: Correlation Difference Analysis,{site_name}: Correlation Difference (BCc - ATN)\nPositive = Processing Increases Correlation,,,heatmap,correlation,Correlogram,False,False,False,True,0
research/ftir_hips_chem/Task_Analysis_Notebook.ipynb,research/ftir_hips_chem,False,9,Task 1: Double-Check Beijing Data Inputs,Beijing: {name},{x_col} (µg/m³),{y_col} (µg/m³),plot+scatter,correlation,Bubble,True,False,True,True,1
research/ftir_hips_chem/Task_Analysis_Notebook.ipynb,research/ftir_hips_chem,False,12,Task 2: Replot Iron Analysis with Absolute Iron Concentration,,,,plot+scatter,correlation,Bubble,True,False,False,True,0
research/ftir_hips_chem/Task_Analysis_Notebook.ipynb,research/ftir_hips_chem,False,15,Task 2: Replot Iron Analysis with Absolute Iron Concentration,Colored by ABSOLUTE Iron,Aethalometer IR BCc (µg/m³),FTIR EC (µg/m³),plot+scatter,correlation,Bubble,True,False,False,True,1
research/ftir_hips_chem/Task_Analysis_Notebook.ipynb,research/ftir_hips_chem,False,16,Task 2: Replot Iron Analysis with Absolute Iron Concentration,Colored by ABSOLUTE Iron,HIPS Fabs / MAC (µg/m³),FTIR EC (µg/m³),plot+scatter,correlation,Bubble,True,False,False,True,1
research/ftir_hips_chem/Task_Analysis_Notebook.ipynb,research/ftir_hips_chem,False,17,Task 2: Replot Iron Analysis with Absolute Iron Concentration,Colored by ABSOLUTE Iron,HIPS Fabs / MAC (µg/m³),FTIR EC (µg/m³),plot+scatter,correlation,Bubble,True,False,False,True,1
research/ftir_hips_chem/Task_Analysis_Notebook.ipynb,research/ftir_hips_chem,False,18,Task 2: Replot Iron Analysis with Absolute Iron Concentration,Colored by ABSOLUTE Iron,Aethalometer IR BCc (µg/m³),HIPS Fabs / MAC (µg/m³),plot+scatter,correlation,Bubble,True,False,False,True,1
research/ftir_hips_chem/Task_Analysis_Notebook.ipynb,research/ftir_hips_chem,False,21,Task 3: Separate Analyses by Concentration Group,{group_name}\n({sites}),,,plot+scatter,correlation,Bubble,True,False,False,True,0
research/ftir_hips_chem/Task_Analysis_Notebook.ipynb,research/ftir_hips_chem,False,25,Site Grouping by Concentration - Colored by Iron/EC Ratio,{group_name}\n({sites}),,,plot+scatter,correlation,Bubble,True,False,False,True,0
research/ftir_hips_chem/Task_Analysis_Notebook.ipynb,research/ftir_hips_chem,False,34,Iron/EC Threshold Analysis with Visualizations - By Concentration Group,LOW Iron/EC (≤{threshold})\nn={len(low_ratio)},Iron/EC Ratio,Residual ({ylabel.split(,plot+scatter,correlation,Scatterplot,True,False,False,False,0
research/ftir_hips_chem/Task_Analysis_Notebook.ipynb,research/ftir_hips_chem,False,44,Task 6: Replot Data Without Exclusions,{comp_name}: INCLUDING Excluded,,,plot+scatter,correlation,Bubble,True,False,True,True,1
research/ftir_hips_chem/Task_Analysis_Notebook.ipynb,research/ftir_hips_chem,False,47,Task 9: JPL Before/After Flow Fix Analysis,JPL: {period_name},Aethalometer IR BCc (µg/m³),FTIR EC (µg/m³),plot+scatter,correlation,Bubble,True,False,False,True,1
research/ftir_hips_chem/addis_01_source_apportionment.ipynb,research/ftir_hips_chem,False,12,Task 2: AAE Distribution Visualization,AAE Distribution with Source Regions{title_suffix},Absorption Ångström Exponent (AAE),Normalized Frequency,hist,distribution,Histogram,False,False,False,False,0
research/ftir_hips_chem/addis_01_source_apportionment.ipynb,research/ftir_hips_chem,False,14,Task 3: MAC Sensitivity Analysis,"UV MAC={uv_mac}, IR MAC={ir_mac}",AAE,Normalized Frequency,hist,distribution,Histogram,False,False,False,False,0
research/ftir_hips_chem/addis_01_source_apportionment.ipynb,research/ftir_hips_chem,False,16,Task 4: Seasonal Source Apportionment,BC Source Contributions by Ethiopian Season,Ethiopian Season,Percentage (%),bar,ranking,Barplot,False,False,False,False,0
research/ftir_hips_chem/addis_01_source_apportionment.ipynb,research/ftir_hips_chem,False,18,Task 5: AAE Time Series,AAE Time Series with Source Thresholds,Date,Absorption Ångström Exponent (AAE),plot,evolution,Timeseries,False,False,False,False,0
research/ftir_hips_chem/addis_01_source_apportionment_daily.ipynb,research/ftir_hips_chem,False,12,Task 2: AAE Distribution Visualization,AAE Distribution with Source Regions{title_suffix},Absorption Ångström Exponent (AAE),Normalized Frequency,hist,distribution,Histogram,False,False,False,False,0
research/ftir_hips_chem/addis_01_source_apportionment_daily.ipynb,research/ftir_hips_chem,False,14,Task 3: MAC Sensitivity Analysis,"UV MAC={uv_mac}, IR MAC={ir_mac}",AAE,Normalized Frequency,hist,distribution,Histogram,False,False,False,False,0
research/ftir_hips_chem/addis_01_source_apportionment_daily.ipynb,research/ftir_hips_chem,False,16,Task 4: Seasonal Source Apportionment,BC Source Contributions by Ethiopian Season,Ethiopian Season,Percentage (%),bar,ranking,Barplot,False,False,False,False,0
research/ftir_hips_chem/addis_01_source_apportionment_daily.ipynb,research/ftir_hips_chem,False,18,Task 5: AAE Time Series,AAE Time Series with Source Thresholds (Daily Data),Date,Absorption Ångström Exponent (AAE),plot,evolution,Timeseries,False,False,False,False,0
research/ftir_hips_chem/addis_02.5_temporal_patterns_filter.ipynb,research/ftir_hips_chem,False,9,Task 1: Monthly Patterns — All Three Methods,Monthly BC/EC Patterns: Aethalometer vs FTIR vs HIPS,Month,Concentration (µg/m³),bar+errorbar+fill_between+plot,evolution,Area chart,False,False,False,False,0
research/ftir_hips_chem/addis_02.5_temporal_patterns_filter.ipynb,research/ftir_hips_chem,False,11,Task 2: Weekly Patterns — Weekday vs Weekend,Day-of-Week Patterns by Method,Day of Week,Concentration (µg/m³),boxplot,distribution,Boxplot,False,False,False,False,0
research/ftir_hips_chem/addis_02.5_temporal_patterns_filter.ipynb,research/ftir_hips_chem,False,13,Task 3: Ethiopian Seasonal Patterns — All Three Methods,Seasonal BC/EC Distributions by Method,Ethiopian Season,Concentration (µg/m³),bar+boxplot,distribution,Boxplot,False,False,False,False,0
research/ftir_hips_chem/addis_02.5_temporal_patterns_filter.ipynb,research/ftir_hips_chem,False,15,Task 4: Time Series Comparison,BC/EC Time Series: Aethalometer vs FTIR vs HIPS,Date,Concentration (µg/m³),plot+scatter,correlation,Scatterplot,True,False,False,False,0
research/ftir_hips_chem/addis_02.5_temporal_patterns_filter.ipynb,research/ftir_hips_chem,False,17,Task 5: Inter-Method Agreement,{ylabel} vs {xlabel},,,plot+scatter,correlation,Scatterplot,True,False,False,False,0
research/ftir_hips_chem/addis_02_temporal_patterns.ipynb,research/ftir_hips_chem,False,9,Task 1: Diurnal Patterns,Average Diurnal Pattern of Black Carbon{title_suffix},Hour of Day,BC Concentration (µg/m³),fill_between+plot,evolution,Area chart,False,False,False,False,0
research/ftir_hips_chem/addis_02_temporal_patterns.ipynb,research/ftir_hips_chem,False,11,Task 2: Weekly Patterns,{season},Day of Week,Hour of Day,heatmap,correlation,Heatmap,False,False,False,True,0
research/ftir_hips_chem/addis_02_temporal_patterns.ipynb,research/ftir_hips_chem,False,13,Task 3: Ethiopian Seasonal Patterns,BC Concentration Distribution by Ethiopian Season,Ethiopian Season,BC Concentration (µg/m³),boxplot+plot,distribution,Boxplot,False,False,False,False,0
research/ftir_hips_chem/addis_02_temporal_patterns.ipynb,research/ftir_hips_chem,False,15,Task 4: Extreme Events Analysis,Extreme Events by Hour,Hour of Day,Number of Extreme Events,bar,ranking,Barplot,False,False,False,False,0
research/ftir_hips_chem/addis_02_temporal_patterns.ipynb,research/ftir_hips_chem,False,17,Task 5: Rate of Change Analysis,Average Hourly Rate of Change,Hour of Day,Avg Rate of Change (µg/m³/min),bar+hist,distribution,Histogram,False,False,False,False,0
research/ftir_hips_chem/addis_02_temporal_patterns_daily.ipynb,research/ftir_hips_chem,False,9,Task 1: Monthly Patterns,Average Monthly Pattern of Black Carbon (Daily Data){title_suffix},Month,BC Concentration (µg/m³),bar+errorbar+fill_between+plot,evolution,Area chart,False,False,False,False,0
research/ftir_hips_chem/addis_02_temporal_patterns_daily.ipynb,research/ftir_hips_chem,False,11,Task 2: Weekly Patterns,{season},Day of Week,BC Concentration (µg/m³),boxplot,distribution,Boxplot,False,False,False,False,0
research/ftir_hips_chem/addis_02_temporal_patterns_daily.ipynb,research/ftir_hips_chem,False,13,Task 3: Ethiopian Seasonal Patterns,Daily BC Distribution by Ethiopian Season,Ethiopian Season,BC Concentration (µg/m³),boxplot+plot,distribution,Boxplot,False,False,False,False,0
research/ftir_hips_chem/addis_02_temporal_patterns_daily.ipynb,research/ftir_hips_chem,False,15,Task 4: Extreme Events Analysis,Extreme Days by Day of Week,Day of Week,Number of Extreme Days,bar,ranking,Barplot,False,False,False,False,0
research/ftir_hips_chem/addis_02_temporal_patterns_daily.ipynb,research/ftir_hips_chem,False,17,Task 5: Day-to-Day Rate of Change Analysis,Average Monthly Rate of Change,Month,Avg Rate of Change (µg/m³/day),bar+hist,distribution,Histogram,False,False,False,False,0
research/ftir_hips_chem/addis_03_meteorology.ipynb,research/ftir_hips_chem,False,9,Task 1: Precipitation Patterns,Monthly Total Precipitation During BC Measurement Period,Month,Total Precipitation (mm),bar+fill_between+plot,evolution,Area chart,False,False,False,False,0
research/ftir_hips_chem/addis_03_meteorology.ipynb,research/ftir_hips_chem,False,11,Task 2: BC-Precipitation Relationship,BC Concentrations by Precipitation Intensity,Precipitation Category,BC Concentration (µg/m³),violinplot,distribution,Violin,False,False,False,False,0
research/ftir_hips_chem/addis_03_meteorology.ipynb,research/ftir_hips_chem,False,13,Task 3: Dynamic Season Definitions,{season},,BC Concentration (µg/m³),boxplot,distribution,Boxplot,False,False,False,False,0
research/ftir_hips_chem/addis_03_meteorology.ipynb,research/ftir_hips_chem,False,15,Task 4: Temperature Correlations,{season},Temperature (°C),BC Concentration (µg/m³),hexbin+plot,correlation,2D Density,True,False,False,True,0
research/ftir_hips_chem/addis_03_meteorology.ipynb,research/ftir_hips_chem,False,17,Task 5: Precipitation Threshold Sensitivity,"Thresholds: {lower}mm, {upper}mm",Season,Mean BC (µg/m³),bar,ranking,Barplot,False,False,False,False,0
research/ftir_hips_chem/addis_03_meteorology_daily.ipynb,research/ftir_hips_chem,False,9,Task 1: Precipitation Patterns,Monthly Total Precipitation During BC Measurement Period,Month,Total Precipitation (mm),bar+fill_between+plot,evolution,Area chart,False,False,False,False,0
research/ftir_hips_chem/addis_03_meteorology_daily.ipynb,research/ftir_hips_chem,False,11,Task 2: BC-Precipitation Relationship,Daily BC by Precipitation Intensity,Daily Precipitation Category,Daily BC Concentration (µg/m³),violinplot,distribution,Violin,False,False,False,False,0
research/ftir_hips_chem/addis_03_meteorology_daily.ipynb,research/ftir_hips_chem,False,13,Task 3: Dynamic Season Definitions,{season},,BC Concentration (µg/m³),boxplot,distribution,Boxplot,False,False,False,False,0
research/ftir_hips_chem/addis_03_meteorology_daily.ipynb,research/ftir_hips_chem,False,15,Task 4: Temperature Correlations,{season},Daily Avg Temperature (°C),Daily BC (µg/m³),plot+scatter,correlation,Bubble,True,False,False,True,0
research/ftir_hips_chem/addis_03_meteorology_daily.ipynb,research/ftir_hips_chem,False,17,Task 5: Precipitation Threshold Sensitivity,"Thresholds: {lower}mm, {upper}mm",Season,Mean Daily BC (µg/m³),bar,ranking,Barplot,False,False,False,False,0
research/ftir_hips_chem/addis_04_aeronet.ipynb,research/ftir_hips_chem,False,9,Task 1: AOD Overview,AERONET AOD Time Series - AAU Jackros ET (Level 2.0),Date,Aerosol Optical Depth,boxplot+plot,distribution,Boxplot,False,False,False,False,0
research/ftir_hips_chem/addis_04_aeronet.ipynb,research/ftir_hips_chem,False,11,Task 2: Surface BC vs Columnar AOD,All Seasons,Daily Mean BC (µg/m³),AOD 500nm,plot+scatter,correlation,Bubble,True,False,False,True,0
research/ftir_hips_chem/addis_04_aeronet.ipynb,research/ftir_hips_chem,False,13,Task 3: Angstrom Exponent Comparison,Surface AAE vs Columnar AE,Columnar AE (440-870nm),Surface AAE (375-880nm),plot+scatter,correlation,Scatterplot,True,False,False,False,0
research/ftir_hips_chem/addis_04_aeronet.ipynb,research/ftir_hips_chem,False,15,Task 4: Fine Mode Fraction vs BC,BC vs Fine Mode Fraction,Daily Mean BC (µg/m³),Fine Mode Fraction (500nm),boxplot+scatter,correlation,Scatterplot,False,False,False,False,0
research/ftir_hips_chem/addis_04_aeronet.ipynb,research/ftir_hips_chem,False,17,Task 5: Precipitable Water vs BC,BC vs Precipitable Water,Precipitable Water (cm),Daily Mean BC (µg/m³),boxplot+plot+scatter,correlation,Connected Scatter,False,False,False,False,0
research/ftir_hips_chem/addis_04_aeronet_daily.ipynb,research/ftir_hips_chem,False,9,Task 1: AOD Overview,AERONET AOD Time Series - AAU Jackros ET (Level 2.0),Date,Aerosol Optical Depth,boxplot+plot,distribution,Boxplot,False,False,False,False,0
research/ftir_hips_chem/addis_04_aeronet_daily.ipynb,research/ftir_hips_chem,False,11,Task 2: Surface BC vs Columnar AOD,All Seasons,Daily Mean BC (µg/m³),AOD 500nm,plot+scatter,correlation,Bubble,True,False,False,True,0
research/ftir_hips_chem/addis_04_aeronet_daily.ipynb,research/ftir_hips_chem,False,13,Task 3: Angstrom Exponent Comparison,Surface AAE vs Columnar AE,Columnar AE (440-870nm),Surface AAE (375-880nm),plot+scatter,correlation,Scatterplot,True,False,False,False,0
research/ftir_hips_chem/addis_04_aeronet_daily.ipynb,research/ftir_hips_chem,False,15,Task 4: Fine Mode Fraction vs BC,BC vs Fine Mode Fraction,Daily Mean BC (µg/m³),Fine Mode Fraction (500nm),boxplot+scatter,correlation,Scatterplot,False,False,False,False,0
research/ftir_hips_chem/addis_04_aeronet_daily.ipynb,research/ftir_hips_chem,False,17,Task 5: Precipitable Water vs BC,BC vs Precipitable Water,Precipitable Water (cm),Daily Mean BC (µg/m³),boxplot+plot+scatter,correlation,Connected Scatter,False,False,False,False,0
research/ftir_hips_chem/addis_05_diurnal_wavelength_analysis.ipynb,research/ftir_hips_chem,False,5,1. Multi-Wavelength Diurnal Overlay,Median Diurnal BC by Wavelength\n(shading = IQR),Hour of Day (local),BC concentration (ug/m3),fill_between+plot,evolution,Area chart,False,False,False,False,0
research/ftir_hips_chem/addis_05_diurnal_wavelength_analysis.ipynb,research/ftir_hips_chem,False,7,2. Normalized Wavelength Ratios (Spectral Shape),Diurnal Spectral Shape\n(Wavelength / IR ratio; >1 = enhanced short-wave absorption),Hour of Day (local),BC wavelength / IR BCc ratio,fill_between+plot,evolution,Area chart,False,False,False,False,0
research/ftir_hips_chem/addis_05_diurnal_wavelength_analysis.ipynb,research/ftir_hips_chem,False,9,3. Absorption Angstrom Exponent (AAE) Diurnal Pattern,AAE Diurnal Pattern\n(higher = more biomass/brown carbon),Hour of Day (local),Absorption Angstrom Exponent,boxplot+fill_between+plot,distribution,Boxplot,False,False,False,False,0
research/ftir_hips_chem/addis_05_diurnal_wavelength_analysis.ipynb,research/ftir_hips_chem,False,11,4. Delta-C Diurnal Pattern,Delta-C Diurnal Pattern\n(positive = biomass burning signal),Hour of Day (local),"Delta-C (UV - IR BCc, ug/m3)",fill_between+plot,evolution,Area chart,False,False,False,False,0
research/ftir_hips_chem/addis_05_diurnal_wavelength_analysis.ipynb,research/ftir_hips_chem,False,13,5. Wavelength Spread Metric,Wavelength Spread (CV) by Hour\n(higher = wavelengths more different),Hour of Day (local),CV across 5 wavelengths,fill_between+plot,evolution,Area chart,False,False,False,False,0
research/ftir_hips_chem/addis_05_diurnal_wavelength_analysis.ipynb,research/ftir_hips_chem,False,15,6. Seasonal Diurnal Multi-Wavelength Patterns,{season},Hour,BC (ug/m3),plot,evolution,Timeseries,False,False,True,False,0
research/ftir_hips_chem/addis_05_diurnal_wavelength_analysis.ipynb,research/ftir_hips_chem,False,17,7. Representative Individual Days,"{day} -- {desc} (CV={daily_cv[day]:.2f}, {season})",Time of Day (local),BC (ug/m3),plot,evolution,Timeseries,False,False,False,False,0
research/ftir_hips_chem/addis_05_diurnal_wavelength_analysis.ipynb,research/ftir_hips_chem,False,19,8. Hour-of-Day Heatmap (Wavelength x Hour),Diurnal Amplification by Wavelength\n(1.0 = daily average),Hour of Day,Ratio to daily median,imshow+plot,correlation,Heatmap,False,False,False,True,0
research/ftir_hips_chem/addis_06_hips_ptfe_operating_envelope.ipynb,research/ftir_hips_chem,False,8,1. Optical Regime Plot,Raw HIPS optical coordinates: samples vs blanks,"HIPS transmittance proxy, t","HIPS reflectance proxy, r",scatter+violinplot,correlation,Scatterplot,False,False,False,False,0
research/ftir_hips_chem/addis_06_hips_ptfe_operating_envelope.ipynb,research/ftir_hips_chem,False,10,2. Mass-Per-Area Operating Envelope,,,,scatter,correlation,Scatterplot,False,False,False,False,0
research/ftir_hips_chem/addis_06_hips_ptfe_operating_envelope.ipynb,research/ftir_hips_chem,False,12,3. Residual Mechanism Screen,Addis residual mechanism screen,Spearman R² with Addis relative HIPS residual,,barh,ranking,Barplot,False,False,False,False,0
research/ftir_hips_chem/addis_06_hips_ptfe_operating_envelope.ipynb,research/ftir_hips_chem,False,14,Addis Residual Cross-Plots,"Addis residuals vs loading, composition, and optical depth",,Relative residual: (HIPS BC - FTIR EC) / FTIR EC,plot+scatter,correlation,Scatterplot,True,False,True,False,0
research/ftir_hips_chem/addis_06_hips_ptfe_operating_envelope.ipynb,research/ftir_hips_chem,False,16,4. Slope vs Intercept Separation,HIPS vs FTIR EC: slope/intercept separation,FTIR EC (ug/m3),HIPS BC = HIPS_Fabs / {MAC_VALUE} (ug/m3),plot+scatter,correlation,Scatterplot,True,False,False,False,0
research/ftir_hips_chem/addis_06_hips_ptfe_operating_envelope.ipynb,research/ftir_hips_chem,False,18,Addis Binned Median Test,Addis HIPS vs FTIR EC by EC-loading bin,FTIR EC (ug/m3),HIPS BC (ug/m3),plot+scatter,correlation,Scatterplot,True,False,False,False,0
research/ftir_hips_chem/addis_06_hips_ptfe_operating_envelope.ipynb,research/ftir_hips_chem,False,22,6. AERONET SSA Sensitivity Hook,Addis HIPS residual vs AERONET SSA,,Relative residual: (HIPS BC - FTIR EC) / FTIR EC,scatter,correlation,Bubble,False,False,False,True,0
research/ftir_hips_chem/addis_ababa_source_analysis.ipynb,research/ftir_hips_chem,False,12,Task 1: Baseline Regression Plots (All Method Pairs),,,,plot+scatter,correlation,Scatterplot,True,False,False,False,0
research/ftir_hips_chem/addis_ababa_source_analysis.ipynb,research/ftir_hips_chem,False,14,Task 2: Source-Separated Regression Plots (All Method Pairs),{y_label} vs {x_label} — By Dominant Source,,,plot+scatter,correlation,Scatterplot,True,False,False,False,0
research/ftir_hips_chem/addis_ababa_source_analysis.ipynb,research/ftir_hips_chem,False,16,Task 3: Threshold-Filtered Regressions (All Method Pairs),All Data,,,plot+scatter,correlation,Scatterplot,True,False,False,False,0
research/ftir_hips_chem/addis_ababa_source_analysis.ipynb,research/ftir_hips_chem,False,18,Stacking Method,Daily Source Contributions — Normalized to 100%,Date,Source Fraction (Normalized),bar+pie+scatter,correlation,Scatterplot,False,False,True,False,0
research/ftir_hips_chem/cross_plots_and_distributions.ipynb,research/ftir_hips_chem,False,5,2. Cross-Plots: FTIR EC vs HIPS BC vs Aeth IR BCc (All Sites),Cross-Plots: All Sites (Outliers Excluded per outliers.py),,,plot+scatter,correlation,Scatterplot,True,False,False,False,0
research/ftir_hips_chem/cross_plots_and_distributions.ipynb,research/ftir_hips_chem,False,7,"3. Distribution Plots: EC, HIPS, and Aeth by Site","{site} — {label}\n(n={len(vals)}, std={vals.std():.2f})",,BC (µg/m³),hist+violinplot,distribution,Violin,False,False,False,False,0
research/ftir_hips_chem/cross_plots_and_distributions.ipynb,research/ftir_hips_chem,False,10,4. AERONET Filtering: Load AOD Data and Apply Sequential Exclusion,Exclude {pct}%{removed},,,plot+scatter,correlation,Scatterplot,True,False,False,False,0
research/ftir_hips_chem/dominant_source_comparison.ipynb,research/ftir_hips_chem,False,12,Compare the Two Methods,Method 1: GF (Fraction) Based,K_F (Concentration) Method,Sample Count,bar+heatmap,correlation,Heatmap,False,False,False,True,0
research/ftir_hips_chem/dominant_source_comparison.ipynb,research/ftir_hips_chem,False,16,Source-Separated Regressions: GF (Fraction) Method — All Method Pairs,,,,plot+scatter,correlation,Scatterplot,True,False,False,False,0
research/ftir_hips_chem/dominant_source_comparison.ipynb,research/ftir_hips_chem,False,17,Source-Separated Regressions: GF (Fraction) Method — All Method Pairs,{y_label} vs {x_label} — By Dominant Source ({method_label} Method),,,plot+scatter,correlation,Scatterplot,True,False,False,False,0
research/ftir_hips_chem/dominant_source_comparison.ipynb,research/ftir_hips_chem,False,22,Side-by-Side Comparison: GF vs K_F for All Method Pairs,{SOURCE_CATEGORIES[source][,,,plot+scatter,correlation,Scatterplot,True,False,True,False,0
research/ftir_hips_chem/dominant_source_threshold_analysis.ipynb,research/ftir_hips_chem,False,10,Threshold Analysis Functions,LOW Dominance (≤{threshold:.0%})\nn={len(low_dom)},Dominance (%),Residual ({ylabel.split(,plot+scatter,correlation,Scatterplot,True,False,False,False,0
research/ftir_hips_chem/dominant_source_threshold_analysis.ipynb,research/ftir_hips_chem,False,12,Dominance Statistics Overview,GF (Fraction) Method\nDominance Distribution,Dominant Source Relative Fraction (%),Count,hist,distribution,Histogram,False,False,False,False,1
research/ftir_hips_chem/dominant_source_threshold_analysis.ipynb,research/ftir_hips_chem,False,18,PART 2: Source-Specific Threshold Analysis,LOW Dominance (≤{threshold:.0%})\nn={len(low_dom)},Dominance (%),Residual,plot+scatter,correlation,Bubble,True,False,False,True,0
research/ftir_hips_chem/dominant_source_threshold_analysis.ipynb,research/ftir_hips_chem,False,26,Comparison Visualization: All Sources at Representative Threshold,{source_label[:12]}\n({method_name}),,,plot+scatter,correlation,Scatterplot,False,False,True,False,3
research/ftir_hips_chem/figure7_source_contributions.ipynb,research/ftir_hips_chem,False,4,Figure 7: Daily Contribution of Sources to OM in Addis Ababa in 2023,Figure 7: Daily contribution of sources to OM in Addis Ababa in 2023.,Date,Factor Fraction,bar,ranking,Barplot,True,False,True,False,0
research/ftir_hips_chem/figure7_source_contributions.ipynb,research/ftir_hips_chem,False,7,Normalized Version (Fractions sum to 1.0),Figure 7: Daily contribution of sources to OM in Addis Ababa in 2023.,Date,Factor Fraction,bar,ranking,Barplot,True,False,True,False,0
research/ftir_hips_chem/figure7_source_contributions.ipynb,research/ftir_hips_chem,False,9,Concentration Version (K_F values in µg/m³),Daily source contributions to OM in Addis Ababa in 2023 (Concentration),Date,Source Concentration (µg/m³),bar,ranking,Barplot,True,False,True,False,0
research/ftir_hips_chem/flow_fix_explorer.ipynb,research/ftir_hips_chem,False,9,Stacked Time Series Plots - All Sites,{site_name}: Time Series Overview\n{date_range},Date,,plot+scatter,correlation,Bubble,False,False,True,True,0
research/ftir_hips_chem/flow_fix_explorer.ipynb,research/ftir_hips_chem,False,12,Rolling Correlation Analysis,{site_name}: Rolling {window_days}-Day Correlation,Date,{label}\nCorrelation (R),fill_between+plot,evolution,Area chart,False,False,True,False,0
research/ftir_hips_chem/flow_fix_explorer.ipynb,research/ftir_hips_chem,False,15,Ratio Time Series (Aeth/FTIR and HIPS/FTIR),{site_name}: Measurement Ratios Over Time,Date,,plot+scatter,correlation,Bubble,False,False,True,True,0
research/ftir_hips_chem/follow_up_analysis.ipynb,research/ftir_hips_chem,False,10,4. Delhi Green Wavelength Outlier Analysis,Delhi Green BCc Time Series,Date,Green BCc (ng/m³),boxplot+hist+scatter,correlation,Scatterplot,False,False,False,False,0
research/ftir_hips_chem/follow_up_analysis.ipynb,research/ftir_hips_chem,False,12,4. Delhi Green Wavelength Outlier Analysis,BEFORE: Delhi Green BCc (All Data),Date,Green BCc (ng/m³),plot+scatter,correlation,Connected Scatter,False,False,False,False,0
research/ftir_hips_chem/follow_up_analysis.ipynb,research/ftir_hips_chem,False,16,5. Delhi Axis Scaling Fix,,,,plot+scatter,correlation,Scatterplot,True,False,False,False,0
research/ftir_hips_chem/follow_up_analysis.ipynb,research/ftir_hips_chem,False,22,6. Iron/EC Ratio Analysis,{site_name}\n(n={len(ratio)}),Iron/EC Ratio,Count,hist,distribution,Histogram,False,False,True,False,1
research/ftir_hips_chem/follow_up_analysis.ipynb,research/ftir_hips_chem,False,23,6. Iron/EC Ratio Analysis,{site_name}: Iron vs FTIR EC,FTIR EC (µg/m³),Iron (µg/m³),plot+scatter,correlation,Scatterplot,True,False,False,False,4
research/ftir_hips_chem/follow_up_analysis.ipynb,research/ftir_hips_chem,False,24,6. Iron/EC Ratio Analysis,LOW Iron/EC Ratio\n(≤{ratio_median:.3f}),Aethalometer IR BCc (µg/m³),FTIR EC (µg/m³),plot+scatter,correlation,Bubble,True,False,False,True,4
research/ftir_hips_chem/follow_up_analysis.ipynb,research/ftir_hips_chem,False,26,6b. Iron vs HIPS Fabs Cross-Plots,{site_name}: Iron vs HIPS Fabs,Iron (µg/m³),HIPS Fabs / MAC (µg/m³),plot+scatter,correlation,Scatterplot,True,False,False,False,0
research/ftir_hips_chem/follow_up_analysis.ipynb,research/ftir_hips_chem,False,28,6c. Iron vs Aethalometer BCc Cross-Plots,{site_name}: Iron vs Aethalometer BCc,Iron (µg/m³),Aethalometer IR BCc (µg/m³),plot+scatter,correlation,Scatterplot,True,False,False,False,0
research/ftir_hips_chem/follow_up_analysis.ipynb,research/ftir_hips_chem,False,39,9. Final Multi-Panel Summary Plot,Mean Iron/EC Ratio by Site\n(error bars = std dev),,Iron/EC Ratio,bar,ranking,Barplot,True,False,False,False,4
research/ftir_hips_chem/ftir_07_current_pls_vip_diagnostics.ipynb,research/ftir_hips_chem,False,5,1. VIP overlap directly tests whether EC relies on the same predictors as OC,Current IMPROVE EC and OC models emphasize many of the same wavenumbers,Wavenumber (cm⁻¹),VIP,fill_between+plot,evolution,Area chart,False,False,True,False,1
research/ftir_hips_chem/ftir_08_hips_transfer_and_vip.ipynb,research/ftir_hips_chem,False,7,1. IMPROVE HIPS model: choose complexity by holding out whole sites,,,,errorbar,ranking,Lollipop,True,False,False,False,1
research/ftir_hips_chem/ftir_08_hips_transfer_and_vip.ipynb,research/ftir_hips_chem,False,10,2. Transfer the IMPROVE HIPS model to Addis and benchmark an Addis-only model,,,,plot+scatter,correlation,Scatterplot,True,False,False,False,1
research/ftir_hips_chem/ftir_08_hips_transfer_and_vip.ipynb,research/ftir_hips_chem,False,12,3. Compare the two HIPS models' VIP profiles,,,,plot,evolution,Timeseries,False,False,False,False,1
research/ftir_hips_chem/ftir_09_improve_analog_selection.ipynb,research/ftir_hips_chem,False,16,5. Identify the HIPS-relevant spectral gaps and the full-pool samples that carry them,,,,hist+plot+scatter,correlation,Scatterplot,False,False,False,False,1
research/ftir_hips_chem/ftir_10_ec_calibration_cohort_comparison.ipynb,research/ftir_hips_chem,False,17,8. Separate Addis spectra and calibration behavior by Ethiopian season,,,,fill_between+plot,evolution,Area chart,True,False,False,False,1
research/ftir_hips_chem/ftir_10_ec_calibration_cohort_comparison.ipynb,research/ftir_hips_chem,False,19,9. Visualize spectral cohort mismatch and component-selection sensitivity,,,,plot+scatter,correlation,Scatterplot,False,False,False,False,1
research/ftir_hips_chem/ftir_10_ec_calibration_cohort_comparison.ipynb,research/ftir_hips_chem,False,21,"10. Put HIPS on x and FTIR EC on y, with slope and intercept on every panel",Calibration comparison on one fixed Addis cohort,"HIPS EC-equivalent, MAC=10 (µg/m³)",FTIR EC (µg/m³),plot+scatter,correlation,Scatterplot,True,False,True,False,1
research/ftir_hips_chem/hips_offset_narrative.ipynb,research/ftir_hips_chem,False,4,1. Rebuild the canonical HIPS-vs-FTIR baseline from source data,{site}\n{title},FTIR EC (µg/m³),HIPS BC (µg/m³),plot+scatter,correlation,Scatterplot,False,False,True,False,1
research/ftir_hips_chem/hips_offset_narrative.ipynb,research/ftir_hips_chem,False,7,2. Audit the field blanks directly from the raw HIPS export,Blank zero-condition check: t + r,,t + r,boxplot,distribution,Boxplot,False,False,False,True,1
research/ftir_hips_chem/hips_offset_narrative.ipynb,research/ftir_hips_chem,False,10,3. Quantify the Addis loaded-sample optical floor,Addis HIPS tau vs FTIR EC,FTIR EC (µg/m³),HIPS tau,plot+scatter,correlation,Scatterplot,True,False,False,False,1
research/ftir_hips_chem/hips_offset_narrative.ipynb,research/ftir_hips_chem,False,13,4. Compare raw T/R geometry across blanks and loaded samples,{site}\n{filter_type},Raw R1,Raw T1,scatter,correlation,Scatterplot,True,False,True,False,1
research/ftir_hips_chem/hips_offset_narrative.ipynb,research/ftir_hips_chem,False,19,"5. Check batch boundaries, shipment boundaries, and sparse filter comments",Addis filtered sample tau by FTIR batch,FTIRBatchId,HIPS tau,boxplot,distribution,Boxplot,False,False,False,False,1
research/ftir_hips_chem/hips_offset_narrative.ipynb,research/ftir_hips_chem,False,21,Interpretation,Transmittance relative to blank baseline,T1 sample / T1 blank mean,Filter count,hist,distribution,Histogram,False,False,False,False,1
research/ftir_hips_chem/hips_offset_narrative.ipynb,research/ftir_hips_chem,False,23,Interpretation,τ vs PM2.5 mass (Addis)\nLoading drives optical depth  R²=0.75,PM2.5 gravimetric mass (µg/m³),HIPS τ_abs,bar+plot+scatter,correlation,Scatterplot,True,False,False,False,1
research/ftir_hips_chem/hips_offset_narrative.ipynb,research/ftir_hips_chem,False,35,Why this produces BOTH symptoms simultaneously,White-style raw HIPS calibration space\nStored blank-regression lines: T = a0 + a1 R,Raw HIPS sphere signal R1,Raw HIPS plate signal T1,plot+scatter,correlation,Scatterplot,True,False,True,False,2
research/ftir_hips_chem/improve_high_fabs_comparison.ipynb,research/ftir_hips_chem,False,20,Figures,IMPROVE samples comparable to ETAD by EC surface loading,IMPROVE ECf (ug/m3),IMPROVE fAbs (Mm^-1),hexbin+hist+plot+scatter,correlation,2D Density,True,True,False,True,3
research/ftir_hips_chem/improve_high_fabs_comparison.ipynb,research/ftir_hips_chem,False,21,Figures,EC surface loading comparison,,EC loading (ug/cm2),boxplot,distribution,Boxplot,False,False,False,False,1
research/ftir_hips_chem/multisite_diurnal_wavelength_analysis.ipynb,research/ftir_hips_chem,False,3,1. Data Loading & Helper Functions,{site_name} — Absolute BC,Hour of Day,BC (µg/m³),fill_between+plot,evolution,Area chart,False,False,False,False,0
research/ftir_hips_chem/multisite_diurnal_wavelength_analysis.ipynb,research/ftir_hips_chem,False,16,7. Seasonal Breakdown — Diurnal Wavelength by Season (Per Site),"{season}\n(n={n_pts:,})",Hour,BC (µg/m³),plot,evolution,Timeseries,False,False,True,False,0
research/ftir_hips_chem/multisite_diurnal_wavelength_analysis.ipynb,research/ftir_hips_chem,False,17,7. Seasonal Breakdown — Diurnal Wavelength by Season (Per Site),{site} — {title},Hour of Day,AAE,plot,evolution,Timeseries,False,False,False,False,0
research/ftir_hips_chem/multisite_diurnal_wavelength_analysis.ipynb,research/ftir_hips_chem,False,19,8. Cross-Site Comparison — Key Diagnostic,UV/IR Ratio — All Sites,Hour of Day,UV/IR Ratio,plot,evolution,Timeseries,False,False,False,False,0
research/ftir_hips_chem/multisite_diurnal_wavelength_analysis.ipynb,research/ftir_hips_chem,False,20,8. Cross-Site Comparison — Key Diagnostic,Green/IR Ratio — All Sites\n(Addis shows offset green; do other sites?),Hour of Day,Green/IR Ratio,plot,evolution,Timeseries,False,False,False,False,0
research/ftir_hips_chem/multisite_diurnal_wavelength_analysis.ipynb,research/ftir_hips_chem,False,22,9. Representative Day Fingerprints,{site} — {label}\n{day},Hour,BC (µg/m³),plot,evolution,Timeseries,False,False,False,False,0
research/ftir_hips_chem/multisite_diurnal_wavelength_analysis.ipynb,research/ftir_hips_chem,False,24,10. Wavelength × Hour Heatmaps & Summary Table,{site},Hour of Day,,imshow,correlation,Heatmap,False,False,True,True,0
research/ftir_hips_chem/notebooks/archive/scratch/Example.ipynb,research/ftir_hips_chem,True,10,5. Time Series Plot 1: FTIR EC Concentration,,Sample Date,{param_name} ({data[,fill_between+plot,evolution,Area chart,False,False,False,False,1
research/ftir_hips_chem/notebooks/archive/scratch/Example.ipynb,research/ftir_hips_chem,True,16,8. Combined Overview Plot,{SITE_CODE} Site - Multi-Parameter Time Series Overview,Sample Date,{param_name}\\n({data[,plot,evolution,Timeseries,False,False,False,False,1
research/ftir_hips_chem/notebooks/archive/scratch/Multi_Site_Analysis_copy.ipynb,research/ftir_hips_chem,True,9,1. Time Series: Black Carbon Concentrations,,Date,{wavelength} BC (ng/m³),plot,evolution,Timeseries,False,False,False,False,5
research/ftir_hips_chem/notebooks/archive/scratch/Multi_Site_Analysis_copy.ipynb,research/ftir_hips_chem,True,11,2. Multi-Wavelength BC Comparison,,Date,BC (ng/m³),plot,evolution,Timeseries,False,False,False,False,5
research/ftir_hips_chem/notebooks/archive/scratch/Multi_Site_Analysis_copy.ipynb,research/ftir_hips_chem,True,13,3. BC Distribution (Box Plots),IR BC Distribution - All Sites,,IR BC (ng/m³),boxplot,distribution,Boxplot,False,False,False,False,5
research/ftir_hips_chem/notebooks/archive/scratch/Multi_Site_Analysis_copy.ipynb,research/ftir_hips_chem,True,15,4. Data Completeness Analysis,,Date,Data Completeness (%),plot+scatter,correlation,Connected Scatter,False,False,False,False,5
research/ftir_hips_chem/notebooks/archive/scratch/Multi_Site_Analysis_copy.ipynb,research/ftir_hips_chem,True,17,5. Filter vs Aethalometer Comparison,Aethalometer BC vs Filter EC - All Sites,Date,Concentration (ng/m³),plot,evolution,Timeseries,False,False,False,False,5
research/ftir_hips_chem/notebooks/archive/scratch/Multi_Site_Analysis_copy.ipynb,research/ftir_hips_chem,True,19,6. Scatter: Aethalometer vs Filter EC Correlation,Aethalometer BC vs Filter EC - All Sites (EC ≥ 0.5 µg/m³),Aethalometer IR BC (ng/m³),Filter EC (ng/m³),plot+scatter,correlation,Scatterplot,True,False,False,False,5
research/ftir_hips_chem/notebooks/archive/scratch/Multi_Site_Analysis_copy.ipynb,research/ftir_hips_chem,True,21,7. Summary Statistics Table,Flow1 and Flow2 Over Time - All Sites,Date,Flow (mL/min),plot,evolution,Timeseries,False,False,True,False,5
research/ftir_hips_chem/notebooks/archive/scratch/Multi_Site_Analysis_copy.ipynb,research/ftir_hips_chem,True,23,8. Flow Ratio Analysis (Flow1/Flow2),,,,plot+scatter,correlation,Scatterplot,True,False,False,False,0
research/ftir_hips_chem/notebooks/archive/scratch/Multi_Site_Analysis_copy.ipynb,research/ftir_hips_chem,True,28,Outlier Handling,{site_name}: {comp[,,,plot+scatter,correlation,Scatterplot,True,False,False,False,0
research/ftir_hips_chem/notebooks/archive/scratch/Multi_Site_Analysis_copy.ipynb,research/ftir_hips_chem,True,31,8. Flow Ratio Analysis (Flow1/Flow2),{period.replace(,Aethalometer IR BC (ng/m³),FTIR EC (ng/m³),plot+scatter,correlation,Scatterplot,True,False,False,False,14
research/ftir_hips_chem/notebooks/archive/scratch/Multi_Site_Analysis_copy.ipynb,research/ftir_hips_chem,True,32,8. Flow Ratio Analysis (Flow1/Flow2),Before: All Data,Aethalometer IR BC (ng/m³),FTIR EC (ng/m³),plot+scatter,correlation,Scatterplot,True,False,False,False,6
research/ftir_hips_chem/notebooks/archive/scratch/Multi_Site_Analysis_copy.ipynb,research/ftir_hips_chem,True,35,8. Flow Ratio Analysis (Flow1/Flow2),"{site_name}: All Data\n
(Red X = Excluded by Registry)",Aethalometer BC (ng/m³),FTIR EC (ng/m³),plot+scatter,correlation,Bubble,True,False,False,True,0
research/ftir_hips_chem/notebooks/archive/scratch/Multi_Site_Analysis_copy.ipynb,research/ftir_hips_chem,True,37,8. Flow Ratio Analysis (Flow1/Flow2),Threshold: ≤{threshold}% Smooth-Raw Difference,Aethalometer BC (ng/m³),FTIR EC (ng/m³),fill_between+hist+plot+scatter,correlation,Bubble,True,False,True,True,12
research/ftir_hips_chem/notebooks/archive/scratch/Test_1.ipynb,research/ftir_hips_chem,True,9,1. Time Series: Black Carbon Concentrations,,Date,{wavelength} BC (ng/m³),plot,evolution,Timeseries,False,False,False,False,0
research/ftir_hips_chem/notebooks/archive/scratch/Test_1.ipynb,research/ftir_hips_chem,True,11,2. Multi-Wavelength BC Comparison,,Date,BC (ng/m³),plot,evolution,Timeseries,False,False,False,False,0
research/ftir_hips_chem/notebooks/archive/scratch/Test_1.ipynb,research/ftir_hips_chem,True,13,3. BC Distribution (Box Plots),IR BC Distribution - All Sites,,IR BC (ng/m³),boxplot,distribution,Boxplot,False,False,False,False,0
research/ftir_hips_chem/notebooks/archive/scratch/Test_1.ipynb,research/ftir_hips_chem,True,15,4. Data Completeness Analysis,,Date,Data Completeness (%),plot+scatter,correlation,Connected Scatter,False,False,False,False,0
research/ftir_hips_chem/notebooks/archive/scratch/Test_1.ipynb,research/ftir_hips_chem,True,17,5. Filter vs Aethalometer Comparison,Aethalometer BC vs Filter EC - All Sites,Date,Concentration (ng/m³),plot,evolution,Timeseries,False,False,False,False,0
research/ftir_hips_chem/notebooks/archive/scratch/Test_1.ipynb,research/ftir_hips_chem,True,19,6. Scatter: Aethalometer vs Filter EC Correlation,Aethalometer BC vs Filter EC - All Sites (EC ≥ 0.5 µg/m³),Aethalometer IR BC (ng/m³),Filter EC (ng/m³),plot+scatter,correlation,Scatterplot,True,False,False,False,0
research/ftir_hips_chem/notebooks/archive/scratch/Test_1.ipynb,research/ftir_hips_chem,True,23,8. Flow 1 vs Flow 2 Analysis,,Date,BC (ng/m³),plot,evolution,Timeseries,False,False,False,False,0
research/ftir_hips_chem/notebooks/archive/scratch/Test_1.ipynb,research/ftir_hips_chem,True,24,8. Flow 1 vs Flow 2 Analysis,Spot 1/Spot 2 BC Ratio Over Time - All Sites,Date,Spot 1 / Spot 2 BC Ratio,plot,evolution,Timeseries,False,False,False,False,0
research/ftir_hips_chem/notebooks/archive/scratch/Test_1.ipynb,research/ftir_hips_chem,True,25,8. Flow 1 vs Flow 2 Analysis,Spot 1/Spot 2 BC Ratio Over Time - {site_name},Date,Spot 1 / Spot 2 Ratio,plot,evolution,Timeseries,False,False,False,False,0
research/ftir_hips_chem/notebooks/archive/scratch/Test_1.ipynb,research/ftir_hips_chem,True,27,9. Custom Visualization Area,Flow 1/Flow 2 Ratio Over Time - {site_name},Date,Flow 1 / Flow 2 Ratio,plot,evolution,Timeseries,False,False,False,False,0
research/ftir_hips_chem/notebooks/archive/scratch/Test_1.ipynb,research/ftir_hips_chem,True,28,9. Custom Visualization Area,,Date,BC (ng/m³),plot,evolution,Timeseries,False,False,False,False,0
research/ftir_hips_chem/notebooks/archive/scratch/Test_1.ipynb,research/ftir_hips_chem,True,29,9. Custom Visualization Area,Temperature vs BC - {site_name},Temperature (°C),IR BC (ng/m³),scatter,correlation,Bubble,False,False,False,True,0
research/ftir_hips_chem/primary_tasks_notebook.ipynb,research/ftir_hips_chem,False,11,Task 1: Iron/EC Ratio - Combined Site Analysis,Distribution of Iron/EC Ratio - All Sites,Iron/EC Ratio,Count,hist+plot,distribution,Histogram,False,False,False,False,1
research/ftir_hips_chem/primary_tasks_notebook.ipynb,research/ftir_hips_chem,False,13,"1.1 Combined Plot: Aethalometer vs FTIR EC, Colored by Iron/EC Ratio",,,,plot+scatter,correlation,Bubble,True,False,False,True,0
research/ftir_hips_chem/primary_tasks_notebook.ipynb,research/ftir_hips_chem,False,16,"1.2 Threshold Analysis: Test Iron/EC Ratio Cutoffs (50, 100, 200)",LOW Iron/EC (≤{threshold})\nn={len(low_ratio)},Iron/EC Ratio,Residual ({ylabel.split(,plot+scatter,correlation,Scatterplot,True,False,False,False,0
research/ftir_hips_chem/primary_tasks_notebook.ipynb,research/ftir_hips_chem,False,21,1.3 Combined Filter: Iron/EC > 200 AND Aeth BC > 7.5 µg/m³,LOW Iron/EC (≤{threshold})\nn={len(low_ratio)},Aethalometer IR BCc (µg/m³),FTIR EC (µg/m³),plot+scatter,correlation,Scatterplot,True,False,False,False,2
research/ftir_hips_chem/primary_tasks_notebook.ipynb,research/ftir_hips_chem,False,23,1.4 Iron/EC Ratio Coloring (Continuous Gradient),LOW Iron/EC (≤{threshold})\nn={len(low_ratio)},Aethalometer IR BCc (µg/m³),FTIR EC (µg/m³),plot+scatter,correlation,Bubble,True,False,False,True,2
research/ftir_hips_chem/primary_tasks_notebook.ipynb,research/ftir_hips_chem,False,24,1.4 Iron/EC Ratio Coloring (Continuous Gradient),{site_name},Aethalometer IR BCc (µg/m³),FTIR EC (µg/m³),plot+scatter,correlation,Bubble,True,False,True,True,1
research/ftir_hips_chem/primary_tasks_notebook.ipynb,research/ftir_hips_chem,False,32,Data Availability Summary,{site_name}: {label},,,plot+scatter,correlation,Bubble,True,False,False,True,0
research/ftir_hips_chem/primary_tasks_notebook.ipynb,research/ftir_hips_chem,False,40,Task 4: Summary Tables,Summary: All Comparisons - All Sites,,,plot+scatter,correlation,Bubble,True,False,False,True,1
research/ftir_hips_chem/results_summary.ipynb,research/ftir_hips_chem,False,1,Results Summary — Presentation Figures,,,,imshow,correlation,Heatmap,False,False,False,False,0
research/ftir_hips_chem/smoothing_comparison.ipynb,research/ftir_hips_chem,False,5,2. Time Series Comparison: Raw vs Instrument-Smoothed vs Rolling Median,{site_name} — {wl} BCc ({WAVELENGTHS[wl][,Time,BC (µg/m³),plot,evolution,Timeseries,False,False,False,False,0
research/ftir_hips_chem/smoothing_comparison.ipynb,research/ftir_hips_chem,False,9,4. Scatter Plots: Rolling Median (best window) vs Instrument-Smoothed,{site} — {wl}\nr={row[,Instrument smoothed (µg/m³),{w}-min rolling median (µg/m³),plot+scatter,correlation,Scatterplot,True,False,False,False,0
research/ftir_hips_chem/smoothing_comparison.ipynb,research/ftir_hips_chem,False,11,5. Impact on Diurnal Results: Raw vs Instrument-Smoothed vs Rolling Median,{site} — {wl} BCc ({WAVELENGTHS[wl][,Hour of Day,BC (µg/m³),fill_between+plot,evolution,Area chart,False,False,False,False,0
research/ftir_hips_chem/smoothing_comparison.ipynb,research/ftir_hips_chem,False,13,6. Noise Reduction: IQR Width Comparison,{site} — {wl} IQR Width,Hour of Day,IQR (µg/m³),plot,evolution,Timeseries,False,False,False,False,0
research/ftir_hips_chem/source_apportionment_regression.ipynb,research/ftir_hips_chem,False,8,Task 1: Primary Regression Plots (HIPS vs EC),,,,plot+scatter,correlation,Scatterplot,True,False,False,False,0
research/ftir_hips_chem/source_apportionment_regression.ipynb,research/ftir_hips_chem,False,10,Task 2: Source-Separated Regression Plots,{y_label} vs {x_label} — By Dominant Source,,,plot+scatter,correlation,Scatterplot,True,False,False,False,0
research/ftir_hips_chem/source_apportionment_regression.ipynb,research/ftir_hips_chem,False,12,Task 3: Threshold-Filtered Regressions,All Data,,,plot+scatter,correlation,Scatterplot,True,False,False,False,0
research/ftir_hips_chem/source_apportionment_regression.ipynb,research/ftir_hips_chem,False,16,Task 5: Source Contribution Bar Charts,Daily Source Contributions (OM Fraction),Date,Source Fraction,bar+pie+scatter,correlation,Scatterplot,False,False,True,False,0
research/ftir_hips_chem/threshold_by_source_analysis.ipynb,research/ftir_hips_chem,False,11,Core Plotting Function,{thresh_label}\n({method_name}),,,plot+scatter,correlation,Scatterplot,True,False,True,False,0
research/ftir_hips_chem/threshold_by_source_analysis.ipynb,research/ftir_hips_chem,False,21,R² Trend Visualization,"R\u00b2 vs Dominance Threshold — By Source & Method\n(solid = GF, dashed = K_F)",Dominance Threshold,R\u00b2,plot,evolution,Line chart,False,False,False,False,0
research/ftir_hips_chem/warren_meeting_slides.ipynb,research/ftir_hips_chem,False,8,Fabs (1/Mm) vs FTIR EC concentration (µg/m³),{SITE_LABELS[site]},EC concentration (µg/m³),HIPS Fabs (1/Mm),plot+scatter,correlation,Scatterplot,True,False,True,False,1
research/ftir_hips_chem/warren_meeting_slides.ipynb,research/ftir_hips_chem,False,10,Fabs (1/Mm) vs FTIR EC mass on filter (µg),{SITE_LABELS[site]},FTIR EC mass on filter (µg),HIPS Fabs (1/Mm),plot+scatter,correlation,Scatterplot,True,False,True,False,1
research/ftir_hips_chem/warren_meeting_slides.ipynb,research/ftir_hips_chem,False,12,Fabs (1/Mm) vs Aethalometer IR BCc (µg/m³),{SITE_LABELS[site]},Aethalometer IR BCc (µg/m³),HIPS Fabs (1/Mm),plot+scatter,correlation,Scatterplot,True,False,True,False,1
research/ftir_hips_chem/warren_meeting_slides.ipynb,research/ftir_hips_chem,False,14,FTIR EC vs Aethalometer IR BCc (µg/m³),{SITE_LABELS[site]},Aethalometer IR BCc (µg/m³),FTIR EC concentration (µg/m³),plot+scatter,correlation,Scatterplot,True,False,True,False,0
research/ftir_hips_chem/warren_meeting_slides.ipynb,research/ftir_hips_chem,False,16,FTIR EC vs Aethalometer IR BCc - colored by Fe/EC ratio,{SITE_LABELS[site]},Aethalometer IR BCc (µg/m³),FTIR EC concentration (µg/m³),plot+scatter,correlation,Bubble,True,False,True,True,0
research/ftir_hips_chem/warren_meeting_slides.ipynb,research/ftir_hips_chem,False,18,Slide 6 - Iron (Fe and Fe/EC ranges),Fe vs Fabs,Fe (µg/m³),HIPS Fabs (1/Mm),scatter,correlation,Scatterplot,False,False,False,False,1
research/ftir_hips_chem/warren_meeting_slides.ipynb,research/ftir_hips_chem,False,19,Slide 6 - Iron (Fe and Fe/EC ranges),Fe/EC ratio by site,,Fe / EC,boxplot,distribution,Boxplot,False,False,False,False,1
research/ftir_hips_chem/warren_meeting_slides.ipynb,research/ftir_hips_chem,False,21,Slide 7 - Seasonality + checklist,Seasonality of HIPS Fabs by site,,HIPS Fabs (1/Mm),boxplot,distribution,Boxplot,False,False,False,False,1
research/ftir_hips_chem/warren_meeting_slides.ipynb,research/ftir_hips_chem,False,23,Slide 8 - Four SPARTAN sites overlaid on IMPROVE background (EC mass on filter),Four SPARTAN sites vs IMPROVE - EC mass on filter,EC mass on filter (µg),HIPS Fabs (1/Mm),scatter,correlation,Scatterplot,False,False,False,False,1
research/ftir_hips_chem/warren_meeting_slides.ipynb,research/ftir_hips_chem,False,25,"Slide 9 - Four separate plots, 5-95 percentile shading on both axes",Per-site view with 5-95 percentile shading on both axes,EC mass on filter (µg),HIPS Fabs (1/Mm),scatter,correlation,Scatterplot,False,False,True,False,1
research/ftir_hips_chem/warren_meeting_slides.ipynb,research/ftir_hips_chem,False,28,Slide 10 - SPARTAN HIPS in White-style calibration space,White-style raw HIPS calibration space\nT = a0 + a1·R,Raw HIPS sphere signal R1,Raw HIPS plate signal T1,plot+scatter,correlation,Scatterplot,False,False,False,False,1
research/ftir_hips_chem/warren_meeting_slides.ipynb,research/ftir_hips_chem,False,29,Slide 10 - SPARTAN HIPS in White-style calibration space,Scaled HIPS coordinates — blanks sit on t + r = 1; loaded filters fall below,Scaled sphere signal r,Scaled plate signal t,plot+scatter,correlation,Scatterplot,False,False,False,False,1
research/ftir_hips_chem/warren_meeting_slides.ipynb,research/ftir_hips_chem,False,30,Slide 10 - SPARTAN HIPS in White-style calibration space,Per site: where each filter sits relative to its row/lot calibration line,Raw HIPS sphere signal R1,Raw HIPS plate signal T1,plot+scatter,correlation,Scatterplot,False,False,True,False,1
research/ftir_hips_chem/warren_meeting_slides.ipynb,research/ftir_hips_chem,False,31,Slide 10 - SPARTAN HIPS in White-style calibration space,All four sites on shared axes — Addis sits at lower T than the others,Raw HIPS sphere signal R1,Raw HIPS plate signal T1,plot+scatter,correlation,Scatterplot,False,False,False,False,1
research/improve_hips_offset/anne_spartan_improve_ec_mass_fabs.ipynb,research/improve_hips_offset,False,8,3. Build-up plot: all IMPROVE plus the four SPARTAN sites,EC mass on filter vs FABS: SPARTAN sites against the full IMPROVE network,EC mass on filter (ug),FABS / HIPS fAbs (Mm$^{-1}$),plot+scatter,correlation,Scatterplot,True,False,False,False,1
research/improve_hips_offset/anne_spartan_improve_ec_mass_fabs.ipynb,research/improve_hips_offset,False,10,4. Per-site overlap panels with 5th-95th percentile bands,SPARTAN site ranges in full IMPROVE EC-mass/FABS space,EC mass on filter (ug),FABS / HIPS fAbs (Mm$^{-1}$),scatter,correlation,Scatterplot,False,False,True,False,1
research/improve_hips_offset/anne_spartan_improve_ec_mass_fabs.ipynb,research/improve_hips_offset,False,12,5. Site-specific fits: does JPL/Pasadena land on the IMPROVE line?,Origin-fit slopes in EC-mass/FABS space,EC mass on filter (ug),FABS / HIPS fAbs (Mm$^{-1}$),plot+scatter,correlation,Scatterplot,True,False,False,False,1
research/improve_hips_offset/anne_spartan_improve_ec_mass_fabs.ipynb,research/improve_hips_offset,False,15,7. SPARTAN-only R/T diagnostic plots,SPARTAN R/T space: samples vs field blanks,HIPS R1,HIPS T1,scatter,correlation,Scatterplot,False,False,True,False,1
research/improve_hips_offset/etad_vs_improve_ec_matched_comparisons.ipynb,research/improve_hips_offset,False,9,3. Distribution Comparisons,ETAD vs IMPROVE rows matched on EC mass estimate or EC concentration,,Density,hist,distribution,Histogram,False,False,True,False,1
research/improve_hips_offset/etad_vs_improve_ec_matched_comparisons.ipynb,research/improve_hips_offset,False,11,4. fAbs vs EC: Do EC-Matched IMPROVE Rows Follow ETAD?,fAbs vs {xlabel},,fAbs (Mm-1),scatter,correlation,Scatterplot,False,False,False,False,1
research/improve_hips_offset/etad_vs_improve_ec_matched_comparisons.ipynb,research/improve_hips_offset,False,13,5. Regression and MAC-Style Slopes,MAC-style origin slopes: ETAD vs EC-matched IMPROVE rows,Origin slope fAbs / EC concentration,,barh,ranking,Barplot,True,False,False,False,1
research/improve_hips_offset/etad_vs_improve_ec_matched_comparisons.ipynb,research/improve_hips_offset,False,15,6. Which IMPROVE Sites Contribute the EC-Matched Rows?,Top IMPROVE sites contributing EC-matched rows,Rows,,barh,ranking,Barplot,False,False,False,False,1
research/improve_hips_offset/etad_vs_improve_ec_matched_comparisons.ipynb,research/improve_hips_offset,False,17,7. Date Context,Year distribution for IMPROVE EC-matched rows,Year,Rows,bar,ranking,Barplot,False,False,False,False,1
research/improve_hips_offset/improve_addis_analog_audit.ipynb,research/improve_hips_offset,False,5,1. Rebuild the Addis/ETAD reference regime from SPARTAN source data,SPARTAN reference: HIPS BC vs FTIR EC,FTIR EC (ug/m3),HIPS BC = HIPS_Fabs / MAC (ug/m3),plot+scatter,correlation,Scatterplot,True,False,False,False,0
research/improve_hips_offset/improve_addis_analog_audit.ipynb,research/improve_hips_offset,False,15,4. Addis/ETAD comparability in IMPROVE,IMPROVE analog-group sizes,Rows (log scale),IMPROVE fAbs (Mm-1),hexbin+plot+scatter,correlation,2D Density,False,True,False,True,0
research/improve_hips_offset/improve_addis_analog_audit.ipynb,research/improve_hips_offset,False,19,5. Smoke/event screen,Smoke-like candidates by context,Score >= 8 rows,Rows,bar+barh+imshow,correlation,Heatmap,False,False,False,True,0
research/improve_hips_offset/improve_addis_analog_audit.ipynb,research/improve_hips_offset,False,23,6. RT optical-regime and saturation audit,RT geometry proxy,RefM_635,TransM_635,boxplot+hexbin+scatter,correlation,2D Density,False,True,False,True,0
research/improve_hips_offset/improve_addis_analog_audit.ipynb,research/improve_hips_offset,False,26,7. Regression sensitivity: does IMPROVE show an Addis-like floor?,IMPROVE regression sensitivity,,fAbs per EC slope / MAC proxy,plot,evolution,Timeseries,True,False,False,False,0
research/improve_hips_offset/improve_fed_rt_proxy_figure2.ipynb,research/improve_hips_offset,False,8,Figure-2-Style IMPROVE FED RT Proxy Plots,IMPROVE FED {pair_label} RT proxy: Figure-2-style view\nnot raw registered HIPS R/T,{rcol} (FED ratio),{tcol} (FED ratio),scatter,correlation,Bubble,False,False,False,True,0
research/improve_hips_offset/improve_fed_rt_proxy_figure2.ipynb,research/improve_hips_offset,False,12,SPARTAN Raw R/T Analog,SPARTAN raw R/T analog to Warren Figure 2,SPARTAN HIPS_R1,SPARTAN HIPS_T1,plot+scatter,correlation,Scatterplot,True,False,True,False,0
research/improve_hips_offset/improve_first_order_loading_range_analysis.ipynb,research/improve_hips_offset,False,8,Stable-Period Baseline Before Screening,IMPROVE FED availability by year,Year,Rows,bar,ranking,Barplot,False,False,False,False,0
research/improve_hips_offset/improve_first_order_loading_range_analysis.ipynb,research/improve_hips_offset,False,9,Stable-Period Baseline Before Screening,Post-2003 IMPROVE baseline distributions before ETAD screening,,Rows (log),hist,distribution,Histogram,False,True,False,False,0
research/improve_hips_offset/improve_first_order_loading_range_analysis.ipynb,research/improve_hips_offset,False,12,Sequential ETAD/Addis Comparability Screens,Sequential IMPROVE screens toward ETAD/Addis-comparable filters,Retained rows (log scale),,barh,ranking,Barplot,False,True,False,False,0
research/improve_hips_offset/improve_first_order_loading_range_analysis.ipynb,research/improve_hips_offset,False,15,Where Are the Comparable Filters?,fAbs vs EC mass loading,EC mass on filter (ug),fAbs (Mm$^{-1}$),scatter,correlation,Scatterplot,False,False,False,False,0
research/improve_hips_offset/improve_first_order_loading_range_analysis.ipynb,research/improve_hips_offset,False,18,fAbs vs EC Behavior in Bounded Groups,{title}\nn={fit[,ECf (ug/m3),fAbs (Mm$^{-1}$),plot+scatter,correlation,Scatterplot,True,False,False,False,0
research/improve_hips_offset/improve_first_order_loading_range_analysis.ipynb,research/improve_hips_offset,False,19,fAbs vs EC Behavior in Bounded Groups,Bounded-group fAbs vs EC fits,,,barh,ranking,Barplot,True,False,False,False,0
research/improve_hips_offset/improve_first_order_loading_range_analysis.ipynb,research/improve_hips_offset,False,22,RT and Blank-Line Caveats,"FED RT proxy space, not a blank-line recalculation",Initial Trans/Ref proxy,Minimum Trans/Ref proxy,scatter,correlation,Bubble,False,False,False,True,0
research/improve_hips_offset/improve_hips_offset_narrative.ipynb,research/improve_hips_offset,False,12,4. Characteristic-based smoke / wildfire-likely screen,Characteristic screen: smoke-like IMPROVE candidates with lowered fAbs threshold (zoomed view),IMPROVE ECf (ug/m3),IMPROVE fAbs (Mm^-1),hexbin+plot+scatter,correlation,2D Density,False,False,False,True,1
research/improve_hips_offset/improve_hips_offset_narrative.ipynb,research/improve_hips_offset,False,15,5. fAbs threshold sweep and interactive slider,fAbs threshold sweep with {SWEEP_MOVING_AVG_WINDOW}-point moving average,fAbs cutoff: keep rows with fAbs >= threshold (Mm^-1),,plot,evolution,Line chart,True,False,True,False,1
research/improve_hips_offset/improve_hips_offset_narrative.ipynb,research/improve_hips_offset,False,16,5. fAbs threshold sweep and interactive slider,{screen_label}\nfAbs >= {threshold:g},IMPROVE ECf (ug/m3),IMPROVE fAbs (Mm^-1),hexbin+plot+scatter,correlation,2D Density,True,False,True,True,2
research/improve_hips_offset/improve_hips_offset_narrative.ipynb,research/improve_hips_offset,False,19,6. Regression comparison after ETAD-style filtering,IMPROVE samples comparable to ETAD by EC surface loading,IMPROVE ECf (ug/m3),IMPROVE fAbs (Mm^-1),hexbin+plot+scatter,correlation,2D Density,True,False,False,True,1
research/improve_hips_offset/improve_hips_offset_narrative.ipynb,research/improve_hips_offset,False,21,7. IMPROVE optical-regime diagnostics from RT fields,RT geometry proxy for ETAD-loading-matched IMPROVE samples,IMPROVE RefM_635 (minimum reflectance ratio),IMPROVE TransM_635 (minimum transmittance ratio),hexbin+scatter,correlation,2D Density,False,False,False,True,1
research/improve_hips_offset/improve_hips_offset_narrative.ipynb,research/improve_hips_offset,False,23,8. IMPROVE T-vs-R initial-line diagnostic,IMPROVE RT analog: loaded TransM falls below initial clean-filter line,IMPROVE Ref_635,IMPROVE Trans_635,hexbin+plot+scatter,correlation,2D Density,True,False,False,True,1
research/improve_hips_offset/improve_smoke_event_qc.ipynb,research/improve_hips_offset,False,5,2. Data Inventory,IMPROVE row coverage by year,Year,Rows,plot,evolution,Timeseries,False,False,False,False,1
research/improve_hips_offset/improve_smoke_event_qc.ipynb,research/improve_hips_offset,False,9,4. QC Flag Layer,Non-destructive QC flag counts,Rows flagged true,,barh,ranking,Barplot,False,False,False,False,1
research/improve_hips_offset/improve_smoke_event_qc.ipynb,research/improve_hips_offset,False,12,5. ETAD/Addis Comparability,IMPROVE fAbs vs EC with Addis/ETAD-comparable overlays,IMPROVE ECf (ug/m3),IMPROVE fAbs (Mm^-1),hexbin+plot+scatter,correlation,2D Density,False,False,False,True,1
research/improve_hips_offset/improve_smoke_event_qc.ipynb,research/improve_hips_offset,False,15,6. Smoke/Event Candidate Screen,Top smoke-like candidate sites,Score >= 8 candidate rows,Score >= 8 candidate rows,bar+barh+imshow,correlation,Heatmap,False,False,False,True,2
research/improve_hips_offset/improve_smoke_event_qc.ipynb,research/improve_hips_offset,False,17,7. RT Geometry Diagnostics,RT geometry: minimum reflectance vs transmittance,RefM_635,TransM_635,hexbin+scatter,correlation,2D Density,False,True,False,True,1
research/improve_hips_offset/improve_smoke_event_qc.ipynb,research/improve_hips_offset,False,19,8. Regression Sensitivity,Regression sensitivity across IMPROVE QC groups,,fAbs per EC slope/MAC proxy,plot,evolution,Timeseries,True,False,False,False,1
research/improve_hips_offset/improve_spartan_may_full_analysis.ipynb,research/improve_hips_offset,False,5,2. Post-2003 IMPROVE Baseline: Raw Scatter and Density,IMPROVE post-2003 fAbs vs ECf: raw individual points,IMPROVE ECf concentration (ug/m3),IMPROVE fAbs (Mm-1),plot+scatter,correlation,Scatterplot,True,False,False,False,1
research/improve_hips_offset/improve_spartan_may_full_analysis.ipynb,research/improve_hips_offset,False,6,2. Post-2003 IMPROVE Baseline: Raw Scatter and Density,IMPROVE post-2003 fAbs vs ECf: binned density,IMPROVE ECf concentration (ug/m3),IMPROVE fAbs (Mm-1),hexbin+plot,correlation,2D Density,True,False,False,True,1
research/improve_hips_offset/improve_spartan_may_full_analysis.ipynb,research/improve_hips_offset,False,8,3. Convert to Mass Loading and Compare with SPARTAN/Addis,IMPROVE EC surface loading compared with SPARTAN site ranges,EC surface loading (ug/cm2),"IMPROVE sample count, log scale",hist,distribution,Histogram,False,True,False,False,1
research/improve_hips_offset/improve_spartan_may_full_analysis.ipynb,research/improve_hips_offset,False,9,3. Convert to Mass Loading and Compare with SPARTAN/Addis,EC loading ranges: IMPROVE vs SPARTAN sites,"EC surface loading (ug/cm2), log scale",,plot+scatter,correlation,Connected Scatter,False,True,False,False,1
research/improve_hips_offset/improve_spartan_may_full_analysis.ipynb,research/improve_hips_offset,False,11,4. Axis-by-Axis Addis/ETAD Comparability Screens,Sequential p05-p95 Addis/ETAD comparability screen,"IMPROVE rows remaining, log scale",,barh,ranking,Barplot,False,True,False,False,1
research/improve_hips_offset/improve_spartan_may_full_analysis.ipynb,research/improve_hips_offset,False,12,4. Axis-by-Axis Addis/ETAD Comparability Screens,Axis-by-axis IMPROVE overlap with Addis/ETAD ranges,"Rows matching screen, log scale",,barh,ranking,Barplot,False,True,False,False,1
research/improve_hips_offset/improve_spartan_may_full_analysis.ipynb,research/improve_hips_offset,False,14,5. Which IMPROVE Rows Are in the ETAD EC Range?,IMPROVE rows in ETAD-like EC ranges,IMPROVE ECf concentration (ug/m3),IMPROVE fAbs (Mm-1),scatter,correlation,Scatterplot,False,False,False,False,1
research/improve_hips_offset/improve_spartan_may_full_analysis.ipynb,research/improve_hips_offset,False,16,6. High-fAbs IMPROVE Samples: What is Their EC Loading?,Highest-fAbs IMPROVE rows: EC loading context (fAbs >= ETAD p05={etad_fabs_p05:.1f}),EC surface loading (ug/cm2),,barh,ranking,Barplot,False,False,False,False,1
research/improve_hips_offset/improve_spartan_may_full_analysis.ipynb,research/improve_hips_offset,False,17,6. High-fAbs IMPROVE Samples: What is Their EC Loading?,IMPROVE fAbs vs EC loading with Addis/ETAD comparable rows highlighted,"IMPROVE EC surface loading (ug/cm2), log scale",IMPROVE fAbs (Mm-1),scatter,correlation,Scatterplot,False,True,False,False,1
research/improve_hips_offset/improve_spartan_may_full_analysis.ipynb,research/improve_hips_offset,False,19,7. Regression Sensitivity: Baseline vs Comparable Regimes,IMPROVE fAbs-vs-EC slope changes by bounded comparison group,Origin slope fAbs / ECf,,barh,ranking,Barplot,True,False,False,False,1
research/improve_hips_offset/improve_spartan_may_full_analysis.ipynb,research/improve_hips_offset,False,21,8. FED Laser R/T Diagnostic Space,{label.title()} 635 nm laser fields,,,scatter,correlation,Scatterplot,False,False,False,False,1
research/improve_hips_offset/improve_spartan_may_full_analysis.ipynb,research/improve_hips_offset,False,23,9. Lower-Priority Filter Lot Context,SPARTAN raw R/T rows by MTL lot: lower-priority context,SPARTAN site,Raw R/T rows,plot,evolution,Timeseries,False,False,False,False,1
research/improve_hips_offset/improve_white_style_rt_calibration_space.ipynb,research/improve_hips_offset,False,11,5. White-style RT calibration-space plots,A. FED analog to White calibration space\nminimum readings vs initial clean-filter line,IMPROVE RefM_635,IMPROVE TransM_635,hexbin+plot+scatter,correlation,2D Density,True,False,False,True,1
research/improve_hips_offset/improve_white_style_rt_calibration_space.ipynb,research/improve_hips_offset,False,13,6. Site panels for the most relevant high-fAbs IMPROVE sites,"{site} - {site_name}\nETAD-like={len(ge)}, high-tail={len(gh)}, max fAbs={g[",RefM_635,TransM_635,plot+scatter,correlation,Connected Scatter,False,False,True,False,1
research/improve_hips_offset/improve_white_style_rt_calibration_space.ipynb,research/improve_hips_offset,False,15,7. fAbs vs ECf regressions by optical/loading group,{name}\nn={int(stats[,ECf (ug/m3),fAbs (Mm^-1),plot+scatter,correlation,Scatterplot,True,False,True,False,1
research/improve_hips_offset/next_tests_2026_04/00_fed_addis_loading_envelope.ipynb,research/improve_hips_offset,False,9,First Check: fAbs vs EC Surface Loading,IMPROVE fAbs vs EC Surface Loading,"EC loading (ug/cm2, IMPROVE area 3.53 cm2)",fAbs (Mm-1),scatter,correlation,Scatterplot,False,False,False,False,1
research/improve_hips_offset/warren_cena_improve_prep_analysis.ipynb,research/improve_hips_offset,False,6,Core SPARTAN Cross-Site Result,{site}\nn={fit[,FTIR EC (ug/m3),HIPS fAbs (Mm$^{-1}$),plot+scatter,correlation,Scatterplot,True,False,True,False,0
research/improve_hips_offset/warren_cena_improve_prep_analysis.ipynb,research/improve_hips_offset,False,12,IMPROVE Baseline Before Screening,Full post-2003 IMPROVE baseline,IMPROVE ECf (ug/m3),IMPROVE fAbs (Mm$^{-1}$),hexbin+hist+plot,correlation,2D Density,False,True,False,True,0
research/improve_hips_offset/warren_cena_improve_prep_analysis.ipynb,research/improve_hips_offset,False,15,Axis-by-Axis Comparability to ETAD/Addis,Which ETAD/Addis axis is rare in IMPROVE?,Rows retained (log scale),,barh,ranking,Barplot,False,True,False,False,0
research/improve_hips_offset/warren_cena_improve_prep_analysis.ipynb,research/improve_hips_offset,False,17,Loading-Space View,IMPROVE filters in ETAD/Addis loading space,,fAbs (Mm$^{-1}$),scatter,correlation,Scatterplot,False,False,False,False,0
research/improve_hips_offset/warren_cena_improve_prep_analysis.ipynb,research/improve_hips_offset,False,20,Bounded Group Fits,{name}\nn={fit[,IMPROVE ECf (ug/m3),IMPROVE fAbs (Mm$^{-1}$),plot+scatter,correlation,Scatterplot,True,False,False,False,0
research/improve_hips_offset/warren_cena_improve_prep_analysis.ipynb,research/improve_hips_offset,False,23,Figure 2 Replot Feasibility,{site}: raw SPARTAN HIPS T1/R1 by filter lot,HIPS R1,HIPS T1,scatter,correlation,Scatterplot,False,False,False,False,0
research/improve_hips_offset/warren_cena_improve_prep_analysis.ipynb,research/improve_hips_offset,False,25,FED RT Proxy Caveat,IMPROVE RT proxy space: diagnostic only,FED initial Trans/Ref proxy,FED minimum Trans/Ref proxy,scatter,correlation,Bubble,False,False,False,True,0
research/spartan/follow_up_mass_and_ratio_plots.ipynb,research/spartan,False,6,Where IMPROVE sites drop out — the screening funnel,No site is hand-picked: where IMPROVE sites drop out of each figure\n,IMPROVE sites remaining,,barh,ranking,Barplot,False,False,False,False,1
research/spartan/follow_up_mass_and_ratio_plots.ipynb,research/spartan,False,10,"3. Cross-plots in mass on filter (µg), red on blue","fAbs vs EC mass — SPARTAN EC is FTIR, IMPROVE EC is thermal-optical",,,plot+scatter,correlation,Scatterplot,True,False,True,False,1
research/spartan/follow_up_mass_and_ratio_plots.ipynb,research/spartan,False,14,4. fAbs / EC ratio by site,fAbs/EC by site — SPARTAN stars placed at their rank within the IMPROVE ordering\n,"IMPROVE sites, ranked by median fAbs/EC",fAbs / EC (m²/g ≈ effective MAC),errorbar,ranking,Lollipop,False,False,False,False,1
research/spartan/follow_up_mass_and_ratio_plots.ipynb,research/spartan,False,16,5. OC / EC ratio by site,OC/EC by site — every SPARTAN site sits below almost the entire IMPROVE network\n,"IMPROVE sites, ranked by median OC/EC",OC / EC,errorbar+scatter,correlation,Scatterplot,False,False,False,False,1
research/spartan/follow_up_mass_and_ratio_plots.ipynb,research/spartan,False,18,6. The Addis-analog map: site-median OC/EC vs fAbs/EC,Site-median ratio plane — IMPROVE sites closest to Addis are FTIR-spectra candidates,site median OC / EC,site median fAbs / EC (m²/g),scatter,correlation,Scatterplot,False,True,False,False,1
research/spartan/follow_up_mass_and_ratio_plots.ipynb,research/spartan,False,20,7. HIPS fAbs vs iron — no EC anywhere in the plot,HIPS fAbs vs iron mass,Fe mass on filter (µg),fAbs (Mm⁻¹),scatter,correlation,Scatterplot,True,False,False,False,1
research/spartan/follow_up_mass_and_ratio_plots.ipynb,research/spartan,False,22,"8. The new ETBI (Bishoftu, Ethiopia) site",HIPS fAbs across all SPARTAN sites (PM₂.₅ sample filters) — Ethiopia highlighted,HIPS fAbs (Mm⁻¹),HIPS fAbs (Mm⁻¹),boxplot+plot,distribution,Boxplot,False,False,False,False,1
research/spartan/follow_up_mass_and_ratio_plots.ipynb,research/spartan,False,23,"8. The new ETBI (Bishoftu, Ethiopia) site","ETBI fAbs time series (commissioning, Oct–Dec 2025)",HIPS tau (optical depth),HIPS fAbs (Mm⁻¹),plot+scatter,correlation,Connected Scatter,False,False,False,False,1
research/spartan/follow_up_mass_and_ratio_plots.ipynb,research/spartan,False,27,A1. OC/Fabs ratio by site,OC/fAbs by site — Addis is the lowest site anywhere; Delhi and Beijing hug the bottom edge\n,"IMPROVE sites, ranked by median OC/fAbs",OC / fAbs  (µg m⁻³ per Mm⁻¹),errorbar,ranking,Lollipop,False,False,False,False,1
research/spartan/follow_up_mass_and_ratio_plots.ipynb,research/spartan,False,31,A3. Iron/HIPS and iron/EC ratios by site — does Abu Dhabi come up high?,{ylabel.split(,"IMPROVE sites, ranked by median (SPARTAN stars at their rank)",,errorbar,ranking,Lollipop,False,True,True,False,1
research/spartan/follow_up_mass_and_ratio_plots.ipynb,research/spartan,False,33,"A4. fAbs vs EC, colored by the Fe/EC ratio","SPARTAN, all matched HIPS sites (n={len(d_sp)})",thermal EC (µg/m³),HIPS fAbs (Mm⁻¹),scatter,correlation,Bubble,True,False,False,True,1
research/spartan/follow_up_mass_and_ratio_plots.ipynb,research/spartan,False,36,"Addendum B — total mass on filter: all SPARTAN sites vs IMPROVE, and vs our core four",{label} — all SPARTAN HIPS sites (core four in color) vs the IMPROVE network,,,boxplot,distribution,Boxplot,False,True,True,False,1
research/spartan/follow_up_mass_and_ratio_plots.ipynb,research/spartan,False,38,B2. The same thing as one map — deposit mass vs deposit composition,"Deposit mass vs deposit composition — SPARTAN deposits are ordinary in mass,\n",site median total PM₂.₅ mass on filter (µg),site median EC share of deposit (%),scatter,correlation,Scatterplot,False,True,False,False,1
research/spartan/follow_up_mass_and_ratio_plots.ipynb,research/spartan,False,41,"C1. fAbs vs OC mass, colored by EC fraction of the deposit","SPARTAN, all matched HIPS sites (n={len(d)})",OC mass on filter (µg),HIPS fAbs (Mm⁻¹),scatter,correlation,Bubble,False,False,False,True,1
research/spartan/follow_up_mass_and_ratio_plots.ipynb,research/spartan,False,43,C2. Within-IMPROVE validation: does the fAbs–EC relation drift as composition approaches Addis-like?,IMPROVE residuals vs carbon split\n(network fit: slope {st[,EC / (EC + OC) of deposit (decile medians),fAbs residual from network-wide fit (Mm⁻¹),fill_between+plot+scatter,correlation,Scatterplot,True,False,False,False,1
research/spartan/presentation_offset_story.ipynb,research/spartan,False,6,"Figure P1 — the anomaly, in context",fAbs vs FTIR EC by SPARTAN site — Addis and Delhi share the slope-4 + big-intercept signature,FTIR EC (µg/m³),HIPS fAbs (Mm⁻¹),plot+scatter,correlation,Scatterplot,False,False,True,False,1
research/spartan/presentation_offset_story.ipynb,research/spartan,False,8,Figure P2 — two additive fixes the data cannot tell apart,"Addis: the offset is additive — both fixes preserve the fit, so the regression can",,,plot+scatter,correlation,Scatterplot,True,False,False,False,1
research/spartan/presentation_offset_story.ipynb,research/spartan,False,10,"Figure P3 — Ann's test: is the ""missing EC"" constant, or does it follow the charcoal seasons?","Addis: the implied missing EC, month by month",month,implied missing EC (µg/m³)  =  fAbs/slope − FTIR EC,boxplot+plot+scatter,correlation,Scatterplot,True,False,False,False,1
research/spartan/presentation_offset_story.ipynb,research/spartan,False,12,Figure P4 — reconciling Addis EC with history,Did Addis EC really fall by two-thirds — or does FTIR just not see the char?\n,,Addis EC (µg/m³),bar,ranking,Barplot,False,False,False,False,1
research/spartan/presentation_offset_story.ipynb,research/spartan,False,14,Figure P5 — is an Addis-like line anywhere in IMPROVE? (and is an R² this good plausible?),Slope–intercept plane: no IMPROVE site lives where Addis and Delhi live,"fAbs–EC slope (m²/g, effective MAC)",fAbs–EC intercept (Mm⁻¹),hist+scatter,correlation,Bubble,True,False,False,True,1
research/spartan/site_ratios_mass_space.ipynb,research/spartan,False,6,"2. The rank plots, mass edition",Per-site ratios computed strictly from mass on filter and tau,"IMPROVE sites, ranked by median (core four placed at their rank)",,errorbar+scatter,correlation,Scatterplot,False,False,True,False,1
research/spartan/site_ratios_mass_space.ipynb,research/spartan,False,8,3. Side-by-side: concentration version vs mass version (Addis & friends don't move),IMPROVE site medians: mass vs concentration version,site median OC/EC from concentrations,site median OC/EC from masses,hist+plot+scatter,correlation,Scatterplot,True,False,False,False,1
research/spartan/spartan_all_sites_hips_overview.ipynb,research/spartan,False,8,3. Map: public network vs HIPS/FABS subset,SPARTAN pulled sites: public inventory and HIPS/FABS subset,Longitude,Latitude,scatter,correlation,Bubble,False,False,False,True,1
research/spartan/spartan_all_sites_hips_overview.ipynb,research/spartan,False,10,4. Coverage: what sites have what?,SPARTAN site x product coverage (black = present),,,imshow,correlation,Heatmap,False,False,False,True,1
research/spartan/spartan_all_sites_hips_overview.ipynb,research/spartan,False,11,4. Coverage: what sites have what?,HIPS/FABS coverage by SPARTAN site,HIPS/FABS sample filters,,barh,ranking,Barplot,False,False,False,False,1
research/spartan/spartan_all_sites_hips_overview.ipynb,research/spartan,False,14,5. FABS distributions across all HIPS sites,All pulled SPARTAN HIPS/FABS sites: distribution by site,"HIPS FABS (Mm$^{-1}$), log scale",,boxplot,distribution,Boxplot,False,True,False,False,1
research/spartan/spartan_all_sites_hips_overview.ipynb,research/spartan,False,15,5. FABS distributions across all HIPS sites,Where do the familiar four sites sit inside the all-site HIPS distribution?,HIPS FABS median with 5th-95th percentile (Mm$^{-1}$),,errorbar+scatter,correlation,Scatterplot,False,True,False,False,1
research/spartan/spartan_all_sites_hips_overview.ipynb,research/spartan,False,17,6. Monthly coverage: when was HIPS/FABS collected?,Monthly HIPS/FABS sample counts by SPARTAN site,Month,Site,imshow,correlation,Heatmap,False,False,False,True,1
research/spartan/spartan_all_sites_hips_overview.ipynb,research/spartan,False,19,7. HIPS FABS vs public BC bridge,Public SPARTAN BC is derived from HIPS FABS / MAC=10,Public SPARTAN BC PM2.5 (ug/m3),HIPS FABS (Mm$^{-1}$),plot+scatter,correlation,Scatterplot,True,False,False,False,1
research/spartan/spartan_improve_orientation.ipynb,research/spartan,False,5,1. SPARTAN at a glance,"SPARTAN sites — global, marker size ∝ total observations",Longitude,Latitude,scatter,correlation,Bubble,False,False,False,True,1
research/spartan/spartan_improve_orientation.ipynb,research/spartan,False,9,2. IMPROVE at a glance,IMPROVE sites ({len(site_n)} with coords) — marker size ∝ filter count,Longitude,Latitude,scatter,correlation,Bubble,False,False,False,True,1
research/spartan/spartan_improve_orientation.ipynb,research/spartan,False,15,3a. Distributions — how dirty is each network's air?,Distribution of shared parameters (log scale),,,boxplot,distribution,Boxplot,False,True,False,False,1
research/spartan/spartan_improve_orientation.ipynb,research/spartan,False,17,3b. Cross-plots — do the relationships agree?,Absorption vs EC  (slope ≈ MAC)\nSPARTAN EC = FTIR,,,plot+scatter,correlation,Scatterplot,True,True,False,False,1
research/spartan/spartan_improve_orientation.ipynb,research/spartan,False,19,3c. Derived ratios,"Derived ratios (positive values, ≤ p99)",,,boxplot,distribution,Boxplot,False,False,False,False,1
research/spartan/spartan_vs_improve_comparison.ipynb,research/spartan,False,11,3. Distribution comparison,SPARTAN vs IMPROVE — distribution of shared parameters (log scale),,,boxplot,distribution,Boxplot,False,True,False,False,1
research/spartan/spartan_vs_improve_comparison.ipynb,research/spartan,False,12,3. Distribution comparison,"Empirical CDFs — positive values, log x",,Cumulative fraction,plot,evolution,Line chart,False,True,False,False,1
research/spartan/spartan_vs_improve_comparison.ipynb,research/spartan,False,13,3. Distribution comparison,SPARTAN by site vs IMPROVE network median,,,boxplot,distribution,Boxplot,False,True,False,False,1
research/spartan/spartan_vs_improve_comparison.ipynb,research/spartan,False,16,4. Relationship bridge,Absorption vs EC  (slope ≈ effective MAC)\nSPARTAN EC = FTIR,,,plot+scatter,correlation,Scatterplot,True,True,False,False,1
research/spartan/spartan_vs_improve_comparison.ipynb,research/spartan,False,18,5. Derived ratio comparison,"Derived ratios (positive values, ≤ p99)",,,boxplot,distribution,Boxplot,False,False,False,False,1
research/spartan/spartan_vs_improve_mass_comparison.ipynb,research/spartan,False,6,"Figure M1 — distribution boxplots by network, in mass (linear axes)",{label}\n({unit}),,,boxplot,distribution,Boxplot,False,False,False,False,1
research/spartan/spartan_vs_improve_mass_comparison.ipynb,research/spartan,False,8,"Figure M2 — empirical CDFs in mass (linear axes, clipped at p99)",Cumulative distributions in mass space (x clipped at p99),{label} ({unit}),CDF,plot,evolution,Line chart,False,False,False,False,1
research/spartan/spartan_vs_improve_mass_comparison.ipynb,research/spartan,False,10,Figure M3 — the core four sites against the IMPROVE distribution,{label}\n({unit}),,,boxplot,distribution,Boxplot,False,False,False,False,1
research/spartan/spartan_vs_improve_mass_comparison.ipynb,research/spartan,False,12,Figure M4 — relationship bridge in mass space (SPARTAN color on IMPROVE gray),absorption vs EC — both axes volume-free,,,plot+scatter,correlation,Scatterplot,True,False,False,False,1
research/spartan/spartan_vs_improve_mass_comparison.ipynb,research/spartan,False,14,"Figure M5 — derived ratio boxplots (volume-free, unchanged by the mass conversion)",{label} ({unit}),,,boxplot,distribution,Boxplot,False,False,False,False,1
research/spartan_ec_2026_06_16/02_biomass_calibration_comparison.ipynb,research/spartan_ec_2026_06_16,False,9,"3. Comparison harness — general vs biomass calibration, and vs HIPS",,,,hist+plot+scatter,correlation,Bubble,True,False,False,True,0
research/spartan_ec_2026_06_16/03_adama_han_char_soot.ipynb,research/spartan_ec_2026_06_16,False,8,"Honest reading — two metrics disagree, and that's the finding",,,,barh+plot+scatter,correlation,Scatterplot,True,False,False,False,0
research/spartan_ec_2026_06_16/04_new_plots.ipynb,research/spartan_ec_2026_06_16,False,7,"(A) Volume-free cross-plot — tau vs EC mass, with corrected reference lines",,,,plot+scatter,correlation,Bubble,False,False,False,True,0
research/spartan_ec_2026_06_16/04_new_plots.ipynb,research/spartan_ec_2026_06_16,False,10,(B) fAbs/EC (MAC-like) by site — vs the meeting values and IMPROVE,,,,bar,ranking,Barplot,False,False,False,False,0
research/spartan_ec_2026_06_16/04_new_plots.ipynb,research/spartan_ec_2026_06_16,False,12,(C) EC/OC by site — FTIR only (thermal stars dropped),,,,scatter,correlation,Bubble,False,False,False,True,0
research/spartan_ec_2026_06_16/04_new_plots.ipynb,research/spartan_ec_2026_06_16,False,14,(D) Fractional EC — focus sites vs IMPROVE,,,,bar,ranking,Barplot,False,False,False,False,0
research/spartan_ec_2026_06_16/05_calibration_optimization.ipynb,research/spartan_ec_2026_06_16,False,4,1. Load the tool's exact training data,,,,hist+plot,distribution,Histogram,False,False,False,False,1
research/spartan_ec_2026_06_16/05_calibration_optimization.ipynb,research/spartan_ec_2026_06_16,False,7,2. Baseline fit (no cleaning) — the current un-optimized state,,,,plot+scatter,correlation,Scatterplot,False,False,False,False,1
research/spartan_ec_2026_06_16/05_calibration_optimization.ipynb,research/spartan_ec_2026_06_16,False,10,3. Identify the odd values,,,,hist+scatter,correlation,Scatterplot,False,False,False,False,1
research/spartan_ec_2026_06_16/05_calibration_optimization.ipynb,research/spartan_ec_2026_06_16,False,15,"5. Re-optimize the component count on the cleaned data, and fit the final calibration",,,,plot+scatter,correlation,Connected Scatter,False,False,False,False,1
research/spartan_ec_2026_06_16/05_calibration_optimization.ipynb,research/spartan_ec_2026_06_16,False,18,6. Apply to the 5 Adama filters — general vs baseline-biomass vs optimized-biomass,Adama EC: general vs biomass (baseline/optimized) vs TOR,,EC loading (µg),bar,ranking,Barplot,False,False,False,False,1
research/spartan_ec_2026_06_16/07_calibration_optimization_story.ipynb,research/spartan_ec_2026_06_16,False,3,"1. The variance problem — the RMSEP curve is jagged, so ""optimal K"" is unstable",,,,hist+plot,distribution,Histogram,False,False,False,False,1
research/spartan_ec_2026_06_16/07_calibration_optimization_story.ipynb,research/spartan_ec_2026_06_16,False,6,2. Why it matters — the Adama EC swings with the component count,,,,plot,evolution,Line chart,False,False,False,False,1
research/spartan_ec_2026_06_16/07_calibration_optimization_story.ipynb,research/spartan_ec_2026_06_16,False,11,3b. Repeated (averaged) cross-validation — the minimum is a broad flat valley,,,,fill_between+plot,evolution,Area chart,False,False,False,False,1
research/spartan_ec_2026_06_16/07_calibration_optimization_story.ipynb,research/spartan_ec_2026_06_16,False,15,Summary — how stable is the Adama result under each approach?,,,,boxplot,distribution,Boxplot,False,False,False,False,1
research/spartan_ec_2026_06_16/07_calibration_optimization_story.ipynb,research/spartan_ec_2026_06_16,False,17,4. Recommended calibration and the Adama result,Adama EC: general vs biomass(stabilized) vs TOR  (char/soot annotated),,EC loading (µg),bar,ranking,Barplot,False,False,False,False,1
research/spartan_ec_2026_06_16/08_outlier_removal_explainer.ipynb,research/spartan_ec_2026_06_16,False,3,1. All the source samples — the full calibration,,,,plot+scatter,correlation,Scatterplot,True,False,False,False,1
research/spartan_ec_2026_06_16/08_outlier_removal_explainer.ipynb,research/spartan_ec_2026_06_16,False,5,2. Which ones are odd — residual diagnostics,,,,hist+scatter,correlation,Bubble,False,False,False,True,1
research/spartan_ec_2026_06_16/08_outlier_removal_explainer.ipynb,research/spartan_ec_2026_06_16,False,7,3. Before → after — the removed filters called out,,,,plot+scatter,correlation,Scatterplot,False,False,False,False,1
research/spartan_ec_2026_06_16/08_outlier_removal_explainer.ipynb,research/spartan_ec_2026_06_16,False,11,5. Why these? — the removed filters look different,,,,plot,evolution,Line chart,False,False,False,False,1
