site,population,scheme,block,metadata_field,reported_value,n,ec_min,ec_max,mdl_min,mdl_max,ols_mean_signed_error,ols_mae,ols_rmse,median_mean_signed_error,median_mae,median_rmse,mae_improvement,mae_improvement_pct
Addis_Ababa,diagnostic,leave_quarter_out,2022Q4,ftir_CalibrationSetId,17,9,1.62566803465763,4.44446651940708,0.464676223281463,0.477235040126908,-4.114701691880353,5.85697401812066,7.12927757477724,3.095915138888887,7.406455645555557,9.508268126140132,1.549481627434897,20.920690024852917
Addis_Ababa,diagnostic,leave_quarter_out,2023Q1,ftir_CalibrationSetId,17,25,0.693114797533127,5.1807562461787,0.449217327399301,0.48736741889818,-2.8406900530553663,4.495234389204153,5.626002214305716,4.5618665928,6.420474531999999,7.622044867498415,1.9252401427958459,29.985947817413535
Addis_Ababa,diagnostic,leave_quarter_out,2023Q1,ftir_CalibrationSetId,11,1,6.63401511944448,6.63401511944448,0.409759055442694,0.409759055442694,-7.701800326330918,7.701800326330918,7.701800326330918,-14.753706469999997,14.753706469999997,14.753706469999997,7.051906143669079,47.79752232436193
Addis_Ababa,diagnostic,leave_quarter_out,2023Q2,ftir_CalibrationSetId,11,28,1.90446116072198,9.84021969992934,0.409759055442694,0.419307645387154,-0.450629946147125,3.010308795298119,4.021868952309954,-5.270550607500001,9.550524043214287,12.038134219199849,6.5402152479161675,68.48017154161332
Addis_Ababa,diagnostic,leave_quarter_out,2023Q3,ftir_CalibrationSetId,11,28,3.43937872823145,10.5333537907337,0.404947794517731,0.431100672913667,1.6040933277544467,3.392468951010938,4.356813861424591,-8.078545856071429,10.079263778214283,12.35154241391757,6.686794827203345,66.34209575560911
Addis_Ababa,diagnostic,leave_quarter_out,2023Q4,ftir_CalibrationSetId,11,26,2.23594182575397,4.14642906938964,0.404947794517731,0.419307645387154,0.2124684875548658,2.542362143504854,3.2311450671781934,7.192118163461535,7.360659415384612,8.492195142432474,4.818297271879758,65.46013067537089
Addis_Ababa,diagnostic,leave_quarter_out,2024Q1,ftir_CalibrationSetId,11,31,2.42463370413565,6.96258987683994,0.404947794517731,0.431325321518625,2.3044384533229696,4.018109288017723,5.387756566555944,4.858359178064516,7.41270959548387,9.067217179020949,3.3946003074661464,45.79432478420951
Addis_Ababa,diagnostic,leave_quarter_out,2024Q2,ftir_CalibrationSetId,11,23,2.93608135081302,11.7351130556244,0.404947794517731,0.424033448767542,-1.0301412519126125,4.269888047493372,5.3122417925990355,-8.761399446521743,10.70783007956522,12.90929504749972,6.437942032071848,60.123685043881956
Addis_Ababa,diagnostic,leave_quarter_out,2024Q3,ftir_CalibrationSetId,11,19,3.43072578969257,11.136414801705,0.404947794517731,1.43700224304556,1.8356405339115172,5.650427245844035,7.851151078351384,-10.327283418421052,12.085593061578946,15.746510497939166,6.43516581573491,53.24658693161538
Addis_Ababa,diagnostic,later_period,2023Q2,ftir_CalibrationSetId,11,28,1.90446116072198,9.84021969992934,0.409759055442694,0.419307645387154,5.136941337079863,5.476509233939008,6.743382380539132,-8.917793117499999,10.826554678214285,14.023730097936928,5.350045444275277,49.41595552129706
Addis_Ababa,diagnostic,later_period,2023Q3,ftir_CalibrationSetId,11,28,3.43937872823145,10.5333537907337,0.404947794517731,0.431100672913667,2.914240201587284,3.943288319207651,5.01707856965647,-8.22170367107143,10.16106824392857,12.445646150725374,6.217779924720919,61.192187430058446
Addis_Ababa,diagnostic,later_period,2023Q4,ftir_CalibrationSetId,11,26,2.23594182575397,4.14642906938964,0.404947794517731,0.419307645387154,1.2115563860243468,2.658129750414881,3.4727333625778423,5.812912218461539,6.149058453076924,7.360758325030093,3.4909287026620426,56.77175992554143
Addis_Ababa,diagnostic,later_period,2024Q1,ftir_CalibrationSetId,11,31,2.42463370413565,6.96258987683994,0.404947794517731,0.431325321518625,2.406241980303591,4.031601329523317,5.4187083661883495,3.143765928064515,6.6970950267741935,8.276112473795184,2.6654936972508763,39.800744749694424
Addis_Ababa,diagnostic,later_period,2024Q2,ftir_CalibrationSetId,11,23,2.93608135081302,11.7351130556244,0.404947794517731,0.424033448767542,-0.7239186193010605,4.231820391564708,5.272881023680151,-9.789353366521738,11.37823481,13.627883830460243,7.146414418435293,62.80776005918349
Addis_Ababa,diagnostic,later_period,2024Q3,ftir_CalibrationSetId,11,19,3.43072578969257,11.136414801705,0.404947794517731,1.43700224304556,1.8356405339115172,5.650427245844035,7.851151078351384,-10.327283418421052,12.085593061578946,15.746510497939166,6.43516581573491,53.24658693161538
Addis_Ababa,ratio_baseline,leave_quarter_out,2022Q4,ftir_CalibrationSetId,17,9,1.62566803465763,4.44446651940708,0.464676223281463,0.477235040126908,-4.114701691880353,5.85697401812066,7.12927757477724,3.095915138888887,7.406455645555557,9.508268126140132,1.549481627434897,20.920690024852917
Addis_Ababa,ratio_baseline,leave_quarter_out,2023Q1,ftir_CalibrationSetId,17,25,0.693114797533127,5.1807562461787,0.449217327399301,0.48736741889818,-2.8406900530553663,4.495234389204153,5.626002214305716,4.5618665928,6.420474531999999,7.622044867498415,1.9252401427958459,29.985947817413535
Addis_Ababa,ratio_baseline,leave_quarter_out,2023Q1,ftir_CalibrationSetId,11,1,6.63401511944448,6.63401511944448,0.409759055442694,0.409759055442694,-7.701800326330918,7.701800326330918,7.701800326330918,-14.753706469999997,14.753706469999997,14.753706469999997,7.051906143669079,47.79752232436193
Addis_Ababa,ratio_baseline,leave_quarter_out,2023Q2,ftir_CalibrationSetId,11,28,1.90446116072198,9.84021969992934,0.409759055442694,0.419307645387154,-0.450629946147125,3.010308795298119,4.021868952309954,-5.270550607500001,9.550524043214287,12.038134219199849,6.5402152479161675,68.48017154161332
Addis_Ababa,ratio_baseline,leave_quarter_out,2023Q3,ftir_CalibrationSetId,11,28,3.43937872823145,10.5333537907337,0.404947794517731,0.431100672913667,1.6040933277544467,3.392468951010938,4.356813861424591,-8.078545856071429,10.079263778214283,12.35154241391757,6.686794827203345,66.34209575560911
Addis_Ababa,ratio_baseline,leave_quarter_out,2023Q4,ftir_CalibrationSetId,11,26,2.23594182575397,4.14642906938964,0.404947794517731,0.419307645387154,0.2124684875548658,2.542362143504854,3.2311450671781934,7.192118163461535,7.360659415384612,8.492195142432474,4.818297271879758,65.46013067537089
Addis_Ababa,ratio_baseline,leave_quarter_out,2024Q1,ftir_CalibrationSetId,11,31,2.42463370413565,6.96258987683994,0.404947794517731,0.431325321518625,2.3044384533229696,4.018109288017723,5.387756566555944,4.858359178064516,7.41270959548387,9.067217179020949,3.3946003074661464,45.79432478420951
Addis_Ababa,ratio_baseline,leave_quarter_out,2024Q2,ftir_CalibrationSetId,11,23,2.93608135081302,11.7351130556244,0.404947794517731,0.424033448767542,-1.0301412519126125,4.269888047493372,5.3122417925990355,-8.761399446521743,10.70783007956522,12.90929504749972,6.437942032071848,60.123685043881956
Addis_Ababa,ratio_baseline,leave_quarter_out,2024Q3,ftir_CalibrationSetId,11,19,3.43072578969257,11.136414801705,0.404947794517731,1.43700224304556,1.8356405339115172,5.650427245844035,7.851151078351384,-10.327283418421052,12.085593061578946,15.746510497939166,6.43516581573491,53.24658693161538
Addis_Ababa,ratio_baseline,later_period,2023Q2,ftir_CalibrationSetId,11,28,1.90446116072198,9.84021969992934,0.409759055442694,0.419307645387154,5.136941337079863,5.476509233939008,6.743382380539132,-8.917793117499999,10.826554678214285,14.023730097936928,5.350045444275277,49.41595552129706
Addis_Ababa,ratio_baseline,later_period,2023Q3,ftir_CalibrationSetId,11,28,3.43937872823145,10.5333537907337,0.404947794517731,0.431100672913667,2.914240201587284,3.943288319207651,5.01707856965647,-8.22170367107143,10.16106824392857,12.445646150725374,6.217779924720919,61.192187430058446
Addis_Ababa,ratio_baseline,later_period,2023Q4,ftir_CalibrationSetId,11,26,2.23594182575397,4.14642906938964,0.404947794517731,0.419307645387154,1.2115563860243468,2.658129750414881,3.4727333625778423,5.812912218461539,6.149058453076924,7.360758325030093,3.4909287026620426,56.77175992554143
Addis_Ababa,ratio_baseline,later_period,2024Q1,ftir_CalibrationSetId,11,31,2.42463370413565,6.96258987683994,0.404947794517731,0.431325321518625,2.406241980303591,4.031601329523317,5.4187083661883495,3.143765928064515,6.6970950267741935,8.276112473795184,2.6654936972508763,39.800744749694424
Addis_Ababa,ratio_baseline,later_period,2024Q2,ftir_CalibrationSetId,11,23,2.93608135081302,11.7351130556244,0.404947794517731,0.424033448767542,-0.7239186193010605,4.231820391564708,5.272881023680151,-9.789353366521738,11.37823481,13.627883830460243,7.146414418435293,62.80776005918349
Addis_Ababa,ratio_baseline,later_period,2024Q3,ftir_CalibrationSetId,11,19,3.43072578969257,11.136414801705,0.404947794517731,1.43700224304556,1.8356405339115172,5.650427245844035,7.851151078351384,-10.327283418421052,12.085593061578946,15.746510497939166,6.43516581573491,53.24658693161538
Addis_Ababa,mdl_1_5x,leave_quarter_out,2022Q4,ftir_CalibrationSetId,17,9,1.62566803465763,4.44446651940708,0.464676223281463,0.477235040126908,-4.241940573644906,5.880645544308194,7.180950891650017,3.119153033888888,7.4090376338888895,9.51585980666956,1.528392089580695,20.628753221468866
Addis_Ababa,mdl_1_5x,leave_quarter_out,2023Q1,ftir_CalibrationSetId,17,24,1.99148840812713,5.1807562461787,0.449217327399301,0.48736741889818,-2.6128324591287435,4.336316142617064,5.485790419375744,4.362145602083333,6.298195538750001,7.541192396879972,1.9618793961329368,31.149864815443788
Addis_Ababa,mdl_1_5x,leave_quarter_out,2023Q1,ftir_CalibrationSetId,11,1,6.63401511944448,6.63401511944448,0.409759055442694,0.409759055442694,-7.701800326330918,7.701800326330918,7.701800326330918,-14.753706469999997,14.753706469999997,14.753706469999997,7.051906143669079,47.79752232436193
Addis_Ababa,mdl_1_5x,leave_quarter_out,2023Q2,ftir_CalibrationSetId,11,28,1.90446116072198,9.84021969992934,0.409759055442694,0.419307645387154,-0.4643906415111215,3.0018103083895005,4.0087763121970506,-5.1638009175,9.527649109642855,11.9917810057066,6.525838801253355,68.493693734466
Addis_Ababa,mdl_1_5x,leave_quarter_out,2023Q3,ftir_CalibrationSetId,11,28,3.43937872823145,10.5333537907337,0.404947794517731,0.431100672913667,1.633139785078103,3.3718998156053144,4.349017929427013,-8.074600191071431,10.077009112499999,12.348962106177453,6.705109296894685,66.5386844651887
Addis_Ababa,mdl_1_5x,leave_quarter_out,2023Q4,ftir_CalibrationSetId,11,26,2.23594182575397,4.14642906938964,0.404947794517731,0.419307645387154,0.08802445774150414,2.55335841255029,3.218157097498543,7.213592958461538,7.380482303076922,8.510390004595926,4.827123890526632,65.40390847511694
Addis_Ababa,mdl_1_5x,leave_quarter_out,2024Q1,ftir_CalibrationSetId,11,31,2.42463370413565,6.96258987683994,0.404947794517731,0.431325321518625,2.224704051864631,3.99029981564537,5.344183290377825,4.860354668064512,7.413803896451613,9.068286550822343,3.423504080806243,46.17742967877525
Addis_Ababa,mdl_1_5x,leave_quarter_out,2024Q2,ftir_CalibrationSetId,11,23,2.93608135081302,11.7351130556244,0.404947794517731,0.424033448767542,-1.0189352321155152,4.2693884141114085,5.315382684923661,-8.734616111521744,10.690362687173916,12.891132493987662,6.420974273062508,60.06320328838108
Addis_Ababa,mdl_1_5x,leave_quarter_out,2024Q3,ftir_CalibrationSetId,11,19,3.43072578969257,11.136414801705,0.404947794517731,1.43700224304556,1.892561903944733,5.664238125907318,7.859825552923681,-10.248394838421058,12.031616664736847,15.694884734253044,6.367378538829529,52.92205292320785
Addis_Ababa,mdl_1_5x,later_period,2023Q2,ftir_CalibrationSetId,11,28,1.90446116072198,9.84021969992934,0.409759055442694,0.419307645387154,6.186959638004895,6.4599369428458475,7.950166999064247,-8.419863492500001,10.577589865714286,13.712478733095123,4.117652922868438,38.928082626981116
Addis_Ababa,mdl_1_5x,later_period,2023Q3,ftir_CalibrationSetId,11,28,3.43937872823145,10.5333537907337,0.404947794517731,0.431100672913667,2.993560794775647,3.982373385640272,5.0313199799985515,-8.121368596071434,10.103733915357143,12.379593076002585,6.1213605297168705,60.58513200167242
Addis_Ababa,mdl_1_5x,later_period,2023Q4,ftir_CalibrationSetId,11,26,2.23594182575397,4.14642906938964,0.404947794517731,0.419307645387154,1.0509820935542054,2.6069117632596814,3.410082611893451,6.045373488461541,6.345756450769233,7.54568454647781,3.738844687509552,58.918817898476526
Addis_Ababa,mdl_1_5x,later_period,2024Q1,ftir_CalibrationSetId,11,31,2.42463370413565,6.96258987683994,0.404947794517731,0.431325321518625,2.3216920809823707,3.996181951817251,5.3684521366595925,3.2133720030645176,6.717303242096774,8.302802725497443,2.7211212902795228,40.50913279046991
Addis_Ababa,mdl_1_5x,later_period,2024Q2,ftir_CalibrationSetId,11,23,2.93608135081302,11.7351130556244,0.404947794517731,0.424033448767542,-0.6894063039217364,4.238359294245439,5.277903284691576,-9.718386056521737,11.331951781739129,13.576995466799179,7.09359248749369,62.59815276415717
Addis_Ababa,mdl_1_5x,later_period,2024Q3,ftir_CalibrationSetId,11,19,3.43072578969257,11.136414801705,0.404947794517731,1.43700224304556,1.892561903944733,5.664238125907318,7.859825552923681,-10.248394838421058,12.031616664736847,15.694884734253044,6.367378538829529,52.92205292320785
Addis_Ababa,mdl_2x,leave_quarter_out,2022Q4,ftir_CalibrationSetId,17,9,1.62566803465763,4.44446651940708,0.464676223281463,0.477235040126908,-4.241940573644906,5.880645544308194,7.180950891650017,3.119153033888888,7.4090376338888895,9.51585980666956,1.528392089580695,20.628753221468866
Addis_Ababa,mdl_2x,leave_quarter_out,2023Q1,ftir_CalibrationSetId,17,24,1.99148840812713,5.1807562461787,0.449217327399301,0.48736741889818,-2.6128324591287435,4.336316142617064,5.485790419375744,4.362145602083333,6.298195538750001,7.541192396879972,1.9618793961329368,31.149864815443788
Addis_Ababa,mdl_2x,leave_quarter_out,2023Q1,ftir_CalibrationSetId,11,1,6.63401511944448,6.63401511944448,0.409759055442694,0.409759055442694,-7.701800326330918,7.701800326330918,7.701800326330918,-14.753706469999997,14.753706469999997,14.753706469999997,7.051906143669079,47.79752232436193
Addis_Ababa,mdl_2x,leave_quarter_out,2023Q2,ftir_CalibrationSetId,11,28,1.90446116072198,9.84021969992934,0.409759055442694,0.419307645387154,-0.4643906415111215,3.0018103083895005,4.0087763121970506,-5.1638009175,9.527649109642855,11.9917810057066,6.525838801253355,68.493693734466
Addis_Ababa,mdl_2x,leave_quarter_out,2023Q3,ftir_CalibrationSetId,11,28,3.43937872823145,10.5333537907337,0.404947794517731,0.431100672913667,1.633139785078103,3.3718998156053144,4.349017929427013,-8.074600191071431,10.077009112499999,12.348962106177453,6.705109296894685,66.5386844651887
Addis_Ababa,mdl_2x,leave_quarter_out,2023Q4,ftir_CalibrationSetId,11,26,2.23594182575397,4.14642906938964,0.404947794517731,0.419307645387154,0.08802445774150414,2.55335841255029,3.218157097498543,7.213592958461538,7.380482303076922,8.510390004595926,4.827123890526632,65.40390847511694
Addis_Ababa,mdl_2x,leave_quarter_out,2024Q1,ftir_CalibrationSetId,11,31,2.42463370413565,6.96258987683994,0.404947794517731,0.431325321518625,2.224704051864631,3.99029981564537,5.344183290377825,4.860354668064512,7.413803896451613,9.068286550822343,3.423504080806243,46.17742967877525
Addis_Ababa,mdl_2x,leave_quarter_out,2024Q2,ftir_CalibrationSetId,11,23,2.93608135081302,11.7351130556244,0.404947794517731,0.424033448767542,-1.0189352321155152,4.2693884141114085,5.315382684923661,-8.734616111521744,10.690362687173916,12.891132493987662,6.420974273062508,60.06320328838108
Addis_Ababa,mdl_2x,leave_quarter_out,2024Q3,ftir_CalibrationSetId,11,19,3.43072578969257,11.136414801705,0.404947794517731,1.43700224304556,1.892561903944733,5.664238125907318,7.859825552923681,-10.248394838421058,12.031616664736847,15.694884734253044,6.367378538829529,52.92205292320785
Addis_Ababa,mdl_2x,later_period,2023Q2,ftir_CalibrationSetId,11,28,1.90446116072198,9.84021969992934,0.409759055442694,0.419307645387154,6.186959638004895,6.4599369428458475,7.950166999064247,-8.419863492500001,10.577589865714286,13.712478733095123,4.117652922868438,38.928082626981116
Addis_Ababa,mdl_2x,later_period,2023Q3,ftir_CalibrationSetId,11,28,3.43937872823145,10.5333537907337,0.404947794517731,0.431100672913667,2.993560794775647,3.982373385640272,5.0313199799985515,-8.121368596071434,10.103733915357143,12.379593076002585,6.1213605297168705,60.58513200167242
Addis_Ababa,mdl_2x,later_period,2023Q4,ftir_CalibrationSetId,11,26,2.23594182575397,4.14642906938964,0.404947794517731,0.419307645387154,1.0509820935542054,2.6069117632596814,3.410082611893451,6.045373488461541,6.345756450769233,7.54568454647781,3.738844687509552,58.918817898476526
Addis_Ababa,mdl_2x,later_period,2024Q1,ftir_CalibrationSetId,11,31,2.42463370413565,6.96258987683994,0.404947794517731,0.431325321518625,2.3216920809823707,3.996181951817251,5.3684521366595925,3.2133720030645176,6.717303242096774,8.302802725497443,2.7211212902795228,40.50913279046991
Addis_Ababa,mdl_2x,later_period,2024Q2,ftir_CalibrationSetId,11,23,2.93608135081302,11.7351130556244,0.404947794517731,0.424033448767542,-0.6894063039217364,4.238359294245439,5.277903284691576,-9.718386056521737,11.331951781739129,13.576995466799179,7.09359248749369,62.59815276415717
Addis_Ababa,mdl_2x,later_period,2024Q3,ftir_CalibrationSetId,11,19,3.43072578969257,11.136414801705,0.404947794517731,1.43700224304556,1.892561903944733,5.664238125907318,7.859825552923681,-10.248394838421058,12.031616664736847,15.694884734253044,6.367378538829529,52.92205292320785
Addis_Ababa,mdl_3x,leave_quarter_out,2022Q4,ftir_CalibrationSetId,17,9,1.62566803465763,4.44446651940708,0.464676223281463,0.477235040126908,-4.241940573644906,5.880645544308194,7.180950891650017,3.119153033888888,7.4090376338888895,9.51585980666956,1.528392089580695,20.628753221468866
Addis_Ababa,mdl_3x,leave_quarter_out,2023Q1,ftir_CalibrationSetId,17,24,1.99148840812713,5.1807562461787,0.449217327399301,0.48736741889818,-2.6128324591287435,4.336316142617064,5.485790419375744,4.362145602083333,6.298195538750001,7.541192396879972,1.9618793961329368,31.149864815443788
Addis_Ababa,mdl_3x,leave_quarter_out,2023Q1,ftir_CalibrationSetId,11,1,6.63401511944448,6.63401511944448,0.409759055442694,0.409759055442694,-7.701800326330918,7.701800326330918,7.701800326330918,-14.753706469999997,14.753706469999997,14.753706469999997,7.051906143669079,47.79752232436193
Addis_Ababa,mdl_3x,leave_quarter_out,2023Q2,ftir_CalibrationSetId,11,28,1.90446116072198,9.84021969992934,0.409759055442694,0.419307645387154,-0.4643906415111215,3.0018103083895005,4.0087763121970506,-5.1638009175,9.527649109642855,11.9917810057066,6.525838801253355,68.493693734466
Addis_Ababa,mdl_3x,leave_quarter_out,2023Q3,ftir_CalibrationSetId,11,28,3.43937872823145,10.5333537907337,0.404947794517731,0.431100672913667,1.633139785078103,3.3718998156053144,4.349017929427013,-8.074600191071431,10.077009112499999,12.348962106177453,6.705109296894685,66.5386844651887
Addis_Ababa,mdl_3x,leave_quarter_out,2023Q4,ftir_CalibrationSetId,11,26,2.23594182575397,4.14642906938964,0.404947794517731,0.419307645387154,0.08802445774150414,2.55335841255029,3.218157097498543,7.213592958461538,7.380482303076922,8.510390004595926,4.827123890526632,65.40390847511694
Addis_Ababa,mdl_3x,leave_quarter_out,2024Q1,ftir_CalibrationSetId,11,31,2.42463370413565,6.96258987683994,0.404947794517731,0.431325321518625,2.224704051864631,3.99029981564537,5.344183290377825,4.860354668064512,7.413803896451613,9.068286550822343,3.423504080806243,46.17742967877525
Addis_Ababa,mdl_3x,leave_quarter_out,2024Q2,ftir_CalibrationSetId,11,23,2.93608135081302,11.7351130556244,0.404947794517731,0.424033448767542,-1.0189352321155152,4.2693884141114085,5.315382684923661,-8.734616111521744,10.690362687173916,12.891132493987662,6.420974273062508,60.06320328838108
Addis_Ababa,mdl_3x,leave_quarter_out,2024Q3,ftir_CalibrationSetId,11,19,3.43072578969257,11.136414801705,0.404947794517731,1.43700224304556,1.892561903944733,5.664238125907318,7.859825552923681,-10.248394838421058,12.031616664736847,15.694884734253044,6.367378538829529,52.92205292320785
Addis_Ababa,mdl_3x,later_period,2023Q2,ftir_CalibrationSetId,11,28,1.90446116072198,9.84021969992934,0.409759055442694,0.419307645387154,6.186959638004895,6.4599369428458475,7.950166999064247,-8.419863492500001,10.577589865714286,13.712478733095123,4.117652922868438,38.928082626981116
Addis_Ababa,mdl_3x,later_period,2023Q3,ftir_CalibrationSetId,11,28,3.43937872823145,10.5333537907337,0.404947794517731,0.431100672913667,2.993560794775647,3.982373385640272,5.0313199799985515,-8.121368596071434,10.103733915357143,12.379593076002585,6.1213605297168705,60.58513200167242
Addis_Ababa,mdl_3x,later_period,2023Q4,ftir_CalibrationSetId,11,26,2.23594182575397,4.14642906938964,0.404947794517731,0.419307645387154,1.0509820935542054,2.6069117632596814,3.410082611893451,6.045373488461541,6.345756450769233,7.54568454647781,3.738844687509552,58.918817898476526
Addis_Ababa,mdl_3x,later_period,2024Q1,ftir_CalibrationSetId,11,31,2.42463370413565,6.96258987683994,0.404947794517731,0.431325321518625,2.3216920809823707,3.996181951817251,5.3684521366595925,3.2133720030645176,6.717303242096774,8.302802725497443,2.7211212902795228,40.50913279046991
Addis_Ababa,mdl_3x,later_period,2024Q2,ftir_CalibrationSetId,11,23,2.93608135081302,11.7351130556244,0.404947794517731,0.424033448767542,-0.6894063039217364,4.238359294245439,5.277903284691576,-9.718386056521737,11.331951781739129,13.576995466799179,7.09359248749369,62.59815276415717
Addis_Ababa,mdl_3x,later_period,2024Q3,ftir_CalibrationSetId,11,19,3.43072578969257,11.136414801705,0.404947794517731,1.43700224304556,1.892561903944733,5.664238125907318,7.859825552923681,-10.248394838421058,12.031616664736847,15.694884734253044,6.367378538829529,52.92205292320785
Addis_Ababa,mdl_5x,leave_quarter_out,2022Q4,ftir_CalibrationSetId,17,7,2.54716121453745,4.44446651940708,0.464676223281463,0.477235040126908,-6.463224084027227,6.525341148781217,7.771093514193732,-0.22730356571428395,5.191398048571429,6.788784139432745,-1.3339431002097877,-25.695257572800887
Addis_Ababa,mdl_5x,leave_quarter_out,2023Q1,ftir_CalibrationSetId,17,21,2.31740999208569,5.1807562461787,0.449217327399301,0.481741981744056,-2.560708981575759,4.524639371495731,5.658947755208536,3.6316510680952336,5.815632967142855,7.087124170651939,1.290993595647124,22.19867730547948
Addis_Ababa,mdl_5x,leave_quarter_out,2023Q1,ftir_CalibrationSetId,11,1,6.63401511944448,6.63401511944448,0.409759055442694,0.409759055442694,-7.690252670114944,7.690252670114944,7.690252670114944,-14.703574920000001,14.703574920000001,14.703574920000001,7.013322249885057,47.69807538672409
Addis_Ababa,mdl_5x,leave_quarter_out,2023Q2,ftir_CalibrationSetId,11,27,2.7330819375566,9.84021969992934,0.409759055442694,0.419307645387154,-0.677909439551716,2.9051781769950957,3.940017644594653,-5.71026979462963,9.204405820925924,11.658816738874707,6.299227643930829,68.4370916111688
Addis_Ababa,mdl_5x,leave_quarter_out,2023Q3,ftir_CalibrationSetId,11,28,3.43937872823145,10.5333537907337,0.404947794517731,0.431100672913667,1.6130353323914046,3.403292606626015,4.366502159046466,-7.862790611071433,9.955975066785713,12.211518048453636,6.552682460159698,65.81658166280675
Addis_Ababa,mdl_5x,leave_quarter_out,2023Q4,ftir_CalibrationSetId,11,26,2.23594182575397,4.14642906938964,0.404947794517731,0.419307645387154,0.26873472633411283,2.5363926431993185,3.2377258111859866,7.444625358461542,7.593742980000003,8.707081106077341,5.057350336800685,66.59891373885665
Addis_Ababa,mdl_5x,leave_quarter_out,2024Q1,ftir_CalibrationSetId,11,31,2.42463370413565,6.96258987683994,0.404947794517731,0.431325321518625,2.4061406611778424,4.056150431589366,5.441844366764762,5.623946913064513,7.832548030806448,9.499450107738697,3.7763975992170824,48.21416459067995
Addis_Ababa,mdl_5x,leave_quarter_out,2024Q2,ftir_CalibrationSetId,11,23,2.93608135081302,11.7351130556244,0.404947794517731,0.424033448767542,-1.0175225694485193,4.268114694982055,5.309188298124851,-8.49796015652174,10.536021846956523,12.731971771242675,6.267907151974468,59.49026343168641
Addis_Ababa,mdl_5x,leave_quarter_out,2024Q3,ftir_CalibrationSetId,11,19,3.43072578969257,11.136414801705,0.404947794517731,1.43700224304556,1.8412190692867303,5.657134552477362,7.853334716595631,-9.959031398421052,11.833631153157894,15.507485819824256,6.176496600680532,52.19443229842674
Addis_Ababa,mdl_5x,later_period,2023Q2,ftir_CalibrationSetId,11,27,2.7330819375566,9.84021969992934,0.409759055442694,0.419307645387154,5.100530939957382,5.434622572263311,6.710598460918023,-7.37513679962963,9.70004820111111,12.558402344106383,4.2654256288478,43.973241579966675
Addis_Ababa,mdl_5x,later_period,2023Q3,ftir_CalibrationSetId,11,28,3.43937872823145,10.5333537907337,0.404947794517731,0.431100672913667,2.8663895713716236,3.9592638051793605,5.073437828639284,-7.332355661071432,9.69864450107143,11.876916114657126,5.739380695892069,59.17714269512639
Addis_Ababa,mdl_5x,later_period,2023Q4,ftir_CalibrationSetId,11,26,2.23594182575397,4.14642906938964,0.404947794517731,0.419307645387154,1.561842601883146,2.797256943724086,3.62742294751235,6.885868888461536,7.077967776923074,8.234440175812978,4.280710833198988,60.47937724661263
Addis_Ababa,mdl_5x,later_period,2024Q1,ftir_CalibrationSetId,11,31,2.42463370413565,6.96258987683994,0.404947794517731,0.431325321518625,2.520419466153249,4.07948519277198,5.48254141108803,3.502446113064519,6.814878093709679,8.418901486736237,2.7353929009376996,40.138544862050324
Addis_Ababa,mdl_5x,later_period,2024Q2,ftir_CalibrationSetId,11,23,2.93608135081302,11.7351130556244,0.404947794517731,0.424033448767542,-0.7096711295795232,4.22986267435799,5.270233183121655,-9.286652296521737,11.050386286086956,13.271386108405624,6.820523611728967,61.72203790121238
Addis_Ababa,mdl_5x,later_period,2024Q3,ftir_CalibrationSetId,11,19,3.43072578969257,11.136414801705,0.404947794517731,1.43700224304556,1.8412190692867303,5.657134552477362,7.853334716595631,-9.959031398421052,11.833631153157894,15.507485819824256,6.176496600680532,52.19443229842674
Beijing,diagnostic,leave_quarter_out,2022Q3,ftir_CalibrationSetId,17,6,0.932718395317729,1.58687729757227,0.459100108602086,0.459100108602086,2.260466345366812,2.37147106381549,2.611639602892406,1.975507257166667,2.235789967166667,2.5316135122332195,-0.1356810966488231,-6.068597616115377
Beijing,diagnostic,leave_quarter_out,2023Q1,ftir_CalibrationSetId,11,14,-0.367697516444271,5.65963705476437,0.422302699997062,0.431100672913667,-5.510219857258649,7.094683249047405,11.030682496316928,-6.302029722642858,9.451072845214286,12.157313087860315,2.3563895961668813,24.93250908927318
Beijing,diagnostic,leave_quarter_out,2023Q1,ftir_CalibrationSetId,17,11,0.0456965079264879,3.43490264120989,0.459100108602086,0.46373748343645,-0.5058322665129519,2.662893701016373,3.4679661180530394,-2.9421140294545456,8.235898435999998,9.634512271010045,5.573004734983625,67.66723482921331
Beijing,diagnostic,leave_quarter_out,2023Q2,ftir_CalibrationSetId,17,3,0.384014661386851,2.5564123917451,0.459100108602086,0.46373748343645,0.4831010895158799,3.2426501475002065,3.7974600692315383,-1.3824389166666673,7.859147190000001,8.646334194828173,4.616497042499795,58.74043240179847
Beijing,diagnostic,leave_quarter_out,2023Q2,ftir_CalibrationSetId,11,25,-0.007768843666344,2.3372790992079,0.413856645997121,0.426656336079506,1.3071759819554092,3.0290621980890324,4.886597289629233,0.74438321688,4.18818324968,6.24245582961277,1.1591210515909673,27.67598699697609
Beijing,diagnostic,leave_quarter_out,2023Q3,ftir_CalibrationSetId,11,25,0.356633918780095,3.65095041523739,0.409759055442694,0.431100672913667,2.620029004383554,2.9761806201845915,3.527714579209143,2.3646744944000018,4.057880773600001,4.76489155781066,1.0817001534154094,26.656775143636494
Beijing,diagnostic,leave_quarter_out,2023Q4,ftir_CalibrationSetId,11,23,0.314993504740992,3.17005720845659,0.413856645997121,0.431100672913667,-1.2796865334603962,4.003047417669292,5.122924450220327,-0.6120834974782617,6.677002938173913,7.710692113328309,2.673955520504621,40.04724193270939
Beijing,diagnostic,leave_quarter_out,2024Q1,ftir_CalibrationSetId,11,22,0.172354477718149,4.1246073597929,0.413856645997121,0.426656336079506,-2.005525280725863,3.0786489154621397,4.1878189204404235,-5.020833893045454,7.248191406954544,9.568838228734368,4.169542491492404,57.52528123763099
Beijing,diagnostic,leave_quarter_out,2024Q2,ftir_CalibrationSetId,11,16,0.628370882626225,3.39413099739085,0.426656336079506,1.293302018741,2.4033663823368805,3.1147137136621112,3.617107303284548,-0.8619101555000003,3.6470431095,4.183272831484171,0.532329395837889,14.596191485953394
Beijing,diagnostic,leave_quarter_out,2024Q3,ftir_CalibrationSetId,11,10,0.971677641010547,2.75271427142736,0.445007146233463,0.475697294249564,3.591608574161698,3.591608574161698,4.0046427826008415,1.039456678,2.192588454,2.702841297794472,-1.399020120161698,-63.806781323208504
Beijing,diagnostic,leave_quarter_out,2024Q4,ftir_CalibrationSetId,11,8,0.367840729354983,3.0460150561075,0.465007467412495,1.37952215332374,-3.912395487854462,4.065095870564033,4.66688699181356,-6.846872662499999,7.44507035,9.104109772287867,3.379974479435967,45.39882527014627
Beijing,diagnostic,later_period,2023Q2,ftir_CalibrationSetId,17,3,0.384014661386851,2.5564123917451,0.459100108602086,0.46373748343645,2.0858569998962033,3.856874264765961,4.9417773664520315,-0.895632866666667,7.696878506666667,8.581964570084986,3.8400042419007057,49.89040997041435
Beijing,diagnostic,later_period,2023Q2,ftir_CalibrationSetId,11,25,-0.007768843666344,2.3372790992079,0.413856645997121,0.426656336079506,3.1064879709415116,4.574887047772396,5.724246878507485,1.2311892668800002,4.30508429808,6.319016966425581,-0.2698027496923965,-6.267072396531801
Beijing,diagnostic,later_period,2023Q3,ftir_CalibrationSetId,11,25,0.356633918780095,3.65095041523739,0.409759055442694,0.431100672913667,2.7816471593700207,3.0845913769815922,3.6328849378261476,2.1757736044000007,3.9596523107999997,4.674023627543315,0.8750609338184074,22.09943866615935
Beijing,diagnostic,later_period,2023Q4,ftir_CalibrationSetId,11,23,0.314993504740992,3.17005720845659,0.413856645997121,0.431100672913667,-1.3752423445777178,4.06905850832167,5.205290078965134,-1.5836031874782628,6.60714627078261,7.847797507202227,2.5380877624609397,38.41428142259526
Beijing,diagnostic,later_period,2024Q1,ftir_CalibrationSetId,11,22,0.172354477718149,4.1246073597929,0.413856645997121,0.426656336079506,-1.656586318752958,2.8691501923884704,3.9973751852414736,-5.5319503130454555,7.4743242951363635,9.84664238876065,4.605174102747894,61.613249852492196
Beijing,diagnostic,later_period,2024Q2,ftir_CalibrationSetId,11,16,0.628370882626225,3.39413099739085,0.426656336079506,1.293302018741,2.483313752928371,3.148004368691658,3.678433720162367,-1.0622512954999994,3.6971283945,4.229096863547936,0.5491240258083421,14.852717223054562
Beijing,diagnostic,later_period,2024Q3,ftir_CalibrationSetId,11,10,0.971677641010547,2.75271427142736,0.445007146233463,0.475697294249564,3.3864725585835203,3.3864725585835203,3.814833145987527,0.7548907579999998,2.13635899,2.606672390642584,-1.25011356858352,-58.516081540374444
Beijing,diagnostic,later_period,2024Q4,ftir_CalibrationSetId,11,8,0.367840729354983,3.0460150561075,0.465007467412495,1.37952215332374,-3.912395487854462,4.065095870564033,4.66688699181356,-6.846872662499999,7.44507035,9.104109772287867,3.379974479435967,45.39882527014627
Beijing,ratio_baseline,leave_quarter_out,2022Q3,ftir_CalibrationSetId,17,6,0.932718395317729,1.58687729757227,0.459100108602086,0.459100108602086,1.8090518431529024,2.0649135146264315,2.263686520921103,2.0131878771666667,2.2609103805,2.561125432495347,0.19599686587356846,8.668935644862836
Beijing,ratio_baseline,leave_quarter_out,2023Q1,ftir_CalibrationSetId,11,9,0.542791736745542,5.65963705476437,0.422302699997062,0.431100672913667,-2.534540761485289,3.6851910922175133,4.706558587183968,-7.665332741,8.544143674555556,11.699369968485438,4.858952582338043,56.86880707317686
Beijing,ratio_baseline,leave_quarter_out,2023Q1,ftir_CalibrationSetId,17,10,0.571892948865549,3.43490264120989,0.459100108602086,0.46373748343645,-0.9030328265041906,2.5760719503282314,3.461924217956007,-4.125975024000001,7.98416435,9.48146598579466,5.408092399671769,67.73523392804118
Beijing,ratio_baseline,leave_quarter_out,2023Q2,ftir_CalibrationSetId,17,2,1.52552927667091,2.5564123917451,0.459100108602086,0.46373748343645,-2.1072447575568,2.1072447575568,2.3098094393758175,-6.92718325,6.92718325,8.055551035346053,4.8199384924432,69.58006333155976
Beijing,ratio_baseline,leave_quarter_out,2023Q2,ftir_CalibrationSetId,11,24,0.451661060010277,2.3372790992079,0.413856645997121,0.426656336079506,0.5359922120660682,2.5727625773366256,4.721684286318468,0.2619154053333345,3.845200776166667,5.845246816682297,1.2724381988300415,33.09159320670252
Beijing,ratio_baseline,leave_quarter_out,2023Q3,ftir_CalibrationSetId,11,24,0.500226035120681,3.65095041523739,0.409759055442694,0.431100672913667,2.014270087570604,2.6096497766562696,3.2136518335708,2.2189147955416657,3.9199460338749996,4.572770968171024,1.31029625721873,33.42638510570151
Beijing,ratio_baseline,leave_quarter_out,2023Q4,ftir_CalibrationSetId,11,21,0.435116265721739,3.17005720845659,0.413856645997121,0.431100672913667,-1.885158694734894,3.735995568062836,5.008302533776464,-0.959603644666667,6.713450699142857,7.735384363272614,2.9774551310800215,44.35059203548139
Beijing,ratio_baseline,leave_quarter_out,2024Q1,ftir_CalibrationSetId,11,21,0.491350982998029,4.1246073597929,0.413856645997121,0.426656336079506,-1.6968387368178905,2.599962863649642,3.635525002466493,-4.803688014619047,7.354799744428571,9.618283450816778,4.754836880778929,64.64944044711518
Beijing,ratio_baseline,leave_quarter_out,2024Q2,ftir_CalibrationSetId,11,16,0.628370882626225,3.39413099739085,0.426656336079506,1.293302018741,2.204740871170545,3.1003248037538658,3.661180446000515,-0.6254327105,3.5879237482499997,4.141020229586295,0.48759894449613395,13.59000298526297
Beijing,ratio_baseline,leave_quarter_out,2024Q3,ftir_CalibrationSetId,11,10,0.971677641010547,2.75271427142736,0.445007146233463,0.475697294249564,3.3591808814719335,3.3591808814719335,3.8713446183040445,1.1038130179999999,2.2054597219999996,2.7282382730126002,-1.1537211594719339,-52.31204850232736
Beijing,ratio_baseline,leave_quarter_out,2024Q4,ftir_CalibrationSetId,11,7,0.642952675621373,3.0460150561075,0.465007467412495,1.37952215332374,-4.229084436005109,4.587252257196261,5.027084663698936,-8.163405978571427,8.163405978571427,9.687711543941894,3.5761537213751664,43.80712818598522
Beijing,ratio_baseline,later_period,2023Q2,ftir_CalibrationSetId,17,2,1.52552927667091,2.5564123917451,0.459100108602086,0.46373748343645,-1.4882399635392298,1.4882399635392298,1.7991901014875646,-6.4443835300000005,6.4443835300000005,7.644351757063484,4.956143566460771,76.90640296917229
Beijing,ratio_baseline,later_period,2023Q2,ftir_CalibrationSetId,11,24,0.451661060010277,2.3372790992079,0.413856645997121,0.426656336079506,1.248542048035149,2.9700142150880553,4.852909620947514,0.7447151253333336,3.9466891161666666,5.886672344056855,0.9766749010786113,24.746689499253854
Beijing,ratio_baseline,later_period,2023Q3,ftir_CalibrationSetId,11,24,0.500226035120681,3.65095041523739,0.409759055442694,0.431100672913667,1.8962875738531533,2.5514044691212967,3.1431427706462483,1.9416351405416663,3.7813062063749996,4.444839533263299,1.2299017372537029,32.52584345536948
Beijing,ratio_baseline,later_period,2023Q4,ftir_CalibrationSetId,11,21,0.435116265721739,3.17005720845659,0.413856645997121,0.431100672913667,-2.0355770797059813,3.7648808197912005,5.060387430899913,-1.6076183146666672,6.627938903428571,7.842178825961355,2.863058083637371,43.19680862109844
Beijing,ratio_baseline,later_period,2024Q1,ftir_CalibrationSetId,11,21,0.491350982998029,4.1246073597929,0.413856645997121,0.426656336079506,-1.3043475528549702,2.3392480293710056,3.4438481633716305,-5.461726779619047,7.558323768,9.963253354887101,5.2190757386289945,69.0507035531505
Beijing,ratio_baseline,later_period,2024Q2,ftir_CalibrationSetId,11,16,0.628370882626225,3.39413099739085,0.426656336079506,1.293302018741,2.2822157628528954,3.1342330291327065,3.724349912345014,-0.9778634455000005,3.6760314320000003,4.20869331081806,0.5417984028672937,14.7386771002804
Beijing,ratio_baseline,later_period,2024Q3,ftir_CalibrationSetId,11,10,0.971677641010547,2.75271427142736,0.445007146233463,0.475697294249564,3.1562037402559544,3.1562037402559544,3.690202965498395,0.9581295879999999,2.1763230360000003,2.6726191653555054,-0.9798807042559541,-45.02459828100418
Beijing,ratio_baseline,later_period,2024Q4,ftir_CalibrationSetId,11,7,0.642952675621373,3.0460150561075,0.465007467412495,1.37952215332374,-4.229084436005109,4.587252257196261,5.027084663698936,-8.163405978571427,8.163405978571427,9.687711543941894,3.5761537213751664,43.80712818598522
Beijing,mdl_1_5x,leave_quarter_out,2022Q3,ftir_CalibrationSetId,17,6,0.932718395317729,1.58687729757227,0.459100108602086,0.459100108602086,2.304563644615915,2.3991133156810256,2.65734191436988,2.730078212166667,2.7388372705,3.155909551421079,0.3397239548189743,12.403948145373187
Beijing,mdl_1_5x,leave_quarter_out,2023Q1,ftir_CalibrationSetId,11,8,0.784986347361332,5.65963705476437,0.422302699997062,0.431100672913667,-2.8034897013655113,3.5456526406246507,4.650024534772886,-8.72756731375,8.75599479125,12.04430807745724,5.210342150625349,59.505998745363854
Beijing,mdl_1_5x,leave_quarter_out,2023Q1,ftir_CalibrationSetId,17,8,0.748811015052267,3.43490264120989,0.459100108602086,0.46373748343645,-1.5596996568825112,2.747899065692933,3.60759804786975,-6.250860755125,8.327843019874999,9.819792538573198,5.579943954182066,67.0034718577803
Beijing,mdl_1_5x,leave_quarter_out,2023Q2,ftir_CalibrationSetId,17,2,1.52552927667091,2.5564123917451,0.459100108602086,0.46373748343645,-1.9365309258209633,1.9365309258209633,2.2336297917487267,-6.3649257100000005,6.3649257100000005,7.577487314262118,4.428394784179037,69.57496420141307
Beijing,mdl_1_5x,leave_quarter_out,2023Q2,ftir_CalibrationSetId,11,20,0.644969656209629,2.3372790992079,0.413856645997121,0.426656336079506,0.574417207117287,2.7683549159832057,5.072817580510413,-0.4305065004499998,3.3482960325499995,5.61251928303215,0.5799411165667938,17.320485134198886
Beijing,mdl_1_5x,leave_quarter_out,2023Q3,ftir_CalibrationSetId,11,21,0.636482977090821,3.65095041523739,0.409759055442694,0.431100672913667,2.361589546624676,2.8008868028537637,3.447480362016861,2.2871180823333326,3.763435288999999,4.346693369613042,0.9625484861462352,25.576326208122442
Beijing,mdl_1_5x,leave_quarter_out,2023Q4,ftir_CalibrationSetId,11,14,0.640530528920613,3.17005720845659,0.413856645997121,0.431100672913667,-3.2267087553121856,3.676939912852218,5.304707939856414,-4.278041517857144,6.44468253357143,7.6812748820849945,2.7677426207192117,42.94614368204449
Beijing,mdl_1_5x,leave_quarter_out,2024Q1,ftir_CalibrationSetId,11,19,0.651853835889443,4.1246073597929,0.413856645997121,0.426656336079506,-2.022099814192928,2.552780619056176,3.630329490287174,-5.719455192000001,7.26682202063158,9.574567546572439,4.714041401575404,64.8707425087823
Beijing,mdl_1_5x,leave_quarter_out,2024Q2,ftir_CalibrationSetId,11,14,0.751349214687733,3.39413099739085,0.426656336079506,0.449844180431653,2.4480507343108044,3.2243703906728167,3.845493627540888,-0.559082556500001,3.4764430477857147,4.051351639386988,0.25207265711289795,7.2508783733262385
Beijing,mdl_1_5x,leave_quarter_out,2024Q3,ftir_CalibrationSetId,11,10,0.971677641010547,2.75271427142736,0.445007146233463,0.475697294249564,3.7272332928068637,3.7272332928068637,4.144316006515781,1.9343278129999995,2.638535217,3.156977190885273,-1.0886980758068638,-41.26145706877119
Beijing,mdl_1_5x,leave_quarter_out,2024Q4,ftir_CalibrationSetId,11,6,0.98262693810373,3.0460150561075,0.470291643178546,1.37952215332374,-4.016863933914644,4.3588957895362705,4.925957053157224,-8.847648374999999,8.847648374999999,9.99723297665957,4.488752585463728,50.733849212941045
Beijing,mdl_1_5x,later_period,2023Q2,ftir_CalibrationSetId,17,2,1.52552927667091,2.5564123917451,0.459100108602086,0.46373748343645,-1.2072796292562122,1.2072796292562122,1.665163656365389,-5.632302635000001,5.632302635000001,6.973440160796698,4.425023005743789,78.56507884086359
Beijing,mdl_1_5x,later_period,2023Q2,ftir_CalibrationSetId,11,20,0.644969656209629,2.3372790992079,0.413856645997121,0.426656336079506,1.3422122211867986,3.2714587242868185,5.212193409722666,0.3021165745499996,3.5276007040500006,5.604133410269231,0.2561419797631821,7.261082000270275
Beijing,mdl_1_5x,later_period,2023Q3,ftir_CalibrationSetId,11,21,0.636482977090821,3.65095041523739,0.409759055442694,0.431100672913667,2.211936104023823,2.7100461155188618,3.3563697112833957,1.7611697723333342,3.538028870428572,4.094453943309477,0.8279827549097103,23.402374181571172
Beijing,mdl_1_5x,later_period,2023Q4,ftir_CalibrationSetId,11,14,0.640530528920613,3.17005720845659,0.413856645997121,0.431100672913667,-3.3280808906465102,3.743530053987444,5.369896841778903,-4.656143412857142,6.49869709,7.898102054717534,2.755167036012556,42.39568328630249
Beijing,mdl_1_5x,later_period,2024Q1,ftir_CalibrationSetId,11,19,0.651853835889443,4.1246073597929,0.413856645997121,0.426656336079506,-1.544056251385136,2.2643961175560965,3.371747164435992,-6.007332702,7.316168606421052,9.749267777792394,5.051772488864955,69.04942683293623
Beijing,mdl_1_5x,later_period,2024Q2,ftir_CalibrationSetId,11,14,0.751349214687733,3.39413099739085,0.426656336079506,0.449844180431653,2.610677503136398,3.266745580334253,3.943731374118534,-0.6845331614999985,3.5016648985,4.070560458975428,0.23491931816574718,6.708789246691739
Beijing,mdl_1_5x,later_period,2024Q3,ftir_CalibrationSetId,11,10,0.971677641010547,2.75271427142736,0.445007146233463,0.475697294249564,3.543087303408124,3.543087303408124,3.972480023597983,1.5173908030000014,2.388373011000001,2.9201636503205597,-1.1547142924081228,-48.34731790595177
Beijing,mdl_1_5x,later_period,2024Q4,ftir_CalibrationSetId,11,6,0.98262693810373,3.0460150561075,0.470291643178546,1.37952215332374,-4.016863933914644,4.3588957895362705,4.925957053157224,-8.847648374999999,8.847648374999999,9.99723297665957,4.488752585463728,50.733849212941045
Beijing,mdl_2x,leave_quarter_out,2022Q3,ftir_CalibrationSetId,17,6,0.932718395317729,1.58687729757227,0.459100108602086,0.459100108602086,2.508891656965858,2.5372632156992725,2.828740396968555,3.938621267166667,3.938621267166667,4.2448999444487745,1.4013580514673944,35.57991379240919
Beijing,mdl_2x,leave_quarter_out,2023Q1,ftir_CalibrationSetId,11,7,0.963603807746388,5.65963705476437,0.422302699997062,0.431100672913667,-2.9356355634677693,3.456033946516349,4.785211662976146,-9.269635617142857,9.36902852,12.324814411156558,5.912994573483651,63.1121418924195
Beijing,mdl_2x,leave_quarter_out,2023Q1,ftir_CalibrationSetId,17,7,1.05650392675548,3.43490264120989,0.459100108602086,0.46373748343645,-2.2666187179022748,2.8270742544643364,3.769980567906735,-7.263018084285714,8.368398658571428,9.709284165770363,5.541324404107091,66.21726127293573
Beijing,mdl_2x,leave_quarter_out,2023Q2,ftir_CalibrationSetId,17,2,1.52552927667091,2.5564123917451,0.459100108602086,0.46373748343645,-1.9337026314594263,1.9337026314594263,2.262522544004953,-5.095874210000001,5.095874210000001,6.5478216735130665,3.1621715785405744,62.05356428020177
Beijing,mdl_2x,leave_quarter_out,2023Q2,ftir_CalibrationSetId,11,17,0.869260683204829,2.3372790992079,0.413856645997121,0.426656336079506,0.4264398999544425,2.967226963836429,5.444194001301271,-0.12868358600000002,3.2242390398823533,5.523900886382885,0.25701207604592424,7.9712475677765555
Beijing,mdl_2x,leave_quarter_out,2023Q3,ftir_CalibrationSetId,11,19,0.82787263380431,3.65095041523739,0.409759055442694,0.431100672913667,2.956408452534365,3.2503301484623717,3.8015205865809865,3.3540777273157887,4.364290798894737,5.123767143021881,1.113960650432365,25.524436884784972
Beijing,mdl_2x,leave_quarter_out,2023Q4,ftir_CalibrationSetId,11,11,0.839272807578568,3.17005720845659,0.413856645997121,0.431100672913667,-4.05857230553105,4.219493373731002,5.8838176628922465,-5.749604544545456,6.956474524545455,7.926118298400588,2.7369811508144535,39.344371077004574
Beijing,mdl_2x,leave_quarter_out,2024Q1,ftir_CalibrationSetId,11,16,0.938242880475365,4.1246073597929,0.413856645997121,0.426656336079506,-2.5632283595662098,2.777845185782309,3.915568594605201,-6.9152830268750005,7.691503231874999,9.847220548301827,4.91365804609269,63.88423560338103
Beijing,mdl_2x,leave_quarter_out,2024Q2,ftir_CalibrationSetId,11,13,1.14621555108109,3.39413099739085,0.426656336079506,0.449844180431653,2.2679530055069277,3.0469997915545397,3.687949966855423,-0.08833821800000094,2.915584092000001,3.3327927791362475,-0.1314156995545388,-4.507354115256942
Beijing,mdl_2x,leave_quarter_out,2024Q3,ftir_CalibrationSetId,11,10,0.971677641010547,2.75271427142736,0.445007146233463,0.475697294249564,3.880652708605158,3.880652708605158,4.260690875518625,3.0483911080000006,3.3069731940000002,3.9392346011576893,-0.5736795146051579,-17.347570752796305
Beijing,mdl_2x,leave_quarter_out,2024Q4,ftir_CalibrationSetId,11,5,0.98262693810373,3.0460150561075,0.470291643178546,0.475697294249564,-3.6891678404495023,4.073240734161802,4.773716576717722,-7.470004233,7.724548099000001,9.00615553788746,3.651307364838199,47.26887991429411
Beijing,mdl_2x,later_period,2023Q2,ftir_CalibrationSetId,17,2,1.52552927667091,2.5564123917451,0.459100108602086,0.46373748343645,-1.080413774038795,1.2002150379101169,1.6148715306049382,-3.314733725000001,4.11169487,5.281429197824837,2.911479832089883,70.80972504386939
Beijing,mdl_2x,later_period,2023Q2,ftir_CalibrationSetId,11,17,0.869260683204829,2.3372790992079,0.413856645997121,0.426656336079506,1.302421476176919,3.5460166878587853,5.57704956787924,1.652456899,3.9664518507647064,5.764333035167945,0.4204351629059211,10.59977982147606
Beijing,mdl_2x,later_period,2023Q3,ftir_CalibrationSetId,11,19,0.82787263380431,3.65095041523739,0.409759055442694,0.431100672913667,2.793281763321029,3.1259649825165146,3.6894885300787705,2.772196357315789,4.080464582578947,4.7632158232175135,0.9544996000624324,23.391934441424972
Beijing,mdl_2x,later_period,2023Q4,ftir_CalibrationSetId,11,11,0.839272807578568,3.17005720845659,0.413856645997121,0.431100672913667,-4.181845442805167,4.331870694093715,5.972902201164148,-6.3425469195454545,7.225993785909091,8.3661998714003,2.8941230918153753,40.05155799412676
Beijing,mdl_2x,later_period,2024Q1,ftir_CalibrationSetId,11,16,0.938242880475365,4.1246073597929,0.413856645997121,0.426656336079506,-1.9679348759431383,2.386533917587327,3.564949744651092,-6.9152830268750005,7.691503231874999,9.847220548301827,5.304969314287672,68.97181414814865
Beijing,mdl_2x,later_period,2024Q2,ftir_CalibrationSetId,11,13,1.14621555108109,3.39413099739085,0.426656336079506,0.449844180431653,2.5208159861973343,3.094398726413042,3.8318417684847144,0.24891811700000013,2.889641297,3.340907705530657,-0.2047574294130423,-7.0859116536581785
Beijing,mdl_2x,later_period,2024Q3,ftir_CalibrationSetId,11,10,0.971677641010547,2.75271427142736,0.445007146233463,0.475697294249564,3.723198578085058,3.723198578085058,4.115218211410671,2.9676849280000006,3.2585494860000006,3.8771168060174404,-0.46464909208505745,-14.259384246928615
Beijing,mdl_2x,later_period,2024Q4,ftir_CalibrationSetId,11,5,0.98262693810373,3.0460150561075,0.470291643178546,0.475697294249564,-3.6891678404495023,4.073240734161802,4.773716576717722,-7.470004233,7.724548099000001,9.00615553788746,3.651307364838199,47.26887991429411
Beijing,mdl_3x,leave_quarter_out,2022Q3,ftir_CalibrationSetId,17,2,1.50513248169022,1.58687729757227,0.459100108602086,0.459100108602086,4.632502289105535,4.632502289105535,4.6325347208408845,6.657151489999998,6.657151489999998,6.659663148785513,2.024649200894463,30.41314598196809
Beijing,mdl_3x,leave_quarter_out,2023Q1,ftir_CalibrationSetId,11,6,1.29526896612505,5.65963705476437,0.422302699997062,0.431100672913667,-3.1790108158917207,3.358443872992846,4.656288551229554,-8.38463825,8.904473036666667,11.370463878870936,5.546029163673822,62.28363139330638
Beijing,mdl_3x,leave_quarter_out,2023Q1,ftir_CalibrationSetId,17,5,1.89398652794746,3.43490264120989,0.46373748343645,0.46373748343645,-3.4324749719727934,3.4324749719727934,4.313366344326819,-8.45407589,8.45407589,9.040733769329664,5.021600918027207,59.3985786662628
Beijing,mdl_3x,leave_quarter_out,2023Q2,ftir_CalibrationSetId,17,2,1.52552927667091,2.5564123917451,0.459100108602086,0.46373748343645,-1.3923647787317428,1.4632633245444353,2.0198562409264498,-1.1554080200000003,4.11169487,4.270948653011955,2.6484315454555647,64.41216163142876
Beijing,mdl_3x,leave_quarter_out,2023Q2,ftir_CalibrationSetId,11,10,1.32841046794249,2.3372790992079,0.413856645997121,0.426656336079506,0.668035105349001,4.490290986352592,6.835288739990136,1.577230649,4.805931979,6.302892369406292,0.31564099264740797,6.567737413401455
Beijing,mdl_3x,leave_quarter_out,2023Q3,ftir_CalibrationSetId,11,9,1.27809062922122,3.65095041523739,0.409759055442694,0.426656336079506,4.107848540664005,4.107848540664005,4.7318363742386325,4.61534489877778,5.261970034333334,6.122617380380236,1.1541214936693294,21.933258573099245
Beijing,mdl_3x,leave_quarter_out,2023Q4,ftir_CalibrationSetId,11,7,1.34974668934944,3.17005720845659,0.422302699997062,0.426656336079506,-4.957669977326547,5.180960192355353,6.608955456068261,-7.130191797142858,7.130191797142858,7.5138921718712455,1.9492316047875056,27.337716294933088
Beijing,mdl_3x,leave_quarter_out,2024Q1,ftir_CalibrationSetId,11,11,1.37941224868645,4.1246073597929,0.413856645997121,0.426656336079506,-3.4422476152538337,3.507562752850342,4.495934696839275,-8.27160661909091,8.528890070000001,9.791927501411687,5.021327317149659,58.87433506514474
Beijing,mdl_3x,leave_quarter_out,2024Q2,ftir_CalibrationSetId,11,10,1.31788034641937,3.39413099739085,0.426656336079506,0.449844180431653,3.0882231651575083,3.2714165392459074,4.137685213403429,3.0961960419999968,3.3454698299999976,4.358076828901788,0.07405329075409028,2.213539338780716
Beijing,mdl_3x,leave_quarter_out,2024Q3,ftir_CalibrationSetId,11,7,1.43839016264002,2.75271427142736,0.445007146233463,0.475697294249564,5.135770538654372,5.135770538654372,5.414617241819021,5.824337286000001,5.824337286000001,6.288487842524371,0.6885667473456296,11.822233389552183
Beijing,mdl_3x,leave_quarter_out,2024Q4,ftir_CalibrationSetId,11,3,2.49449385973875,3.0460150561075,0.470291643178546,0.475697294249564,-3.4600992264505117,4.045565454703952,4.834126038256014,-7.35479977,7.35479977,7.692691352396403,3.309234315296048,44.99421355825773
Beijing,mdl_3x,later_period,2023Q2,ftir_CalibrationSetId,17,2,1.52552927667091,2.5564123917451,0.459100108602086,0.46373748343645,0.3723095017162441,1.650182293070169,1.691660712267835,4.62495901,4.62495901,6.188398867895031,2.9747767169298314,64.32006663189499
Beijing,mdl_3x,later_period,2023Q2,ftir_CalibrationSetId,11,10,1.32841046794249,2.3372790992079,0.413856645997121,0.426656336079506,2.480154138709598,5.910928476612915,7.185842151498264,7.3575976789999995,9.430225603,9.55892458941911,3.5192971263870856,37.3193312073839
Beijing,mdl_3x,later_period,2023Q3,ftir_CalibrationSetId,11,9,1.27809062922122,3.65095041523739,0.409759055442694,0.426656336079506,4.351219888136213,4.351219888136213,4.942921316523956,3.9898336987777774,4.841052023222222,5.666022237492793,0.48983213508600887,10.118299343537622
Beijing,mdl_3x,later_period,2023Q4,ftir_CalibrationSetId,11,7,1.34974668934944,3.17005720845659,0.422302699997062,0.426656336079506,-4.857955584980949,5.0503861780152794,6.470122622478352,-7.192713627142857,7.192713627142857,7.573246980559343,2.1423274491275777,29.78468989844336
Beijing,mdl_3x,later_period,2024Q1,ftir_CalibrationSetId,11,11,1.37941224868645,4.1246073597929,0.413856645997121,0.426656336079506,-2.582682971071993,2.9469295355200873,3.850097214321274,-6.316464919090911,6.979793660909092,8.207319733385566,4.032864125389004,57.779131036142104
Beijing,mdl_3x,later_period,2024Q2,ftir_CalibrationSetId,11,10,1.31788034641937,3.39413099739085,0.426656336079506,0.449844180431653,3.6742113031288364,3.7278225518614336,4.514086022692815,5.228165627000001,5.228165627000001,6.061362845058735,1.5003430751385674,28.69731340166984
Beijing,mdl_3x,later_period,2024Q3,ftir_CalibrationSetId,11,7,1.43839016264002,2.75271427142736,0.445007146233463,0.475697294249564,5.01291090476132,5.01291090476132,5.296474667071356,5.590024380999998,5.590024380999998,6.072112244076305,0.5771134762386785,10.323988535725112
Beijing,mdl_3x,later_period,2024Q4,ftir_CalibrationSetId,11,3,2.49449385973875,3.0460150561075,0.470291643178546,0.475697294249564,-3.4600992264505117,4.045565454703952,4.834126038256014,-7.35479977,7.35479977,7.692691352396403,3.309234315296048,44.99421355825773
Beijing,mdl_5x,leave_quarter_out,2023Q1,ftir_CalibrationSetId,11,2,4.63615900466652,5.65963705476437,0.422302699997062,0.431100672913667,-1.0359885430886333,1.340050620359067,1.6938146080771737,-12.182089480000004,12.182089480000004,12.758981201591668,10.842038859640937,88.99982944174641
Beijing,mdl_5x,leave_quarter_out,2023Q1,ftir_CalibrationSetId,17,4,2.44205758829968,3.43490264120989,0.46373748343645,0.46373748343645,-3.850355538234421,3.850355538234421,4.617091337368466,-4.276359845000002,4.276359845000002,4.322784002262737,0.42600430676558076,9.961844236837852
Beijing,mdl_5x,leave_quarter_out,2023Q2,ftir_CalibrationSetId,17,1,2.5564123917451,2.5564123917451,0.46373748343645,0.46373748343645,-1.771672141981444,1.771672141981444,1.771672141981444,1.1781260350000018,1.1781260350000018,1.1781260350000018,-0.5935461069814423,-50.380527154842255
Beijing,mdl_5x,leave_quarter_out,2023Q2,ftir_CalibrationSetId,11,3,2.0991203446327,2.3372790992079,0.418037016158708,0.418037016158708,6.07149358370454,6.07149358370454,6.1404430545956386,10.426965178333335,10.426965178333335,10.507956790370146,4.355471594628795,41.771229884599855
Beijing,mdl_5x,leave_quarter_out,2023Q3,ftir_CalibrationSetId,11,2,2.50960453407734,3.65095041523739,0.414270916914035,0.426656336079506,4.284897839734231,4.284897839734231,4.436777498526985,4.705783035000003,4.705783035000003,4.976852736277831,0.4208851952657717,8.94399916305898
Beijing,mdl_5x,leave_quarter_out,2023Q4,ftir_CalibrationSetId,11,4,2.17903187195365,3.17005720845659,0.422302699997062,0.426656336079506,-2.7281764875650083,3.156895846744799,3.948114919237329,1.3903691525000017,1.4143178925000015,1.9464685513491269,-1.7425779542447977,-123.20977932086761
Beijing,mdl_5x,leave_quarter_out,2024Q1,ftir_CalibrationSetId,11,7,2.25609496925828,4.1246073597929,0.422302699997062,0.426656336079506,-2.2947995787172815,2.380773904277502,2.7648062291676765,-3.7019342757142866,4.698388612857143,5.425256739914803,2.3176147085796415,49.32786322181796
Beijing,mdl_5x,leave_quarter_out,2024Q2,ftir_CalibrationSetId,11,3,2.19407834815548,3.39413099739085,0.426656336079506,0.449844180431653,5.810132572303839,5.810132572303839,6.028637812764828,6.683281983333335,6.683281983333335,6.843074669974753,0.8731494110294955,13.064680095901116
Beijing,mdl_5x,leave_quarter_out,2024Q3,ftir_CalibrationSetId,11,1,2.75271427142736,2.75271427142736,0.445007146233463,0.445007146233463,7.440982681412693,7.440982681412693,7.440982681412693,9.182108229999999,9.182108229999999,9.182108229999999,1.7411255485873056,18.962154496269815
Beijing,mdl_5x,leave_quarter_out,2024Q4,ftir_CalibrationSetId,11,3,2.49449385973875,3.0460150561075,0.470291643178546,0.475697294249564,-3.4335800159187806,4.052466321037717,4.827888151488131,-1.2944959099999984,2.3486425233333335,2.600026970523398,-1.7038237977043837,-72.54504594791273
Beijing,mdl_5x,later_period,2023Q3,ftir_CalibrationSetId,11,2,2.50960453407734,3.65095041523739,0.414270916914035,0.426656336079506,4.157639460522164,4.157639460522164,4.41764733190335,5.984635950000001,5.984635950000001,6.200043277279176,1.8269964894778372,30.528114069792945
Beijing,mdl_5x,later_period,2023Q4,ftir_CalibrationSetId,11,4,2.17903187195365,3.17005720845659,0.422302699997062,0.426656336079506,-2.977956730096464,3.3187173708262563,4.152789817313598,1.3969340824999978,1.4176003574999996,1.9511633124927568,-1.9011170133262567,-134.10810763895122
Beijing,mdl_5x,later_period,2024Q1,ftir_CalibrationSetId,11,7,2.25609496925828,4.1246073597929,0.422302699997062,0.426656336079506,-1.4960334934651318,1.8643168013090075,2.096382319153649,-2.670821645714284,4.256483199999999,4.781462284228403,2.392166398690992,56.2005366000503
Beijing,mdl_5x,later_period,2024Q2,ftir_CalibrationSetId,11,3,2.19407834815548,3.39413099739085,0.426656336079506,0.449844180431653,5.8131997710465635,5.8131997710465635,6.04688475855407,6.683281983333335,6.683281983333335,6.843074669974753,0.8700822122867713,13.018786495266381
Beijing,mdl_5x,later_period,2024Q3,ftir_CalibrationSetId,11,1,2.75271427142736,2.75271427142736,0.445007146233463,0.445007146233463,7.046006733244651,7.046006733244651,7.046006733244651,9.030062330000002,9.030062330000002,9.030062330000002,1.9840555967553506,21.971671116420193
Beijing,mdl_5x,later_period,2024Q4,ftir_CalibrationSetId,11,3,2.49449385973875,3.0460150561075,0.470291643178546,0.475697294249564,-3.4335800159187806,4.052466321037717,4.827888151488131,-1.2944959099999984,2.3486425233333335,2.600026970523398,-1.7038237977043837,-72.54504594791273
Delhi,diagnostic,leave_quarter_out,2022Q3,ftir_CalibrationSetId,17,8,0.398316439892043,3.32389823635328,0.463761165965127,0.513289507738195,14.768327113774278,14.768327113774278,15.567792865767046,35.78156118375,35.78156118375,37.24209295899741,21.013234069975724,58.72643164468399
Delhi,diagnostic,leave_quarter_out,2023Q1,ftir_CalibrationSetId,17,7,0.889581570768424,7.32383405664732,0.46373748343645,0.488404370853283,12.883131181492953,12.883131181492953,12.982709832358875,22.698093686714287,24.059994543857147,25.871918479119458,11.176863362364195,46.45413922264502
Delhi,diagnostic,leave_quarter_out,2023Q1,ftir_CalibrationSetId,11,9,0.395755224498325,7.97328819431268,0.418037016158708,0.426656336079506,12.25804645853601,12.25804645853601,12.736316984717025,20.497501267777782,23.20866304777778,26.827836339654976,10.95061658924177,47.18331498328288
Delhi,diagnostic,leave_quarter_out,2023Q2,ftir_CalibrationSetId,11,5,-4.00417792721577,7.06303673809014,0.422302699997062,0.431100672913667,-6.679394214308166,13.367472140885251,21.78868044975003,13.960216802000001,22.795002950000004,24.25682288497056,9.427530809114753,41.35788369843028
Delhi,diagnostic,leave_quarter_out,2024Q1,ftir_CalibrationSetId,11,7,4.51534607440636,12.2677141596258,0.836074032317415,0.844605399994124,7.316318544455052,7.408574579247485,10.612653596798175,-25.53234057857143,25.53234057857143,27.974139995876865,18.123765999323943,70.98356667909525
Delhi,diagnostic,leave_quarter_out,2024Q2,ftir_CalibrationSetId,11,26,-0.935341022157866,12.3341071250393,0.836074032317415,0.950484163055588,-17.18281634559818,17.835794981925474,21.665002350758662,-31.445469803846155,32.11143159384616,38.17539359349125,14.275636611920689,44.456556133911114
Delhi,diagnostic,later_period,2023Q2,ftir_CalibrationSetId,11,5,-4.00417792721577,7.06303673809014,0.422302699997062,0.431100672913667,-15.641010843534009,16.0240762280388,26.4768559163382,-7.5160753929999995,14.985787131,21.21313726508289,-1.0382890970388008,-6.928492230421238
Delhi,diagnostic,later_period,2024Q1,ftir_CalibrationSetId,11,7,4.51534607440636,12.2677141596258,0.836074032317415,0.844605399994124,-8.054078246442737,8.80813502474886,9.55394735712561,-39.12447678857143,39.12447678857143,40.759989905153525,30.316341763822567,77.48689376129424
Delhi,diagnostic,later_period,2024Q2,ftir_CalibrationSetId,11,26,-0.935341022157866,12.3341071250393,0.836074032317415,0.950484163055588,-17.18281634559818,17.835794981925474,21.665002350758662,-31.445469803846155,32.11143159384616,38.17539359349125,14.275636611920689,44.456556133911114
Delhi,ratio_baseline,leave_quarter_out,2022Q3,ftir_CalibrationSetId,17,5,0.698868573537991,3.32389823635328,0.463761165965127,0.513289507738195,7.867380125508097,7.867380125508097,8.642912767615396,30.621484783000007,30.621484783000007,31.98129474476944,22.754104657491908,74.30764647351197
Delhi,ratio_baseline,leave_quarter_out,2023Q1,ftir_CalibrationSetId,17,7,0.889581570768424,7.32383405664732,0.46373748343645,0.488404370853283,11.309516005270707,11.309516005270707,11.37200530075099,23.86956573671429,24.89676029385714,26.905554765487896,13.587244288586435,54.574346735140715
Delhi,ratio_baseline,leave_quarter_out,2023Q1,ftir_CalibrationSetId,11,8,1.0808941144695,7.97328819431268,0.418037016158708,0.426656336079506,10.574492828774758,10.574492828774758,10.995682442702744,18.881634036125,21.345955013624998,24.972508112624727,10.77146218485024,50.46137396042894
Delhi,ratio_baseline,leave_quarter_out,2023Q2,ftir_CalibrationSetId,11,4,0.623923004582532,7.06303673809014,0.422302699997062,0.431100672913667,3.4120314813729804,4.652571102295709,5.561965484701761,19.868229515000003,28.604621262500004,29.635431615152893,23.952050160204294,83.73489703079858
Delhi,ratio_baseline,leave_quarter_out,2024Q1,ftir_CalibrationSetId,11,7,4.51534607440636,12.2677141596258,0.836074032317415,0.844605399994124,10.110635110901502,10.110635110901502,14.047887090319412,-22.133759608571427,22.133759608571427,24.91094955032386,12.023124497669926,54.32029944435604
Delhi,ratio_baseline,leave_quarter_out,2024Q2,ftir_CalibrationSetId,11,25,1.21347583108823,12.3341071250393,0.836074032317415,0.950484163055588,-15.30017210482093,15.827297377060063,19.471579918951843,-30.1527040952,31.090997109600004,37.34886167906513,15.26369973253994,49.09363208498369
Delhi,ratio_baseline,later_period,2023Q2,ftir_CalibrationSetId,11,4,0.623923004582532,7.06303673809014,0.422302699997062,0.431100672913667,-4.2763561309936415,5.5194250999534225,6.404980821885007,-3.296623705000001,17.022194652499998,22.23465742502129,11.502769552546575,67.57512640038573
Delhi,ratio_baseline,later_period,2024Q1,ftir_CalibrationSetId,11,7,4.51534607440636,12.2677141596258,0.836074032317415,0.844605399994124,0.006850666684670159,5.862116079577946,8.20465562487837,-37.520385073571425,37.520385073571425,39.222842696034085,31.65826899399348,84.3761835917108
Delhi,ratio_baseline,later_period,2024Q2,ftir_CalibrationSetId,11,25,1.21347583108823,12.3341071250393,0.836074032317415,0.950484163055588,-15.30017210482093,15.827297377060063,19.471579918951843,-30.1527040952,31.090997109600004,37.34886167906513,15.26369973253994,49.09363208498369
Delhi,mdl_1_5x,leave_quarter_out,2022Q3,ftir_CalibrationSetId,17,4,1.16211772907362,3.32389823635328,0.463761165965127,0.512649082073899,7.235687519073323,7.235687519073323,7.905776747272937,27.853040916750004,27.853040916750004,28.95549103322827,20.61735339767668,74.0219118598214
Delhi,mdl_1_5x,leave_quarter_out,2023Q1,ftir_CalibrationSetId,17,7,0.889581570768424,7.32383405664732,0.46373748343645,0.488404370853283,12.919382646611478,12.919382646611478,12.984482586581262,24.971425061714285,25.683802668857144,27.887717339218643,12.764420022245666,49.6983261661761
Delhi,mdl_1_5x,leave_quarter_out,2023Q1,ftir_CalibrationSetId,11,8,1.0808941144695,7.97328819431268,0.418037016158708,0.426656336079506,11.940481090073852,11.940481090073852,12.328609780428142,19.983493361125,21.896884676124998,25.81569415055657,9.956403586051145,45.469498210889284
Delhi,mdl_1_5x,leave_quarter_out,2023Q2,ftir_CalibrationSetId,11,3,1.10052228600158,7.06303673809014,0.422302699997062,0.426656336079506,1.6127246438680345,3.2770943821084444,3.362042868605205,15.013863475000006,25.58560459166667,26.50810127550244,22.308510209558225,87.19164766903415
Delhi,mdl_1_5x,leave_quarter_out,2024Q1,ftir_CalibrationSetId,11,7,4.51534607440636,12.2677141596258,0.836074032317415,0.844605399994124,9.929502249595034,9.929502249595034,13.708840127419133,-18.617036823571425,18.617036823571425,21.845964230927578,8.687534573976391,46.6644324567104
Delhi,mdl_1_5x,leave_quarter_out,2024Q2,ftir_CalibrationSetId,11,24,1.91885461238395,12.3341071250393,0.836074032317415,0.950484163055588,-15.42491351276289,16.05189511903461,19.65058859078486,-31.11037552041667,31.82648889041667,37.741880688625486,15.774593771382058,49.564354477480464
Delhi,mdl_1_5x,later_period,2023Q2,ftir_CalibrationSetId,11,3,1.10052228600158,7.06303673809014,0.422302699997062,0.426656336079506,-6.312256485946345,6.312256485946345,7.214903461698642,-9.02765322,17.571765693333333,23.638144162495742,11.259509207386987,64.07727831050471
Delhi,mdl_1_5x,later_period,2024Q1,ftir_CalibrationSetId,11,7,4.51534607440636,12.2677141596258,0.836074032317415,0.844605399994124,-0.3910833521765135,5.795221087735457,7.896115126041292,-35.85849896357143,35.85849896357143,37.63620651725152,30.063277875835972,83.83864005678873
Delhi,mdl_1_5x,later_period,2024Q2,ftir_CalibrationSetId,11,24,1.91885461238395,12.3341071250393,0.836074032317415,0.950484163055588,-15.42491351276289,16.05189511903461,19.65058859078486,-31.11037552041667,31.82648889041667,37.741880688625486,15.774593771382058,49.564354477480464
Delhi,mdl_2x,leave_quarter_out,2022Q3,ftir_CalibrationSetId,17,4,1.16211772907362,3.32389823635328,0.463761165965127,0.512649082073899,7.756568388693172,7.756568388693172,8.40722660706776,28.39111360675,28.39111360675,29.473444055566326,20.63454521805683,72.67959088843544
Delhi,mdl_2x,leave_quarter_out,2023Q1,ftir_CalibrationSetId,17,6,2.22768859870542,7.32383405664732,0.46373748343645,0.488404370853283,12.642033038605938,12.642033038605938,12.698422597474678,22.34470045,23.17580765833333,25.11638289660686,10.533774619727392,45.451596660709086
Delhi,mdl_2x,leave_quarter_out,2023Q1,ftir_CalibrationSetId,11,8,1.0808941144695,7.97328819431268,0.418037016158708,0.426656336079506,11.940481090073852,11.940481090073852,12.328609780428142,19.983493361125,21.896884676124998,25.81569415055657,9.956403586051145,45.469498210889284
Delhi,mdl_2x,leave_quarter_out,2023Q2,ftir_CalibrationSetId,11,3,1.10052228600158,7.06303673809014,0.422302699997062,0.426656336079506,1.964645730637585,3.6297578301014255,3.7523393707269443,15.512563870000003,25.751838056666667,26.793711475030566,22.12208022656524,85.90485920999433
Delhi,mdl_2x,leave_quarter_out,2024Q1,ftir_CalibrationSetId,11,7,4.51534607440636,12.2677141596258,0.836074032317415,0.844605399994124,9.848230441922865,9.848230441922865,13.538096988553415,-17.307827618571427,17.58772377,20.741576361572342,7.739493328077135,44.005088033499035
Delhi,mdl_2x,leave_quarter_out,2024Q2,ftir_CalibrationSetId,11,24,1.91885461238395,12.3341071250393,0.836074032317415,0.950484163055588,-15.353062769755006,16.010217629215006,19.589760490571752,-28.897760480416668,29.798258437083337,35.93987553785672,13.788040807868331,46.27129748867937
Delhi,mdl_2x,later_period,2023Q2,ftir_CalibrationSetId,11,3,1.10052228600158,7.06303673809014,0.422302699997062,0.426656336079506,-6.206904191483133,6.206904191483133,7.19718612719449,-7.832880854999998,17.97002314833333,23.208131318031196,11.763118956850196,65.45967614928306
Delhi,mdl_2x,later_period,2024Q1,ftir_CalibrationSetId,11,7,4.51534607440636,12.2677141596258,0.836074032317415,0.844605399994124,-0.5032950643250546,5.771121739114544,7.807073394060515,-35.11999061857143,35.11999061857143,36.93326189408807,29.348868879456884,83.56741662663548
Delhi,mdl_2x,later_period,2024Q2,ftir_CalibrationSetId,11,24,1.91885461238395,12.3341071250393,0.836074032317415,0.950484163055588,-15.353062769755006,16.010217629215006,19.589760490571752,-28.897760480416668,29.798258437083337,35.93987553785672,13.788040807868331,46.27129748867937
Delhi,mdl_3x,leave_quarter_out,2022Q3,ftir_CalibrationSetId,17,3,1.65704827527958,3.32389823635328,0.463761165965127,0.512649082073899,7.3684955043938425,7.3684955043938425,7.391739382607204,26.578075260000002,26.578075260000002,27.041406920300517,19.20957975560616,72.2760379285876
Delhi,mdl_3x,leave_quarter_out,2023Q1,ftir_CalibrationSetId,17,6,2.22768859870542,7.32383405664732,0.46373748343645,0.488404370853283,15.159347435984671,15.159347435984671,15.262301954707754,26.512319800000004,26.512319800000004,28.88685086308661,11.352972364015333,42.82149751382877
Delhi,mdl_3x,leave_quarter_out,2023Q1,ftir_CalibrationSetId,11,6,1.75362115274698,7.97328819431268,0.418037016158708,0.426656336079506,12.999039441402198,12.999039441402198,13.409461007586588,17.92399418666667,18.903912331666668,22.83537801871005,5.904872890264469,31.236247749483002
Delhi,mdl_3x,leave_quarter_out,2023Q2,ftir_CalibrationSetId,11,1,7.06303673809014,7.06303673809014,0.426656336079506,0.426656336079506,-2.508863476137016,2.508863476137016,2.508863476137016,-14.092112559999997,14.092112559999997,14.092112559999997,11.583249083862981,82.19668296392733
Delhi,mdl_3x,leave_quarter_out,2024Q1,ftir_CalibrationSetId,11,7,4.51534607440636,12.2677141596258,0.836074032317415,0.844605399994124,9.543365439032739,9.543365439032739,12.950877377029231,-10.579773528571426,12.781970848571428,15.575098747828644,3.238605409538689,25.3372930349051
Delhi,mdl_3x,leave_quarter_out,2024Q2,ftir_CalibrationSetId,11,21,2.57963092947566,12.3341071250393,0.836074032317415,0.903321283416175,-15.678560102546406,15.99977855084476,19.545649658205928,-24.837164534761904,25.761096168095232,31.801257768738775,9.761317617250473,37.89170132185498
Delhi,mdl_3x,later_period,2023Q2,ftir_CalibrationSetId,11,1,7.06303673809014,7.06303673809014,0.426656336079506,0.426656336079506,-11.902598335297952,11.902598335297952,11.902598335297952,-37.1687763,37.1687763,37.1687763,25.266177964702045,67.97688942130185
Delhi,mdl_3x,later_period,2024Q1,ftir_CalibrationSetId,11,7,4.51534607440636,12.2677141596258,0.836074032317415,0.844605399994124,-0.6984538473416058,5.717619627718517,7.64282873339531,-32.16564089357143,32.16564089357143,34.13620581117572,26.448021265852912,82.22444985120372
Delhi,mdl_3x,later_period,2024Q2,ftir_CalibrationSetId,11,21,2.57963092947566,12.3341071250393,0.836074032317415,0.903321283416175,-15.678560102546406,15.99977855084476,19.545649658205928,-24.837164534761904,25.761096168095232,31.801257768738775,9.761317617250473,37.89170132185498
Delhi,mdl_5x,leave_quarter_out,2022Q3,ftir_CalibrationSetId,17,1,3.32389823635328,3.32389823635328,0.463761165965127,0.463761165965127,6.8664891144796485,6.8664891144796485,6.8664891144796485,27.17507303,27.17507303,27.17507303,20.30858391552035,74.73239866954775
Delhi,mdl_5x,leave_quarter_out,2023Q1,ftir_CalibrationSetId,17,4,2.56845877204541,7.32383405664732,0.46373748343645,0.488404370853283,18.06719512881046,18.06719512881046,18.315636676527582,31.2265558075,31.2265558075,33.431729656926066,13.159360678689538,42.14156937387543
Delhi,mdl_5x,leave_quarter_out,2023Q1,ftir_CalibrationSetId,11,5,3.0147589690954,7.97328819431268,0.418037016158708,0.422302699997062,14.845783374850626,14.845783374850626,15.200982473667747,22.736444908,22.736444908,25.55519039993189,7.890661533149373,34.704904680911575
Delhi,mdl_5x,leave_quarter_out,2023Q2,ftir_CalibrationSetId,11,1,7.06303673809014,7.06303673809014,0.426656336079506,0.426656336079506,-2.50733491874265,2.50733491874265,2.50733491874265,-5.882879449999997,5.882879449999997,5.882879449999997,3.375544531257347,57.37912122706082
Delhi,mdl_5x,leave_quarter_out,2024Q1,ftir_CalibrationSetId,11,7,4.51534607440636,12.2677141596258,0.836074032317415,0.844605399994124,9.303008155272945,9.303008155272945,12.731797575301952,-1.103741698571429,10.497138175714285,11.483481128382545,1.1941300204413405,11.375767380142019
Delhi,mdl_5x,leave_quarter_out,2024Q2,ftir_CalibrationSetId,11,14,4.37687779441836,12.3341071250393,0.836074032317415,0.871277149467622,-17.009475431141496,17.009475431141496,20.917914593169968,-21.577312118571427,22.646832528571426,27.103210351163465,5.6373570974299305,24.89247487620088
Delhi,mdl_5x,later_period,2023Q2,ftir_CalibrationSetId,11,1,7.06303673809014,7.06303673809014,0.426656336079506,0.426656336079506,-12.104090988940769,12.104090988940769,12.104090988940769,-31.226297894999995,31.226297894999995,31.226297894999995,19.122206906059226,61.237508750984865
Delhi,mdl_5x,later_period,2024Q1,ftir_CalibrationSetId,11,7,4.51534607440636,12.2677141596258,0.836074032317415,0.844605399994124,-0.8637312368534558,5.577416436309828,7.388965263641995,-25.37790712857143,25.37790712857143,27.833258223124886,19.8004906922616,78.02255163101863
Delhi,mdl_5x,later_period,2024Q2,ftir_CalibrationSetId,11,14,4.37687779441836,12.3341071250393,0.836074032317415,0.871277149467622,-17.009475431141496,17.009475431141496,20.917914593169968,-21.577312118571427,22.646832528571426,27.103210351163465,5.6373570974299305,24.89247487620088
JPL,diagnostic,leave_quarter_out,2022Q3,ftir_CalibrationSetId,11,24,0.208021743160679,0.798497383689225,0.4058198350744,0.413856645997121,-0.6511362985626397,1.2198817486868476,1.6695020422148752,-0.9907184970416664,1.7098566994583333,2.125159945984777,0.4899749507714857,28.655907300693983
JPL,diagnostic,leave_quarter_out,2022Q4,ftir_CalibrationSetId,11,4,0.426087006893143,1.01611822541093,0.413856645997121,0.413856645997121,-0.24274327461903789,0.41333319726652307,0.44041484852550783,-2.2248699725000005,2.26993974025,2.8366973069061454,1.8566065429834768,81.79100572859258
JPL,diagnostic,leave_quarter_out,2023Q1,ftir_CalibrationSetId,11,14,0.158850519359029,0.753932631516639,0.409759055442694,0.418037016158708,-0.0976852698733081,1.322800132487371,1.4676582135746055,0.8355737897857141,1.7478766929285714,2.3496894469395087,0.42507656044120035,24.319596580293293
JPL,diagnostic,leave_quarter_out,2023Q1,ftir_CalibrationSetId,17,13,0.227981382953222,0.544966196596412,0.454554562972362,0.459100108602086,1.126414346033928,1.126414346033928,1.3660231948189483,2.1790541059999997,2.1790541059999997,2.5127232646996456,1.0526397599660717,48.30718783290606
JPL,diagnostic,leave_quarter_out,2023Q2,ftir_CalibrationSetId,17,1,0.14347357874567,0.14347357874567,0.459100108602086,0.459100108602086,2.0455171360774216,2.0455171360774216,2.0455171360774216,4.851223224,4.851223224,4.851223224,2.8057060879225784,57.83502342341561
JPL,diagnostic,leave_quarter_out,2023Q2,ftir_CalibrationSetId,11,28,0.242228293897071,0.937406361897555,0.405741809801099,0.426656336079506,1.5913192659966755,1.5913192659966755,1.7420393994684136,1.2239346493571428,1.6996594284285713,2.0361744464281157,0.10834016243189581,6.374227719965185
JPL,diagnostic,leave_quarter_out,2023Q3,ftir_CalibrationSetId,11,31,0.146888658581806,1.1439056585426,0.409759055442694,0.431100672913667,-0.828358600460141,1.4398371758615403,1.6730028630097415,-1.122027936580645,1.5383855227096772,1.9059879995861644,0.09854834684813696,6.405959065095474
JPL,diagnostic,leave_quarter_out,2023Q4,ftir_CalibrationSetId,11,15,0.262155531038885,0.85406286219118,0.405741809801099,0.431100672913667,-0.7564150943561327,1.1511242550129812,1.3870824955956969,-0.6145586989333334,1.5821669958666666,2.1248079564723605,0.43104274085368544,27.243820783758185
JPL,diagnostic,later_period,2022Q4,ftir_CalibrationSetId,11,4,0.426087006893143,1.01611822541093,0.413856645997121,0.413856645997121,0.08385644761182975,0.32781222581324565,0.3458269698383428,-1.2019697509999998,1.7584896294999999,2.1310881020726073,1.4306774036867542,81.35830770259054
JPL,diagnostic,later_period,2023Q1,ftir_CalibrationSetId,11,14,0.158850519359029,0.753932631516639,0.409759055442694,0.418037016158708,0.37603900286990427,1.2665060799768928,1.529342903623975,1.5751499517857135,2.1704916426428564,2.70258289595205,0.9039855626659636,41.6488847460036
JPL,diagnostic,later_period,2023Q1,ftir_CalibrationSetId,17,13,0.227981382953222,0.544966196596412,0.454554562972362,0.459100108602086,1.6035320944337057,1.6035320944337057,1.7837297266177894,2.918630267999999,2.918630267999999,3.175516343742091,1.3150981735662932,45.05874512387171
JPL,diagnostic,later_period,2023Q2,ftir_CalibrationSetId,17,1,0.14347357874567,0.14347357874567,0.459100108602086,0.459100108602086,1.2343354414456202,1.2343354414456202,1.2343354414456202,4.543599151,4.543599151,4.543599151,3.3092637095543793,72.83353129481162
JPL,diagnostic,later_period,2023Q2,ftir_CalibrationSetId,11,28,0.242228293897071,0.937406361897555,0.405741809801099,0.426656336079506,1.4204791613292245,1.4204791613292245,1.592917384259554,0.9163105763571425,1.5566844345,1.8675158426995502,0.13620527317077546,8.749703546340397
JPL,diagnostic,later_period,2023Q3,ftir_CalibrationSetId,11,31,0.146888658581806,1.1439056585426,0.409759055442694,0.431100672913667,-0.9935725299425553,1.5171143419314208,1.74165203666746,-1.2733760115806454,1.6170531630000002,1.9988321667834146,0.09993882106857943,6.180305221577889
JPL,diagnostic,later_period,2023Q4,ftir_CalibrationSetId,11,15,0.262155531038885,0.85406286219118,0.405741809801099,0.431100672913667,-0.7564150943561327,1.1511242550129812,1.3870824955956969,-0.6145586989333334,1.5821669958666666,2.1248079564723605,0.43104274085368544,27.243820783758185
JPL,ratio_baseline,leave_quarter_out,2022Q3,ftir_CalibrationSetId,11,18,0.475046910194524,0.798497383689225,0.4058198350744,0.413856645997121,-0.5550231159260464,1.1756741380936648,1.654739839454428,-0.6907639946666665,1.2149734782222223,1.661817813463594,0.039299340128557514,3.2345841973490015
JPL,ratio_baseline,leave_quarter_out,2022Q4,ftir_CalibrationSetId,11,4,0.426087006893143,1.01611822541093,0.413856645997121,0.413856645997121,-0.42242403097334713,0.44930601680192583,0.6326679977629619,-1.3232035224999998,1.81910651525,2.2017431227172786,1.369800498448074,75.30073071393636
JPL,ratio_baseline,leave_quarter_out,2023Q1,ftir_CalibrationSetId,11,5,0.41560361900875,0.753932631516639,0.413856645997121,0.413856645997121,-0.7728503863074412,1.335757998686238,1.5772507439279118,-0.31961025179999963,1.5186093365999997,2.041034742413596,0.18285133791376174,12.040709450868116
JPL,ratio_baseline,leave_quarter_out,2023Q1,ftir_CalibrationSetId,17,4,0.478638693535265,0.544966196596412,0.454554562972362,0.459100108602086,1.180798875196864,1.180798875196864,1.3325609723002698,1.6868458805000004,1.6868458805000004,1.7488008780642759,0.5060470053031363,29.999599320427436
JPL,ratio_baseline,leave_quarter_out,2023Q2,ftir_CalibrationSetId,11,20,0.419317601961515,0.937406361897555,0.413856645997121,0.418037016158708,1.7209161415840952,1.7209161415840952,1.9123613914904847,1.6032603352000003,1.8225195551000002,2.1273100199897095,0.10160341351590496,5.574887426123121
JPL,ratio_baseline,leave_quarter_out,2023Q3,ftir_CalibrationSetId,11,23,0.430776896328416,1.1439056585426,0.409759055442694,0.431100672913667,-0.5828614625186085,1.2666644378506218,1.4958758113296333,-0.8256011150869567,1.2199281972608698,1.4936681231652578,-0.04673624058975201,-3.831064868792267
JPL,ratio_baseline,leave_quarter_out,2023Q4,ftir_CalibrationSetId,11,10,0.419860471865965,0.85406286219118,0.405741809801099,0.418037016158708,-0.8025357730648679,1.1617091373171728,1.4185355665432982,-0.5521235180999997,1.3169335632999999,1.8006450998847716,0.15522442598282704,11.786807649875854
JPL,ratio_baseline,later_period,2022Q4,ftir_CalibrationSetId,11,4,0.426087006893143,1.01611822541093,0.413856645997121,0.413856645997121,-0.4562792437512013,1.2487814929650152,1.3666761206642015,-0.7535915200000003,1.7063054555000001,1.9143420267790017,0.45752396253498495,26.813719727627333
JPL,ratio_baseline,later_period,2023Q1,ftir_CalibrationSetId,11,5,0.41560361900875,0.753932631516639,0.413856645997121,0.413856645997121,-0.2757769558707718,1.1215187202558952,1.4641614964147334,0.1583765931999997,1.4932844739999998,2.022067074050046,0.3717657537441046,24.89584270224621
JPL,ratio_baseline,later_period,2023Q1,ftir_CalibrationSetId,17,4,0.478638693535265,0.544966196596412,0.454554562972362,0.459100108602086,1.683327973983221,1.683327973983221,1.7874450449515398,2.1648327255,2.1648327255,2.21344894134794,0.4815047515167792,22.242122721309496
JPL,ratio_baseline,later_period,2023Q2,ftir_CalibrationSetId,11,20,0.419317601961515,0.937406361897555,0.413856645997121,0.418037016158708,1.6150464296783518,1.6150464296783518,1.7773053563554566,1.3896959731999998,1.6634019966,1.9713597126479214,0.04835556692164822,2.9070283082794885
JPL,ratio_baseline,later_period,2023Q3,ftir_CalibrationSetId,11,23,0.430776896328416,1.1439056585426,0.409759055442694,0.431100672913667,-0.7671233644873381,1.3697287537204337,1.574753646743836,-1.0896879230869565,1.352699230217391,1.6543418723615633,-0.017029523503042654,-1.2589290451733202
JPL,ratio_baseline,later_period,2023Q4,ftir_CalibrationSetId,11,10,0.419860471865965,0.85406286219118,0.405741809801099,0.418037016158708,-0.8025357730648679,1.1617091373171728,1.4185355665432982,-0.5521235180999997,1.3169335632999999,1.8006450998847716,0.15522442598282704,11.786807649875854
JPL,mdl_1_5x,leave_quarter_out,2022Q3,ftir_CalibrationSetId,11,7,0.631271207243409,0.798497383689225,0.4058198350744,0.413856645997121,0.10851555949224956,0.9082637098004972,1.096569980627026,0.7195441971428574,1.014275488857143,1.1828451568848983,0.10601177905664583,10.451970911383938
JPL,mdl_1_5x,leave_quarter_out,2022Q4,ftir_CalibrationSetId,11,2,0.897732888300447,1.01611822541093,0.413856645997121,0.413856645997121,-1.2578542570878426,1.2578542570878426,1.277282078004644,-2.1415473345000002,2.1415473345000002,2.1415784319956295,0.8836930774121576,41.264232789814976
JPL,mdl_1_5x,leave_quarter_out,2023Q1,ftir_CalibrationSetId,11,1,0.753932631516639,0.753932631516639,0.413856645997121,0.413856645997121,-2.87353780085947,2.87353780085947,2.87353780085947,-2.818223057,2.818223057,2.818223057,-0.055314743859470106,-1.9627525125123588
JPL,mdl_1_5x,leave_quarter_out,2023Q2,ftir_CalibrationSetId,11,8,0.629051803318251,0.937406361897555,0.413856645997121,0.413856645997121,1.8137716688328438,1.9048893368940298,2.1191957101630257,1.7572650966250003,1.97364416,2.181681493915395,0.06875482310597025,3.4836483951580335
JPL,mdl_1_5x,leave_quarter_out,2023Q3,ftir_CalibrationSetId,11,8,0.628034405442686,1.1439056585426,0.409759055442694,0.431100672913667,-0.4595604356251588,1.7620207837510868,2.1001932634640226,-0.9276359333749995,1.3329770493749997,1.500727689850759,-0.4290437343760871,-32.186880830187974
JPL,mdl_1_5x,leave_quarter_out,2023Q4,ftir_CalibrationSetId,11,2,0.745579333498965,0.85406286219118,0.405741809801099,0.418037016158708,-1.553227202042346,1.553227202042346,1.9462159339967566,-1.8768023395000002,1.8768023395000002,2.3357989667653807,0.3235751374576541,17.24076801523265
JPL,mdl_1_5x,later_period,2023Q2,ftir_CalibrationSetId,11,8,0.629051803318251,0.937406361897555,0.413856645997121,0.413856645997121,1.6122073824795917,1.6122073824795917,1.8177307020685254,1.4587723651249995,1.7497746113749997,1.9492999600699792,0.13756722889540796,7.861997082430264
JPL,mdl_1_5x,later_period,2023Q3,ftir_CalibrationSetId,11,8,0.628034405442686,1.1439056585426,0.409759055442694,0.431100672913667,-0.6354202331238579,1.762393274083768,2.0118181735697798,-1.0910554548749993,1.4505488881249995,1.606884308159359,-0.3118443859587685,-21.498371307006625
JPL,mdl_1_5x,later_period,2023Q4,ftir_CalibrationSetId,11,2,0.745579333498965,0.85406286219118,0.405741809801099,0.418037016158708,-1.553227202042346,1.553227202042346,1.9462159339967566,-1.8768023395000002,1.8768023395000002,2.3357989667653807,0.3235751374576541,17.24076801523265
Addis_Ababa,diagnostic,leave_quarter_out,2022Q4,ftir_AnalysisDate,2023-03-27,7,2.54716121453745,4.44446651940708,0.464676223281463,0.477235040126908,-6.362672561678567,6.4580533511798786,7.697597079837297,-0.353120125714288,5.189003382857144,6.7941605076721325,-1.2690499683227348,-24.456526132075414
Addis_Ababa,diagnostic,leave_quarter_out,2022Q4,ftir_AnalysisDate,2023-04-10,2,1.62566803465763,2.2205456700338,0.470389455534924,0.470389455534924,3.753196352413392,3.753196352413392,4.618895052897236,15.167538565,15.167538565,15.66110062861276,11.414342212586607,75.25507295511932
Addis_Ababa,diagnostic,leave_quarter_out,2023Q1,ftir_AnalysisDate,2023-04-10,9,2.2102943453252,4.42920671041816,0.470389455534924,0.48736741889818,-5.024619415528177,5.024619415528177,6.20848662974188,3.529259346666668,6.04576372,6.557655105312641,1.0211443044718234,16.890245000706436
Addis_Ababa,diagnostic,leave_quarter_out,2023Q1,ftir_AnalysisDate,2023-04-13,1,0.693114797533127,0.693114797533127,0.470389455534924,0.470389455534924,-8.309272307294307,8.309272307294307,8.309272307294307,9.355170370000003,9.355170370000003,9.355170370000003,1.045898062705696,11.179893271208226
Addis_Ababa,diagnostic,leave_quarter_out,2023Q1,ftir_AnalysisDate,2023-04-11,2,1.99148840812713,2.42256663763913,0.470389455534924,0.481741981744056,-0.08413564412868624,1.1626671140890679,1.1657073495509713,11.281868584999998,11.281868584999998,11.46828866983145,10.11920147091093,89.69437460355714
Addis_Ababa,diagnostic,leave_quarter_out,2023Q1,ftir_AnalysisDate,2023-07-13,13,2.31740999208569,5.1807562461787,0.449217327399301,0.454554562972362,-1.3321640762368365,4.348052188836753,5.353848459629513,3.874186396923077,5.706237098461538,7.415167055802596,1.3581849096247849,23.801760883559602
Addis_Ababa,diagnostic,leave_quarter_out,2023Q1,ftir_AnalysisDate,2023-08-10,1,6.63401511944448,6.63401511944448,0.409759055442694,0.409759055442694,-7.701800326330918,7.701800326330918,7.701800326330918,-14.753706469999997,14.753706469999997,14.753706469999997,7.051906143669079,47.79752232436193
Addis_Ababa,diagnostic,leave_quarter_out,2023Q2,ftir_AnalysisDate,2023-08-10,7,1.90446116072198,4.13586201342062,0.409759055442694,0.409759055442694,0.541780847214601,2.4631996305175896,3.0424707394177486,6.108331382857143,6.193636314285714,7.831192359160108,3.730436683768124,60.23015389463241
Addis_Ababa,diagnostic,leave_quarter_out,2023Q2,ftir_AnalysisDate,2023-08-23,5,4.3354716491761,9.60062140677769,0.409759055442694,0.419307645387154,2.4400849049805813,3.7893163000024814,4.907302179533876,-9.468946921999999,13.025732325999996,15.149706187997579,9.236416025997515,70.90899609199845
Addis_Ababa,diagnostic,leave_quarter_out,2023Q2,ftir_AnalysisDate,2023-08-11,1,5.98240993054586,5.98240993054586,0.409759055442694,0.409759055442694,-10.177688610133295,10.177688610133295,10.177688610133295,-15.64504805,15.64504805,15.64504805,5.467359439866705,34.9462617333841
Addis_Ababa,diagnostic,leave_quarter_out,2023Q2,ftir_AnalysisDate,2023-09-14,7,3.35205161380073,9.22076924427773,0.409759055442694,0.419307645387154,0.14184855920243272,2.0171586818571674,2.702633318910094,-2.124244297142859,4.40160934,6.77716579777997,2.384450658142833,54.17224642073376
Addis_Ababa,diagnostic,leave_quarter_out,2023Q2,ftir_AnalysisDate,2023-09-19,7,6.55506060402848,9.84021969992934,0.413856645997121,0.413856645997121,-2.924618602527129,3.25075971509954,3.9981668168665028,-15.925324077142859,15.925324077142859,16.533665166819883,12.67456436204332,79.58748155232045
Addis_Ababa,diagnostic,leave_quarter_out,2023Q2,ftir_AnalysisDate,2023-11-28,1,5.11957947257968,5.11957947257968,0.409759055442694,0.409759055442694,1.0465499658815531,1.0465499658815531,1.0465499658815531,-0.9969754099999975,0.9969754099999975,0.9969754099999975,-0.04957455588155568,-4.972495347859764
Addis_Ababa,diagnostic,leave_quarter_out,2023Q3,ftir_AnalysisDate,2023-11-28,13,3.96715229606112,9.71557571204205,0.409759055442694,0.431100672913667,0.8110914215265143,2.076214733566634,2.7920946638904387,-10.55152345269231,11.515058180384615,13.506421375459114,9.438843446817982,81.96956801222792
Addis_Ababa,diagnostic,leave_quarter_out,2023Q3,ftir_AnalysisDate,2024-02-21,7,3.50194202698363,8.54710506277628,0.414270916914035,0.418459702727119,0.709992611150897,2.909712689855147,3.2755712024230412,-8.468653875,8.468653875,10.069338652665335,5.558941185144852,65.64137898651398
Addis_Ababa,diagnostic,leave_quarter_out,2023Q3,ftir_AnalysisDate,2024-02-20,8,3.43937872823145,10.5333537907337,0.404947794517731,0.414270916914035,3.675059552402943,5.953793782869249,6.661834261055734,-3.7186127449999997,9.155381539999999,12.19862335949812,3.20158775713075,34.969462967140856
Addis_Ababa,diagnostic,leave_quarter_out,2023Q4,ftir_AnalysisDate,2024-02-20,8,2.23594182575397,4.14642906938964,0.404947794517731,0.419307645387154,-0.5227381001893328,1.9911023600764217,2.380807228701786,6.469452032499995,6.469452032499995,7.640846802328774,4.478349672423573,69.22301378735165
Addis_Ababa,diagnostic,leave_quarter_out,2023Q4,ftir_AnalysisDate,2024-04-19,14,2.47654432859347,3.97699446915086,0.409759055442694,0.414270916914035,0.5579678088757564,3.2137725940151283,3.8878933341964172,7.560834615714283,7.87383979785714,9.105316277360766,4.6600672038420115,59.18417599898648
Addis_Ababa,diagnostic,leave_quarter_out,2023Q4,ftir_AnalysisDate,2024-07-24,4,2.90358905097997,3.66620421724724,0.409759055442694,0.409759055442694,0.47363403842014584,1.2949451335757605,1.9027487353001133,7.346942842499997,7.346942842499997,7.862832421620413,6.051997708924237,82.3743676609968
Addis_Ababa,diagnostic,leave_quarter_out,2024Q1,ftir_AnalysisDate,2024-07-24,17,2.48704222244508,6.96258987683994,0.404947794517731,0.431325321518625,3.7086432383142105,4.966497191238858,6.212072051815181,4.9781809017647065,8.31818339117647,10.262623425032759,3.351686199937612,40.29348768016969
Addis_Ababa,diagnostic,leave_quarter_out,2024Q1,ftir_AnalysisDate,2024-07-25,7,2.72681139406893,5.23333719462994,0.409759055442694,0.414270916914035,1.0395488071084549,3.826845588326639,5.395877411756877,5.01228770142857,6.57583394142857,7.400293803310296,2.748988353101931,41.80440652223535
Addis_Ababa,diagnostic,leave_quarter_out,2024Q1,ftir_AnalysisDate,2024-08-15,7,2.42463370413565,5.62476422114748,0.409759055442694,0.414270916914035,0.15911647884446925,1.9061452227431996,2.3913483383550806,4.413435039999998,6.0505774599999995,7.317614143790236,4.1444322372568,68.49647433910879
Addis_Ababa,diagnostic,leave_quarter_out,2024Q2,ftir_AnalysisDate,2024-08-15,7,2.93608135081302,6.25503100441188,0.404947794517731,0.409759055442694,2.1079769511947495,5.732332176418546,6.16645277979703,-0.5818320185714317,6.9772469557142855,8.348904936965356,1.2449147792957396,17.842492708046812
Addis_Ababa,diagnostic,leave_quarter_out,2024Q2,ftir_AnalysisDate,2024-11-07,7,3.91441145026595,6.85379189359859,0.409759055442694,0.409759055442694,-5.142114199841904,5.4002002324231855,6.514036121592834,-9.184410607142862,9.184410607142862,11.532882037373211,3.7842103747196765,41.20253913491886
Addis_Ababa,diagnostic,leave_quarter_out,2024Q2,ftir_AnalysisDate,2025-03-05,9,4.56833700824436,11.7351130556244,0.409759055442694,0.424033448767542,-0.27269867260666714,2.253299803383934,3.088569436876067,-14.794276543333337,14.794276543333337,16.377378016293175,12.540976739949404,84.76911123849901
Addis_Ababa,diagnostic,leave_quarter_out,2024Q3,ftir_AnalysisDate,2025-03-05,19,3.43072578969257,11.136414801705,0.404947794517731,1.43700224304556,1.8356405339115172,5.650427245844035,7.851151078351384,-10.327283418421052,12.085593061578946,15.746510497939166,6.43516581573491,53.24658693161538
Addis_Ababa,diagnostic,later_period,2023Q2,ftir_AnalysisDate,2023-08-10,7,1.90446116072198,4.13586201342062,0.409759055442694,0.409759055442694,3.2401965379740885,3.338461741824497,4.233698494706866,2.461088872857144,4.06037669,5.483869065128329,0.721914948175503,17.77950676235172
Addis_Ababa,diagnostic,later_period,2023Q2,ftir_AnalysisDate,2023-08-23,5,4.3354716491761,9.60062140677769,0.409759055442694,0.419307645387154,9.999600728497825,9.999600728497825,10.352604096663715,-13.116189431999999,14.33647274,17.66032465689992,4.336872011502175,30.25062084763658
Addis_Ababa,diagnostic,later_period,2023Q2,ftir_AnalysisDate,2023-08-11,1,5.98240993054586,5.98240993054586,0.409759055442694,0.409759055442694,-4.410022342551599,4.410022342551599,4.410022342551599,-19.292290559999998,19.292290559999998,19.292290559999998,14.882268217448399,77.14101221502855
Addis_Ababa,diagnostic,later_period,2023Q2,ftir_AnalysisDate,2023-09-14,7,3.35205161380073,9.22076924427773,0.409759055442694,0.419307645387154,5.019033634727705,5.019033634727705,6.516453718342985,-5.771486807142857,6.013436552857143,8.644514004944332,0.9944029181294374,16.53635004524942
Addis_Ababa,diagnostic,later_period,2023Q2,ftir_AnalysisDate,2023-09-19,7,6.55506060402848,9.84021969992934,0.413856645997121,0.413856645997121,4.938562918838184,4.938562918838184,6.104328915732138,-19.57256658714286,19.57256658714286,20.070662662070433,14.634003668304675,74.7679340016536
Addis_Ababa,diagnostic,later_period,2023Q2,ftir_AnalysisDate,2023-11-28,1,5.11957947257968,5.11957947257968,0.409759055442694,0.409759055442694,5.861824497518803,5.861824497518803,5.861824497518803,-4.644217919999996,4.644217919999996,4.644217919999996,-1.2176065775188079,-26.217688284506877
Addis_Ababa,diagnostic,later_period,2023Q3,ftir_AnalysisDate,2023-11-28,13,3.96715229606112,9.71557571204205,0.409759055442694,0.431100672913667,2.0974583394327166,2.882555053910134,3.432074710156242,-10.69468126769231,11.61416743692308,13.618552735745153,8.731612383012944,75.18070004100264
Addis_Ababa,diagnostic,later_period,2023Q3,ftir_AnalysisDate,2024-02-21,7,3.50194202698363,8.54710506277628,0.414270916914035,0.418459702727119,2.027273471628063,2.783267178476256,3.7581289534814397,-8.611811690000001,8.611811690000001,10.190033514740191,5.828544511523745,67.68081701428545
Addis_Ababa,diagnostic,later_period,2023Q3,ftir_AnalysisDate,2024-02-20,8,3.43937872823145,10.5333537907337,0.404947794517731,0.414270916914035,5.017606616302776,6.681998373456088,7.523269362856674,-3.861770560000002,9.155381539999999,12.243022624241917,2.4733831665439103,27.01562087541259
Addis_Ababa,diagnostic,later_period,2023Q4,ftir_AnalysisDate,2024-02-20,8,2.23594182575397,4.14642906938964,0.404947794517731,0.419307645387154,0.4768354434255544,1.674252746332793,2.403359109528946,5.0902460875,5.0902460875,6.514547987938118,3.4159933411672068,67.1086089443845
Addis_Ababa,diagnostic,later_period,2023Q4,ftir_AnalysisDate,2024-04-19,14,2.47654432859347,3.97699446915086,0.409759055442694,0.414270916914035,1.5579548202820892,3.5038918372387364,4.180178080997951,6.181628670714288,6.805900249285715,7.997068053179519,3.3020084120469786,48.516849955206546
Addis_Ababa,diagnostic,later_period,2023Q4,ftir_AnalysisDate,2024-07-24,4,2.90358905097997,3.66620421724724,0.409759055442694,0.409759055442694,1.468603751319833,1.6657164546955627,2.3829225269490646,5.967736897500002,5.967736897500002,6.592453885868762,4.302020442804439,72.08797097952889
Addis_Ababa,diagnostic,later_period,2024Q1,ftir_AnalysisDate,2024-07-24,17,2.48704222244508,6.96258987683994,0.404947794517731,0.431325321518625,3.825154776343468,4.997824831018406,6.254045525525706,3.2635876517647056,7.707438074117645,9.54935384379945,2.7096132430992395,35.15582242818654
Addis_Ababa,diagnostic,later_period,2024Q1,ftir_AnalysisDate,2024-07-25,7,2.72681139406893,5.23333719462994,0.409759055442694,0.414270916914035,1.1251048500299288,3.8343645611851938,5.423250039390653,3.29769445142857,5.351124477142855,6.365226552794758,1.5167599159576617,28.344695071782567
Addis_Ababa,diagnostic,later_period,2024Q1,ftir_AnalysisDate,2024-08-15,7,2.42463370413565,5.62476422114748,0.409759055442694,0.414270916914035,0.24144803448041025,1.8822953085162268,2.373378296335506,2.698841789999998,5.589375318571428,6.430615438085961,3.7070800100552015,66.32369090939277
Addis_Ababa,diagnostic,later_period,2024Q2,ftir_AnalysisDate,2024-08-15,7,2.93608135081302,6.25503100441188,0.404947794517731,0.409759055442694,2.323630792187037,5.79565350281586,6.21721747060656,-1.6097859385714262,6.830396395714287,8.482752850146694,1.0347428928984268,15.149089934921983
Addis_Ababa,diagnostic,later_period,2024Q2,ftir_AnalysisDate,2024-11-07,7,3.91441145026595,6.85379189359859,0.409759055442694,0.409759055442694,-4.902163148378043,5.219537646794322,6.30818061769536,-10.212364527142855,10.212364527142855,12.367148382816998,4.992826880348533,48.89001824287006
Addis_Ababa,diagnostic,later_period,2024Q2,ftir_AnalysisDate,2025-03-05,9,4.56833700824436,11.7351130556244,0.409759055442694,0.424033448767542,0.15551091660140534,2.247281217635221,3.168363724059111,-15.822230463333332,15.822230463333332,17.311581934727208,13.574949245698111,85.79668509542252
Addis_Ababa,diagnostic,later_period,2024Q3,ftir_AnalysisDate,2025-03-05,19,3.43072578969257,11.136414801705,0.404947794517731,1.43700224304556,1.8356405339115172,5.650427245844035,7.851151078351384,-10.327283418421052,12.085593061578946,15.746510497939166,6.43516581573491,53.24658693161538
Addis_Ababa,ratio_baseline,leave_quarter_out,2022Q4,ftir_AnalysisDate,2023-03-27,7,2.54716121453745,4.44446651940708,0.464676223281463,0.477235040126908,-6.362672561678567,6.4580533511798786,7.697597079837297,-0.353120125714288,5.189003382857144,6.7941605076721325,-1.2690499683227348,-24.456526132075414
Addis_Ababa,ratio_baseline,leave_quarter_out,2022Q4,ftir_AnalysisDate,2023-04-10,2,1.62566803465763,2.2205456700338,0.470389455534924,0.470389455534924,3.753196352413392,3.753196352413392,4.618895052897236,15.167538565,15.167538565,15.66110062861276,11.414342212586607,75.25507295511932
Addis_Ababa,ratio_baseline,leave_quarter_out,2023Q1,ftir_AnalysisDate,2023-04-10,9,2.2102943453252,4.42920671041816,0.470389455534924,0.48736741889818,-5.024619415528177,5.024619415528177,6.20848662974188,3.529259346666668,6.04576372,6.557655105312641,1.0211443044718234,16.890245000706436
Addis_Ababa,ratio_baseline,leave_quarter_out,2023Q1,ftir_AnalysisDate,2023-04-13,1,0.693114797533127,0.693114797533127,0.470389455534924,0.470389455534924,-8.309272307294307,8.309272307294307,8.309272307294307,9.355170370000003,9.355170370000003,9.355170370000003,1.045898062705696,11.179893271208226
Addis_Ababa,ratio_baseline,leave_quarter_out,2023Q1,ftir_AnalysisDate,2023-04-11,2,1.99148840812713,2.42256663763913,0.470389455534924,0.481741981744056,-0.08413564412868624,1.1626671140890679,1.1657073495509713,11.281868584999998,11.281868584999998,11.46828866983145,10.11920147091093,89.69437460355714
Addis_Ababa,ratio_baseline,leave_quarter_out,2023Q1,ftir_AnalysisDate,2023-07-13,13,2.31740999208569,5.1807562461787,0.449217327399301,0.454554562972362,-1.3321640762368365,4.348052188836753,5.353848459629513,3.874186396923077,5.706237098461538,7.415167055802596,1.3581849096247849,23.801760883559602
Addis_Ababa,ratio_baseline,leave_quarter_out,2023Q1,ftir_AnalysisDate,2023-08-10,1,6.63401511944448,6.63401511944448,0.409759055442694,0.409759055442694,-7.701800326330918,7.701800326330918,7.701800326330918,-14.753706469999997,14.753706469999997,14.753706469999997,7.051906143669079,47.79752232436193
Addis_Ababa,ratio_baseline,leave_quarter_out,2023Q2,ftir_AnalysisDate,2023-08-10,7,1.90446116072198,4.13586201342062,0.409759055442694,0.409759055442694,0.541780847214601,2.4631996305175896,3.0424707394177486,6.108331382857143,6.193636314285714,7.831192359160108,3.730436683768124,60.23015389463241
Addis_Ababa,ratio_baseline,leave_quarter_out,2023Q2,ftir_AnalysisDate,2023-08-23,5,4.3354716491761,9.60062140677769,0.409759055442694,0.419307645387154,2.4400849049805813,3.7893163000024814,4.907302179533876,-9.468946921999999,13.025732325999996,15.149706187997579,9.236416025997515,70.90899609199845
Addis_Ababa,ratio_baseline,leave_quarter_out,2023Q2,ftir_AnalysisDate,2023-08-11,1,5.98240993054586,5.98240993054586,0.409759055442694,0.409759055442694,-10.177688610133295,10.177688610133295,10.177688610133295,-15.64504805,15.64504805,15.64504805,5.467359439866705,34.9462617333841
Addis_Ababa,ratio_baseline,leave_quarter_out,2023Q2,ftir_AnalysisDate,2023-09-14,7,3.35205161380073,9.22076924427773,0.409759055442694,0.419307645387154,0.14184855920243272,2.0171586818571674,2.702633318910094,-2.124244297142859,4.40160934,6.77716579777997,2.384450658142833,54.17224642073376
Addis_Ababa,ratio_baseline,leave_quarter_out,2023Q2,ftir_AnalysisDate,2023-09-19,7,6.55506060402848,9.84021969992934,0.413856645997121,0.413856645997121,-2.924618602527129,3.25075971509954,3.9981668168665028,-15.925324077142859,15.925324077142859,16.533665166819883,12.67456436204332,79.58748155232045
Addis_Ababa,ratio_baseline,leave_quarter_out,2023Q2,ftir_AnalysisDate,2023-11-28,1,5.11957947257968,5.11957947257968,0.409759055442694,0.409759055442694,1.0465499658815531,1.0465499658815531,1.0465499658815531,-0.9969754099999975,0.9969754099999975,0.9969754099999975,-0.04957455588155568,-4.972495347859764
Addis_Ababa,ratio_baseline,leave_quarter_out,2023Q3,ftir_AnalysisDate,2023-11-28,13,3.96715229606112,9.71557571204205,0.409759055442694,0.431100672913667,0.8110914215265143,2.076214733566634,2.7920946638904387,-10.55152345269231,11.515058180384615,13.506421375459114,9.438843446817982,81.96956801222792
Addis_Ababa,ratio_baseline,leave_quarter_out,2023Q3,ftir_AnalysisDate,2024-02-21,7,3.50194202698363,8.54710506277628,0.414270916914035,0.418459702727119,0.709992611150897,2.909712689855147,3.2755712024230412,-8.468653875,8.468653875,10.069338652665335,5.558941185144852,65.64137898651398
Addis_Ababa,ratio_baseline,leave_quarter_out,2023Q3,ftir_AnalysisDate,2024-02-20,8,3.43937872823145,10.5333537907337,0.404947794517731,0.414270916914035,3.675059552402943,5.953793782869249,6.661834261055734,-3.7186127449999997,9.155381539999999,12.19862335949812,3.20158775713075,34.969462967140856
Addis_Ababa,ratio_baseline,leave_quarter_out,2023Q4,ftir_AnalysisDate,2024-02-20,8,2.23594182575397,4.14642906938964,0.404947794517731,0.419307645387154,-0.5227381001893328,1.9911023600764217,2.380807228701786,6.469452032499995,6.469452032499995,7.640846802328774,4.478349672423573,69.22301378735165
Addis_Ababa,ratio_baseline,leave_quarter_out,2023Q4,ftir_AnalysisDate,2024-04-19,14,2.47654432859347,3.97699446915086,0.409759055442694,0.414270916914035,0.5579678088757564,3.2137725940151283,3.8878933341964172,7.560834615714283,7.87383979785714,9.105316277360766,4.6600672038420115,59.18417599898648
Addis_Ababa,ratio_baseline,leave_quarter_out,2023Q4,ftir_AnalysisDate,2024-07-24,4,2.90358905097997,3.66620421724724,0.409759055442694,0.409759055442694,0.47363403842014584,1.2949451335757605,1.9027487353001133,7.346942842499997,7.346942842499997,7.862832421620413,6.051997708924237,82.3743676609968
Addis_Ababa,ratio_baseline,leave_quarter_out,2024Q1,ftir_AnalysisDate,2024-07-24,17,2.48704222244508,6.96258987683994,0.404947794517731,0.431325321518625,3.7086432383142105,4.966497191238858,6.212072051815181,4.9781809017647065,8.31818339117647,10.262623425032759,3.351686199937612,40.29348768016969
Addis_Ababa,ratio_baseline,leave_quarter_out,2024Q1,ftir_AnalysisDate,2024-07-25,7,2.72681139406893,5.23333719462994,0.409759055442694,0.414270916914035,1.0395488071084549,3.826845588326639,5.395877411756877,5.01228770142857,6.57583394142857,7.400293803310296,2.748988353101931,41.80440652223535
Addis_Ababa,ratio_baseline,leave_quarter_out,2024Q1,ftir_AnalysisDate,2024-08-15,7,2.42463370413565,5.62476422114748,0.409759055442694,0.414270916914035,0.15911647884446925,1.9061452227431996,2.3913483383550806,4.413435039999998,6.0505774599999995,7.317614143790236,4.1444322372568,68.49647433910879
Addis_Ababa,ratio_baseline,leave_quarter_out,2024Q2,ftir_AnalysisDate,2024-08-15,7,2.93608135081302,6.25503100441188,0.404947794517731,0.409759055442694,2.1079769511947495,5.732332176418546,6.16645277979703,-0.5818320185714317,6.9772469557142855,8.348904936965356,1.2449147792957396,17.842492708046812
Addis_Ababa,ratio_baseline,leave_quarter_out,2024Q2,ftir_AnalysisDate,2024-11-07,7,3.91441145026595,6.85379189359859,0.409759055442694,0.409759055442694,-5.142114199841904,5.4002002324231855,6.514036121592834,-9.184410607142862,9.184410607142862,11.532882037373211,3.7842103747196765,41.20253913491886
Addis_Ababa,ratio_baseline,leave_quarter_out,2024Q2,ftir_AnalysisDate,2025-03-05,9,4.56833700824436,11.7351130556244,0.409759055442694,0.424033448767542,-0.27269867260666714,2.253299803383934,3.088569436876067,-14.794276543333337,14.794276543333337,16.377378016293175,12.540976739949404,84.76911123849901
Addis_Ababa,ratio_baseline,leave_quarter_out,2024Q3,ftir_AnalysisDate,2025-03-05,19,3.43072578969257,11.136414801705,0.404947794517731,1.43700224304556,1.8356405339115172,5.650427245844035,7.851151078351384,-10.327283418421052,12.085593061578946,15.746510497939166,6.43516581573491,53.24658693161538
Addis_Ababa,ratio_baseline,later_period,2023Q2,ftir_AnalysisDate,2023-08-10,7,1.90446116072198,4.13586201342062,0.409759055442694,0.409759055442694,3.2401965379740885,3.338461741824497,4.233698494706866,2.461088872857144,4.06037669,5.483869065128329,0.721914948175503,17.77950676235172
Addis_Ababa,ratio_baseline,later_period,2023Q2,ftir_AnalysisDate,2023-08-23,5,4.3354716491761,9.60062140677769,0.409759055442694,0.419307645387154,9.999600728497825,9.999600728497825,10.352604096663715,-13.116189431999999,14.33647274,17.66032465689992,4.336872011502175,30.25062084763658
Addis_Ababa,ratio_baseline,later_period,2023Q2,ftir_AnalysisDate,2023-08-11,1,5.98240993054586,5.98240993054586,0.409759055442694,0.409759055442694,-4.410022342551599,4.410022342551599,4.410022342551599,-19.292290559999998,19.292290559999998,19.292290559999998,14.882268217448399,77.14101221502855
Addis_Ababa,ratio_baseline,later_period,2023Q2,ftir_AnalysisDate,2023-09-14,7,3.35205161380073,9.22076924427773,0.409759055442694,0.419307645387154,5.019033634727705,5.019033634727705,6.516453718342985,-5.771486807142857,6.013436552857143,8.644514004944332,0.9944029181294374,16.53635004524942
Addis_Ababa,ratio_baseline,later_period,2023Q2,ftir_AnalysisDate,2023-09-19,7,6.55506060402848,9.84021969992934,0.413856645997121,0.413856645997121,4.938562918838184,4.938562918838184,6.104328915732138,-19.57256658714286,19.57256658714286,20.070662662070433,14.634003668304675,74.7679340016536
Addis_Ababa,ratio_baseline,later_period,2023Q2,ftir_AnalysisDate,2023-11-28,1,5.11957947257968,5.11957947257968,0.409759055442694,0.409759055442694,5.861824497518803,5.861824497518803,5.861824497518803,-4.644217919999996,4.644217919999996,4.644217919999996,-1.2176065775188079,-26.217688284506877
Addis_Ababa,ratio_baseline,later_period,2023Q3,ftir_AnalysisDate,2023-11-28,13,3.96715229606112,9.71557571204205,0.409759055442694,0.431100672913667,2.0974583394327166,2.882555053910134,3.432074710156242,-10.69468126769231,11.61416743692308,13.618552735745153,8.731612383012944,75.18070004100264
Addis_Ababa,ratio_baseline,later_period,2023Q3,ftir_AnalysisDate,2024-02-21,7,3.50194202698363,8.54710506277628,0.414270916914035,0.418459702727119,2.027273471628063,2.783267178476256,3.7581289534814397,-8.611811690000001,8.611811690000001,10.190033514740191,5.828544511523745,67.68081701428545
Addis_Ababa,ratio_baseline,later_period,2023Q3,ftir_AnalysisDate,2024-02-20,8,3.43937872823145,10.5333537907337,0.404947794517731,0.414270916914035,5.017606616302776,6.681998373456088,7.523269362856674,-3.861770560000002,9.155381539999999,12.243022624241917,2.4733831665439103,27.01562087541259
Addis_Ababa,ratio_baseline,later_period,2023Q4,ftir_AnalysisDate,2024-02-20,8,2.23594182575397,4.14642906938964,0.404947794517731,0.419307645387154,0.4768354434255544,1.674252746332793,2.403359109528946,5.0902460875,5.0902460875,6.514547987938118,3.4159933411672068,67.1086089443845
Addis_Ababa,ratio_baseline,later_period,2023Q4,ftir_AnalysisDate,2024-04-19,14,2.47654432859347,3.97699446915086,0.409759055442694,0.414270916914035,1.5579548202820892,3.5038918372387364,4.180178080997951,6.181628670714288,6.805900249285715,7.997068053179519,3.3020084120469786,48.516849955206546
Addis_Ababa,ratio_baseline,later_period,2023Q4,ftir_AnalysisDate,2024-07-24,4,2.90358905097997,3.66620421724724,0.409759055442694,0.409759055442694,1.468603751319833,1.6657164546955627,2.3829225269490646,5.967736897500002,5.967736897500002,6.592453885868762,4.302020442804439,72.08797097952889
Addis_Ababa,ratio_baseline,later_period,2024Q1,ftir_AnalysisDate,2024-07-24,17,2.48704222244508,6.96258987683994,0.404947794517731,0.431325321518625,3.825154776343468,4.997824831018406,6.254045525525706,3.2635876517647056,7.707438074117645,9.54935384379945,2.7096132430992395,35.15582242818654
Addis_Ababa,ratio_baseline,later_period,2024Q1,ftir_AnalysisDate,2024-07-25,7,2.72681139406893,5.23333719462994,0.409759055442694,0.414270916914035,1.1251048500299288,3.8343645611851938,5.423250039390653,3.29769445142857,5.351124477142855,6.365226552794758,1.5167599159576617,28.344695071782567
Addis_Ababa,ratio_baseline,later_period,2024Q1,ftir_AnalysisDate,2024-08-15,7,2.42463370413565,5.62476422114748,0.409759055442694,0.414270916914035,0.24144803448041025,1.8822953085162268,2.373378296335506,2.698841789999998,5.589375318571428,6.430615438085961,3.7070800100552015,66.32369090939277
Addis_Ababa,ratio_baseline,later_period,2024Q2,ftir_AnalysisDate,2024-08-15,7,2.93608135081302,6.25503100441188,0.404947794517731,0.409759055442694,2.323630792187037,5.79565350281586,6.21721747060656,-1.6097859385714262,6.830396395714287,8.482752850146694,1.0347428928984268,15.149089934921983
Addis_Ababa,ratio_baseline,later_period,2024Q2,ftir_AnalysisDate,2024-11-07,7,3.91441145026595,6.85379189359859,0.409759055442694,0.409759055442694,-4.902163148378043,5.219537646794322,6.30818061769536,-10.212364527142855,10.212364527142855,12.367148382816998,4.992826880348533,48.89001824287006
Addis_Ababa,ratio_baseline,later_period,2024Q2,ftir_AnalysisDate,2025-03-05,9,4.56833700824436,11.7351130556244,0.409759055442694,0.424033448767542,0.15551091660140534,2.247281217635221,3.168363724059111,-15.822230463333332,15.822230463333332,17.311581934727208,13.574949245698111,85.79668509542252
Addis_Ababa,ratio_baseline,later_period,2024Q3,ftir_AnalysisDate,2025-03-05,19,3.43072578969257,11.136414801705,0.404947794517731,1.43700224304556,1.8356405339115172,5.650427245844035,7.851151078351384,-10.327283418421052,12.085593061578946,15.746510497939166,6.43516581573491,53.24658693161538
Addis_Ababa,mdl_1_5x,leave_quarter_out,2022Q4,ftir_AnalysisDate,2023-03-27,7,2.54716121453745,4.44446651940708,0.464676223281463,0.477235040126908,-6.478937893078594,6.535815687146821,7.782551182249924,-0.32988223071428685,5.185683683571429,6.792992379428099,-1.3501320035753919,-26.03575701797421
Addis_Ababa,mdl_1_5x,leave_quarter_out,2022Q4,ftir_AnalysisDate,2023-04-10,2,1.62566803465763,2.2205456700338,0.470389455534924,0.470389455534924,3.5875500443730015,3.5875500443730015,4.478715275847791,15.19077646,15.19077646,15.683607245670967,11.603226415626999,76.38336622344713
Addis_Ababa,mdl_1_5x,leave_quarter_out,2023Q1,ftir_AnalysisDate,2023-04-10,9,2.2102943453252,4.42920671041816,0.470389455534924,0.48736741889818,-5.024619415528177,5.024619415528177,6.20848662974188,3.529259346666668,6.04576372,6.557655105312641,1.0211443044718234,16.890245000706436
Addis_Ababa,mdl_1_5x,leave_quarter_out,2023Q1,ftir_AnalysisDate,2023-04-11,2,1.99148840812713,2.42256663763913,0.470389455534924,0.481741981744056,-0.08413564412868624,1.1626671140890679,1.1657073495509713,11.281868584999998,11.281868584999998,11.46828866983145,10.11920147091093,89.69437460355714
Addis_Ababa,mdl_1_5x,leave_quarter_out,2023Q1,ftir_AnalysisDate,2023-07-13,13,2.31740999208569,5.1807562461787,0.449217327399301,0.454554562972362,-1.3321640762368365,4.348052188836753,5.353848459629513,3.874186396923077,5.706237098461538,7.415167055802596,1.3581849096247849,23.801760883559602
Addis_Ababa,mdl_1_5x,leave_quarter_out,2023Q1,ftir_AnalysisDate,2023-08-10,1,6.63401511944448,6.63401511944448,0.409759055442694,0.409759055442694,-7.701800326330918,7.701800326330918,7.701800326330918,-14.753706469999997,14.753706469999997,14.753706469999997,7.051906143669079,47.79752232436193
Addis_Ababa,mdl_1_5x,leave_quarter_out,2023Q2,ftir_AnalysisDate,2023-08-10,7,1.90446116072198,4.13586201342062,0.409759055442694,0.409759055442694,0.42963517497247444,2.452293611650838,3.0126991576760216,6.215081072857144,6.269886092857143,7.914739049744932,3.817592481206305,60.8877485917237
Addis_Ababa,mdl_1_5x,leave_quarter_out,2023Q2,ftir_AnalysisDate,2023-08-23,5,4.3354716491761,9.60062140677769,0.409759055442694,0.419307645387154,2.4934752202811623,3.740546223351946,4.87937685781538,-9.362197231999998,13.004382388,15.083215134110741,9.263836164648055,71.23626396280386
Addis_Ababa,mdl_1_5x,leave_quarter_out,2023Q2,ftir_AnalysisDate,2023-08-11,1,5.98240993054586,5.98240993054586,0.409759055442694,0.409759055442694,-10.185316495994819,10.185316495994819,10.185316495994819,-15.538298359999999,15.538298359999999,15.538298359999999,5.35298186400518,34.45024506534949
Addis_Ababa,mdl_1_5x,leave_quarter_out,2023Q2,ftir_AnalysisDate,2023-09-14,7,3.35205161380073,9.22076924427773,0.409759055442694,0.419307645387154,0.1038969442488187,2.0877773156555315,2.737807814299164,-2.017494607142858,4.386359384285714,6.744467874228861,2.2985820686301826,52.40295806278285
Addis_Ababa,mdl_1_5x,leave_quarter_out,2023Q2,ftir_AnalysisDate,2023-09-19,7,6.55506060402848,9.84021969992934,0.413856645997121,0.413856645997121,-2.8608875002023524,3.1965220616945516,3.9671711520827446,-15.81857438714286,15.81857438714286,16.430868282840656,12.622052325448308,79.79260340746859
Addis_Ababa,mdl_1_5x,leave_quarter_out,2023Q2,ftir_AnalysisDate,2023-11-28,1,5.11957947257968,5.11957947257968,0.409759055442694,0.409759055442694,1.0064900991450187,1.0064900991450187,1.0064900991450187,-0.8902257199999966,0.8902257199999966,0.8902257199999966,-0.11626437914502219,-13.0601011106512
Addis_Ababa,mdl_1_5x,leave_quarter_out,2023Q3,ftir_AnalysisDate,2023-11-28,13,3.96715229606112,9.71557571204205,0.409759055442694,0.431100672913667,0.8553991883018438,2.0496649533316633,2.77928646229578,-10.547577787692312,11.512326566153849,13.503339156896093,9.462661612822185,82.19591025711811
Addis_Ababa,mdl_1_5x,leave_quarter_out,2023Q3,ftir_AnalysisDate,2024-02-21,7,3.50194202698363,8.54710506277628,0.414270916914035,0.418459702727119,0.7344606757248359,2.913783222143131,3.3027053217395212,-8.464708210000003,8.464708210000003,10.066020441462907,5.550924987856872,65.5772750831404
Addis_Ababa,mdl_1_5x,leave_quarter_out,2023Q3,ftir_AnalysisDate,2024-02-20,8,3.43937872823145,10.5333537907337,0.404947794517731,0.414270916914035,3.683312475523633,5.921383486079409,6.640953672140583,-3.7146670800000035,9.155381539999999,12.197421146900377,3.2339980539205895,35.32346565559506
Addis_Ababa,mdl_1_5x,leave_quarter_out,2023Q4,ftir_AnalysisDate,2024-02-20,8,2.23594182575397,4.14642906938964,0.404947794517731,0.419307645387154,-0.6473023642267686,2.0513470918059964,2.4040318050636444,6.490926827499998,6.490926827499998,7.6590378857790435,4.439579735694002,68.39669978846334
Addis_Ababa,mdl_1_5x,leave_quarter_out,2023Q4,ftir_AnalysisDate,2024-04-19,14,2.47654432859347,3.97699446915086,0.409759055442694,0.414270916914035,0.4333011800158708,3.184544305226165,3.8645063153848445,7.582309410714286,7.892246765,9.123156275346487,4.707702459773835,59.64971192552208
Addis_Ababa,mdl_1_5x,leave_quarter_out,2023Q4,ftir_AnalysisDate,2024-07-24,4,2.90358905097997,3.66620421724724,0.409759055442694,0.409759055442694,0.3502095737177662,1.3482304296733147,1.8677014273924402,7.3684176375,7.3684176375,7.882901942821836,6.020187207826686,81.70257854533405
Addis_Ababa,mdl_1_5x,leave_quarter_out,2024Q1,ftir_AnalysisDate,2024-07-24,17,2.48704222244508,6.96258987683994,0.404947794517731,0.431325321518625,3.6396475094374914,4.90756620185194,6.15006966260362,4.980176391764704,8.319239827058821,10.26359154323801,3.4116736252068813,41.00943951766134
Addis_Ababa,mdl_1_5x,leave_quarter_out,2024Q1,ftir_AnalysisDate,2024-07-25,7,2.72681139406893,5.23333719462994,0.409759055442694,0.414270916914035,0.9479517268005202,3.842211780165169,5.386479517368096,5.014283191428569,6.577259291428569,7.401645512807523,2.7350475112634,41.58339195822327
Addis_Ababa,mdl_1_5x,leave_quarter_out,2024Q1,ftir_AnalysisDate,2024-08-15,7,2.42463370413565,5.62476422114748,0.409759055442694,0.414270916914035,0.06516512282322294,1.9107409131953301,2.3686327763881625,4.4154305299999965,6.051432669999999,7.318817846507395,4.140691756804669,68.42498268768922
Addis_Ababa,mdl_1_5x,leave_quarter_out,2024Q2,ftir_AnalysisDate,2024-08-15,7,2.93608135081302,6.25503100441188,0.404947794517731,0.409759055442694,2.072699895032854,5.702277401563256,6.140717964946312,-0.5550486835714342,6.981073146428571,8.347081177859957,1.2787957448653149,18.318039620019317
Addis_Ababa,mdl_1_5x,leave_quarter_out,2024Q2,ftir_AnalysisDate,2024-11-07,7,3.91441145026595,6.85379189359859,0.409759055442694,0.409759055442694,-5.164921076599291,5.411733694817481,6.522915892336471,-9.157627272142863,9.157627272142863,11.511564061536648,3.745893577325382,40.90463027164515
Addis_Ababa,mdl_1_5x,leave_quarter_out,2024Q2,ftir_AnalysisDate,2025-03-05,9,4.56833700824436,11.7351130556244,0.409759055442694,0.424033448767542,-0.19888467418797656,2.266428427766357,3.127437697411477,-14.76749320833334,14.76749320833334,16.353187698614338,12.501064780566983,84.65258527095577
Addis_Ababa,mdl_1_5x,leave_quarter_out,2024Q3,ftir_AnalysisDate,2025-03-05,19,3.43072578969257,11.136414801705,0.404947794517731,1.43700224304556,1.892561903944733,5.664238125907318,7.859825552923681,-10.248394838421058,12.031616664736847,15.694884734253044,6.367378538829529,52.92205292320785
Addis_Ababa,mdl_1_5x,later_period,2023Q2,ftir_AnalysisDate,2023-08-10,7,1.90446116072198,4.13586201342062,0.409759055442694,0.409759055442694,2.98957759389074,3.144649939731815,4.005876449416452,2.9590184978571417,4.273775100714285,5.724652998569515,1.1291251609824697,26.419854446570124
Addis_Ababa,mdl_1_5x,later_period,2023Q2,ftir_AnalysisDate,2023-08-23,5,4.3354716491761,9.60062140677769,0.409759055442694,0.419307645387154,11.937347098094289,11.937347098094289,12.166106547006175,-12.618259807,14.037714964999997,17.293730723240447,2.1003678669057084,14.96232023618175
Addis_Ababa,mdl_1_5x,later_period,2023Q2,ftir_AnalysisDate,2023-08-11,1,5.98240993054586,5.98240993054586,0.409759055442694,0.409759055442694,-3.278929057329549,3.278929057329549,3.278929057329549,-18.794360935,18.794360935,18.794360935,15.515431877670451,82.55365495709232
Addis_Ababa,mdl_1_5x,later_period,2023Q2,ftir_AnalysisDate,2023-09-14,7,3.35205161380073,9.22076924427773,0.409759055442694,0.419307645387154,5.749250965955565,5.749250965955565,7.588978622683894,-5.273557182142859,5.657772535000001,8.320334594833625,-0.09147843095556407,-1.6168630037645026
Addis_Ababa,mdl_1_5x,later_period,2023Q2,ftir_AnalysisDate,2023-09-19,7,6.55506060402848,9.84021969992934,0.413856645997121,0.413856645997121,7.013013215935947,7.013013215935947,8.109574507658886,-19.074636962142865,19.074636962142865,19.585400484136997,12.061623746206918,63.23383123959546
Addis_Ababa,mdl_1_5x,later_period,2023Q2,ftir_AnalysisDate,2023-11-28,1,5.11957947257968,5.11957947257968,0.409759055442694,0.409759055442694,6.5641710005194085,6.5641710005194085,6.5641710005194085,-4.146288294999998,4.146288294999998,4.146288294999998,-2.4178827055194105,-58.314389485051755
Addis_Ababa,mdl_1_5x,later_period,2023Q3,ftir_AnalysisDate,2023-11-28,13,3.96715229606112,9.71557571204205,0.409759055442694,0.431100672913667,2.2057399926520143,2.9463424455121126,3.4573167306061827,-10.594346192692315,11.544704692692314,13.539901862619136,8.598362247180201,74.47884095833895
Addis_Ababa,mdl_1_5x,later_period,2023Q3,ftir_AnalysisDate,2024-02-21,7,3.50194202698363,8.54710506277628,0.414270916914035,0.418459702727119,2.0979057469699307,2.877607373269559,3.8307230932737704,-8.511476615000005,8.511476615000005,10.105380577454744,5.633869241730446,66.1914435833816
Addis_Ababa,mdl_1_5x,later_period,2023Q3,ftir_AnalysisDate,2024-02-20,8,3.43937872823145,10.5333537907337,0.404947794517731,0.414270916914035,5.057467765056551,6.632593924172906,7.505718471154543,-3.761435485000005,9.155381539999999,12.21174549470443,2.5227876158270925,27.55524283510191
Addis_Ababa,mdl_1_5x,later_period,2023Q4,ftir_AnalysisDate,2024-02-20,8,2.23594182575397,4.14642906938964,0.404947794517731,0.419307645387154,0.3160978384786297,1.6723697545937704,2.3652642940449127,5.3227073575000015,5.3227073575000015,6.697756629605482,3.650337602906231,68.58046775317631
Addis_Ababa,mdl_1_5x,later_period,2023Q4,ftir_AnalysisDate,2024-04-19,14,2.47654432859347,3.97699446915086,0.409759055442694,0.414270916914035,1.3970781746184424,3.432467735715029,4.112832342227099,6.414089940714289,6.971944013571431,8.178087440970524,3.539476277856402,50.767422557704656
Addis_Ababa,mdl_1_5x,later_period,2023Q4,ftir_AnalysisDate,2024-07-24,4,2.90358905097997,3.66620421724724,0.409759055442694,0.409759055442694,1.3094143199805277,1.586549876997788,2.2789245939230836,6.2001981675000035,6.2001981675000035,6.803603594845425,4.613648290502216,74.41130373357882
Addis_Ababa,mdl_1_5x,later_period,2024Q1,ftir_AnalysisDate,2024-07-24,17,2.48704222244508,6.96258987683994,0.404947794517731,0.431325321518625,3.755642253919,4.931757554096723,6.18306486126563,3.3331937267647085,7.719721499117647,9.573365912440611,2.7879639450209233,36.11482545503207
Addis_Ababa,mdl_1_5x,later_period,2024Q1,ftir_AnalysisDate,2024-07-25,7,2.72681139406893,5.23333719462994,0.409759055442694,0.414270916914035,1.0239436264029587,3.8353928219046654,5.413935893552448,3.367300526428573,5.400843102142858,6.401564903108209,1.5654502802381924,28.985294529609252
Addis_Ababa,mdl_1_5x,later_period,2024Q1,ftir_AnalysisDate,2024-08-15,7,2.42463370413565,5.62476422114748,0.409759055442694,0.414270916914035,0.13699011557282045,1.8848589047654067,2.340292023865584,2.768447865000001,5.599319043571429,6.460137110489386,3.7144601388060217,66.33771195928885
Addis_Ababa,mdl_1_5x,later_period,2024Q2,ftir_AnalysisDate,2024-08-15,7,2.93608135081302,6.25503100441188,0.404947794517731,0.409759055442694,2.299360960175945,5.7663641470944125,6.191550625822074,-1.5388186285714258,6.840534582857144,8.469571885301406,1.0741704357627313,15.703018861342755
Addis_Ababa,mdl_1_5x,later_period,2024Q2,ftir_AnalysisDate,2024-11-07,7,3.91441145026595,6.85379189359859,0.409759055442694,0.409759055442694,-4.910663285535306,5.219593299784101,6.303524602864581,-10.141397217142854,10.141397217142854,12.30861110780742,4.921803917358753,48.53181284566011
Addis_Ababa,mdl_1_5x,later_period,2024Q2,ftir_AnalysisDate,2025-03-05,9,4.56833700824436,11.7351130556244,0.409759055442694,0.424033448767542,0.2691968097017323,2.2867290710550545,3.2353258448567033,-15.75126315333333,15.75126315333333,17.246744132545608,13.464534082278275,85.48224958979795
Addis_Ababa,mdl_1_5x,later_period,2024Q3,ftir_AnalysisDate,2025-03-05,19,3.43072578969257,11.136414801705,0.404947794517731,1.43700224304556,1.892561903944733,5.664238125907318,7.859825552923681,-10.248394838421058,12.031616664736847,15.694884734253044,6.367378538829529,52.92205292320785
Addis_Ababa,mdl_2x,leave_quarter_out,2022Q4,ftir_AnalysisDate,2023-03-27,7,2.54716121453745,4.44446651940708,0.464676223281463,0.477235040126908,-6.478937893078594,6.535815687146821,7.782551182249924,-0.32988223071428685,5.185683683571429,6.792992379428099,-1.3501320035753919,-26.03575701797421
Addis_Ababa,mdl_2x,leave_quarter_out,2022Q4,ftir_AnalysisDate,2023-04-10,2,1.62566803465763,2.2205456700338,0.470389455534924,0.470389455534924,3.5875500443730015,3.5875500443730015,4.478715275847791,15.19077646,15.19077646,15.683607245670967,11.603226415626999,76.38336622344713
Addis_Ababa,mdl_2x,leave_quarter_out,2023Q1,ftir_AnalysisDate,2023-04-10,9,2.2102943453252,4.42920671041816,0.470389455534924,0.48736741889818,-5.024619415528177,5.024619415528177,6.20848662974188,3.529259346666668,6.04576372,6.557655105312641,1.0211443044718234,16.890245000706436
Addis_Ababa,mdl_2x,leave_quarter_out,2023Q1,ftir_AnalysisDate,2023-04-11,2,1.99148840812713,2.42256663763913,0.470389455534924,0.481741981744056,-0.08413564412868624,1.1626671140890679,1.1657073495509713,11.281868584999998,11.281868584999998,11.46828866983145,10.11920147091093,89.69437460355714
Addis_Ababa,mdl_2x,leave_quarter_out,2023Q1,ftir_AnalysisDate,2023-07-13,13,2.31740999208569,5.1807562461787,0.449217327399301,0.454554562972362,-1.3321640762368365,4.348052188836753,5.353848459629513,3.874186396923077,5.706237098461538,7.415167055802596,1.3581849096247849,23.801760883559602
Addis_Ababa,mdl_2x,leave_quarter_out,2023Q1,ftir_AnalysisDate,2023-08-10,1,6.63401511944448,6.63401511944448,0.409759055442694,0.409759055442694,-7.701800326330918,7.701800326330918,7.701800326330918,-14.753706469999997,14.753706469999997,14.753706469999997,7.051906143669079,47.79752232436193
Addis_Ababa,mdl_2x,leave_quarter_out,2023Q2,ftir_AnalysisDate,2023-08-10,7,1.90446116072198,4.13586201342062,0.409759055442694,0.409759055442694,0.42963517497247444,2.452293611650838,3.0126991576760216,6.215081072857144,6.269886092857143,7.914739049744932,3.817592481206305,60.8877485917237
Addis_Ababa,mdl_2x,leave_quarter_out,2023Q2,ftir_AnalysisDate,2023-08-23,5,4.3354716491761,9.60062140677769,0.409759055442694,0.419307645387154,2.4934752202811623,3.740546223351946,4.87937685781538,-9.362197231999998,13.004382388,15.083215134110741,9.263836164648055,71.23626396280386
Addis_Ababa,mdl_2x,leave_quarter_out,2023Q2,ftir_AnalysisDate,2023-08-11,1,5.98240993054586,5.98240993054586,0.409759055442694,0.409759055442694,-10.185316495994819,10.185316495994819,10.185316495994819,-15.538298359999999,15.538298359999999,15.538298359999999,5.35298186400518,34.45024506534949
Addis_Ababa,mdl_2x,leave_quarter_out,2023Q2,ftir_AnalysisDate,2023-09-14,7,3.35205161380073,9.22076924427773,0.409759055442694,0.419307645387154,0.1038969442488187,2.0877773156555315,2.737807814299164,-2.017494607142858,4.386359384285714,6.744467874228861,2.2985820686301826,52.40295806278285
Addis_Ababa,mdl_2x,leave_quarter_out,2023Q2,ftir_AnalysisDate,2023-09-19,7,6.55506060402848,9.84021969992934,0.413856645997121,0.413856645997121,-2.8608875002023524,3.1965220616945516,3.9671711520827446,-15.81857438714286,15.81857438714286,16.430868282840656,12.622052325448308,79.79260340746859
Addis_Ababa,mdl_2x,leave_quarter_out,2023Q2,ftir_AnalysisDate,2023-11-28,1,5.11957947257968,5.11957947257968,0.409759055442694,0.409759055442694,1.0064900991450187,1.0064900991450187,1.0064900991450187,-0.8902257199999966,0.8902257199999966,0.8902257199999966,-0.11626437914502219,-13.0601011106512
Addis_Ababa,mdl_2x,leave_quarter_out,2023Q3,ftir_AnalysisDate,2023-11-28,13,3.96715229606112,9.71557571204205,0.409759055442694,0.431100672913667,0.8553991883018438,2.0496649533316633,2.77928646229578,-10.547577787692312,11.512326566153849,13.503339156896093,9.462661612822185,82.19591025711811
Addis_Ababa,mdl_2x,leave_quarter_out,2023Q3,ftir_AnalysisDate,2024-02-21,7,3.50194202698363,8.54710506277628,0.414270916914035,0.418459702727119,0.7344606757248359,2.913783222143131,3.3027053217395212,-8.464708210000003,8.464708210000003,10.066020441462907,5.550924987856872,65.5772750831404
Addis_Ababa,mdl_2x,leave_quarter_out,2023Q3,ftir_AnalysisDate,2024-02-20,8,3.43937872823145,10.5333537907337,0.404947794517731,0.414270916914035,3.683312475523633,5.921383486079409,6.640953672140583,-3.7146670800000035,9.155381539999999,12.197421146900377,3.2339980539205895,35.32346565559506
Addis_Ababa,mdl_2x,leave_quarter_out,2023Q4,ftir_AnalysisDate,2024-02-20,8,2.23594182575397,4.14642906938964,0.404947794517731,0.419307645387154,-0.6473023642267686,2.0513470918059964,2.4040318050636444,6.490926827499998,6.490926827499998,7.6590378857790435,4.439579735694002,68.39669978846334
Addis_Ababa,mdl_2x,leave_quarter_out,2023Q4,ftir_AnalysisDate,2024-04-19,14,2.47654432859347,3.97699446915086,0.409759055442694,0.414270916914035,0.4333011800158708,3.184544305226165,3.8645063153848445,7.582309410714286,7.892246765,9.123156275346487,4.707702459773835,59.64971192552208
Addis_Ababa,mdl_2x,leave_quarter_out,2023Q4,ftir_AnalysisDate,2024-07-24,4,2.90358905097997,3.66620421724724,0.409759055442694,0.409759055442694,0.3502095737177662,1.3482304296733147,1.8677014273924402,7.3684176375,7.3684176375,7.882901942821836,6.020187207826686,81.70257854533405
Addis_Ababa,mdl_2x,leave_quarter_out,2024Q1,ftir_AnalysisDate,2024-07-24,17,2.48704222244508,6.96258987683994,0.404947794517731,0.431325321518625,3.6396475094374914,4.90756620185194,6.15006966260362,4.980176391764704,8.319239827058821,10.26359154323801,3.4116736252068813,41.00943951766134
Addis_Ababa,mdl_2x,leave_quarter_out,2024Q1,ftir_AnalysisDate,2024-07-25,7,2.72681139406893,5.23333719462994,0.409759055442694,0.414270916914035,0.9479517268005202,3.842211780165169,5.386479517368096,5.014283191428569,6.577259291428569,7.401645512807523,2.7350475112634,41.58339195822327
Addis_Ababa,mdl_2x,leave_quarter_out,2024Q1,ftir_AnalysisDate,2024-08-15,7,2.42463370413565,5.62476422114748,0.409759055442694,0.414270916914035,0.06516512282322294,1.9107409131953301,2.3686327763881625,4.4154305299999965,6.051432669999999,7.318817846507395,4.140691756804669,68.42498268768922
Addis_Ababa,mdl_2x,leave_quarter_out,2024Q2,ftir_AnalysisDate,2024-08-15,7,2.93608135081302,6.25503100441188,0.404947794517731,0.409759055442694,2.072699895032854,5.702277401563256,6.140717964946312,-0.5550486835714342,6.981073146428571,8.347081177859957,1.2787957448653149,18.318039620019317
Addis_Ababa,mdl_2x,leave_quarter_out,2024Q2,ftir_AnalysisDate,2024-11-07,7,3.91441145026595,6.85379189359859,0.409759055442694,0.409759055442694,-5.164921076599291,5.411733694817481,6.522915892336471,-9.157627272142863,9.157627272142863,11.511564061536648,3.745893577325382,40.90463027164515
Addis_Ababa,mdl_2x,leave_quarter_out,2024Q2,ftir_AnalysisDate,2025-03-05,9,4.56833700824436,11.7351130556244,0.409759055442694,0.424033448767542,-0.19888467418797656,2.266428427766357,3.127437697411477,-14.76749320833334,14.76749320833334,16.353187698614338,12.501064780566983,84.65258527095577
Addis_Ababa,mdl_2x,leave_quarter_out,2024Q3,ftir_AnalysisDate,2025-03-05,19,3.43072578969257,11.136414801705,0.404947794517731,1.43700224304556,1.892561903944733,5.664238125907318,7.859825552923681,-10.248394838421058,12.031616664736847,15.694884734253044,6.367378538829529,52.92205292320785
Addis_Ababa,mdl_2x,later_period,2023Q2,ftir_AnalysisDate,2023-08-10,7,1.90446116072198,4.13586201342062,0.409759055442694,0.409759055442694,2.98957759389074,3.144649939731815,4.005876449416452,2.9590184978571417,4.273775100714285,5.724652998569515,1.1291251609824697,26.419854446570124
Addis_Ababa,mdl_2x,later_period,2023Q2,ftir_AnalysisDate,2023-08-23,5,4.3354716491761,9.60062140677769,0.409759055442694,0.419307645387154,11.937347098094289,11.937347098094289,12.166106547006175,-12.618259807,14.037714964999997,17.293730723240447,2.1003678669057084,14.96232023618175
Addis_Ababa,mdl_2x,later_period,2023Q2,ftir_AnalysisDate,2023-08-11,1,5.98240993054586,5.98240993054586,0.409759055442694,0.409759055442694,-3.278929057329549,3.278929057329549,3.278929057329549,-18.794360935,18.794360935,18.794360935,15.515431877670451,82.55365495709232
Addis_Ababa,mdl_2x,later_period,2023Q2,ftir_AnalysisDate,2023-09-14,7,3.35205161380073,9.22076924427773,0.409759055442694,0.419307645387154,5.749250965955565,5.749250965955565,7.588978622683894,-5.273557182142859,5.657772535000001,8.320334594833625,-0.09147843095556407,-1.6168630037645026
Addis_Ababa,mdl_2x,later_period,2023Q2,ftir_AnalysisDate,2023-09-19,7,6.55506060402848,9.84021969992934,0.413856645997121,0.413856645997121,7.013013215935947,7.013013215935947,8.109574507658886,-19.074636962142865,19.074636962142865,19.585400484136997,12.061623746206918,63.23383123959546
Addis_Ababa,mdl_2x,later_period,2023Q2,ftir_AnalysisDate,2023-11-28,1,5.11957947257968,5.11957947257968,0.409759055442694,0.409759055442694,6.5641710005194085,6.5641710005194085,6.5641710005194085,-4.146288294999998,4.146288294999998,4.146288294999998,-2.4178827055194105,-58.314389485051755
Addis_Ababa,mdl_2x,later_period,2023Q3,ftir_AnalysisDate,2023-11-28,13,3.96715229606112,9.71557571204205,0.409759055442694,0.431100672913667,2.2057399926520143,2.9463424455121126,3.4573167306061827,-10.594346192692315,11.544704692692314,13.539901862619136,8.598362247180201,74.47884095833895
Addis_Ababa,mdl_2x,later_period,2023Q3,ftir_AnalysisDate,2024-02-21,7,3.50194202698363,8.54710506277628,0.414270916914035,0.418459702727119,2.0979057469699307,2.877607373269559,3.8307230932737704,-8.511476615000005,8.511476615000005,10.105380577454744,5.633869241730446,66.1914435833816
Addis_Ababa,mdl_2x,later_period,2023Q3,ftir_AnalysisDate,2024-02-20,8,3.43937872823145,10.5333537907337,0.404947794517731,0.414270916914035,5.057467765056551,6.632593924172906,7.505718471154543,-3.761435485000005,9.155381539999999,12.21174549470443,2.5227876158270925,27.55524283510191
Addis_Ababa,mdl_2x,later_period,2023Q4,ftir_AnalysisDate,2024-02-20,8,2.23594182575397,4.14642906938964,0.404947794517731,0.419307645387154,0.3160978384786297,1.6723697545937704,2.3652642940449127,5.3227073575000015,5.3227073575000015,6.697756629605482,3.650337602906231,68.58046775317631
Addis_Ababa,mdl_2x,later_period,2023Q4,ftir_AnalysisDate,2024-04-19,14,2.47654432859347,3.97699446915086,0.409759055442694,0.414270916914035,1.3970781746184424,3.432467735715029,4.112832342227099,6.414089940714289,6.971944013571431,8.178087440970524,3.539476277856402,50.767422557704656
Addis_Ababa,mdl_2x,later_period,2023Q4,ftir_AnalysisDate,2024-07-24,4,2.90358905097997,3.66620421724724,0.409759055442694,0.409759055442694,1.3094143199805277,1.586549876997788,2.2789245939230836,6.2001981675000035,6.2001981675000035,6.803603594845425,4.613648290502216,74.41130373357882
Addis_Ababa,mdl_2x,later_period,2024Q1,ftir_AnalysisDate,2024-07-24,17,2.48704222244508,6.96258987683994,0.404947794517731,0.431325321518625,3.755642253919,4.931757554096723,6.18306486126563,3.3331937267647085,7.719721499117647,9.573365912440611,2.7879639450209233,36.11482545503207
Addis_Ababa,mdl_2x,later_period,2024Q1,ftir_AnalysisDate,2024-07-25,7,2.72681139406893,5.23333719462994,0.409759055442694,0.414270916914035,1.0239436264029587,3.8353928219046654,5.413935893552448,3.367300526428573,5.400843102142858,6.401564903108209,1.5654502802381924,28.985294529609252
Addis_Ababa,mdl_2x,later_period,2024Q1,ftir_AnalysisDate,2024-08-15,7,2.42463370413565,5.62476422114748,0.409759055442694,0.414270916914035,0.13699011557282045,1.8848589047654067,2.340292023865584,2.768447865000001,5.599319043571429,6.460137110489386,3.7144601388060217,66.33771195928885
Addis_Ababa,mdl_2x,later_period,2024Q2,ftir_AnalysisDate,2024-08-15,7,2.93608135081302,6.25503100441188,0.404947794517731,0.409759055442694,2.299360960175945,5.7663641470944125,6.191550625822074,-1.5388186285714258,6.840534582857144,8.469571885301406,1.0741704357627313,15.703018861342755
Addis_Ababa,mdl_2x,later_period,2024Q2,ftir_AnalysisDate,2024-11-07,7,3.91441145026595,6.85379189359859,0.409759055442694,0.409759055442694,-4.910663285535306,5.219593299784101,6.303524602864581,-10.141397217142854,10.141397217142854,12.30861110780742,4.921803917358753,48.53181284566011
Addis_Ababa,mdl_2x,later_period,2024Q2,ftir_AnalysisDate,2025-03-05,9,4.56833700824436,11.7351130556244,0.409759055442694,0.424033448767542,0.2691968097017323,2.2867290710550545,3.2353258448567033,-15.75126315333333,15.75126315333333,17.246744132545608,13.464534082278275,85.48224958979795
Addis_Ababa,mdl_2x,later_period,2024Q3,ftir_AnalysisDate,2025-03-05,19,3.43072578969257,11.136414801705,0.404947794517731,1.43700224304556,1.892561903944733,5.664238125907318,7.859825552923681,-10.248394838421058,12.031616664736847,15.694884734253044,6.367378538829529,52.92205292320785
Addis_Ababa,mdl_3x,leave_quarter_out,2022Q4,ftir_AnalysisDate,2023-03-27,7,2.54716121453745,4.44446651940708,0.464676223281463,0.477235040126908,-6.478937893078594,6.535815687146821,7.782551182249924,-0.32988223071428685,5.185683683571429,6.792992379428099,-1.3501320035753919,-26.03575701797421
Addis_Ababa,mdl_3x,leave_quarter_out,2022Q4,ftir_AnalysisDate,2023-04-10,2,1.62566803465763,2.2205456700338,0.470389455534924,0.470389455534924,3.5875500443730015,3.5875500443730015,4.478715275847791,15.19077646,15.19077646,15.683607245670967,11.603226415626999,76.38336622344713
Addis_Ababa,mdl_3x,leave_quarter_out,2023Q1,ftir_AnalysisDate,2023-04-10,9,2.2102943453252,4.42920671041816,0.470389455534924,0.48736741889818,-5.024619415528177,5.024619415528177,6.20848662974188,3.529259346666668,6.04576372,6.557655105312641,1.0211443044718234,16.890245000706436
Addis_Ababa,mdl_3x,leave_quarter_out,2023Q1,ftir_AnalysisDate,2023-04-11,2,1.99148840812713,2.42256663763913,0.470389455534924,0.481741981744056,-0.08413564412868624,1.1626671140890679,1.1657073495509713,11.281868584999998,11.281868584999998,11.46828866983145,10.11920147091093,89.69437460355714
Addis_Ababa,mdl_3x,leave_quarter_out,2023Q1,ftir_AnalysisDate,2023-07-13,13,2.31740999208569,5.1807562461787,0.449217327399301,0.454554562972362,-1.3321640762368365,4.348052188836753,5.353848459629513,3.874186396923077,5.706237098461538,7.415167055802596,1.3581849096247849,23.801760883559602
Addis_Ababa,mdl_3x,leave_quarter_out,2023Q1,ftir_AnalysisDate,2023-08-10,1,6.63401511944448,6.63401511944448,0.409759055442694,0.409759055442694,-7.701800326330918,7.701800326330918,7.701800326330918,-14.753706469999997,14.753706469999997,14.753706469999997,7.051906143669079,47.79752232436193
Addis_Ababa,mdl_3x,leave_quarter_out,2023Q2,ftir_AnalysisDate,2023-08-10,7,1.90446116072198,4.13586201342062,0.409759055442694,0.409759055442694,0.42963517497247444,2.452293611650838,3.0126991576760216,6.215081072857144,6.269886092857143,7.914739049744932,3.817592481206305,60.8877485917237
Addis_Ababa,mdl_3x,leave_quarter_out,2023Q2,ftir_AnalysisDate,2023-08-23,5,4.3354716491761,9.60062140677769,0.409759055442694,0.419307645387154,2.4934752202811623,3.740546223351946,4.87937685781538,-9.362197231999998,13.004382388,15.083215134110741,9.263836164648055,71.23626396280386
Addis_Ababa,mdl_3x,leave_quarter_out,2023Q2,ftir_AnalysisDate,2023-08-11,1,5.98240993054586,5.98240993054586,0.409759055442694,0.409759055442694,-10.185316495994819,10.185316495994819,10.185316495994819,-15.538298359999999,15.538298359999999,15.538298359999999,5.35298186400518,34.45024506534949
Addis_Ababa,mdl_3x,leave_quarter_out,2023Q2,ftir_AnalysisDate,2023-09-14,7,3.35205161380073,9.22076924427773,0.409759055442694,0.419307645387154,0.1038969442488187,2.0877773156555315,2.737807814299164,-2.017494607142858,4.386359384285714,6.744467874228861,2.2985820686301826,52.40295806278285
Addis_Ababa,mdl_3x,leave_quarter_out,2023Q2,ftir_AnalysisDate,2023-09-19,7,6.55506060402848,9.84021969992934,0.413856645997121,0.413856645997121,-2.8608875002023524,3.1965220616945516,3.9671711520827446,-15.81857438714286,15.81857438714286,16.430868282840656,12.622052325448308,79.79260340746859
Addis_Ababa,mdl_3x,leave_quarter_out,2023Q2,ftir_AnalysisDate,2023-11-28,1,5.11957947257968,5.11957947257968,0.409759055442694,0.409759055442694,1.0064900991450187,1.0064900991450187,1.0064900991450187,-0.8902257199999966,0.8902257199999966,0.8902257199999966,-0.11626437914502219,-13.0601011106512
Addis_Ababa,mdl_3x,leave_quarter_out,2023Q3,ftir_AnalysisDate,2023-11-28,13,3.96715229606112,9.71557571204205,0.409759055442694,0.431100672913667,0.8553991883018438,2.0496649533316633,2.77928646229578,-10.547577787692312,11.512326566153849,13.503339156896093,9.462661612822185,82.19591025711811
Addis_Ababa,mdl_3x,leave_quarter_out,2023Q3,ftir_AnalysisDate,2024-02-21,7,3.50194202698363,8.54710506277628,0.414270916914035,0.418459702727119,0.7344606757248359,2.913783222143131,3.3027053217395212,-8.464708210000003,8.464708210000003,10.066020441462907,5.550924987856872,65.5772750831404
Addis_Ababa,mdl_3x,leave_quarter_out,2023Q3,ftir_AnalysisDate,2024-02-20,8,3.43937872823145,10.5333537907337,0.404947794517731,0.414270916914035,3.683312475523633,5.921383486079409,6.640953672140583,-3.7146670800000035,9.155381539999999,12.197421146900377,3.2339980539205895,35.32346565559506
Addis_Ababa,mdl_3x,leave_quarter_out,2023Q4,ftir_AnalysisDate,2024-02-20,8,2.23594182575397,4.14642906938964,0.404947794517731,0.419307645387154,-0.6473023642267686,2.0513470918059964,2.4040318050636444,6.490926827499998,6.490926827499998,7.6590378857790435,4.439579735694002,68.39669978846334
Addis_Ababa,mdl_3x,leave_quarter_out,2023Q4,ftir_AnalysisDate,2024-04-19,14,2.47654432859347,3.97699446915086,0.409759055442694,0.414270916914035,0.4333011800158708,3.184544305226165,3.8645063153848445,7.582309410714286,7.892246765,9.123156275346487,4.707702459773835,59.64971192552208
Addis_Ababa,mdl_3x,leave_quarter_out,2023Q4,ftir_AnalysisDate,2024-07-24,4,2.90358905097997,3.66620421724724,0.409759055442694,0.409759055442694,0.3502095737177662,1.3482304296733147,1.8677014273924402,7.3684176375,7.3684176375,7.882901942821836,6.020187207826686,81.70257854533405
Addis_Ababa,mdl_3x,leave_quarter_out,2024Q1,ftir_AnalysisDate,2024-07-24,17,2.48704222244508,6.96258987683994,0.404947794517731,0.431325321518625,3.6396475094374914,4.90756620185194,6.15006966260362,4.980176391764704,8.319239827058821,10.26359154323801,3.4116736252068813,41.00943951766134
Addis_Ababa,mdl_3x,leave_quarter_out,2024Q1,ftir_AnalysisDate,2024-07-25,7,2.72681139406893,5.23333719462994,0.409759055442694,0.414270916914035,0.9479517268005202,3.842211780165169,5.386479517368096,5.014283191428569,6.577259291428569,7.401645512807523,2.7350475112634,41.58339195822327
Addis_Ababa,mdl_3x,leave_quarter_out,2024Q1,ftir_AnalysisDate,2024-08-15,7,2.42463370413565,5.62476422114748,0.409759055442694,0.414270916914035,0.06516512282322294,1.9107409131953301,2.3686327763881625,4.4154305299999965,6.051432669999999,7.318817846507395,4.140691756804669,68.42498268768922
Addis_Ababa,mdl_3x,leave_quarter_out,2024Q2,ftir_AnalysisDate,2024-08-15,7,2.93608135081302,6.25503100441188,0.404947794517731,0.409759055442694,2.072699895032854,5.702277401563256,6.140717964946312,-0.5550486835714342,6.981073146428571,8.347081177859957,1.2787957448653149,18.318039620019317
Addis_Ababa,mdl_3x,leave_quarter_out,2024Q2,ftir_AnalysisDate,2024-11-07,7,3.91441145026595,6.85379189359859,0.409759055442694,0.409759055442694,-5.164921076599291,5.411733694817481,6.522915892336471,-9.157627272142863,9.157627272142863,11.511564061536648,3.745893577325382,40.90463027164515
Addis_Ababa,mdl_3x,leave_quarter_out,2024Q2,ftir_AnalysisDate,2025-03-05,9,4.56833700824436,11.7351130556244,0.409759055442694,0.424033448767542,-0.19888467418797656,2.266428427766357,3.127437697411477,-14.76749320833334,14.76749320833334,16.353187698614338,12.501064780566983,84.65258527095577
Addis_Ababa,mdl_3x,leave_quarter_out,2024Q3,ftir_AnalysisDate,2025-03-05,19,3.43072578969257,11.136414801705,0.404947794517731,1.43700224304556,1.892561903944733,5.664238125907318,7.859825552923681,-10.248394838421058,12.031616664736847,15.694884734253044,6.367378538829529,52.92205292320785
Addis_Ababa,mdl_3x,later_period,2023Q2,ftir_AnalysisDate,2023-08-10,7,1.90446116072198,4.13586201342062,0.409759055442694,0.409759055442694,2.98957759389074,3.144649939731815,4.005876449416452,2.9590184978571417,4.273775100714285,5.724652998569515,1.1291251609824697,26.419854446570124
Addis_Ababa,mdl_3x,later_period,2023Q2,ftir_AnalysisDate,2023-08-23,5,4.3354716491761,9.60062140677769,0.409759055442694,0.419307645387154,11.937347098094289,11.937347098094289,12.166106547006175,-12.618259807,14.037714964999997,17.293730723240447,2.1003678669057084,14.96232023618175
Addis_Ababa,mdl_3x,later_period,2023Q2,ftir_AnalysisDate,2023-08-11,1,5.98240993054586,5.98240993054586,0.409759055442694,0.409759055442694,-3.278929057329549,3.278929057329549,3.278929057329549,-18.794360935,18.794360935,18.794360935,15.515431877670451,82.55365495709232
Addis_Ababa,mdl_3x,later_period,2023Q2,ftir_AnalysisDate,2023-09-14,7,3.35205161380073,9.22076924427773,0.409759055442694,0.419307645387154,5.749250965955565,5.749250965955565,7.588978622683894,-5.273557182142859,5.657772535000001,8.320334594833625,-0.09147843095556407,-1.6168630037645026
Addis_Ababa,mdl_3x,later_period,2023Q2,ftir_AnalysisDate,2023-09-19,7,6.55506060402848,9.84021969992934,0.413856645997121,0.413856645997121,7.013013215935947,7.013013215935947,8.109574507658886,-19.074636962142865,19.074636962142865,19.585400484136997,12.061623746206918,63.23383123959546
Addis_Ababa,mdl_3x,later_period,2023Q2,ftir_AnalysisDate,2023-11-28,1,5.11957947257968,5.11957947257968,0.409759055442694,0.409759055442694,6.5641710005194085,6.5641710005194085,6.5641710005194085,-4.146288294999998,4.146288294999998,4.146288294999998,-2.4178827055194105,-58.314389485051755
Addis_Ababa,mdl_3x,later_period,2023Q3,ftir_AnalysisDate,2023-11-28,13,3.96715229606112,9.71557571204205,0.409759055442694,0.431100672913667,2.2057399926520143,2.9463424455121126,3.4573167306061827,-10.594346192692315,11.544704692692314,13.539901862619136,8.598362247180201,74.47884095833895
Addis_Ababa,mdl_3x,later_period,2023Q3,ftir_AnalysisDate,2024-02-21,7,3.50194202698363,8.54710506277628,0.414270916914035,0.418459702727119,2.0979057469699307,2.877607373269559,3.8307230932737704,-8.511476615000005,8.511476615000005,10.105380577454744,5.633869241730446,66.1914435833816
Addis_Ababa,mdl_3x,later_period,2023Q3,ftir_AnalysisDate,2024-02-20,8,3.43937872823145,10.5333537907337,0.404947794517731,0.414270916914035,5.057467765056551,6.632593924172906,7.505718471154543,-3.761435485000005,9.155381539999999,12.21174549470443,2.5227876158270925,27.55524283510191
Addis_Ababa,mdl_3x,later_period,2023Q4,ftir_AnalysisDate,2024-02-20,8,2.23594182575397,4.14642906938964,0.404947794517731,0.419307645387154,0.3160978384786297,1.6723697545937704,2.3652642940449127,5.3227073575000015,5.3227073575000015,6.697756629605482,3.650337602906231,68.58046775317631
Addis_Ababa,mdl_3x,later_period,2023Q4,ftir_AnalysisDate,2024-04-19,14,2.47654432859347,3.97699446915086,0.409759055442694,0.414270916914035,1.3970781746184424,3.432467735715029,4.112832342227099,6.414089940714289,6.971944013571431,8.178087440970524,3.539476277856402,50.767422557704656
Addis_Ababa,mdl_3x,later_period,2023Q4,ftir_AnalysisDate,2024-07-24,4,2.90358905097997,3.66620421724724,0.409759055442694,0.409759055442694,1.3094143199805277,1.586549876997788,2.2789245939230836,6.2001981675000035,6.2001981675000035,6.803603594845425,4.613648290502216,74.41130373357882
Addis_Ababa,mdl_3x,later_period,2024Q1,ftir_AnalysisDate,2024-07-24,17,2.48704222244508,6.96258987683994,0.404947794517731,0.431325321518625,3.755642253919,4.931757554096723,6.18306486126563,3.3331937267647085,7.719721499117647,9.573365912440611,2.7879639450209233,36.11482545503207
Addis_Ababa,mdl_3x,later_period,2024Q1,ftir_AnalysisDate,2024-07-25,7,2.72681139406893,5.23333719462994,0.409759055442694,0.414270916914035,1.0239436264029587,3.8353928219046654,5.413935893552448,3.367300526428573,5.400843102142858,6.401564903108209,1.5654502802381924,28.985294529609252
Addis_Ababa,mdl_3x,later_period,2024Q1,ftir_AnalysisDate,2024-08-15,7,2.42463370413565,5.62476422114748,0.409759055442694,0.414270916914035,0.13699011557282045,1.8848589047654067,2.340292023865584,2.768447865000001,5.599319043571429,6.460137110489386,3.7144601388060217,66.33771195928885
Addis_Ababa,mdl_3x,later_period,2024Q2,ftir_AnalysisDate,2024-08-15,7,2.93608135081302,6.25503100441188,0.404947794517731,0.409759055442694,2.299360960175945,5.7663641470944125,6.191550625822074,-1.5388186285714258,6.840534582857144,8.469571885301406,1.0741704357627313,15.703018861342755
Addis_Ababa,mdl_3x,later_period,2024Q2,ftir_AnalysisDate,2024-11-07,7,3.91441145026595,6.85379189359859,0.409759055442694,0.409759055442694,-4.910663285535306,5.219593299784101,6.303524602864581,-10.141397217142854,10.141397217142854,12.30861110780742,4.921803917358753,48.53181284566011
Addis_Ababa,mdl_3x,later_period,2024Q2,ftir_AnalysisDate,2025-03-05,9,4.56833700824436,11.7351130556244,0.409759055442694,0.424033448767542,0.2691968097017323,2.2867290710550545,3.2353258448567033,-15.75126315333333,15.75126315333333,17.246744132545608,13.464534082278275,85.48224958979795
Addis_Ababa,mdl_3x,later_period,2024Q3,ftir_AnalysisDate,2025-03-05,19,3.43072578969257,11.136414801705,0.404947794517731,1.43700224304556,1.892561903944733,5.664238125907318,7.859825552923681,-10.248394838421058,12.031616664736847,15.694884734253044,6.367378538829529,52.92205292320785
Addis_Ababa,mdl_5x,leave_quarter_out,2022Q4,ftir_AnalysisDate,2023-03-27,7,2.54716121453745,4.44446651940708,0.464676223281463,0.477235040126908,-6.463224084027227,6.525341148781217,7.771093514193732,-0.22730356571428395,5.191398048571429,6.788784139432745,-1.3339431002097877,-25.695257572800887
Addis_Ababa,mdl_5x,leave_quarter_out,2023Q1,ftir_AnalysisDate,2023-04-10,7,2.42810461321138,4.42920671041816,0.470389455534924,0.476244925935773,-5.354288234716238,5.354288234716238,6.587567267886401,2.2822755371428545,5.489134559999997,5.963090160550188,0.1348463252837595,2.4566044758020937
Addis_Ababa,mdl_5x,leave_quarter_out,2023Q1,ftir_AnalysisDate,2023-04-11,1,2.42256663763913,2.42256663763913,0.481741981744056,0.481741981744056,-1.0264019908100366,1.0264019908100366,1.0264019908100366,9.272610359999995,9.272610359999995,9.272610359999995,8.246208369189958,88.93081935980283
Addis_Ababa,mdl_5x,leave_quarter_out,2023Q1,ftir_AnalysisDate,2023-07-13,13,2.31740999208569,5.1807562461787,0.449217327399301,0.454554562972362,-1.1744976137897871,4.347000551352819,5.318123476236978,3.924317946923073,5.725518463846153,7.441481947562519,1.3785179124933338,24.076735079940793
Addis_Ababa,mdl_5x,leave_quarter_out,2023Q1,ftir_AnalysisDate,2023-08-10,1,6.63401511944448,6.63401511944448,0.409759055442694,0.409759055442694,-7.690252670114944,7.690252670114944,7.690252670114944,-14.703574920000001,14.703574920000001,14.703574920000001,7.013322249885057,47.69807538672409
Addis_Ababa,mdl_5x,leave_quarter_out,2023Q2,ftir_AnalysisDate,2023-08-10,6,2.7330819375566,4.13586201342062,0.409759055442694,0.409759055442694,-0.35788216647483867,1.9146680999605163,2.302769756656534,4.746747269999999,4.746747269999999,5.447002700308318,2.832079170039483,59.663576106917596
Addis_Ababa,mdl_5x,leave_quarter_out,2023Q2,ftir_AnalysisDate,2023-08-23,5,4.3354716491761,9.60062140677769,0.409759055442694,0.419307645387154,2.464077498858946,3.7735151855346216,4.900203490094682,-9.103424607,12.952627862999998,14.923973376629025,9.179112677465376,70.86679841768706
Addis_Ababa,mdl_5x,leave_quarter_out,2023Q2,ftir_AnalysisDate,2023-08-11,1,5.98240993054586,5.98240993054586,0.409759055442694,0.409759055442694,-10.174839698315253,10.174839698315253,10.174839698315253,-15.279525735,15.279525735,15.279525735,5.104686036684747,33.408668077908416
Addis_Ababa,mdl_5x,leave_quarter_out,2023Q2,ftir_AnalysisDate,2023-09-14,7,3.35205161380073,9.22076924427773,0.409759055442694,0.419307645387154,0.13418986387055298,2.039275301396183,2.7148741589908543,-1.758721982142859,4.349391866428571,6.671631391730751,2.3101165650323883,53.1135532501306
Addis_Ababa,mdl_5x,leave_quarter_out,2023Q2,ftir_AnalysisDate,2023-09-19,7,6.55506060402848,9.84021969992934,0.413856645997121,0.413856645997121,-2.897042777597555,3.2280426731829417,3.9832786038930665,-15.559801762142857,15.559801762142857,16.18189011715477,12.331759088959917,79.25396015624827
Addis_Ababa,mdl_5x,leave_quarter_out,2023Q2,ftir_AnalysisDate,2023-11-28,1,5.11957947257968,5.11957947257968,0.409759055442694,0.409759055442694,1.0381607310622414,1.0381607310622414,1.0381607310622414,-0.6314530949999977,0.6314530949999977,0.6314530949999977,-0.4067076360622437,-64.4082100923498
Addis_Ababa,mdl_5x,leave_quarter_out,2023Q3,ftir_AnalysisDate,2023-11-28,13,3.96715229606112,9.71557571204205,0.409759055442694,0.431100672913667,0.8149597731771212,2.0893332362028803,2.8021584134366977,-10.33576820769231,11.365689164615388,13.338548483320297,9.276355928412507,81.61718831175176
Addis_Ababa,mdl_5x,leave_quarter_out,2023Q3,ftir_AnalysisDate,2024-02-21,7,3.50194202698363,8.54710506277628,0.414270916914035,0.418459702727119,0.7204567116552444,2.9057024964003912,3.270782638295855,-8.252898630000002,8.252898630000002,9.888570080884474,5.347196133599612,64.79173407222149
Addis_Ababa,mdl_5x,leave_quarter_out,2023Q3,ftir_AnalysisDate,2024-02-20,8,3.43937872823145,10.5333537907337,0.404947794517731,0.414270916914035,3.690914409258755,5.973867930011033,6.679204896617958,-3.502857500000003,9.155381539999999,12.134592773757305,3.181513609988966,34.75020233825194
Addis_Ababa,mdl_5x,leave_quarter_out,2023Q4,ftir_AnalysisDate,2024-02-20,8,2.23594182575397,4.14642906938964,0.404947794517731,0.419307645387154,-0.4664322182693592,1.9636211824766647,2.3715526185401083,6.721959227500002,6.721959227500002,7.85579188319115,4.758338045023337,70.78796350856527
Addis_Ababa,mdl_5x,leave_quarter_out,2023Q4,ftir_AnalysisDate,2024-04-19,14,2.47654432859347,3.97699446915086,0.409759055442694,0.414270916914035,0.6143074421098268,3.225586063707172,3.8988446976783506,7.81334181071429,8.090274536428575,9.316054673285446,4.8646884727214035,60.130079032755596
Addis_Ababa,mdl_5x,leave_quarter_out,2023Q4,ftir_AnalysisDate,2024-07-24,4,2.90358905097997,3.66620421724724,0.409759055442694,0.409759055442694,0.5295641103260582,1.2697585928671398,1.9200667232077535,7.599450037500004,7.599450037500004,8.099271907522429,6.329691444632864,83.29144100426439
Addis_Ababa,mdl_5x,leave_quarter_out,2024Q1,ftir_AnalysisDate,2024-07-24,17,2.48704222244508,6.96258987683994,0.404947794517731,0.431325321518625,3.7998868079378902,5.036622220209667,6.28736407859466,5.743768636764702,8.723494544999998,10.65504728408176,3.686872324790331,42.26370872099091
Addis_Ababa,mdl_5x,leave_quarter_out,2024Q1,ftir_AnalysisDate,2024-07-25,7,2.72681139406893,5.23333719462994,0.409759055442694,0.414270916914035,1.1528043485432267,3.8329210094438335,5.411716645512991,5.777875436428567,7.122682323571425,7.938839016651319,3.2897613141275914,46.18711272915585
Addis_Ababa,mdl_5x,leave_quarter_out,2024Q1,ftir_AnalysisDate,2024-08-15,7,2.42463370413565,5.62476422114748,0.409759055442694,0.414270916914035,0.27466490310948394,1.8982340813713077,2.4198858931148006,5.179022774999995,6.3786864892857125,7.803290639792148,4.480452407914405,70.24098794383806
Addis_Ababa,mdl_5x,leave_quarter_out,2024Q2,ftir_AnalysisDate,2024-08-15,7,2.93608135081302,6.25503100441188,0.404947794517731,0.409759055442694,2.126753171155149,5.7423576803010965,6.174730067062311,-0.31839272857143086,7.01488114,8.334690100912976,1.2725234596989035,18.140342427796337
Addis_Ababa,mdl_5x,leave_quarter_out,2024Q2,ftir_AnalysisDate,2024-11-07,7,3.91441145026595,6.85379189359859,0.409759055442694,0.409759055442694,-5.124989884272183,5.388598752206891,6.5017615293934705,-8.92097131714286,8.92097131714286,11.324208543145653,3.532372564935968,39.59627757291444
Addis_Ababa,mdl_5x,leave_quarter_out,2024Q2,ftir_AnalysisDate,2025-03-05,9,4.56833700824436,11.7351130556244,0.409759055442694,0.424033448767542,-0.26837356727741163,2.24999366189237,3.0823996451261566,-14.530837253333337,14.530837253333337,16.139799364638954,12.280843591440966,84.51573283310825
Addis_Ababa,mdl_5x,leave_quarter_out,2024Q3,ftir_AnalysisDate,2025-03-05,19,3.43072578969257,11.136414801705,0.404947794517731,1.43700224304556,1.8412190692867303,5.657134552477362,7.853334716595631,-9.959031398421052,11.833631153157894,15.507485819824256,6.176496600680532,52.19443229842674
Addis_Ababa,mdl_5x,later_period,2023Q2,ftir_AnalysisDate,2023-08-10,6,2.7330819375566,4.13586201342062,0.409759055442694,0.409759055442694,2.8137399068202016,2.8578855462665573,3.706616155805344,3.081880265000001,3.6145175816666666,4.078751615348764,0.7566320354001093,20.933140268506417
Addis_Ababa,mdl_5x,later_period,2023Q2,ftir_AnalysisDate,2023-08-23,5,4.3354716491761,9.60062140677769,0.409759055442694,0.419307645387154,9.923088491533303,9.923088491533303,10.297177740192351,-10.768291611999997,13.285601263999997,15.994022196185309,3.362512772466694,25.30945122956608
Addis_Ababa,mdl_5x,later_period,2023Q2,ftir_AnalysisDate,2023-08-11,1,5.98240993054586,5.98240993054586,0.409759055442694,0.409759055442694,-4.3778001177909545,4.3778001177909545,4.3778001177909545,-16.944392739999998,16.944392739999998,16.944392739999998,12.566592622209043,74.1637237464613
Addis_Ababa,mdl_5x,later_period,2023Q2,ftir_AnalysisDate,2023-09-14,7,3.35205161380073,9.22076924427773,0.409759055442694,0.419307645387154,5.1052927582748,5.1052927582748,6.518404957025511,-3.423588987142857,4.853256487142857,7.289617546177613,-0.25203627113194305,-5.193137263600886
Addis_Ababa,mdl_5x,later_period,2023Q2,ftir_AnalysisDate,2023-09-19,7,6.55506060402848,9.84021969992934,0.413856645997121,0.413856645997121,4.84362339477775,4.84362339477775,5.991153325195003,-17.224668767142855,17.224668767142855,17.78862982425217,12.381045372365104,71.87972982088765
Addis_Ababa,mdl_5x,later_period,2023Q2,ftir_AnalysisDate,2023-11-28,1,5.11957947257968,5.11957947257968,0.409759055442694,0.409759055442694,5.95184052668472,5.95184052668472,5.95184052668472,-2.2963200999999955,2.2963200999999955,2.2963200999999955,-3.655520426684724,-159.19036839353237
Addis_Ababa,mdl_5x,later_period,2023Q3,ftir_AnalysisDate,2023-11-28,13,3.96715229606112,9.71557571204205,0.409759055442694,0.431100672913667,1.9845420209432163,2.8294927673919386,3.4752559581350955,-9.805333257692311,11.031338222307694,12.931872698613683,8.201845454915755,74.35041234009029
Addis_Ababa,mdl_5x,later_period,2023Q3,ftir_AnalysisDate,2024-02-21,7,3.50194202698363,8.54710506277628,0.414270916914035,0.418459702727119,1.9989425475288303,2.7443728101301113,3.6745079467578448,-7.722463680000002,7.844513831428573,9.4503929937557,5.100141021298462,65.01538694297477
Addis_Ababa,mdl_5x,later_period,2023Q3,ftir_AnalysisDate,2024-02-20,8,3.43937872823145,10.5333537907337,0.404947794517731,0.414270916914035,5.058407986680231,6.858171362252013,7.658274014139913,-2.9724225500000028,9.155381539999999,11.992231941359591,2.297210177747986,25.091364764116495
Addis_Ababa,mdl_5x,later_period,2023Q4,ftir_AnalysisDate,2024-02-20,8,2.23594182575397,4.14642906938964,0.404947794517731,0.419307645387154,0.8274161535547444,1.7269354262462686,2.517442207908661,6.163202757499996,6.163202757499996,7.38334602235972,4.4362673312537275,71.97990242743901
Addis_Ababa,mdl_5x,later_period,2023Q4,ftir_AnalysisDate,2024-04-19,14,2.47654432859347,3.97699446915086,0.409759055442694,0.414270916914035,1.9087862564747924,3.68270296899583,4.34098612642434,7.254585340714284,7.611340419285712,8.852659085850656,3.928637450289882,51.61557930499929
Addis_Ababa,mdl_5x,later_period,2023Q4,ftir_AnalysisDate,2024-07-24,4,2.90358905097997,3.66620421724724,0.409759055442694,0.409759055442694,1.816392707469186,1.8388388902286135,2.626535664378946,7.040693567499998,7.040693567499998,7.577462007226367,5.201854677271385,73.88270242697772
Addis_Ababa,mdl_5x,later_period,2024Q1,ftir_AnalysisDate,2024-07-24,17,2.48704222244508,6.96258987683994,0.404947794517731,0.431325321518625,3.9257928537079856,5.081931405207416,6.341864939105962,3.62226783676471,7.795625954411764,9.677808571913186,2.713694549204348,34.81047660667444
Addis_Ababa,mdl_5x,later_period,2024Q1,ftir_AnalysisDate,2024-07-25,7,2.72681139406893,5.23333719462994,0.409759055442694,0.414270916914035,1.2542389008974655,3.8499068009835176,5.442118585224126,3.6563746364285743,5.607324609285716,6.558231152935893,1.7574178083021987,31.341467290691877
Addis_Ababa,mdl_5x,later_period,2024Q1,ftir_AnalysisDate,2024-08-15,7,2.42463370413565,5.62476422114748,0.409759055442694,0.414270916914035,0.37355037591895773,1.8745513543600987,2.413125471369638,3.0575219750000024,5.6406153450000005,6.589196349533607,3.7660639906399016,66.76689971384499
Addis_Ababa,mdl_5x,later_period,2024Q2,ftir_AnalysisDate,2024-08-15,7,2.93608135081302,6.25503100441188,0.404947794517731,0.409759055442694,2.3426786391653116,5.805359326362814,6.225731311374551,-1.1070848685714256,6.902210834285715,8.40186420116806,1.096851507922901,15.891306919725674
Addis_Ababa,mdl_5x,later_period,2024Q2,ftir_AnalysisDate,2024-11-07,7,3.91441145026595,6.85379189359859,0.409759055442694,0.409759055442694,-4.884403110241204,5.207343182697277,6.295329577668019,-9.709663457142854,9.709663457142854,11.955397707242646,4.5023202744455775,46.36947814224676
Addis_Ababa,mdl_5x,later_period,2024Q2,ftir_AnalysisDate,2025-03-05,9,4.56833700824436,11.7351130556244,0.409759055442694,0.424033448767542,0.16329281302246873,2.244213771868123,3.163979483230345,-15.319529393333331,15.319529393333331,16.853363850612848,13.075315621465208,85.35063503422796
Addis_Ababa,mdl_5x,later_period,2024Q3,ftir_AnalysisDate,2025-03-05,19,3.43072578969257,11.136414801705,0.404947794517731,1.43700224304556,1.8412190692867303,5.657134552477362,7.853334716595631,-9.959031398421052,11.833631153157894,15.507485819824256,6.176496600680532,52.19443229842674
Beijing,diagnostic,leave_quarter_out,2022Q3,ftir_AnalysisDate,2022-10-26,6,0.932718395317729,1.58687729757227,0.459100108602086,0.459100108602086,2.260466345366812,2.37147106381549,2.611639602892406,1.975507257166667,2.235789967166667,2.5316135122332195,-0.1356810966488231,-6.068597616115377
Beijing,diagnostic,leave_quarter_out,2023Q1,ftir_AnalysisDate,2023-04-11,13,-0.367697516444271,4.63615900466652,0.422302699997062,0.431100672913667,-6.066605080291789,7.5079059572685765,11.437103553601611,-4.826525177076923,8.217802385999999,10.450581000910326,0.7098964287314224,8.638519100201474
Beijing,diagnostic,leave_quarter_out,2023Q1,ftir_AnalysisDate,2023-04-10,8,0.571892948865549,5.65963705476437,0.431100672913667,0.46373748343645,0.11227481784867199,2.476412409926808,3.333531801759783,-6.458023924875,10.407045181375,12.909850531783743,7.930632771448193,76.20446181632106
Beijing,diagnostic,leave_quarter_out,2023Q1,ftir_AnalysisDate,2023-07-12,4,0.0456965079264879,2.51056772074792,0.46373748343645,0.46373748343645,-1.1848913580649212,2.80082986848445,3.4045265238760924,-1.5456629349999997,8.20552754,9.180978523157158,5.40469767151555,65.86654721672593
Beijing,diagnostic,leave_quarter_out,2023Q2,ftir_AnalysisDate,2023-07-12,9,0.384014661386851,2.5564123917451,0.413856645997121,0.46373748343645,1.6850727327918833,2.7485380869871623,3.34760779981304,1.3534207574444448,5.756986564111112,6.53513056686375,3.0084484771239497,52.25734754842978
Beijing,diagnostic,leave_quarter_out,2023Q2,ftir_AnalysisDate,2023-07-18,1,1.50949549632803,1.50949549632803,0.418037016158708,0.418037016158708,-19.94068571255672,19.94068571255672,19.94068571255672,-21.919288209999998,21.919288209999998,21.919288209999998,1.9786024974432763,9.026764366101085
Beijing,diagnostic,leave_quarter_out,2023Q2,ftir_AnalysisDate,2023-08-10,13,-0.007768843666344,2.3372790992079,0.413856645997121,0.426656336079506,2.6100794523906496,2.6100794523906496,3.090333578777505,2.392356624230769,3.622836765769231,4.893591793566225,1.0127573133785814,27.954814938054334
Beijing,diagnostic,leave_quarter_out,2023Q2,ftir_AnalysisDate,2023-08-23,1,1.95719971435631,1.95719971435631,0.422302699997062,0.422302699997062,1.0845241866939617,1.0845241866939617,1.0845241866939617,-3.32259704,3.32259704,3.32259704,2.238072853306038,67.35914185085888
Beijing,diagnostic,leave_quarter_out,2023Q2,ftir_AnalysisDate,2023-09-13,4,0.990831476923312,1.94987530491134,0.413856645997121,0.413856645997121,0.9720442167725571,1.4403549578782102,2.0257957270632647,-0.8943185025000004,1.0325951325000005,1.681018726768768,-0.40775982537820976,-39.48883861102353
Beijing,diagnostic,leave_quarter_out,2023Q3,ftir_AnalysisDate,2023-09-13,6,0.356633918780095,1.85102011697509,0.409759055442694,0.413856645997121,3.808090067948029,3.808090067948029,4.397904504731365,4.520836611166668,4.899082211166667,5.521676851963411,1.0909921432186382,22.269316908622145
Beijing,diagnostic,leave_quarter_out,2023Q3,ftir_AnalysisDate,2023-09-14,4,0.82787263380431,1.29325493995668,0.409759055442694,0.413856645997121,3.909553265239933,3.909553265239933,4.31617672511007,4.1648688092500015,4.1648688092500015,4.83154705665366,0.2553155440100685,6.1302181582052055
Beijing,diagnostic,leave_quarter_out,2023Q3,ftir_AnalysisDate,2023-11-20,10,0.57552196672551,2.50960453407734,0.409759055442694,0.431100672913667,1.9889945760988834,2.3966468651257467,2.7372825232969693,1.6289934335000016,3.4902790475000005,4.032533058819804,1.0936321823742539,31.333660360411447
Beijing,diagnostic,leave_quarter_out,2023Q3,ftir_AnalysisDate,2023-12-07,3,1.12149981626724,3.65095041523739,0.409759055442694,0.414270916914035,1.5699814125745235,2.511862133471313,3.3147175961385584,-3.308023299999998,3.8412524466666658,5.003816698580158,1.3293903131953528,34.608251648468496
Beijing,diagnostic,leave_quarter_out,2023Q3,ftir_AnalysisDate,2023-11-28,1,0.636482977090821,0.636482977090821,0.414270916914035,0.414270916914035,-1.0008126710334704,1.0008126710334704,1.0008126710334704,1.897806870000002,1.897806870000002,1.897806870000002,0.8969941989665315,47.26477773613132
Beijing,diagnostic,leave_quarter_out,2023Q3,ftir_AnalysisDate,2024-02-20,1,0.500226035120681,0.500226035120681,0.426656336079506,0.426656336079506,3.4148943132620078,3.4148943132620078,3.4148943132620078,7.068696151000002,7.068696151000002,7.068696151000002,3.653801837737994,51.68989810406682
Beijing,diagnostic,leave_quarter_out,2023Q4,ftir_AnalysisDate,2024-02-20,15,0.314993504740992,2.51582778104917,0.413856645997121,0.431100672913667,-0.36608799141435283,3.187398603108062,3.9134332737760755,0.39887744579999923,5.967191023133333,6.9687661378536525,2.779792420025271,46.58460587651206
Beijing,diagnostic,leave_quarter_out,2023Q4,ftir_AnalysisDate,2024-02-22,1,3.17005720845659,3.17005720845659,0.422302699997062,0.422302699997062,0.42814431326720026,0.42814431326720026,0.42814431326720026,-10.13289485,10.13289485,10.13289485,9.7047505367328,95.77470881120216
Beijing,diagnostic,leave_quarter_out,2023Q4,ftir_AnalysisDate,2024-02-21,1,0.457650219214667,0.457650219214667,0.413856645997121,0.413856645997121,1.4726803920170504,1.4726803920170504,1.4726803920170504,5.618274208999999,5.618274208999999,5.618274208999999,4.145593816982949,73.78767327415346
Beijing,diagnostic,leave_quarter_out,2023Q4,ftir_AnalysisDate,2024-04-18,3,0.419732394780077,0.510873603565374,0.422302699997062,0.422302699997062,0.3964090638622994,5.108921519747852,5.319571105747534,4.555066963999999,6.366790264,6.8791328459602346,1.2578687442521472,19.756717154082576
Beijing,diagnostic,leave_quarter_out,2023Q4,ftir_AnalysisDate,2024-04-19,3,0.54003322158194,2.17903187195365,0.422302699997062,0.422302699997062,-9.010507431748321,9.010507431748321,9.77497072560847,-9.737220793333334,9.737220793333334,10.996912966878241,0.7267133615850128,7.463252369532001
Beijing,diagnostic,leave_quarter_out,2024Q1,ftir_AnalysisDate,2024-04-19,1,1.38612826868133,1.38612826868133,0.413856645997121,0.413856645997121,-7.914813759638125,7.914813759638125,7.914813759638125,-9.021989199999998,9.021989199999998,9.021989199999998,1.107175440361873,12.271965924786
Beijing,diagnostic,leave_quarter_out,2024Q1,ftir_AnalysisDate,2024-07-16,2,1.22133979534932,2.25609496925828,0.426656336079506,0.426656336079506,-1.0752701658346728,1.5666725738365495,1.9001760137276134,-4.077215205000001,4.346994725000001,5.959869710577659,2.7803221511634515,63.95963940727926
Beijing,diagnostic,leave_quarter_out,2024Q1,ftir_AnalysisDate,2024-07-19,7,0.524892244213276,4.1246073597929,0.422302699997062,0.426656336079506,-1.092078177467415,1.9853336128894932,2.268260858781249,-4.585330714857142,7.132461079428571,10.552883989135166,5.147127466539079,72.16481673323689
Beijing,diagnostic,leave_quarter_out,2024Q1,ftir_AnalysisDate,2024-07-12,6,0.491350982998029,3.90583604229065,0.418037016158708,0.426656336079506,-0.685782826612507,2.5452365614292165,3.0636508035955803,-4.077095759833333,7.329341330166667,9.32322301303958,4.78410476873745,65.27332475357183
Beijing,diagnostic,leave_quarter_out,2024Q1,ftir_AnalysisDate,2024-07-15,6,0.172354477718149,3.51138889464907,0.422302699997062,0.426656336079506,-3.716159647119095,4.585560429009016,6.105131686678846,-6.120339412333333,7.973492794333333,9.66836594663115,3.3879323653243167,42.48994076638635
Beijing,diagnostic,leave_quarter_out,2024Q2,ftir_AnalysisDate,2024-07-15,5,1.16209106048288,2.19407834815548,0.426656336079506,0.426656336079506,0.4786397371873615,2.021864893206161,2.2647831000041534,-2.1998000060000003,3.082226558,3.4566760430909915,1.060361664793839,34.40245695247945
Beijing,diagnostic,leave_quarter_out,2024Q2,ftir_AnalysisDate,2024-07-16,2,0.751349214687733,3.39413099739085,0.426656336079506,0.431100672913667,6.502264526185896,6.502264526185896,6.600036461911061,0.9582522339999997,6.4564269240000005,6.527150677663118,-0.0458376021858955,-0.7099530859012243
Beijing,diagnostic,leave_quarter_out,2024Q2,ftir_AnalysisDate,2024-11-07,9,0.628370882626225,3.34887307708787,0.435638574733811,1.293302018741,2.5617927087868315,2.9690628777990202,3.2756385102442676,-0.5231185473333336,3.3365225682222226,3.8736417985305263,0.36745969042320237,11.013253556950868
Beijing,diagnostic,leave_quarter_out,2024Q3,ftir_AnalysisDate,2024-11-07,5,0.971677641010547,2.75271427142736,0.445007146233463,0.454787523073759,4.297460286938717,4.297460286938717,4.6684744978747785,1.7812671192000002,2.7923171711999997,3.159935913439818,-1.5051431157387176,-53.903014000801406
Beijing,diagnostic,leave_quarter_out,2024Q3,ftir_AnalysisDate,2025-03-07,5,1.18184354535931,2.1641392876822,0.470291643178546,0.475697294249564,2.8857568613846802,2.8857568613846802,3.2061929909421956,0.2976462368,1.5928597368000006,2.1506992316639426,-1.2928971245846796,-81.16829716482536
Beijing,diagnostic,leave_quarter_out,2024Q4,ftir_AnalysisDate,2025-03-07,1,3.0460150561075,3.0460150561075,0.475697294249564,0.475697294249564,0.6108015308382839,0.6108015308382839,0.6108015308382839,-9.738217789999998,9.738217789999998,9.738217789999998,9.127416259161715,93.72778937573665
Beijing,diagnostic,leave_quarter_out,2024Q4,ftir_AnalysisDate,2025-06-17,7,0.367840729354983,2.70995273013254,0.465007467412495,1.37952215332374,-4.5585664905248535,4.5585664905248535,4.983767866710524,-6.433823358571429,7.117477858571427,9.009880546548146,2.558911368046574,35.952501980247554
Beijing,diagnostic,later_period,2023Q2,ftir_AnalysisDate,2023-07-12,9,0.384014661386851,2.5564123917451,0.413856645997121,0.46373748343645,3.5192588138514136,4.109597902141333,4.882287552104772,1.840226807444445,5.811076125222223,6.653015743413854,1.7014782230808896,29.279916256747075
Beijing,diagnostic,later_period,2023Q2,ftir_AnalysisDate,2023-07-18,1,1.50949549632803,1.50949549632803,0.418037016158708,0.418037016158708,-18.35498846038605,18.35498846038605,18.35498846038605,-21.43248216,21.43248216,21.43248216,3.0774936996139495,14.359016732824145
Beijing,diagnostic,later_period,2023Q2,ftir_AnalysisDate,2023-08-10,13,-0.007768843666344,2.3372790992079,0.413856645997121,0.426656336079506,4.461454951092742,4.461454951092742,4.797488828673251,2.8791626742307694,3.855664097307693,5.149121102600087,-0.6057908537850492,-15.71171239237507
Beijing,diagnostic,later_period,2023Q2,ftir_AnalysisDate,2023-08-23,1,1.95719971435631,1.95719971435631,0.422302699997062,0.422302699997062,2.303811053810559,2.303811053810559,2.303811053810559,-2.8357909899999996,2.8357909899999996,2.8357909899999996,0.5319799361894404,18.759490317353766
Beijing,diagnostic,later_period,2023Q2,ftir_AnalysisDate,2023-09-13,4,0.990831476923312,1.94987530491134,0.413856645997121,0.413856645997121,2.5746759977333835,2.5746759977333835,3.020270209336415,-0.40751245250000023,1.0065378575000001,1.4805690712614565,-1.5681381402333834,-155.79524689992928
Beijing,diagnostic,later_period,2023Q3,ftir_AnalysisDate,2023-09-13,6,0.356633918780095,1.85102011697509,0.409759055442694,0.413856645997121,4.035735722548645,4.035735722548645,4.570968671081123,4.3319357211666665,4.7731482845,5.36811127725231,0.7374125619513556,15.449186113617703
Beijing,diagnostic,later_period,2023Q3,ftir_AnalysisDate,2023-09-14,4,0.82787263380431,1.29325493995668,0.409759055442694,0.413856645997121,4.10600070450565,4.10600070450565,4.50715506692238,3.9759679192500004,3.9759679192500004,4.669693315122558,-0.13003278525564976,-3.2704686732024304
Beijing,diagnostic,later_period,2023Q3,ftir_AnalysisDate,2023-11-20,10,0.57552196672551,2.50960453407734,0.409759055442694,0.431100672913667,2.1434755056151618,2.5151313067769245,2.8825935094082347,1.4400925435000003,3.4147186915,3.959996186605839,0.8995873847230755,26.344406845645885
Beijing,diagnostic,later_period,2023Q3,ftir_AnalysisDate,2023-12-07,3,1.12149981626724,3.65095041523739,0.409759055442694,0.414270916914035,1.4163204616677223,2.2859471467517523,2.8909879853619973,-3.496924189999999,3.9042194099999996,5.130657091470244,1.6182722632482474,41.449316580500465
Beijing,diagnostic,later_period,2023Q3,ftir_AnalysisDate,2023-11-28,1,0.636482977090821,0.636482977090821,0.414270916914035,0.414270916914035,-0.624083686709783,0.624083686709783,0.624083686709783,1.7089059800000008,1.7089059800000008,1.7089059800000008,1.0848222932902178,63.48051361434274
Beijing,diagnostic,later_period,2023Q3,ftir_AnalysisDate,2024-02-20,1,0.500226035120681,0.500226035120681,0.426656336079506,0.426656336079506,3.8431290764910466,3.8431290764910466,3.8431290764910466,6.879795261000001,6.879795261000001,6.879795261000001,3.036666184508954,44.138903402011486
Beijing,diagnostic,later_period,2023Q4,ftir_AnalysisDate,2024-02-20,15,0.314993504740992,2.51582778104917,0.413856645997121,0.431100672913667,-0.4582466654536822,3.281796557407831,4.0144573961844126,-0.5726422442000018,5.7305415078,6.98086795514499,2.448744950392169,42.73147567396753
Beijing,diagnostic,later_period,2023Q4,ftir_AnalysisDate,2024-02-22,1,3.17005720845659,3.17005720845659,0.422302699997062,0.422302699997062,-0.05919761105000987,0.05919761105000987,0.05919761105000987,-11.10441454,11.10441454,11.10441454,11.04521692894999,99.46690020588865
Beijing,diagnostic,later_period,2023Q4,ftir_AnalysisDate,2024-02-21,1,0.457650219214667,0.457650219214667,0.413856645997121,0.413856645997121,1.4984774983454763,1.4984774983454763,1.4984774983454763,4.646754518999998,4.646754518999998,4.646754518999998,3.148277020654522,67.75216998835661
Beijing,diagnostic,later_period,2023Q4,ftir_AnalysisDate,2024-04-18,3,0.419732394780077,0.510873603565374,0.422302699997062,0.422302699997062,0.42266199790977704,5.113194132126127,5.316304947158948,3.5835472739999985,6.042950367333333,6.278188013339328,0.929756235207206,15.38579962915522
Beijing,diagnostic,later_period,2023Q4,ftir_AnalysisDate,2024-04-19,3,0.54003322158194,2.17903187195365,0.422302699997062,0.422302699997062,-9.154713274835691,9.154713274835691,9.906391433674152,-10.708740483333335,10.708740483333335,11.86573844151109,1.5540272084976436,14.511764580683142
Beijing,diagnostic,later_period,2024Q1,ftir_AnalysisDate,2024-04-19,1,1.38612826868133,1.38612826868133,0.413856645997121,0.413856645997121,-7.638065963898423,7.638065963898423,7.638065963898423,-9.533105619999999,9.533105619999999,9.533105619999999,1.8950396561015754,19.878513169159408
Beijing,diagnostic,later_period,2024Q1,ftir_AnalysisDate,2024-07-16,2,1.22133979534932,2.25609496925828,0.426656336079506,0.426656336079506,-0.7268367932751412,1.4614835327642401,1.6322456434616495,-4.588331625000001,4.588331625000001,6.3205340154256735,3.126848092235761,68.14782251567878
Beijing,diagnostic,later_period,2024Q1,ftir_AnalysisDate,2024-07-19,7,0.524892244213276,4.1246073597929,0.422302699997062,0.426656336079506,-0.7250569716281204,1.6899461713041741,1.8952402534110806,-5.096447134857144,7.351510973714285,10.784798381144018,5.661564802410111,77.01226078085627
Beijing,diagnostic,later_period,2024Q1,ftir_AnalysisDate,2024-07-12,6,0.491350982998029,3.90583604229065,0.418037016158708,0.426656336079506,-0.32261834263018435,2.4766931980585527,2.939482186281162,-4.5882121798333335,7.4340726235000005,9.557796216868763,4.957379425441448,66.68457084708284
Beijing,diagnostic,later_period,2024Q1,ftir_AnalysisDate,2024-07-15,6,0.172354477718149,3.51138889464907,0.422302699997062,0.426656336079506,-3.3903417674897365,4.31174813593982,5.928501755038375,-6.631455832333334,8.276725511,9.999747597414842,3.9649773750601804,47.905145214621584
Beijing,diagnostic,later_period,2024Q2,ftir_AnalysisDate,2024-07-15,5,1.16209106048288,2.19407834815548,0.426656336079506,0.426656336079506,0.5551166661527251,2.012043923373999,2.285326043262241,-2.4001411459999993,3.2024312419999994,3.5875014594009276,1.1903873186260006,37.17136227669867
Beijing,diagnostic,later_period,2024Q2,ftir_AnalysisDate,2024-07-16,2,0.751349214687733,3.39413099739085,0.426656336079506,0.431100672913667,6.595687908317465,6.595687908317465,6.699830814885112,0.7579110940000007,6.4564269240000005,6.500759790313774,-0.13926098431746414,-2.156935809182623
Beijing,diagnostic,later_period,2024Q2,ftir_AnalysisDate,2024-11-07,9,0.628370882626225,3.34887307708787,0.435638574733811,1.293302018741,2.6406734332728212,3.0129416072846222,3.3434006743269533,-0.7234596873333327,3.3587826948888893,3.9057447033766963,0.345841087604267,10.296619907281846
Beijing,diagnostic,later_period,2024Q3,ftir_AnalysisDate,2024-11-07,5,0.971677641010547,2.75271427142736,0.445007146233463,0.454787523073759,4.092728961451695,4.092728961451695,4.470298700344829,1.4967011991999999,2.7354039871999998,3.00872014431226,-1.3573249742516955,-49.62064033697171
Beijing,diagnostic,later_period,2024Q3,ftir_AnalysisDate,2025-03-07,5,1.18184354535931,2.1641392876822,0.470291643178546,0.475697294249564,2.6802161557153457,2.6802161557153457,3.020320081240648,0.013080316799999636,1.5373139928000004,2.130043426197283,-1.1429021629153453,-74.34409419728955
Beijing,diagnostic,later_period,2024Q4,ftir_AnalysisDate,2025-03-07,1,3.0460150561075,3.0460150561075,0.475697294249564,0.475697294249564,0.6108015308382839,0.6108015308382839,0.6108015308382839,-9.738217789999998,9.738217789999998,9.738217789999998,9.127416259161715,93.72778937573665
Beijing,diagnostic,later_period,2024Q4,ftir_AnalysisDate,2025-06-17,7,0.367840729354983,2.70995273013254,0.465007467412495,1.37952215332374,-4.5585664905248535,4.5585664905248535,4.983767866710524,-6.433823358571429,7.117477858571427,9.009880546548146,2.558911368046574,35.952501980247554
Beijing,ratio_baseline,leave_quarter_out,2022Q3,ftir_AnalysisDate,2022-10-26,6,0.932718395317729,1.58687729757227,0.459100108602086,0.459100108602086,1.8090518431529024,2.0649135146264315,2.263686520921103,2.0131878771666667,2.2609103805,2.561125432495347,0.19599686587356846,8.668935644862836
Beijing,ratio_baseline,leave_quarter_out,2023Q1,ftir_AnalysisDate,2023-04-11,8,0.542791736745542,4.63615900466652,0.422302699997062,0.431100672913667,-3.0974415669227824,3.8997567684928702,4.943298481831413,-5.457391808625,6.446054108875,8.590155411169421,2.5462973403821296,39.5016439107509
Beijing,ratio_baseline,leave_quarter_out,2023Q1,ftir_AnalysisDate,2023-04-10,8,0.571892948865549,5.65963705476437,0.431100672913667,0.46373748343645,0.12469808452349207,2.4587672407602232,3.315807711594712,-6.303295309875,10.368363027625001,12.83314846412334,7.909595786864778,76.28586851936807
Beijing,ratio_baseline,leave_quarter_out,2023Q1,ftir_AnalysisDate,2023-07-12,3,0.67323004392952,2.51056772074792,0.46373748343645,0.46373748343645,-2.686415753071728,2.686415753071728,3.452930698893218,-5.387415987,7.407866493,8.621978415868465,4.721450739928272,63.73563487395145
Beijing,ratio_baseline,leave_quarter_out,2023Q2,ftir_AnalysisDate,2023-07-12,8,0.451661060010277,2.5564123917451,0.413856645997121,0.46373748343645,0.6340652413728762,2.014067786954371,2.4139348216575045,0.312221880875001,5.2622270833750004,6.020888965927133,3.2481592964206296,61.725943121735796
Beijing,ratio_baseline,leave_quarter_out,2023Q2,ftir_AnalysisDate,2023-07-18,1,1.50949549632803,1.50949549632803,0.418037016158708,0.418037016158708,-20.359609527890857,20.359609527890857,20.359609527890857,-21.91528188,21.91528188,21.91528188,1.5556723521091413,7.098573318050069
Beijing,ratio_baseline,leave_quarter_out,2023Q2,ftir_AnalysisDate,2023-08-10,12,0.514270047162618,2.3372790992079,0.413856645997121,0.426656336079506,1.7330401362840195,1.8590753274321816,2.361507676260105,1.5607457884166678,2.8904273334166675,3.61954763580891,1.0313520059844858,35.68164451189862
Beijing,ratio_baseline,leave_quarter_out,2023Q2,ftir_AnalysisDate,2023-08-23,1,1.95719971435631,1.95719971435631,0.422302699997062,0.422302699997062,0.9868342940835433,0.9868342940835433,0.9868342940835433,-3.3185907099999987,3.3185907099999987,3.3185907099999987,2.3317564159164554,70.26345276294877
Beijing,ratio_baseline,leave_quarter_out,2023Q2,ftir_AnalysisDate,2023-09-13,4,0.990831476923312,1.94987530491134,0.413856645997121,0.413856645997121,0.5382738104720262,1.5482253310992689,2.043825126214786,-0.8903121724999994,1.0305919675,1.6788907469919283,-0.5176333635992689,-50.22679973481057
Beijing,ratio_baseline,leave_quarter_out,2023Q3,ftir_AnalysisDate,2023-09-13,5,0.556500401890544,1.85102011697509,0.409759055442694,0.413856645997121,3.106182300093255,3.374487360074558,4.019722079334126,3.7757101809999987,4.1794246589999995,4.665801435672325,0.8049372989254415,19.259524087653656
Beijing,ratio_baseline,leave_quarter_out,2023Q3,ftir_AnalysisDate,2023-09-14,4,0.82787263380431,1.29325493995668,0.409759055442694,0.413856645997121,3.2973672374957164,3.2973672374957164,3.7488649693477147,4.290319414249999,4.290319414249999,4.94009670337389,0.9929521767542826,23.144015185821846
Beijing,ratio_baseline,leave_quarter_out,2023Q3,ftir_AnalysisDate,2023-11-20,10,0.57552196672551,2.50960453407734,0.409759055442694,0.431100672913667,1.4478522758088341,1.9802565783686332,2.3453935693657577,1.7544440384999986,3.5404592894999993,4.0848227805275314,1.560202711131366,44.067805432998085
Beijing,ratio_baseline,leave_quarter_out,2023Q3,ftir_AnalysisDate,2023-12-07,3,1.12149981626724,3.65095041523739,0.409759055442694,0.414270916914035,1.5504823916683375,2.812869521547483,3.930936552380868,-3.1825726950000006,3.7994355783333336,4.921781421254536,0.9865660567858505,25.966121452666375
Beijing,ratio_baseline,leave_quarter_out,2023Q3,ftir_AnalysisDate,2023-11-28,1,0.636482977090821,0.636482977090821,0.414270916914035,0.414270916914035,-1.9181914114570162,1.9181914114570162,1.9181914114570162,2.0232574749999994,2.0232574749999994,2.0232574749999994,0.1050660635429832,5.19291611874476
Beijing,ratio_baseline,leave_quarter_out,2023Q3,ftir_AnalysisDate,2024-02-20,1,0.500226035120681,0.500226035120681,0.426656336079506,0.426656336079506,2.4103231296090053,2.4103231296090053,2.4103231296090053,7.194146755999999,7.194146755999999,7.194146755999999,4.783823626390994,66.49605281406348
Beijing,ratio_baseline,leave_quarter_out,2023Q4,ftir_AnalysisDate,2024-02-20,14,0.477998643782738,2.51582778104917,0.413856645997121,0.431100672913667,-1.3564723134001877,3.02013394092866,3.7070063888707,-0.2305752649285719,5.692630675071429,6.6921917325657105,2.6724967341427694,46.94660319078641
Beijing,ratio_baseline,leave_quarter_out,2023Q4,ftir_AnalysisDate,2024-02-22,1,3.17005720845659,3.17005720845659,0.422302699997062,0.422302699997062,1.1800678380795766,1.1800678380795766,1.1800678380795766,-10.0729128,10.0729128,10.0729128,8.892844961920423,88.28474085391093
Beijing,ratio_baseline,leave_quarter_out,2023Q4,ftir_AnalysisDate,2024-02-21,1,0.457650219214667,0.457650219214667,0.413856645997121,0.413856645997121,0.4250305466400146,0.4250305466400146,0.4250305466400146,5.678256258999999,5.678256258999999,5.678256258999999,5.253225712359985,92.5147699002428
Beijing,ratio_baseline,leave_quarter_out,2023Q4,ftir_AnalysisDate,2024-04-18,2,0.435116265721739,0.510873603565374,0.422302699997062,0.422302699997062,3.091528696262248,3.091528696262248,3.163055813578615,8.251374971,8.251374971,8.26301034818162,5.1598462747377525,62.533169233883704
Beijing,ratio_baseline,leave_quarter_out,2023Q4,ftir_AnalysisDate,2024-04-19,3,0.54003322158194,2.17903187195365,0.422302699997062,0.422302699997062,-9.461958659691412,9.461958659691412,10.21070313117561,-9.677238743333334,9.677238743333334,10.943837339728852,0.21528008364192175,2.2246023824743246
Beijing,ratio_baseline,leave_quarter_out,2024Q1,ftir_AnalysisDate,2024-04-19,1,1.38612826868133,1.38612826868133,0.413856645997121,0.413856645997121,-8.22098483300907,8.22098483300907,8.22098483300907,-8.745435939999998,8.745435939999998,8.745435939999998,0.524451106990929,5.996854937695983
Beijing,ratio_baseline,leave_quarter_out,2024Q1,ftir_AnalysisDate,2024-07-16,2,1.22133979534932,2.25609496925828,0.426656336079506,0.426656336079506,-1.1576406163640742,1.2382749525513779,1.6951273270087739,-3.8006619450000008,4.346994725000001,5.774200755026537,3.108719772448623,71.51422923451149
Beijing,ratio_baseline,leave_quarter_out,2024Q1,ftir_AnalysisDate,2024-07-19,7,0.524892244213276,4.1246073597929,0.422302699997062,0.426656336079506,-1.1164178657454176,1.5646430559173636,1.7342210474451263,-4.308777454857142,7.034885233714285,10.435691921430903,5.470242177796922,77.75879770690642
Beijing,ratio_baseline,leave_quarter_out,2024Q1,ftir_AnalysisDate,2024-07-12,6,0.491350982998029,3.90583604229065,0.418037016158708,0.426656336079506,-0.722163106485195,2.721302833495129,2.953413331878531,-3.8005424998333326,7.329341330166667,9.205645051220435,4.608038496671538,62.87111336601857
Beijing,ratio_baseline,leave_quarter_out,2024Q1,ftir_AnalysisDate,2024-07-15,5,0.651853835889443,3.51138889464907,0.422302699997062,0.426656336079506,-2.589888741661878,3.324273401227668,5.115424080901039,-6.3131982588,8.7582249252,10.283816439810167,5.433951523972333,62.04398231812075
Beijing,ratio_baseline,leave_quarter_out,2024Q2,ftir_AnalysisDate,2024-07-15,5,1.16209106048288,2.19407834815548,0.426656336079506,0.426656336079506,0.21701306839394086,2.1735708188390706,2.293298547185774,-1.963322561,2.940340091,3.3112119652799628,0.7667692721609294,26.077570907797732
Beijing,ratio_baseline,leave_quarter_out,2024Q2,ftir_AnalysisDate,2024-07-16,2,0.751349214687733,3.39413099739085,0.426656336079506,0.431100672913667,6.548277714840621,6.548277714840621,6.831452094397018,1.194729679,6.4564269240000005,6.566035914525259,-0.09185079084062053,-1.4226257328057157
Beijing,ratio_baseline,leave_quarter_out,2024Q2,ftir_AnalysisDate,2024-11-07,9,0.628370882626225,3.34887307708787,0.435638574733811,1.293302018741,2.343803685230864,2.8489763706872497,3.2460969651109006,-0.2866411023333334,3.310247296555556,3.8488453970386423,0.4612709258683063,13.934636434814916
Beijing,ratio_baseline,leave_quarter_out,2024Q3,ftir_AnalysisDate,2024-11-07,5,0.971677641010547,2.75271427142736,0.445007146233463,0.454787523073759,4.061383285707988,4.061383285707988,4.560638344546807,1.8456234592,2.8051884391999997,3.1966558119780495,-1.2561948465079884,-44.78112161570998
Beijing,ratio_baseline,leave_quarter_out,2024Q3,ftir_AnalysisDate,2025-03-07,5,1.18184354535931,2.1641392876822,0.470291643178546,0.475697294249564,2.6569784772358784,2.6569784772358784,3.0290586322474407,0.3620025767999998,1.6057310048000004,2.1605461736349243,-1.051247472435878,-65.4684669657241
Beijing,ratio_baseline,leave_quarter_out,2024Q4,ftir_AnalysisDate,2025-03-07,1,3.0460150561075,3.0460150561075,0.475697294249564,0.475697294249564,1.253587374169033,1.253587374169033,1.253587374169033,-9.734799189999999,9.734799189999999,9.734799189999999,8.481211815830966,87.12261701857423
Beijing,ratio_baseline,leave_quarter_out,2024Q4,ftir_AnalysisDate,2025-06-17,6,0.642952675621373,2.70995273013254,0.465007467412495,1.37952215332374,-5.1428630710341325,5.1428630710341325,5.40570038951635,-7.901507110000001,7.901507110000001,9.67984133341684,2.758644038965868,34.91288434676695
Beijing,ratio_baseline,later_period,2023Q2,ftir_AnalysisDate,2023-07-12,8,0.451661060010277,2.5564123917451,0.413856645997121,0.46373748343645,1.3456321340443456,2.1847314340628134,2.7435879374204517,0.7950216008750002,5.2622270833750004,6.065120013897815,3.077495649312187,58.48276025629805
Beijing,ratio_baseline,later_period,2023Q2,ftir_AnalysisDate,2023-07-18,1,1.50949549632803,1.50949549632803,0.418037016158708,0.418037016158708,-19.673432449683844,19.673432449683844,19.673432449683844,-21.43248216,21.43248216,21.43248216,1.7590497103161553,8.207400790931793
Beijing,ratio_baseline,later_period,2023Q2,ftir_AnalysisDate,2023-08-10,12,0.514270047162618,2.3372790992079,0.413856645997121,0.426656336079506,2.4476844584127693,2.4476844584127693,2.8982264258035593,2.043545508416667,3.101422050083333,3.8524376590412768,0.6537375916705637,21.07864009198613
Beijing,ratio_baseline,later_period,2023Q2,ftir_AnalysisDate,2023-08-23,1,1.95719971435631,1.95719971435631,0.422302699997062,0.422302699997062,1.6164267806401362,1.6164267806401362,1.6164267806401362,-2.8357909899999996,2.8357909899999996,2.8357909899999996,1.2193642093598633,42.999086098368046
Beijing,ratio_baseline,later_period,2023Q2,ftir_AnalysisDate,2023-09-13,4,0.990831476923312,1.94987530491134,0.413856645997121,0.413856645997121,1.2270660803752067,1.5292242213530187,2.2923872897915603,-0.40751245250000023,1.0065378575000001,1.4805690712614565,-0.5226863638530186,-51.92913112590189
Beijing,ratio_baseline,later_period,2023Q3,ftir_AnalysisDate,2023-09-13,5,0.556500401890544,1.85102011697509,0.409759055442694,0.413856645997121,2.987394963200204,3.305050295125369,3.9305657862641414,3.498430526,4.0130568659999994,4.444404550832824,0.7080065708746304,17.642575087163753
Beijing,ratio_baseline,later_period,2023Q3,ftir_AnalysisDate,2023-09-14,4,0.82787263380431,1.29325493995668,0.409759055442694,0.413856645997121,3.1780199763378074,3.1780199763378074,3.6439932883378177,4.01303975925,4.01303975925,4.701297998608089,0.8350197829121924,20.80766284429362
Beijing,ratio_baseline,later_period,2023Q3,ftir_AnalysisDate,2023-11-20,10,0.57552196672551,2.50960453407734,0.409759055442694,0.431100672913667,1.3296932675286646,1.9086784827147398,2.274265856505259,1.4771643835000001,3.4295474274999997,3.973627798368818,1.52086894478526,44.34605372680067
Beijing,ratio_baseline,later_period,2023Q3,ftir_AnalysisDate,2023-12-07,3,1.12149981626724,3.65095041523739,0.409759055442694,0.414270916914035,1.4410482089300245,2.860844953482222,3.899959157641467,-3.45985235,3.89186213,5.1054619461364386,1.031017176517778,26.49161614874004
Beijing,ratio_baseline,later_period,2023Q3,ftir_AnalysisDate,2023-11-28,1,0.636482977090821,0.636482977090821,0.414270916914035,0.414270916914035,-2.042643220646136,2.042643220646136,2.042643220646136,1.7459778200000002,1.7459778200000002,1.7459778200000002,-0.2966654006461358,-16.99136135911141
Beijing,ratio_baseline,later_period,2023Q3,ftir_AnalysisDate,2024-02-20,1,0.500226035120681,0.500226035120681,0.426656336079506,0.426656336079506,2.2844129696928457,2.2844129696928457,2.2844129696928457,6.916867101,6.916867101,6.916867101,4.6324541313071546,66.97329966969326
Beijing,ratio_baseline,later_period,2023Q4,ftir_AnalysisDate,2024-02-20,14,0.477998643782738,2.51582778104917,0.413856645997121,0.431100672913667,-1.5077907761683065,3.0755025271132106,3.7548450265177817,-0.8785899349285721,5.518076219357143,6.745679024855968,2.4425736922439323,44.26495023166774
Beijing,ratio_baseline,later_period,2023Q4,ftir_AnalysisDate,2024-02-22,1,3.17005720845659,3.17005720845659,0.422302699997062,0.422302699997062,1.0843640394689018,1.0843640394689018,1.0843640394689018,-10.72092747,10.72092747,10.72092747,9.636563430531098,89.88553889107786
Beijing,ratio_baseline,later_period,2023Q4,ftir_AnalysisDate,2024-02-21,1,0.457650219214667,0.457650219214667,0.413856645997121,0.413856645997121,0.2551692075852259,0.2551692075852259,0.2551692075852259,5.030241588999999,5.030241588999999,5.030241588999999,4.775072381414773,94.92729716713362
Beijing,ratio_baseline,later_period,2023Q4,ftir_AnalysisDate,2024-04-18,2,0.435116265721739,0.510873603565374,0.422302699997062,0.422302699997062,2.92208688361317,2.92208688361317,2.997891021813761,7.603360300999999,7.603360300999999,7.615985751623626,4.681273417386828,61.56848067256716
Beijing,ratio_baseline,later_period,2023Q4,ftir_AnalysisDate,2024-04-19,3,0.54003322158194,2.17903187195365,0.422302699997062,0.422302699997062,-9.607251607249927,9.607251607249927,10.34662949452229,-10.325253413333334,10.325253413333334,11.520828271983026,0.7180018060834072,6.953841976955532
Beijing,ratio_baseline,later_period,2024Q1,ftir_AnalysisDate,2024-04-19,1,1.38612826868133,1.38612826868133,0.413856645997121,0.413856645997121,-7.957774758495841,7.957774758495841,7.957774758495841,-9.403474704999999,9.403474704999999,9.403474704999999,1.445699946504158,15.374103635706629
Beijing,ratio_baseline,later_period,2024Q1,ftir_AnalysisDate,2024-07-16,2,1.22133979534932,2.25609496925828,0.426656336079506,0.426656336079506,-0.7883697833678065,1.082644908473294,1.3392710379794486,-4.458700710000001,4.458700710000001,6.2270679425017,3.3760558015267073,75.71837674493084
Beijing,ratio_baseline,later_period,2024Q1,ftir_AnalysisDate,2024-07-19,7,0.524892244213276,4.1246073597929,0.422302699997062,0.426656336079506,-0.719645828411171,1.1902860857891484,1.353432493410362,-4.966816219857143,7.295954867285714,10.72414873476534,6.105668781496566,83.68567093080215
Beijing,ratio_baseline,later_period,2024Q1,ftir_AnalysisDate,2024-07-12,6,0.491350982998029,3.90583604229065,0.418037016158708,0.426656336079506,-0.33109719391907017,2.6686396678661155,2.9076450769418063,-4.458581264833334,7.390862318500001,9.49624791226212,4.722222650633885,63.89271572295065
Beijing,ratio_baseline,later_period,2024Q1,ftir_AnalysisDate,2024-07-15,5,0.651853835889443,3.51138889464907,0.422302699997062,0.426656336079506,-2.1665360644660603,2.9314606867255906,4.870309327463916,-6.9712370238000005,8.9974130042,10.700399710047957,6.06595231747441,67.41884933639055
Beijing,ratio_baseline,later_period,2024Q2,ftir_AnalysisDate,2024-07-15,5,1.16209106048288,2.19407834815548,0.426656336079506,0.426656336079506,0.2893980830417764,2.167122795237967,2.3077539658217683,-2.3157532960000005,3.151798532,3.5316005618439434,0.9846757367620329,31.241709353078438
Beijing,ratio_baseline,later_period,2024Q2,ftir_AnalysisDate,2024-07-16,2,0.751349214687733,3.39413099739085,0.426656336079506,0.431100672913667,6.645517019541273,6.645517019541273,6.943503772324285,0.8422989439999995,6.4564269240000005,6.511137852634946,-0.18909009554127287,-2.928711155056711
Beijing,ratio_baseline,later_period,2024Q2,ftir_AnalysisDate,2024-11-07,9,0.628370882626225,3.34887307708787,0.435638574733811,1.293302018741,2.419714194594989,2.891231161205658,3.3146038008076277,-0.6390718373333338,3.3494062671111116,3.890997376256026,0.4581751059054535,13.679293264732351
Beijing,ratio_baseline,later_period,2024Q3,ftir_AnalysisDate,2024-11-07,5,0.971677641010547,2.75271427142736,0.445007146233463,0.454787523073759,3.8586751898103997,3.8586751898103997,4.371895684464498,1.6999400292,2.7760517532,3.114815970483676,-1.0826234366103997,-38.99867628052835
Beijing,ratio_baseline,later_period,2024Q3,ftir_AnalysisDate,2025-03-07,5,1.18184354535931,2.1641392876822,0.470291643178546,0.475697294249564,2.4537322907015087,2.4537322907015087,2.849863852415935,0.21631914679999972,1.5765943188000004,2.140959568994929,-0.8771379719015082,-55.63498240746724
Beijing,ratio_baseline,later_period,2024Q4,ftir_AnalysisDate,2025-03-07,1,3.0460150561075,3.0460150561075,0.475697294249564,0.475697294249564,1.253587374169033,1.253587374169033,1.253587374169033,-9.734799189999999,9.734799189999999,9.734799189999999,8.481211815830966,87.12261701857423
Beijing,ratio_baseline,later_period,2024Q4,ftir_AnalysisDate,2025-06-17,6,0.642952675621373,2.70995273013254,0.465007467412495,1.37952215332374,-5.1428630710341325,5.1428630710341325,5.40570038951635,-7.901507110000001,7.901507110000001,9.67984133341684,2.758644038965868,34.91288434676695
Beijing,mdl_1_5x,leave_quarter_out,2022Q3,ftir_AnalysisDate,2022-10-26,6,0.932718395317729,1.58687729757227,0.459100108602086,0.459100108602086,2.304563644615915,2.3991133156810256,2.65734191436988,2.730078212166667,2.7388372705,3.155909551421079,0.3397239548189743,12.403948145373187
Beijing,mdl_1_5x,leave_quarter_out,2023Q1,ftir_AnalysisDate,2023-04-11,7,0.784986347361332,4.63615900466652,0.422302699997062,0.431100672913667,-3.299577925004494,3.9565847515556913,4.964647783412427,-6.411705925714285,6.444194471428571,8.771620103597808,2.48760971987288,38.6023378236352
Beijing,mdl_1_5x,leave_quarter_out,2023Q1,ftir_AnalysisDate,2023-04-10,7,0.748811015052267,5.65963705476437,0.431100672913667,0.46373748343645,-0.6246124937378549,2.1737340649804415,3.127364755424789,-8.076155098714285,10.449849115571428,13.061424434440017,8.276115050590986,79.19841673367954
Beijing,mdl_1_5x,leave_quarter_out,2023Q1,ftir_AnalysisDate,2023-07-12,2,1.89398652794746,2.51056772074792,0.46373748343645,0.46373748343645,-3.71809096739387,3.71809096739387,4.248703879076648,-9.206198689999999,9.206198689999999,9.978841817404488,5.488107722606129,59.61317920030824
Beijing,mdl_1_5x,leave_quarter_out,2023Q2,ftir_AnalysisDate,2023-07-12,6,0.869260683204829,2.5564123917451,0.413856645997121,0.46373748343645,0.3101101243523055,1.8344884559932684,2.4365449800489407,-1.3833262336666665,4.467003983000001,5.444204422081865,2.632515527006732,58.93246428759077
Beijing,mdl_1_5x,leave_quarter_out,2023Q2,ftir_AnalysisDate,2023-07-18,1,1.50949549632803,1.50949549632803,0.418037016158708,0.418037016158708,-20.016520629695574,20.016520629695574,20.016520629695574,-21.353024339999997,21.353024339999997,21.353024339999997,1.3365037103044237,6.259083907850892
Beijing,mdl_1_5x,leave_quarter_out,2023Q2,ftir_AnalysisDate,2023-08-10,10,0.644969656209629,2.3372790992079,0.413856645997121,0.426656336079506,2.1034129424946792,2.1034129424946792,2.638980025604735,1.2381552013000001,2.4599323593000006,3.0809793479937424,0.3565194168053214,14.49305772402509
Beijing,mdl_1_5x,leave_quarter_out,2023Q2,ftir_AnalysisDate,2023-08-23,1,1.95719971435631,1.95719971435631,0.422302699997062,0.422302699997062,1.1847178763658839,1.1847178763658839,1.1847178763658839,-2.7563331699999996,2.7563331699999996,2.7563331699999996,1.5716152936341157,57.018335473360644
Beijing,mdl_1_5x,leave_quarter_out,2023Q2,ftir_AnalysisDate,2023-09-13,4,0.990831476923312,1.94987530491134,0.413856645997121,0.413856645997121,0.8880737182432199,1.4994653760845473,2.080892190627491,-0.3280546325000002,1.0462667675000001,1.4606978529929304,-0.4531986085845472,-43.315779747782834
Beijing,mdl_1_5x,leave_quarter_out,2023Q3,ftir_AnalysisDate,2023-09-13,4,0.737028126401114,1.85102011697509,0.409759055442694,0.413856645997121,3.8348663488947423,3.8348663488947423,4.693731552975175,3.890015390749999,3.9854048057499996,4.695195517307746,0.15053845685525724,3.777243823213786
Beijing,mdl_1_5x,leave_quarter_out,2023Q3,ftir_AnalysisDate,2023-09-14,4,0.82787263380431,1.29325493995668,0.409759055442694,0.413856645997121,3.8716344971463665,3.8716344971463665,4.274463631418625,5.108826779249999,5.108826779249999,5.665494314071549,1.2371922821036327,24.216759259261057
Beijing,mdl_1_5x,leave_quarter_out,2023Q3,ftir_AnalysisDate,2023-11-20,9,0.888269476542323,2.50960453407734,0.409759055442694,0.431100672913667,1.6300489819101793,2.089153629833721,2.302381189667496,1.8093935776666659,3.2481833909999995,3.5444844305511847,1.1590297611662783,35.68239910276293
Beijing,mdl_1_5x,leave_quarter_out,2023Q3,ftir_AnalysisDate,2023-12-07,3,1.12149981626724,3.65095041523739,0.409759055442694,0.414270916914035,1.749151059341843,2.679906628999244,3.621537214997905,-2.3640653300000003,3.52659979,4.436661840185114,0.846693161000756,24.008767975363487
Beijing,mdl_1_5x,leave_quarter_out,2023Q3,ftir_AnalysisDate,2023-11-28,1,0.636482977090821,0.636482977090821,0.414270916914035,0.414270916914035,-1.1505169202633798,1.1505169202633798,1.1505169202633798,2.8417648399999997,2.8417648399999997,2.8417648399999997,1.69124791973662,59.513999748713196
Beijing,mdl_1_5x,leave_quarter_out,2023Q4,ftir_AnalysisDate,2024-02-20,11,0.640530528920613,2.51582778104917,0.413856645997121,0.431100672913667,-2.337719762439257,2.72455935012477,3.6467193462097804,-2.2355276540909106,4.993070765,6.010713073136139,2.26851141487523,45.43319174999175
Beijing,mdl_1_5x,leave_quarter_out,2023Q4,ftir_AnalysisDate,2024-02-22,1,3.17005720845659,3.17005720845659,0.422302699997062,0.422302699997062,1.0240003705099028,1.0240003705099028,1.0240003705099028,-9.731882745,9.731882745,9.731882745,8.707882374490097,89.47788010458707
Beijing,mdl_1_5x,leave_quarter_out,2023Q4,ftir_AnalysisDate,2024-04-19,2,1.34974668934944,2.17903187195365,0.422302699997062,0.422302699997062,-10.24150277902434,10.24150277902434,11.10464339660278,-12.784947155000001,12.784947155000001,12.920968297933449,2.5434443759756604,19.89405466553655
Beijing,mdl_1_5x,leave_quarter_out,2024Q1,ftir_AnalysisDate,2024-04-19,1,1.38612826868133,1.38612826868133,0.413856645997121,0.413856645997121,-7.8669553316475955,7.8669553316475955,7.8669553316475955,-8.366653509999999,8.366653509999999,8.366653509999999,0.4996981783524035,5.972497579290858
Beijing,mdl_1_5x,leave_quarter_out,2024Q1,ftir_AnalysisDate,2024-07-16,2,1.22133979534932,2.25609496925828,0.426656336079506,0.426656336079506,-0.935276943241683,1.4314770279042746,1.7099325840445179,-3.4218795150000014,4.346994725000001,5.532234860737067,2.9155176970957264,67.06973165456799
Beijing,mdl_1_5x,leave_quarter_out,2024Q1,ftir_AnalysisDate,2024-07-19,6,0.758138347338017,4.1246073597929,0.422302699997062,0.426656336079506,-1.4466041682569069,1.6635042728163205,1.8790745034100527,-5.674292030666668,7.138571602666666,10.783971388844186,5.475067329850345,76.69695892389863
Beijing,mdl_1_5x,leave_quarter_out,2024Q1,ftir_AnalysisDate,2024-07-12,5,0.787587987705579,3.90583604229065,0.418037016158708,0.426656336079506,-1.565889157286766,2.1380408256345333,2.473783581444686,-5.948280956,6.953040723999999,9.02451841492485,4.814999898365466,69.25027609496662
Beijing,mdl_1_5x,leave_quarter_out,2024Q1,ftir_AnalysisDate,2024-07-15,5,0.651853835889443,3.51138889464907,0.422302699997062,0.426656336079506,-2.4346632911118795,3.4203385219081235,5.116371270803404,-5.934415828800001,8.682468439199999,10.05572968719359,5.262129917291876,60.606381170752954
Beijing,mdl_1_5x,leave_quarter_out,2024Q2,ftir_AnalysisDate,2024-07-15,5,1.16209106048288,2.19407834815548,0.426656336079506,0.426656336079506,0.5422378769330877,2.0459872146302134,2.3016087488249046,-1.494730371000001,2.6591847770000006,3.0567479586108166,0.6131975623697872,23.05960712747368
Beijing,mdl_1_5x,leave_quarter_out,2024Q2,ftir_AnalysisDate,2024-07-16,2,0.751349214687733,3.39413099739085,0.426656336079506,0.431100672913667,6.679909602456476,6.679909602456476,6.832062128420495,1.663321868999999,6.4564269240000005,6.667239928549576,-0.22348267845647563,-3.46139871305195
Beijing,mdl_1_5x,leave_quarter_out,2024Q2,ftir_AnalysisDate,2024-11-07,7,1.14621555108109,3.34887307708787,0.435638574733811,0.449844180431653,2.600243098681839,3.078775741622202,3.5292317524169112,-0.5257353820000011,3.208774990857143,3.6677276838750177,0.12999924923494088,4.0513669423799294
Beijing,mdl_1_5x,leave_quarter_out,2024Q3,ftir_AnalysisDate,2024-11-07,5,0.971677641010547,2.75271427142736,0.445007146233463,0.454787523073759,4.432039081823417,4.432039081823417,4.819201301691719,2.676138254199999,3.1809319441999997,3.7381811596946837,-1.2511071376234173,-39.331465104264254
Beijing,mdl_1_5x,leave_quarter_out,2024Q3,ftir_AnalysisDate,2025-03-07,5,1.18184354535931,2.1641392876822,0.470291643178546,0.475697294249564,3.0224275037903094,3.0224275037903094,3.335567288707972,1.1925173717999988,2.0961384898,2.441108679441259,-0.9262890139903095,-44.19025834875491
Beijing,mdl_1_5x,leave_quarter_out,2024Q4,ftir_AnalysisDate,2025-03-07,1,3.0460150561075,3.0460150561075,0.475697294249564,0.475697294249564,1.0260955668648784,1.0260955668648784,1.0260955668648784,-9.218930559999997,9.218930559999997,9.218930559999997,8.192834993135119,88.86968981720067
Beijing,mdl_1_5x,leave_quarter_out,2024Q4,ftir_AnalysisDate,2025-06-17,5,0.98262693810373,2.70995273013254,0.470291643178546,1.37952215332374,-5.025455834070549,5.025455834070549,5.3765685195105,-8.773391937999998,8.773391937999998,10.145731343452335,3.747936103929449,42.71935108354269
Beijing,mdl_1_5x,later_period,2023Q2,ftir_AnalysisDate,2023-07-12,6,0.869260683204829,2.5564123917451,0.413856645997121,0.46373748343645,1.0701534044349976,1.8750064906058057,2.66669775129368,-0.6507031586666671,4.332063146333334,5.305580545177323,2.457056655727528,56.717932604634015
Beijing,mdl_1_5x,later_period,2023Q2,ftir_AnalysisDate,2023-07-18,1,1.50949549632803,1.50949549632803,0.418037016158708,0.418037016158708,-19.25245876413812,19.25245876413812,19.25245876413812,-20.620401264999998,20.620401264999998,20.620401264999998,1.3679425008618793,6.633927649040245
Beijing,mdl_1_5x,later_period,2023Q2,ftir_AnalysisDate,2023-08-10,10,0.644969656209629,2.3372790992079,0.413856645997121,0.426656336079506,2.8727804090349225,2.8727804090349225,3.2716944280310476,1.9707782762999997,2.7529815893,3.441420121780208,-0.11979881973492246,-4.351602647854382
Beijing,mdl_1_5x,later_period,2023Q2,ftir_AnalysisDate,2023-08-23,1,1.95719971435631,1.95719971435631,0.422302699997062,0.422302699997062,1.9194560133150347,1.9194560133150347,1.9194560133150347,-2.023710095,2.023710095,2.023710095,0.10425408168496553,5.151631251064423
Beijing,mdl_1_5x,later_period,2023Q2,ftir_AnalysisDate,2023-09-13,4,0.990831476923312,1.94987530491134,0.413856645997121,0.413856645997121,1.6534908497718566,1.6734939832028952,2.491774331454167,0.4045684424999991,1.4125783049999998,1.4797614674332893,-0.2609156782028954,-18.47088244802793
Beijing,mdl_1_5x,later_period,2023Q3,ftir_AnalysisDate,2023-09-13,4,0.737028126401114,1.85102011697509,0.409759055442694,0.413856645997121,3.6840787868620315,3.7460865695921606,4.578197077053881,3.3640670807500004,3.7224306507500002,4.269612222352365,-0.02365591884216034,-0.6354965629082737
Beijing,mdl_1_5x,later_period,2023Q3,ftir_AnalysisDate,2023-09-14,4,0.82787263380431,1.29325493995668,0.409759055442694,0.413856645997121,3.710504603889111,3.710504603889111,4.127493473057347,4.582878469250001,4.582878469250001,5.196199556051552,0.8723738653608897,19.03550074945923
Beijing,mdl_1_5x,later_period,2023Q3,ftir_AnalysisDate,2023-11-20,9,0.888269476542323,2.50960453407734,0.409759055442694,0.431100672913667,1.4781747662667322,1.9725968207663753,2.2001615809842323,1.2834452676666674,3.0728672876666665,3.307067661027567,1.1002704669002912,35.80598717414068
Beijing,mdl_1_5x,later_period,2023Q3,ftir_AnalysisDate,2023-12-07,3,1.12149981626724,3.65095041523739,0.409759055442694,0.414270916914035,1.6348347654374695,2.6651599246187847,3.6163781723276935,-2.890013639999999,3.7019158933333327,4.737862623486755,1.036755968714548,28.00592986409038
Beijing,mdl_1_5x,later_period,2023Q3,ftir_AnalysisDate,2023-11-28,1,0.636482977090821,0.636482977090821,0.414270916914035,0.414270916914035,-1.3357525712172862,1.3357525712172862,1.3357525712172862,2.315816530000001,2.315816530000001,2.315816530000001,0.9800639587827149,42.320449227586884
Beijing,mdl_1_5x,later_period,2023Q4,ftir_AnalysisDate,2024-02-20,11,0.640530528920613,2.51582778104917,0.413856645997121,0.431100672913667,-2.428945886419012,2.80546839976037,3.7175519507702792,-2.613629549090909,4.958697865454546,6.161342968480624,2.153229465694176,43.4232841789968
Beijing,mdl_1_5x,later_period,2023Q4,ftir_AnalysisDate,2024-02-22,1,3.17005720845659,3.17005720845659,0.422302699997062,0.422302699997062,0.8372703200090683,0.8372703200090683,0.8372703200090683,-10.109984639999999,10.109984639999999,10.109984639999999,9.27271431999093,91.71838187867841
Beijing,mdl_1_5x,later_period,2023Q4,ftir_AnalysisDate,2024-04-19,2,1.34974668934944,2.17903187195365,0.422302699997062,0.422302699997062,-10.35599901922554,10.35599901922554,11.202186173168512,-13.16304905,13.16304905,13.295202453996872,2.8070500307744606,21.325226549805045
Beijing,mdl_1_5x,later_period,2024Q1,ftir_AnalysisDate,2024-04-19,1,1.38612826868133,1.38612826868133,0.413856645997121,0.413856645997121,-7.489291231757214,7.489291231757214,7.489291231757214,-8.654531019999999,8.654531019999999,8.654531019999999,1.1652397882427845,13.463927572158436
Beijing,mdl_1_5x,later_period,2024Q1,ftir_AnalysisDate,2024-07-16,2,1.22133979534932,2.25609496925828,0.426656336079506,0.426656336079506,-0.495240805500484,1.3399543654342052,1.4285451189510787,-3.709757025000001,4.346994725000001,5.714775614467701,3.0070403595657957,69.17515547631116
Beijing,mdl_1_5x,later_period,2024Q1,ftir_AnalysisDate,2024-07-19,6,0.758138347338017,4.1246073597929,0.422302699997062,0.426656336079506,-0.9519126389375225,1.2576708840842075,1.388864147165156,-5.962169540666667,7.150897035999999,10.93818606980957,5.893226151915791,82.41240395781574
Beijing,mdl_1_5x,later_period,2024Q1,ftir_AnalysisDate,2024-07-12,5,0.787587987705579,3.90583604229065,0.418037016158708,0.426656336079506,-1.0663412293390362,1.9678502687902064,2.271212900950838,-6.236158466000001,7.010616225999999,9.216808487913207,5.0427659572097925,71.93042372663166
Beijing,mdl_1_5x,later_period,2024Q1,ftir_AnalysisDate,2024-07-15,5,0.651853835889443,3.51138889464907,0.422302699997062,0.426656336079506,-1.962822790647818,3.0938099244967865,4.867611991233794,-6.2222933388,8.7400439412,10.228261959241626,5.646234016703213,64.60189507843585
Beijing,mdl_1_5x,later_period,2024Q2,ftir_AnalysisDate,2024-07-15,5,1.16209106048288,2.19407834815548,0.426656336079506,0.426656336079506,0.7091663710332956,2.0083335902858823,2.3438407198052635,-1.6201809759999986,2.734455139999999,3.120012114635759,0.7261215497141165,26.55452412044751
Beijing,mdl_1_5x,later_period,2024Q2,ftir_AnalysisDate,2024-07-16,2,0.751349214687733,3.39413099739085,0.426656336079506,0.431100672913667,6.83362642237433,6.83362642237433,6.975329942199747,1.5378712640000014,6.4564269240000005,6.637054817431379,-0.3771994983743294,-5.842232907061853
Beijing,mdl_1_5x,later_period,2024Q2,ftir_AnalysisDate,2024-11-07,7,1.14621555108109,3.34887307708787,0.435638574733811,0.449844180431653,2.762342906284919,3.1465024755002093,3.6442486568900225,-0.6511859869999986,3.205454147285714,3.687800409572307,0.058951671785504534,1.8391051338364366
Beijing,mdl_1_5x,later_period,2024Q3,ftir_AnalysisDate,2024-11-07,5,0.971677641010547,2.75271427142736,0.445007146233463,0.454787523073759,4.248283944189209,4.248283944189209,4.640248559477764,2.259201244200001,2.930769738200001,3.451995464785332,-1.3175142059892084,-44.95454517687186
Beijing,mdl_1_5x,later_period,2024Q3,ftir_AnalysisDate,2025-03-07,5,1.18184354535931,2.1641392876822,0.470291643178546,0.475697294249564,2.837890662627038,2.837890662627038,3.1669051741462995,0.7755803618000009,1.8459762838000011,2.2668124757924932,-0.9919143788270368,-53.73386362175517
Beijing,mdl_1_5x,later_period,2024Q4,ftir_AnalysisDate,2025-03-07,1,3.0460150561075,3.0460150561075,0.475697294249564,0.475697294249564,1.0260955668648784,1.0260955668648784,1.0260955668648784,-9.218930559999997,9.218930559999997,9.218930559999997,8.192834993135119,88.86968981720067
Beijing,mdl_1_5x,later_period,2024Q4,ftir_AnalysisDate,2025-06-17,5,0.98262693810373,2.70995273013254,0.470291643178546,1.37952215332374,-5.025455834070549,5.025455834070549,5.3765685195105,-8.773391937999998,8.773391937999998,10.145731343452335,3.747936103929449,42.71935108354269
Beijing,mdl_2x,leave_quarter_out,2022Q3,ftir_AnalysisDate,2022-10-26,6,0.932718395317729,1.58687729757227,0.459100108602086,0.459100108602086,2.508891656965858,2.5372632156992725,2.828740396968555,3.938621267166667,3.938621267166667,4.2448999444487745,1.4013580514673944,35.57991379240919
Beijing,mdl_2x,leave_quarter_out,2023Q1,ftir_AnalysisDate,2023-04-11,6,0.963603807746388,4.63615900466652,0.422302699997062,0.431100672913667,-3.425933401332353,4.031014360315785,5.168618719024046,-6.778303931666668,6.894262318333333,8.914538274524826,2.8632479580175483,41.53088214243826
Beijing,mdl_2x,leave_quarter_out,2023Q1,ftir_AnalysisDate,2023-04-10,6,1.05650392675548,5.65963705476437,0.431100672913667,0.46373748343645,-1.3842214464774099,2.040136727039726,3.2158043964207743,-9.681382923333334,10.970993593333334,13.371239296627504,8.930856866293608,81.40426653535336
Beijing,mdl_2x,leave_quarter_out,2023Q1,ftir_AnalysisDate,2023-07-12,2,1.89398652794746,2.51056772074792,0.46373748343645,0.46373748343645,-3.7774254413658657,3.7774254413658657,4.326714961782874,-8.48522739,8.48522739,9.317847045161722,4.707801948634135,55.48233102370796
Beijing,mdl_2x,leave_quarter_out,2023Q2,ftir_AnalysisDate,2023-07-12,6,0.869260683204829,2.5564123917451,0.413856645997121,0.46373748343645,0.3690935446669954,1.8572889718155068,2.4915240683389497,-0.11427473366666667,4.332063146333334,5.266766468661764,2.474774174517827,57.12691830479157
Beijing,mdl_2x,leave_quarter_out,2023Q2,ftir_AnalysisDate,2023-07-18,1,1.50949549632803,1.50949549632803,0.418037016158708,0.418037016158708,-19.950208543029877,19.950208543029877,19.950208543029877,-20.08397284,20.08397284,20.08397284,0.13376429697012426,0.6660250839600531
Beijing,mdl_2x,leave_quarter_out,2023Q2,ftir_AnalysisDate,2023-08-10,7,1.06208881925466,2.3372790992079,0.418037016158708,0.426656336079506,2.298962607414558,2.298962607414558,2.929359149980282,0.8733637228571427,1.5310012342857144,1.7246198107713164,-0.7679613731288437,-50.160728543575246
Beijing,mdl_2x,leave_quarter_out,2023Q2,ftir_AnalysisDate,2023-08-23,1,1.95719971435631,1.95719971435631,0.422302699997062,0.422302699997062,1.197552483334448,1.197552483334448,1.197552483334448,-1.4872816699999998,1.4872816699999998,1.4872816699999998,0.2897291866655518,19.4804516528165
Beijing,mdl_2x,leave_quarter_out,2023Q2,ftir_AnalysisDate,2023-09-13,4,0.990831476923312,1.94987530491134,0.413856645997121,0.413856645997121,0.9568573940245546,1.4815076347447178,2.0824334840837717,0.9409968674999996,1.6807925175,1.706309901652762,0.19928488275528222,11.85660220880191
Beijing,mdl_2x,leave_quarter_out,2023Q3,ftir_AnalysisDate,2023-09-13,3,1.04412589835131,1.85102011697509,0.409759055442694,0.413856645997121,5.352991446021875,5.352991446021875,5.672533162781916,5.1891032443333325,5.1891032443333325,6.005359472278046,-0.16388820168854235,-3.158314528960539
Beijing,mdl_2x,leave_quarter_out,2023Q3,ftir_AnalysisDate,2023-09-14,4,0.82787263380431,1.29325493995668,0.409759055442694,0.413856645997121,4.247171021974168,4.247171021974168,4.626001361107932,6.267108889249999,6.267108889249999,6.7286230829279985,2.0199378672758312,32.23077663036364
Beijing,mdl_2x,leave_quarter_out,2023Q3,ftir_AnalysisDate,2023-11-20,9,0.888269476542323,2.50960453407734,0.409759055442694,0.431100672913667,1.9517980346896948,2.330293218358583,2.5315600437390784,2.9676756876666657,3.651584736555555,4.254005611971639,1.321291518196972,36.18405743045448
Beijing,mdl_2x,leave_quarter_out,2023Q3,ftir_AnalysisDate,2023-12-07,3,1.12149981626724,3.65095041523739,0.409759055442694,0.414270916914035,1.8526399533277946,2.5786584765318405,3.4043109198879216,-1.20578322,3.140505753333333,3.9432317422743908,0.5618472768014926,17.89034381500966
Beijing,mdl_2x,leave_quarter_out,2023Q4,ftir_AnalysisDate,2024-02-20,8,0.839272807578568,2.51582778104917,0.413856645997121,0.431100672913667,-3.13586521512035,3.13586521512035,4.10845054317016,-3.7355919362500014,5.39503815875,6.1934047024101275,2.2591729436296504,41.8750132464881
Beijing,mdl_2x,leave_quarter_out,2023Q4,ftir_AnalysisDate,2024-02-22,1,3.17005720845659,3.17005720845659,0.422302699997062,0.422302699997062,0.885065875099734,0.885065875099734,0.885065875099734,-9.08492856,9.08492856,9.08492856,8.199862684900266,90.25786642949964
Beijing,mdl_2x,leave_quarter_out,2023Q4,ftir_AnalysisDate,2024-04-19,2,1.34974668934944,2.17903187195365,0.422302699997062,0.422302699997062,-10.221219757489244,10.221219757489244,11.067839551220535,-12.13799297,12.13799297,12.281181593797399,1.9167732125107566,15.791516910977057
Beijing,mdl_2x,leave_quarter_out,2024Q1,ftir_AnalysisDate,2024-04-19,1,1.38612826868133,1.38612826868133,0.413856645997121,0.413856645997121,-7.781219577088608,7.781219577088608,7.781219577088608,-7.774349559999999,7.774349559999999,7.774349559999999,-0.006870017088608904,-0.08836774106423001
Beijing,mdl_2x,leave_quarter_out,2024Q1,ftir_AnalysisDate,2024-07-16,2,1.22133979534932,2.25609496925828,0.426656336079506,0.426656336079506,-0.9066036142337728,1.5152085411494527,1.765725640215374,-2.8295755650000016,4.346994725000001,5.186796797371468,2.8317861838505483,65.14353853628262
Beijing,mdl_2x,leave_quarter_out,2024Q1,ftir_AnalysisDate,2024-07-19,5,0.938242880475365,4.1246073597929,0.422302699997062,0.426656336079506,-1.9291340051441552,1.9291340051441552,2.1832944436536628,-6.954814616000002,7.709857004000002,11.324323802928923,5.780722998855847,74.97834260553357
Beijing,mdl_2x,leave_quarter_out,2024Q1,ftir_AnalysisDate,2024-07-12,4,0.990027970520231,3.90583604229065,0.418037016158708,0.426656336079506,-1.731841239299253,2.286006080705812,2.6820270011026226,-7.2579575425,7.980238632499999,9.60026852462291,5.694232551794187,71.35416387931163
Beijing,mdl_2x,leave_quarter_out,2024Q1,ftir_AnalysisDate,2024-07-15,4,1.12293064135401,3.51138889464907,0.422302699997062,0.426656336079506,-3.711047991146353,3.711047991146353,5.610635838477286,-8.3512811225,9.0313682875,10.336532740327767,5.320320296353646,58.909349358693696
Beijing,mdl_2x,leave_quarter_out,2024Q2,ftir_AnalysisDate,2024-07-15,5,1.16209106048288,2.19407834815548,0.426656336079506,0.426656336079506,0.6091515768242275,2.0111017297579084,2.3048678741477757,-0.35638362100000087,2.1296126410000005,2.6900740669726297,0.11851091124209212,5.564904572807337
Beijing,mdl_2x,leave_quarter_out,2024Q2,ftir_AnalysisDate,2024-07-16,1,3.39413099739085,3.39413099739085,0.426656336079506,0.426656336079506,7.937829469143775,7.937829469143775,7.937829469143775,-3.6547583050000014,3.6547583050000014,3.6547583050000014,-4.283071164143774,-117.19163913750987
Beijing,mdl_2x,leave_quarter_out,2024Q2,ftir_AnalysisDate,2024-11-07,7,1.14621555108109,3.34887307708787,0.435638574733811,0.449844180431653,2.642828816903593,3.0882370246108133,3.5303067083829593,0.612611367999999,3.3713959551428565,3.6811847765874703,0.2831589305320432,8.398863091121104
Beijing,mdl_2x,leave_quarter_out,2024Q3,ftir_AnalysisDate,2024-11-07,5,0.971677641010547,2.75271427142736,0.445007146233463,0.454787523073759,4.586836914429957,4.586836914429957,4.928351181046862,3.7902015492000003,3.8493699212,4.601946350258959,-0.7374669932299565,-19.15812219471126
Beijing,mdl_2x,leave_quarter_out,2024Q3,ftir_AnalysisDate,2025-03-07,5,1.18184354535931,2.1641392876822,0.470291643178546,0.475697294249564,3.1744685027803605,3.1744685027803605,3.466746040558687,2.3065806668,2.7645764668000004,3.139622314109486,-0.40989203598036017,-14.826576182745653
Beijing,mdl_2x,leave_quarter_out,2024Q4,ftir_AnalysisDate,2025-03-07,1,3.0460150561075,3.0460150561075,0.475697294249564,0.475697294249564,0.9601822342807473,0.9601822342807473,0.9601822342807473,-8.179583174999998,8.179583174999998,8.179583174999998,7.21940094071925,88.26123270907692
Beijing,mdl_2x,leave_quarter_out,2024Q4,ftir_AnalysisDate,2025-06-17,4,0.98262693810373,2.70995273013254,0.470291643178546,0.470291643178546,-4.851505359132065,4.851505359132065,5.315540890895287,-7.292609497499999,7.610789329999999,9.201203819967823,2.7592839708679344,36.25489881833235
Beijing,mdl_2x,later_period,2023Q2,ftir_AnalysisDate,2023-07-12,6,0.869260683204829,2.5564123917451,0.413856645997121,0.46373748343645,1.2456997049751044,2.005909308958075,2.7788107432431186,1.6668657513333331,4.597716861333333,5.523061809687934,2.5918075523752577,56.37162162316442
Beijing,mdl_2x,later_period,2023Q2,ftir_AnalysisDate,2023-07-18,1,1.50949549632803,1.50949549632803,0.418037016158708,0.418037016158708,-19.070559299295862,19.070559299295862,19.070559299295862,-18.302832355,18.302832355,18.302832355,-0.7677269442958625,-4.194579993987289
Beijing,mdl_2x,later_period,2023Q2,ftir_AnalysisDate,2023-08-10,7,1.06208881925466,2.3372790992079,0.418037016158708,0.426656336079506,3.1673672411553846,3.1673672411553846,3.6398709806311884,2.654504207857143,2.654504207857143,3.042686623501224,-0.5128630332982418,-19.32048296552719
Beijing,mdl_2x,later_period,2023Q2,ftir_AnalysisDate,2023-08-23,1,1.95719971435631,1.95719971435631,0.422302699997062,0.422302699997062,2.054996263709743,2.054996263709743,2.054996263709743,0.2938588150000001,0.2938588150000001,0.2938588150000001,-1.7611374487097429,-599.314146390246
Beijing,mdl_2x,later_period,2023Q2,ftir_AnalysisDate,2023-09-13,4,0.990831476923312,1.94987530491134,0.413856645997121,0.413856645997121,1.8375329161444593,1.8375329161444593,2.597797640440957,2.7221373524999994,2.7221373524999994,3.0718154472085644,0.8846044363555401,32.49668630949585
Beijing,mdl_2x,later_period,2023Q3,ftir_AnalysisDate,2023-09-13,3,1.04412589835131,1.85102011697509,0.409759055442694,0.413856645997121,5.203505227714912,5.203505227714912,5.527252804267029,4.607221874333333,4.607221874333333,5.510357820528943,-0.5962833533815788,-12.942362439791578
Beijing,mdl_2x,later_period,2023Q3,ftir_AnalysisDate,2023-09-14,4,0.82787263380431,1.29325493995668,0.409759055442694,0.413856645997121,4.044638735888814,4.044638735888814,4.436610089815299,5.68522751925,5.68522751925,6.19027678767538,1.6405887833611859,28.857047106843208
Beijing,mdl_2x,later_period,2023Q3,ftir_AnalysisDate,2023-11-20,9,0.888269476542323,2.50960453407734,0.409759055442694,0.431100672913667,1.773654799975333,2.195868002477926,2.400059421625682,2.385794317666666,3.4403169709999997,3.870591593765601,1.2444489685220739,36.17250907437023
Beijing,mdl_2x,later_period,2023Q3,ftir_AnalysisDate,2023-12-07,3,1.12149981626724,3.65095041523739,0.409759055442694,0.414270916914035,1.7734632255405198,2.6138173396041524,3.4835811348394823,-1.7876645899999997,3.33446621,4.158233770002189,0.7206488703958476,21.61212095161245
Beijing,mdl_2x,later_period,2023Q4,ftir_AnalysisDate,2024-02-20,8,0.839272807578568,2.51582778104917,0.413856645997121,0.431100672913667,-3.2674884324083457,3.2674884324083457,4.204876741227886,-4.328534311249999,5.5432737525,6.568091349648568,2.2757853200916545,41.054896829969515
Beijing,mdl_2x,later_period,2023Q4,ftir_AnalysisDate,2024-02-22,1,3.17005720845659,3.17005720845659,0.422302699997062,0.422302699997062,0.8251388820870176,0.8251388820870176,0.8251388820870176,-9.677870934999998,9.677870934999998,9.677870934999998,8.85273205291298,91.47396273799329
Beijing,mdl_2x,later_period,2023Q4,ftir_AnalysisDate,2024-04-19,2,1.34974668934944,2.17903187195365,0.422302699997062,0.422302699997062,-10.342765646838545,10.342765646838545,11.187099854414928,-12.730935344999999,12.730935344999999,12.867527453191185,2.3881696981614535,18.758792134620286
Beijing,mdl_2x,later_period,2024Q1,ftir_AnalysisDate,2024-04-19,1,1.38612826868133,1.38612826868133,0.413856645997121,0.413856645997121,-7.364655719502265,7.364655719502265,7.364655719502265,-7.774349559999999,7.774349559999999,7.774349559999999,0.4096938404977344,5.269815015852393
Beijing,mdl_2x,later_period,2024Q1,ftir_AnalysisDate,2024-07-16,2,1.22133979534932,2.25609496925828,0.426656336079506,0.426656336079506,-0.41091016432863725,1.3990963982929259,1.4581899378561165,-2.8295755650000016,4.346994725000001,5.186796797371468,2.947898326707075,67.81462856978908
Beijing,mdl_2x,later_period,2024Q1,ftir_AnalysisDate,2024-07-19,5,0.938242880475365,4.1246073597929,0.422302699997062,0.426656336079506,-1.3062197384849008,1.3062197384849008,1.5038412509406283,-6.954814616000002,7.709857004000002,11.324323802928923,6.403637265515101,83.05779552322161
Beijing,mdl_2x,later_period,2024Q1,ftir_AnalysisDate,2024-07-12,4,0.990027970520231,3.90583604229065,0.418037016158708,0.426656336079506,-1.0884075347913957,2.1335962292095805,2.4264853027264772,-7.2579575425,7.980238632499999,9.60026852462291,5.846642403290419,73.26400465619686
Beijing,mdl_2x,later_period,2024Q1,ftir_AnalysisDate,2024-07-15,4,1.12293064135401,3.51138889464907,0.422302699997062,0.426656336079506,-3.1039382838351464,3.239052639011572,5.243854999333394,-8.3512811225,9.0313682875,10.336532740327767,5.792315648488428,64.13552702202799
Beijing,mdl_2x,later_period,2024Q2,ftir_AnalysisDate,2024-07-15,5,1.16209106048288,2.19407834815548,0.426656336079506,0.426656336079506,0.8736324780269893,1.9503444139237676,2.383935968132727,-0.0191272859999998,2.062161374,2.666431145473537,0.11181696007623243,5.422318616090635
Beijing,mdl_2x,later_period,2024Q2,ftir_AnalysisDate,2024-07-16,1,3.39413099739085,3.39413099739085,0.426656336079506,0.426656336079506,8.113535452365003,8.113535452365003,8.113535452365003,-3.3175019700000004,3.3175019700000004,3.3175019700000004,-4.796033482365003,-144.56761520370708
Beijing,mdl_2x,later_period,2024Q2,ftir_AnalysisDate,2024-11-07,7,1.14621555108109,3.34887307708787,0.435638574733811,0.449844180431653,2.8984157111521998,3.1945608459122425,3.715487592796718,0.9498677030000001,3.419575431571429,3.752076401724652,0.2250145856591863,6.580190733087099
Beijing,mdl_2x,later_period,2024Q3,ftir_AnalysisDate,2024-11-07,5,0.971677641010547,2.75271427142736,0.445007146233463,0.454787523073759,4.429548770613369,4.429548770613369,4.778371996431144,3.7094953692000003,3.8009462132000005,4.535707036529136,-0.6286025574133687,-16.53805453048363
Beijing,mdl_2x,later_period,2024Q3,ftir_AnalysisDate,2025-03-07,5,1.18184354535931,2.1641392876822,0.470291643178546,0.475697294249564,3.016848385556746,3.016848385556746,3.3222286072416396,2.2258744868,2.7161527588000007,3.0808166342360974,-0.3006956267567453,-11.070644895892858
Beijing,mdl_2x,later_period,2024Q4,ftir_AnalysisDate,2025-03-07,1,3.0460150561075,3.0460150561075,0.475697294249564,0.475697294249564,0.9601822342807473,0.9601822342807473,0.9601822342807473,-8.179583174999998,8.179583174999998,8.179583174999998,7.21940094071925,88.26123270907692
Beijing,mdl_2x,later_period,2024Q4,ftir_AnalysisDate,2025-06-17,4,0.98262693810373,2.70995273013254,0.470291643178546,0.470291643178546,-4.851505359132065,4.851505359132065,5.315540890895287,-7.292609497499999,7.610789329999999,9.201203819967823,2.7592839708679344,36.25489881833235
Beijing,mdl_3x,leave_quarter_out,2022Q3,ftir_AnalysisDate,2022-10-26,2,1.50513248169022,1.58687729757227,0.459100108602086,0.459100108602086,4.632502289105535,4.632502289105535,4.6325347208408845,6.657151489999998,6.657151489999998,6.659663148785513,2.024649200894463,30.41314598196809
Beijing,mdl_3x,leave_quarter_out,2023Q1,ftir_AnalysisDate,2023-04-11,5,1.29526896612505,4.63615900466652,0.422302699997062,0.431100672913667,-3.4307678187340698,3.64608748725542,5.027899587390961,-5.7156239200000005,6.339425664000001,7.791590345829199,2.693338176744581,42.485523444803036
Beijing,mdl_3x,leave_quarter_out,2023Q1,ftir_AnalysisDate,2023-04-10,4,2.44205758829968,5.65963705476437,0.431100672913667,0.46373748343645,-3.0156582995796484,3.0156582995796484,3.919261090256999,-13.001366557499999,13.001366557499999,13.957728651970761,9.98570825792035,76.80506671169863
Beijing,mdl_3x,leave_quarter_out,2023Q1,ftir_AnalysisDate,2023-07-12,2,1.89398652794746,2.51056772074792,0.46373748343645,0.46373748343645,-3.5099837316126745,3.5099837316126745,4.199433488988969,-5.99731156,5.99731156,7.126775964258483,2.4873278283873255,41.47404722104058
Beijing,mdl_3x,leave_quarter_out,2023Q2,ftir_AnalysisDate,2023-07-12,3,1.52552927667091,2.5564123917451,0.413856645997121,0.46373748343645,-0.7556629310404995,1.1480891378102858,1.676076168424383,-0.5058716899999999,3.005530236666667,3.517156643850172,1.8574410988563812,61.80077898389094
Beijing,mdl_3x,leave_quarter_out,2023Q2,ftir_AnalysisDate,2023-07-18,1,1.50949549632803,1.50949549632803,0.418037016158708,0.418037016158708,-19.111279405017957,19.111279405017957,19.111279405017957,-16.14350665,16.14350665,16.14350665,-2.9677727550179576,-18.383693328598827
Beijing,mdl_3x,leave_quarter_out,2023Q2,ftir_AnalysisDate,2023-08-10,4,2.00241916197434,2.3372790992079,0.418037016158708,0.426656336079506,4.1695439560502665,4.1695439560502665,4.301128028279759,3.79897756,3.79897756,3.9754367722217485,-0.37056639605026653,-9.75437180656225
Beijing,mdl_3x,leave_quarter_out,2023Q2,ftir_AnalysisDate,2023-08-23,1,1.95719971435631,1.95719971435631,0.422302699997062,0.422302699997062,1.7857966616233654,1.7857966616233654,1.7857966616233654,2.4531845200000006,2.4531845200000006,2.4531845200000006,0.6673878583766353,27.20495963249577
Beijing,mdl_3x,leave_quarter_out,2023Q2,ftir_AnalysisDate,2023-09-13,3,1.32841046794249,1.94987530491134,0.413856645997121,0.413856645997121,2.269972402780516,2.269972402780516,2.858600276088187,4.4911724699999995,4.4911724699999995,4.71833455988086,2.2212000672194834,49.457020011068145
Beijing,mdl_3x,leave_quarter_out,2023Q3,ftir_AnalysisDate,2023-09-13,2,1.63996137298358,1.85102011697509,0.409759055442694,0.413856645997121,6.127794761836915,6.127794761836915,6.569225883435223,7.105318346500001,7.105318346500001,7.664817905475364,0.9775235846630856,13.757632480247738
Beijing,mdl_3x,leave_quarter_out,2023Q3,ftir_AnalysisDate,2023-09-14,2,1.27809062922122,1.29325493995668,0.409759055442694,0.409759055442694,5.383161310461274,5.383161310461274,5.427307286473971,8.570851483000002,8.570851483000002,8.595795980673996,3.187690172538728,37.19222271977767
Beijing,mdl_3x,leave_quarter_out,2023Q3,ftir_AnalysisDate,2023-11-20,3,1.40941099266092,2.50960453407734,0.409759055442694,0.426656336079506,2.885497017444727,2.885497017444727,3.0823626096732593,3.392987470000002,3.392987470000002,4.286803470971527,0.5074904525552748,14.9570388055478
Beijing,mdl_3x,leave_quarter_out,2023Q3,ftir_AnalysisDate,2023-12-07,2,1.34638911161183,3.65095041523739,0.414270916914035,0.414270916914035,2.64611683452274,2.64611683452274,3.7275203085803317,0.003401010000001925,2.91321412,2.9132161052411467,0.2670972854772602,9.16847421696762
Beijing,mdl_3x,leave_quarter_out,2023Q4,ftir_AnalysisDate,2024-02-20,4,1.60399819124194,2.51582778104917,0.422302699997062,0.426656336079506,-4.021996990538045,4.021996990538045,4.583452496470273,-5.8430403600000025,5.8430403600000025,6.066851591609433,1.8210433694619574,31.166024146065574
Beijing,mdl_3x,leave_quarter_out,2023Q4,ftir_AnalysisDate,2024-02-22,1,3.17005720845659,3.17005720845659,0.422302699997062,0.422302699997062,0.7815157526008214,0.7815157526008214,0.7815157526008214,-6.8110174400000005,6.8110174400000005,6.8110174400000005,6.029501687399179,88.52571206159146
Beijing,mdl_3x,leave_quarter_out,2023Q4,ftir_AnalysisDate,2024-04-19,2,1.34974668934944,2.17903187195365,0.422302699997062,0.422302699997062,-9.698608815867235,9.698608815867235,10.514398021781837,-9.864081850000002,9.864081850000002,10.03975391847619,0.16547303413276637,1.6775310327819952
Beijing,mdl_3x,leave_quarter_out,2024Q1,ftir_AnalysisDate,2024-04-19,1,1.38612826868133,1.38612826868133,0.413856645997121,0.413856645997121,-6.896451046409904,6.896451046409904,6.896451046409904,-5.422838899999999,5.422838899999999,5.422838899999999,-1.4736121464099057,-27.174182629875027
Beijing,mdl_3x,leave_quarter_out,2024Q1,ftir_AnalysisDate,2024-07-16,1,2.25609496925828,2.25609496925828,0.426656336079506,0.426656336079506,-2.101159876781683,2.101159876781683,2.101159876781683,-4.825059630000002,4.825059630000002,4.825059630000002,2.723899753218319,56.453183216272876
Beijing,mdl_3x,leave_quarter_out,2024Q1,ftir_AnalysisDate,2024-07-19,3,1.37941224868645,4.1246073597929,0.422302699997062,0.426656336079506,-2.656676974216074,2.656676974216074,3.2543621394341504,-9.869049023333334,10.812421676666666,12.696035193808434,8.155744702450592,75.42939913313579
Beijing,mdl_3x,leave_quarter_out,2024Q1,ftir_AnalysisDate,2024-07-12,3,1.38218081180852,3.90583604229065,0.418037016158708,0.426656336079506,-2.1405343520027293,2.380023189856594,2.7818673972841927,-7.807286789999999,7.807286789999999,8.941132427553029,5.427263600143405,69.51536104828303
Beijing,mdl_3x,leave_quarter_out,2024Q1,ftir_AnalysisDate,2024-07-15,3,1.93317899751329,3.51138889464907,0.426656336079506,0.426656336079506,-4.825159621981392,4.825159621981392,6.2016887341375275,-9.23692228,9.23692228,9.636950205072324,4.411762658018608,47.76225807995656
Beijing,mdl_3x,leave_quarter_out,2024Q2,ftir_AnalysisDate,2024-07-15,4,1.35577287670183,2.19407834815548,0.426656336079506,0.426656336079506,1.949409394326703,2.4073928295477005,3.013800069040934,3.594986482499997,3.594986482499997,4.651846580602554,1.1875936529522964,33.03471817580881
Beijing,mdl_3x,leave_quarter_out,2024Q2,ftir_AnalysisDate,2024-07-16,1,3.39413099739085,3.39413099739085,0.426656336079506,0.426656336079506,7.597157397547345,7.597157397547345,7.597157397547345,0.4816051499999965,0.4816051499999965,0.4816051499999965,-7.115552247547349,-1477.4659796614303
Beijing,mdl_3x,leave_quarter_out,2024Q2,ftir_AnalysisDate,2024-11-07,5,1.31788034641937,3.34887307708787,0.435638574733811,0.449844180431653,3.097487335344186,3.097487335344186,3.928247072282011,3.2200818679999967,3.7186294439999985,4.541754870262054,0.6211421086558127,16.70352257491061
Beijing,mdl_3x,leave_quarter_out,2024Q3,ftir_AnalysisDate,2024-11-07,3,1.49742810220406,2.75271427142736,0.445007146233463,0.454787523073759,5.811912973555535,5.811912973555535,6.129880904072903,5.945523212666668,5.945523212666668,6.4078345648857455,0.13361023911113268,2.247241064108237
Beijing,mdl_3x,leave_quarter_out,2024Q3,ftir_AnalysisDate,2025-03-07,4,1.43839016264002,2.1641392876822,0.470291643178546,0.475697294249564,4.628663712478502,4.628663712478502,4.808852239190602,5.733447841,5.733447841,6.197469725343646,1.1047841285214979,19.269105766013332
Beijing,mdl_3x,leave_quarter_out,2024Q4,ftir_AnalysisDate,2025-03-07,1,3.0460150561075,3.0460150561075,0.475697294249564,0.475697294249564,0.8781993423801602,0.8781993423801602,0.8781993423801602,-4.479083939999999,4.479083939999999,4.479083939999999,3.6008845976198387,80.3933269806022
Beijing,mdl_3x,leave_quarter_out,2024Q4,ftir_AnalysisDate,2025-06-17,2,2.49449385973875,2.70995273013254,0.470291643178546,0.470291643178546,-5.629248510865848,5.629248510865848,5.887915147837875,-8.792657685,8.792657685,8.873283151915567,3.163409174134152,35.977849786314664
Beijing,mdl_3x,later_period,2023Q2,ftir_AnalysisDate,2023-07-12,3,1.52552927667091,2.5564123917451,0.413856645997121,0.46373748343645,1.0099171716473823,1.8618323658833322,1.9100839882074538,5.2744953400000005,5.2744953400000005,6.319397580649414,3.4126629741166683,64.70122265984726
Beijing,mdl_3x,later_period,2023Q2,ftir_AnalysisDate,2023-07-18,1,1.50949549632803,1.50949549632803,0.418037016158708,0.418037016158708,-17.153871689516585,17.153871689516585,17.153871689516585,-10.363139619999998,10.363139619999998,10.363139619999998,-6.7907320695165865,-65.52774852527354
Beijing,mdl_3x,later_period,2023Q2,ftir_AnalysisDate,2023-08-10,4,2.00241916197434,2.3372790992079,0.418037016158708,0.426656336079506,5.891340933650007,5.891340933650007,5.984486078282275,9.579344590000002,9.579344590000002,9.650684421454864,3.688003656349995,38.499540565645255
Beijing,mdl_3x,later_period,2023Q2,ftir_AnalysisDate,2023-08-23,1,1.95719971435631,1.95719971435631,0.422302699997062,0.422302699997062,3.5808495777982507,3.5808495777982507,3.5808495777982507,8.233551550000001,8.233551550000001,8.233551550000001,4.652701972201751,56.509052550982695
Beijing,mdl_3x,later_period,2023Q2,ftir_AnalysisDate,2023-09-13,3,1.32841046794249,1.94987530491134,0.413856645997121,0.413856645997121,4.174689084234877,4.174689084234877,4.502123630151279,10.271539500000001,10.271539500000001,10.372876870171577,6.096850415765124,59.35673436065863
Beijing,mdl_3x,later_period,2023Q3,ftir_AnalysisDate,2023-09-13,2,1.63996137298358,1.85102011697509,0.409759055442694,0.413856645997121,6.375738560919684,6.375738560919684,6.802814918142295,6.479807146499999,6.479807146499999,7.088849368890462,0.10406858558031473,1.606044489094499
Beijing,mdl_3x,later_period,2023Q3,ftir_AnalysisDate,2023-09-14,2,1.27809062922122,1.29325493995668,0.409759055442694,0.409759055442694,5.652605735898244,5.652605735898244,5.694620318946314,7.945340282999999,7.945340282999999,7.972242194664585,2.2927345471017553,28.85634177314386
Beijing,mdl_3x,later_period,2023Q3,ftir_AnalysisDate,2023-11-20,3,1.40941099266092,2.50960453407734,0.409759055442694,0.426656336079506,3.1288683074673256,3.1288683074673256,3.3119657645463616,2.76747627,2.9642483699999995,3.8109375397885525,-0.16461993746732606,-5.553513637162802
Beijing,mdl_3x,later_period,2023Q3,ftir_AnalysisDate,2023-12-07,2,1.34638911161183,3.65095041523739,0.414270916914035,0.414270916914035,2.858842738594041,2.858842738594041,3.8451856795627917,-0.6221101899999999,2.91321412,2.9788987222578096,0.054371381405958985,1.8663709279961538
Beijing,mdl_3x,later_period,2023Q4,ftir_AnalysisDate,2024-02-20,4,1.60399819124194,2.51582778104917,0.422302699997062,0.426656336079506,-3.9088121130793985,3.9088121130793985,4.46145821810748,-5.90556219,5.90556219,6.12709004062961,1.996750076920602,33.81134619667094
Beijing,mdl_3x,later_period,2023Q4,ftir_AnalysisDate,2024-02-22,1,3.17005720845659,3.17005720845659,0.422302699997062,0.422302699997062,0.673507075620158,0.673507075620158,0.673507075620158,-6.873539269999998,6.873539269999998,6.873539269999998,6.20003219437984,90.20145154971729
Beijing,mdl_3x,later_period,2023Q4,ftir_AnalysisDate,2024-04-19,2,1.34974668934944,2.17903187195365,0.422302699997062,0.422302699997062,-9.521973859084603,9.521973859084603,10.319044474677815,-9.92660368,9.92660368,10.101188475612565,0.404629820915396,4.076216135541295
Beijing,mdl_3x,later_period,2024Q1,ftir_AnalysisDate,2024-04-19,1,1.38612826868133,1.38612826868133,0.413856645997121,0.413856645997121,-5.82785887799068,5.82785887799068,5.82785887799068,-3.4676972,3.4676972,3.4676972,-2.36016167799068,-68.06135431867236
Beijing,mdl_3x,later_period,2024Q1,ftir_AnalysisDate,2024-07-16,1,2.25609496925828,2.25609496925828,0.426656336079506,0.426656336079506,-1.1717711886610935,1.1717711886610935,1.1717711886610935,-2.8699179300000033,2.8699179300000033,2.8699179300000033,1.6981467413389097,59.17056803568274
Beijing,mdl_3x,later_period,2024Q1,ftir_AnalysisDate,2024-07-19,3,1.37941224868645,4.1246073597929,0.422302699997062,0.426656336079506,-1.8761409825865745,2.5286139389099276,2.798576235107297,-7.913907323333336,10.160707776666667,11.243714250183288,7.63209383775674,75.11380117911955
Beijing,mdl_3x,later_period,2024Q1,ftir_AnalysisDate,2024-07-12,3,1.38218081180852,3.90583604229065,0.418037016158708,0.426656336079506,-1.3087404642122256,1.9918382441985518,2.128117006095587,-5.8521450900000005,6.037550023333334,7.296418588605163,4.045711779134782,67.00916370877773
Beijing,mdl_3x,later_period,2024Q1,ftir_AnalysisDate,2024-07-15,3,1.93317899751329,3.51138889464907,0.426656336079506,0.426656336079506,-3.9517460915812492,3.9517460915812492,5.496544809562822,-7.28178058,7.28178058,7.7829560234880075,3.330034488418751,45.73104684814262
Beijing,mdl_3x,later_period,2024Q2,ftir_AnalysisDate,2024-07-15,4,1.35577287670183,2.19407834815548,0.426656336079506,0.426656336079506,2.636142445155401,2.770170566986894,3.5013905082465873,5.726956067500001,5.726956067500001,6.443118390902114,2.9567855005131065,51.629268073010344
Beijing,mdl_3x,later_period,2024Q2,ftir_AnalysisDate,2024-07-16,1,3.39413099739085,3.39413099739085,0.426656336079506,0.426656336079506,7.744908437123126,7.744908437123126,7.744908437123126,2.6135747350000003,2.6135747350000003,2.6135747350000003,-5.131333702123126,-196.33391895805593
Beijing,mdl_3x,later_period,2024Q2,ftir_AnalysisDate,2024-11-07,5,1.31788034641937,3.34887307708787,0.435638574733811,0.449844180431653,3.6905269627087263,3.6905269627087263,4.353094934373202,5.352051453000001,5.352051453000001,6.237232144187529,1.6615244902912751,31.044628492125874
Beijing,mdl_3x,later_period,2024Q3,ftir_AnalysisDate,2024-11-07,3,1.49742810220406,2.75271427142736,0.445007146233463,0.454787523073759,5.684091402505303,5.684091402505303,6.004428754415418,5.711210307666665,5.711210307666665,6.191043588683922,0.027118905161361617,0.47483639544769524
Beijing,mdl_3x,later_period,2024Q3,ftir_AnalysisDate,2025-03-07,4,1.43839016264002,2.1641392876822,0.470291643178546,0.475697294249564,4.509525531453333,4.509525531453333,4.695982679161743,5.499134935999997,5.499134935999997,5.981362043499724,0.9896094045466644,17.995728711223332
Beijing,mdl_3x,later_period,2024Q4,ftir_AnalysisDate,2025-03-07,1,3.0460150561075,3.0460150561075,0.475697294249564,0.475697294249564,0.8781993423801602,0.8781993423801602,0.8781993423801602,-4.479083939999999,4.479083939999999,4.479083939999999,3.6008845976198387,80.3933269806022
Beijing,mdl_3x,later_period,2024Q4,ftir_AnalysisDate,2025-06-17,2,2.49449385973875,2.70995273013254,0.470291643178546,0.470291643178546,-5.629248510865848,5.629248510865848,5.887915147837875,-8.792657685,8.792657685,8.873283151915567,3.163409174134152,35.977849786314664
Beijing,mdl_5x,leave_quarter_out,2023Q1,ftir_AnalysisDate,2023-04-11,1,4.63615900466652,4.63615900466652,0.422302699997062,0.422302699997062,0.30406207727043366,0.30406207727043366,0.30406207727043366,-8.388898580000003,8.388898580000003,8.388898580000003,8.08483650272957,96.37542313367157
Beijing,mdl_5x,leave_quarter_out,2023Q1,ftir_AnalysisDate,2023-04-10,4,2.44205758829968,5.65963705476437,0.431100672913667,0.46373748343645,-3.046983291408763,3.046983291408763,3.86241073775882,-7.246937037500002,7.246937037500002,8.848771281090693,4.199953746091239,57.95488113610147
Beijing,mdl_5x,leave_quarter_out,2023Q1,ftir_AnalysisDate,2023-07-12,1,2.51056772074792,2.51056772074792,0.46373748343645,0.46373748343645,-5.589528150750333,5.589528150750333,5.589528150750333,-4.092971610000003,4.092971610000003,4.092971610000003,-1.4965565407503298,-36.564058668130585
Beijing,mdl_5x,leave_quarter_out,2023Q2,ftir_AnalysisDate,2023-07-12,1,2.5564123917451,2.5564123917451,0.46373748343645,0.46373748343645,-1.771672141981444,1.771672141981444,1.771672141981444,1.1781260350000018,1.1781260350000018,1.1781260350000018,-0.5935461069814423,-50.380527154842255
Beijing,mdl_5x,leave_quarter_out,2023Q2,ftir_AnalysisDate,2023-08-10,3,2.0991203446327,2.3372790992079,0.418037016158708,0.418037016158708,6.07149358370454,6.07149358370454,6.1404430545956386,10.426965178333335,10.426965178333335,10.507956790370146,4.355471594628795,41.771229884599855
Beijing,mdl_5x,leave_quarter_out,2023Q3,ftir_AnalysisDate,2023-11-20,1,2.50960453407734,2.50960453407734,0.426656336079506,0.426656336079506,3.13396557653353,3.13396557653353,3.13396557653353,6.325866115000004,6.325866115000004,6.325866115000004,3.1919005384664736,50.45792118327929
Beijing,mdl_5x,leave_quarter_out,2023Q3,ftir_AnalysisDate,2023-12-07,1,3.65095041523739,3.65095041523739,0.414270916914035,0.414270916914035,5.435830102934933,5.435830102934933,5.435830102934933,3.0856999550000026,3.0856999550000026,3.0856999550000026,-2.35013014793493,-76.16197887700744
Beijing,mdl_5x,leave_quarter_out,2023Q4,ftir_AnalysisDate,2024-02-20,2,2.2691503828373,2.51582778104917,0.422302699997062,0.426656336079506,-3.1319579658869188,3.1319579658869188,3.9557988828938937,1.7237993100000004,1.77169679,2.471921029655434,-1.3602611758869187,-76.7773122107942
Beijing,mdl_5x,leave_quarter_out,2023Q4,ftir_AnalysisDate,2024-02-22,1,3.17005720845659,3.17005720845659,0.422302699997062,0.422302699997062,0.8574387183595817,0.8574387183595817,0.8574387183595817,1.648518260000003,1.648518260000003,1.648518260000003,0.7910795416404213,47.98730841115584
Beijing,mdl_5x,leave_quarter_out,2023Q4,ftir_AnalysisDate,2024-04-19,1,2.17903187195365,2.17903187195365,0.422302699997062,0.422302699997062,-5.506228736845777,5.506228736845777,5.506228736845777,0.46535973000000297,0.46535973000000297,0.46535973000000297,-5.040869006845774,-1083.2198580753309
Beijing,mdl_5x,leave_quarter_out,2024Q1,ftir_AnalysisDate,2024-07-16,1,2.25609496925828,2.25609496925828,0.426656336079506,0.426656336079506,-1.4148019195692676,1.4148019195692676,1.4148019195692676,2.0161610499999973,2.0161610499999973,2.0161610499999973,0.6013591304307297,29.826939193708288
Beijing,mdl_5x,leave_quarter_out,2024Q1,ftir_AnalysisDate,2024-07-19,2,4.05507675660674,4.1246073597929,0.422302699997062,0.422302699997062,-4.080918868111999,4.080918868111999,4.122799826811417,-8.669882345000001,8.669882345000001,8.680743708299008,4.5889634768880025,52.929939464916714
Beijing,mdl_5x,leave_quarter_out,2024Q1,ftir_AnalysisDate,2024-07-12,2,3.31005477138903,3.90583604229065,0.422302699997062,0.426656336079506,-1.5498127003346625,1.8507228397954343,2.4139375376879775,-4.031192355,4.031192355,4.068254934028202,2.1804695152045657,54.08993972962041
Beijing,mdl_5x,leave_quarter_out,2024Q1,ftir_AnalysisDate,2024-07-15,2,2.37318481279399,3.51138889464907,0.426656336079506,0.426656336079506,-1.69366599727919,1.69366599727919,1.7114707456838294,-1.2637757900000004,2.735204920000001,3.0130508130103513,1.041538922720811,38.07900881959552
Beijing,mdl_5x,leave_quarter_out,2024Q2,ftir_AnalysisDate,2024-07-15,1,2.19407834815548,2.19407834815548,0.426656336079506,0.426656336079506,3.832795992465705,3.832795992465705,3.832795992465705,8.507433180000003,8.507433180000003,8.507433180000003,4.674637187534298,54.947680324117414
Beijing,mdl_5x,leave_quarter_out,2024Q2,ftir_AnalysisDate,2024-07-16,1,3.39413099739085,3.39413099739085,0.426656336079506,0.426656336079506,7.772379360420825,7.772379360420825,7.772379360420825,6.635193430000001,6.635193430000001,6.635193430000001,-1.1371859304208236,-17.138700512922703
Beijing,mdl_5x,leave_quarter_out,2024Q2,ftir_AnalysisDate,2024-11-07,1,3.34887307708787,3.34887307708787,0.449844180431653,0.449844180431653,5.825222364024988,5.825222364024988,5.825222364024988,4.907219340000001,4.907219340000001,4.907219340000001,-0.918003024024987,-18.70719363493923
Beijing,mdl_5x,leave_quarter_out,2024Q3,ftir_AnalysisDate,2024-11-07,1,2.75271427142736,2.75271427142736,0.445007146233463,0.445007146233463,7.440982681412693,7.440982681412693,7.440982681412693,9.182108229999999,9.182108229999999,9.182108229999999,1.7411255485873056,18.962154496269815
Beijing,mdl_5x,leave_quarter_out,2024Q4,ftir_AnalysisDate,2025-03-07,1,3.0460150561075,3.0460150561075,0.475697294249564,0.475697294249564,0.9283294576784051,0.9283294576784051,0.9283294576784051,1.5812199200000023,1.5812199200000023,1.5812199200000023,0.6528904623215972,41.29030086602983
Beijing,mdl_5x,leave_quarter_out,2024Q4,ftir_AnalysisDate,2025-06-17,2,2.49449385973875,2.70995273013254,0.470291643178546,0.470291643178546,-5.614534752717374,5.614534752717374,5.876381387718337,-2.732353824999999,2.732353824999999,2.981624079838236,-2.882180927717375,-105.48344439678766
Beijing,mdl_5x,later_period,2023Q3,ftir_AnalysisDate,2023-11-20,1,2.50960453407734,2.50960453407734,0.426656336079506,0.426656336079506,2.6644408583992742,2.6644408583992742,2.6644408583992742,7.604719030000002,7.604719030000002,7.604719030000002,4.940278171600728,64.96332280143065
Beijing,mdl_5x,later_period,2023Q3,ftir_AnalysisDate,2023-12-07,1,3.65095041523739,3.65095041523739,0.414270916914035,0.414270916914035,5.650838062645054,5.650838062645054,5.650838062645054,4.364552870000001,4.364552870000001,4.364552870000001,-1.2862851926450531,-29.47117908655447
Beijing,mdl_5x,later_period,2023Q4,ftir_AnalysisDate,2024-02-20,2,2.2691503828373,2.51582778104917,0.422302699997062,0.426656336079506,-3.3981027687640815,3.3981027687640815,4.177997052392696,1.7303642399999966,1.77169679,2.4765035672833324,-1.6264059787640814,-91.7993410579065
Beijing,mdl_5x,later_period,2023Q4,ftir_AnalysisDate,2024-02-22,1,3.17005720845659,3.17005720845659,0.422302699997062,0.422302699997062,0.6815212814595846,0.6815212814595846,0.6815212814595846,1.6550831899999991,1.6550831899999991,1.6550831899999991,0.9735619085404146,58.82253619773729
Beijing,mdl_5x,later_period,2023Q4,ftir_AnalysisDate,2024-04-19,1,2.17903187195365,2.17903187195365,0.422302699997062,0.422302699997062,-5.797142664317278,5.797142664317278,5.797142664317278,0.4719246599999991,0.4719246599999991,0.4719246599999991,-5.3252180043172785,-1128.4042678162416
Beijing,mdl_5x,later_period,2024Q1,ftir_AnalysisDate,2024-07-16,1,2.25609496925828,2.25609496925828,0.426656336079506,0.426656336079506,-1.001352295454737,1.001352295454737,1.001352295454737,3.04727368,3.04727368,3.04727368,2.045921384545263,67.13940391941637
Beijing,mdl_5x,later_period,2024Q1,ftir_AnalysisDate,2024-07-19,2,4.05507675660674,4.1246073597929,0.422302699997062,0.422302699997062,-3.0287451235052654,3.0287451235052654,3.0872672678904927,-7.638769714999999,7.638769714999999,7.651094968161829,4.610024591494733,60.35035435669936
Beijing,mdl_5x,later_period,2024Q1,ftir_AnalysisDate,2024-07-12,2,3.31005477138903,3.90583604229065,0.422302699997062,0.426656336079506,-0.665491445672826,1.9544830231263912,2.0646749748938658,-3.0000797249999973,3.0000797249999973,3.0496991264041804,1.045596701873606,34.85229719598892
Beijing,mdl_5x,later_period,2024Q1,ftir_AnalysisDate,2024-07-15,2,2.37318481279399,3.51138889464907,0.426656336079506,0.426656336079506,-1.0412045102225012,1.0412045102225012,1.0423102959593495,-0.23266315999999776,2.735204920000001,2.745082530710761,1.6940004097774999,61.93321741237214
Beijing,mdl_5x,later_period,2024Q2,ftir_AnalysisDate,2024-07-15,1,2.19407834815548,2.19407834815548,0.426656336079506,0.426656336079506,3.746192203231928,3.746192203231928,3.746192203231928,8.507433180000003,8.507433180000003,8.507433180000003,4.761240976768075,55.965658219463954
Beijing,mdl_5x,later_period,2024Q2,ftir_AnalysisDate,2024-07-16,1,3.39413099739085,3.39413099739085,0.426656336079506,0.426656336079506,7.822867139428485,7.822867139428485,7.822867139428485,6.635193430000001,6.635193430000001,6.635193430000001,-1.1876737094284842,-17.89960943803991
Beijing,mdl_5x,later_period,2024Q2,ftir_AnalysisDate,2024-11-07,1,3.34887307708787,3.34887307708787,0.449844180431653,0.449844180431653,5.870539970479278,5.870539970479278,5.870539970479278,4.907219340000001,4.907219340000001,4.907219340000001,-0.9633206304792772,-19.630682138599433
Beijing,mdl_5x,later_period,2024Q3,ftir_AnalysisDate,2024-11-07,1,2.75271427142736,2.75271427142736,0.445007146233463,0.445007146233463,7.046006733244651,7.046006733244651,7.046006733244651,9.030062330000002,9.030062330000002,9.030062330000002,1.9840555967553506,21.971671116420193
Beijing,mdl_5x,later_period,2024Q4,ftir_AnalysisDate,2025-03-07,1,3.0460150561075,3.0460150561075,0.475697294249564,0.475697294249564,0.9283294576784051,0.9283294576784051,0.9283294576784051,1.5812199200000023,1.5812199200000023,1.5812199200000023,0.6528904623215972,41.29030086602983
Beijing,mdl_5x,later_period,2024Q4,ftir_AnalysisDate,2025-06-17,2,2.49449385973875,2.70995273013254,0.470291643178546,0.470291643178546,-5.614534752717374,5.614534752717374,5.876381387718337,-2.732353824999999,2.732353824999999,2.981624079838236,-2.882180927717375,-105.48344439678766
Delhi,diagnostic,leave_quarter_out,2022Q3,ftir_AnalysisDate,2022-10-27,1,3.32389823635328,3.32389823635328,0.463761165965127,0.463761165965127,7.24570653120815,7.24570653120815,7.24570653120815,16.437939235,16.437939235,16.437939235,9.192232703791852,55.92083394626231
Delhi,diagnostic,leave_quarter_out,2022Q3,ftir_AnalysisDate,2022-10-26,7,0.398316439892043,2.08983210116495,0.510111231780095,0.513289507738195,15.842987196998008,15.842987196998008,16.415798725422263,38.544935747857146,38.544935747857146,39.32571324834842,22.701948550859136,58.8973573580836
Delhi,diagnostic,leave_quarter_out,2023Q1,ftir_AnalysisDate,2023-04-11,7,0.889581570768424,7.32383405664732,0.46373748343645,0.488404370853283,12.883131181492953,12.883131181492953,12.982709832358875,22.698093686714287,24.059994543857147,25.871918479119458,11.176863362364195,46.45413922264502
Delhi,diagnostic,leave_quarter_out,2023Q1,ftir_AnalysisDate,2023-07-12,5,1.0808941144695,7.97328819431268,0.420159031469158,0.426656336079506,13.120981223358092,13.120981223358092,13.28052054736727,18.578504767800002,23.4585959718,27.545137653973654,10.33761474844191,44.06749134035533
Delhi,diagnostic,leave_quarter_out,2023Q1,ftir_AnalysisDate,2023-07-13,4,0.395755224498325,4.29919531925124,0.418037016158708,0.422302699997062,11.179378002508411,11.179378002508411,12.021468327241694,22.896246892750003,22.896246892750003,25.903292175532552,11.716868890241592,51.17375325801403
Delhi,diagnostic,leave_quarter_out,2023Q2,ftir_AnalysisDate,2023-07-13,5,-4.00417792721577,7.06303673809014,0.422302699997062,0.431100672913667,-6.679394214308166,13.367472140885251,21.78868044975003,13.960216802000001,22.795002950000004,24.25682288497056,9.427530809114753,41.35788369843028
Delhi,diagnostic,leave_quarter_out,2024Q1,ftir_AnalysisDate,2024-08-15,7,4.51534607440636,12.2677141596258,0.836074032317415,0.844605399994124,7.316318544455052,7.408574579247485,10.612653596798175,-25.53234057857143,25.53234057857143,27.974139995876865,18.123765999323943,70.98356667909525
Delhi,diagnostic,leave_quarter_out,2024Q2,ftir_AnalysisDate,2024-08-16,13,-0.935341022157866,12.3341071250393,0.836074032317415,0.871277149467622,-16.918635903944026,16.918635903944026,20.98772511942857,-37.897609174230766,37.897609174230766,41.651640030211674,20.97897327028674,55.35698353381039
Delhi,diagnostic,leave_quarter_out,2024Q2,ftir_AnalysisDate,2025-03-06,12,1.21347583108823,9.41252491718487,0.836074032317415,0.950484163055588,-19.113900624814008,20.102712792941855,23.221484769689674,-26.618711514166662,28.06162872583333,35.716572477254154,7.958915932891475,28.36227366077492
Delhi,diagnostic,leave_quarter_out,2024Q2,ftir_AnalysisDate,2025-03-07,1,3.9284543657511,3.9284543657511,0.844605399994124,0.844605399994124,2.5558492634877332,2.5558492634877332,2.5558492634877332,-5.488757464999999,5.488757464999999,5.488757464999999,2.932908201512266,53.43482965342259
Delhi,diagnostic,later_period,2023Q2,ftir_AnalysisDate,2023-07-13,5,-4.00417792721577,7.06303673809014,0.422302699997062,0.431100672913667,-15.641010843534009,16.0240762280388,26.4768559163382,-7.5160753929999995,14.985787131,21.21313726508289,-1.0382890970388008,-6.928492230421238
Delhi,diagnostic,later_period,2024Q1,ftir_AnalysisDate,2024-08-15,7,4.51534607440636,12.2677141596258,0.836074032317415,0.844605399994124,-8.054078246442737,8.80813502474886,9.55394735712561,-39.12447678857143,39.12447678857143,40.759989905153525,30.316341763822567,77.48689376129424
Delhi,diagnostic,later_period,2024Q2,ftir_AnalysisDate,2024-08-16,13,-0.935341022157866,12.3341071250393,0.836074032317415,0.871277149467622,-16.918635903944026,16.918635903944026,20.98772511942857,-37.897609174230766,37.897609174230766,41.651640030211674,20.97897327028674,55.35698353381039
Delhi,diagnostic,later_period,2024Q2,ftir_AnalysisDate,2025-03-06,12,1.21347583108823,9.41252491718487,0.836074032317415,0.950484163055588,-19.113900624814008,20.102712792941855,23.221484769689674,-26.618711514166662,28.06162872583333,35.716572477254154,7.958915932891475,28.36227366077492
Delhi,diagnostic,later_period,2024Q2,ftir_AnalysisDate,2025-03-07,1,3.9284543657511,3.9284543657511,0.844605399994124,0.844605399994124,2.5558492634877332,2.5558492634877332,2.5558492634877332,-5.488757464999999,5.488757464999999,5.488757464999999,2.932908201512266,53.43482965342259
Delhi,ratio_baseline,leave_quarter_out,2022Q3,ftir_AnalysisDate,2022-10-27,1,3.32389823635328,3.32389823635328,0.463761165965127,0.463761165965127,4.619157440583912,4.619157440583912,4.619157440583912,16.936639630000002,16.936639630000002,16.936639630000002,12.31748218941609,72.72683636485975
Delhi,ratio_baseline,leave_quarter_out,2022Q3,ftir_AnalysisDate,2022-10-26,4,0.698868573537991,2.08983210116495,0.510111231780095,0.513289507738195,8.679435796739144,8.679435796739144,9.383004450629665,34.042696071250006,34.042696071250006,34.73890580387716,25.363260274510864,74.50426435505157
Delhi,ratio_baseline,leave_quarter_out,2023Q1,ftir_AnalysisDate,2023-04-11,7,0.889581570768424,7.32383405664732,0.46373748343645,0.488404370853283,11.309516005270707,11.309516005270707,11.37200530075099,23.86956573671429,24.89676029385714,26.905554765487896,13.587244288586435,54.574346735140715
Delhi,ratio_baseline,leave_quarter_out,2023Q1,ftir_AnalysisDate,2023-07-12,5,1.0808941144695,7.97328819431268,0.420159031469158,0.426656336079506,12.035352859926617,12.035352859926617,12.061531876445656,19.7499768178,23.692890381799998,28.34846297901929,11.657537521873381,49.20268204519391
Delhi,ratio_baseline,leave_quarter_out,2023Q1,ftir_AnalysisDate,2023-07-13,3,3.0147589690954,4.29919531925124,0.418037016158708,0.422302699997062,8.13972611018833,8.13972611018833,8.94124344472508,17.434396066666668,17.434396066666668,17.989186799451943,9.294669956478339,53.3122565355108
Delhi,ratio_baseline,leave_quarter_out,2023Q2,ftir_AnalysisDate,2023-07-13,4,0.623923004582532,7.06303673809014,0.422302699997062,0.431100672913667,3.4120314813729804,4.652571102295709,5.561965484701761,19.868229515000003,28.604621262500004,29.635431615152893,23.952050160204294,83.73489703079858
Delhi,ratio_baseline,leave_quarter_out,2024Q1,ftir_AnalysisDate,2024-08-15,7,4.51534607440636,12.2677141596258,0.836074032317415,0.844605399994124,10.110635110901502,10.110635110901502,14.047887090319412,-22.133759608571427,22.133759608571427,24.91094955032386,12.023124497669926,54.32029944435604
Delhi,ratio_baseline,leave_quarter_out,2024Q2,ftir_AnalysisDate,2024-08-16,12,2.19350902592825,12.3341071250393,0.836074032317415,0.871277149467622,-12.541288993614778,12.541288993614778,16.28694959161765,-37.405570242500005,37.405570242500005,41.33444298765029,24.864281248885227,66.47213526672711
Delhi,ratio_baseline,leave_quarter_out,2024Q2,ftir_AnalysisDate,2025-03-06,12,1.21347583108823,9.41252491718487,0.836074032317415,0.950484163055588,-19.519649831040635,20.246666935648552,22.895459018611028,-25.08313180916667,27.037908922500005,34.587298943464035,6.791241986851453,25.117482296125416
Delhi,ratio_baseline,leave_quarter_out,2024Q2,ftir_AnalysisDate,2025-03-07,1,3.9284543657511,3.9284543657511,0.844605399994124,0.844605399994124,2.2269632753416033,2.2269632753416033,2.2269632753416033,-3.953177759999999,3.953177759999999,3.953177759999999,1.7262144846583958,43.66650298716636
Delhi,ratio_baseline,later_period,2023Q2,ftir_AnalysisDate,2023-07-13,4,0.623923004582532,7.06303673809014,0.422302699997062,0.431100672913667,-4.2763561309936415,5.5194250999534225,6.404980821885007,-3.296623705000001,17.022194652499998,22.23465742502129,11.502769552546575,67.57512640038573
Delhi,ratio_baseline,later_period,2024Q1,ftir_AnalysisDate,2024-08-15,7,4.51534607440636,12.2677141596258,0.836074032317415,0.844605399994124,0.006850666684670159,5.862116079577946,8.20465562487837,-37.520385073571425,37.520385073571425,39.222842696034085,31.65826899399348,84.3761835917108
Delhi,ratio_baseline,later_period,2024Q2,ftir_AnalysisDate,2024-08-16,12,2.19350902592825,12.3341071250393,0.836074032317415,0.871277149467622,-12.541288993614778,12.541288993614778,16.28694959161765,-37.405570242500005,37.405570242500005,41.33444298765029,24.864281248885227,66.47213526672711
Delhi,ratio_baseline,later_period,2024Q2,ftir_AnalysisDate,2025-03-06,12,1.21347583108823,9.41252491718487,0.836074032317415,0.950484163055588,-19.519649831040635,20.246666935648552,22.895459018611028,-25.08313180916667,27.037908922500005,34.587298943464035,6.791241986851453,25.117482296125416
Delhi,ratio_baseline,later_period,2024Q2,ftir_AnalysisDate,2025-03-07,1,3.9284543657511,3.9284543657511,0.844605399994124,0.844605399994124,2.2269632753416033,2.2269632753416033,2.2269632753416033,-3.953177759999999,3.953177759999999,3.953177759999999,1.7262144846583958,43.66650298716636
Delhi,mdl_1_5x,leave_quarter_out,2022Q3,ftir_AnalysisDate,2022-10-27,1,3.32389823635328,3.32389823635328,0.463761165965127,0.463761165965127,4.977021415008267,4.977021415008267,4.977021415008267,17.12729297,17.12729297,17.12729297,12.150271554991733,70.94099211284603
Delhi,mdl_1_5x,leave_quarter_out,2022Q3,ftir_AnalysisDate,2022-10-26,3,1.16211772907362,2.08983210116495,0.510111231780095,0.512649082073899,7.988576220428342,7.988576220428342,8.664765466059173,31.428290232333335,31.428290232333335,31.939200988864453,23.439714011904993,74.58157551246705
Delhi,mdl_1_5x,leave_quarter_out,2023Q1,ftir_AnalysisDate,2023-04-11,7,0.889581570768424,7.32383405664732,0.46373748343645,0.488404370853283,12.919382646611478,12.919382646611478,12.984482586581262,24.971425061714285,25.683802668857144,27.887717339218643,12.764420022245666,49.6983261661761
Delhi,mdl_1_5x,leave_quarter_out,2023Q1,ftir_AnalysisDate,2023-07-12,5,1.0808941144695,7.97328819431268,0.420159031469158,0.426656336079506,13.367363868686528,13.367363868686528,13.428059899878674,20.8518361428,23.913262246800002,29.126840534039562,10.545898378113474,44.10062612651142
Delhi,mdl_1_5x,leave_quarter_out,2023Q1,ftir_AnalysisDate,2023-07-13,3,3.0147589690954,4.29919531925124,0.418037016158708,0.422302699997062,9.562343125719394,9.562343125719394,10.237072979631424,18.536255391666668,18.536255391666668,19.05899890973462,8.973912265947273,48.41275692598446
Delhi,mdl_1_5x,leave_quarter_out,2023Q2,ftir_AnalysisDate,2023-07-13,3,1.10052228600158,7.06303673809014,0.422302699997062,0.426656336079506,1.6127246438680345,3.2770943821084444,3.362042868605205,15.013863475000006,25.58560459166667,26.50810127550244,22.308510209558225,87.19164766903415
Delhi,mdl_1_5x,leave_quarter_out,2024Q1,ftir_AnalysisDate,2024-08-15,7,4.51534607440636,12.2677141596258,0.836074032317415,0.844605399994124,9.929502249595034,9.929502249595034,13.708840127419133,-18.617036823571425,18.617036823571425,21.845964230927578,8.687534573976391,46.6644324567104
Delhi,mdl_1_5x,leave_quarter_out,2024Q2,ftir_AnalysisDate,2024-08-16,12,2.19350902592825,12.3341071250393,0.836074032317415,0.871277149467622,-12.546592181170594,12.546592181170594,16.196956102793198,-36.9575749325,36.9575749325,40.929473937787954,24.410982751329406,66.05136510150916
Delhi,mdl_1_5x,leave_quarter_out,2024Q2,ftir_AnalysisDate,2025-03-06,11,1.91885461238395,9.41252491718487,0.836074032317415,0.950484163055588,-20.203058395533027,21.09923204219842,23.573223273389246,-27.24117553181818,28.803604702727274,35.766720240075436,7.704372660528854,26.747946099258073
Delhi,mdl_1_5x,leave_quarter_out,2024Q2,ftir_AnalysisDate,2025-03-07,1,3.9284543657511,3.9284543657511,0.844605399994124,0.844605399994124,2.594824218601026,2.594824218601026,2.594824218601026,-3.5051824499999995,3.5051824499999995,3.5051824499999995,0.9103582313989733,25.97177877000307
Delhi,mdl_1_5x,later_period,2023Q2,ftir_AnalysisDate,2023-07-13,3,1.10052228600158,7.06303673809014,0.422302699997062,0.426656336079506,-6.312256485946345,6.312256485946345,7.214903461698642,-9.02765322,17.571765693333333,23.638144162495742,11.259509207386987,64.07727831050471
Delhi,mdl_1_5x,later_period,2024Q1,ftir_AnalysisDate,2024-08-15,7,4.51534607440636,12.2677141596258,0.836074032317415,0.844605399994124,-0.3910833521765135,5.795221087735457,7.896115126041292,-35.85849896357143,35.85849896357143,37.63620651725152,30.063277875835972,83.83864005678873
Delhi,mdl_1_5x,later_period,2024Q2,ftir_AnalysisDate,2024-08-16,12,2.19350902592825,12.3341071250393,0.836074032317415,0.871277149467622,-12.546592181170594,12.546592181170594,16.196956102793198,-36.9575749325,36.9575749325,40.929473937787954,24.410982751329406,66.05136510150916
Delhi,mdl_1_5x,later_period,2024Q2,ftir_AnalysisDate,2025-03-06,11,1.91885461238395,9.41252491718487,0.836074032317415,0.950484163055588,-20.203058395533027,21.09923204219842,23.573223273389246,-27.24117553181818,28.803604702727274,35.766720240075436,7.704372660528854,26.747946099258073
Delhi,mdl_1_5x,later_period,2024Q2,ftir_AnalysisDate,2025-03-07,1,3.9284543657511,3.9284543657511,0.844605399994124,0.844605399994124,2.594824218601026,2.594824218601026,2.594824218601026,-3.5051824499999995,3.5051824499999995,3.5051824499999995,0.9103582313989733,25.97177877000307
Delhi,mdl_2x,leave_quarter_out,2022Q3,ftir_AnalysisDate,2022-10-27,1,3.32389823635328,3.32389823635328,0.463761165965127,0.463761165965127,5.36812565047839,5.36812565047839,5.36812565047839,17.66536566,17.66536566,17.66536566,12.297240009521609,69.61214529154337
Delhi,mdl_2x,leave_quarter_out,2022Q3,ftir_AnalysisDate,2022-10-26,3,1.16211772907362,2.08983210116495,0.510111231780095,0.512649082073899,8.552715968098099,8.552715968098099,9.199801879950607,31.96636292233333,31.96636292233333,32.468807975680726,23.413646954235233,73.2446384692619
Delhi,mdl_2x,leave_quarter_out,2023Q1,ftir_AnalysisDate,2023-04-11,6,2.22768859870542,7.32383405664732,0.46373748343645,0.488404370853283,12.642033038605938,12.642033038605938,12.698422597474678,22.34470045,23.17580765833333,25.11638289660686,10.533774619727392,45.451596660709086
Delhi,mdl_2x,leave_quarter_out,2023Q1,ftir_AnalysisDate,2023-07-12,5,1.0808941144695,7.97328819431268,0.420159031469158,0.426656336079506,13.367363868686528,13.367363868686528,13.428059899878674,20.8518361428,23.913262246800002,29.126840534039562,10.545898378113474,44.10062612651142
Delhi,mdl_2x,leave_quarter_out,2023Q1,ftir_AnalysisDate,2023-07-13,3,3.0147589690954,4.29919531925124,0.418037016158708,0.422302699997062,9.562343125719394,9.562343125719394,10.237072979631424,18.536255391666668,18.536255391666668,19.05899890973462,8.973912265947273,48.41275692598446
Delhi,mdl_2x,leave_quarter_out,2023Q2,ftir_AnalysisDate,2023-07-13,3,1.10052228600158,7.06303673809014,0.422302699997062,0.426656336079506,1.964645730637585,3.6297578301014255,3.7523393707269443,15.512563870000003,25.751838056666667,26.793711475030566,22.12208022656524,85.90485920999433
Delhi,mdl_2x,leave_quarter_out,2024Q1,ftir_AnalysisDate,2024-08-15,7,4.51534607440636,12.2677141596258,0.836074032317415,0.844605399994124,9.848230441922865,9.848230441922865,13.538096988553415,-17.307827618571427,17.58772377,20.741576361572342,7.739493328077135,44.005088033499035
Delhi,mdl_2x,leave_quarter_out,2024Q2,ftir_AnalysisDate,2024-08-16,12,2.19350902592825,12.3341071250393,0.836074032317415,0.871277149467622,-12.54059374884302,12.54059374884302,16.15958632977793,-34.7449598925,34.7449598925,38.94318592339544,22.204366143656976,63.90672550020695
Delhi,mdl_2x,leave_quarter_out,2024Q2,ftir_AnalysisDate,2025-03-06,11,1.91885461238395,9.41252491718487,0.836074032317415,0.950484163055588,-20.065945342371116,21.001734621542322,23.489108125850823,-25.028560491818187,26.993283306363637,34.11166182801849,5.991548684821314,22.196442784745688
Delhi,mdl_2x,leave_quarter_out,2024Q2,ftir_AnalysisDate,2025-03-07,1,3.9284543657511,3.9284543657511,0.844605399994124,0.844605399994124,2.739017278078336,2.739017278078336,2.739017278078336,-1.2925674100000002,1.2925674100000002,1.2925674100000002,-1.4464498680783358,-111.90517855299596
Delhi,mdl_2x,later_period,2023Q2,ftir_AnalysisDate,2023-07-13,3,1.10052228600158,7.06303673809014,0.422302699997062,0.426656336079506,-6.206904191483133,6.206904191483133,7.19718612719449,-7.832880854999998,17.97002314833333,23.208131318031196,11.763118956850196,65.45967614928306
Delhi,mdl_2x,later_period,2024Q1,ftir_AnalysisDate,2024-08-15,7,4.51534607440636,12.2677141596258,0.836074032317415,0.844605399994124,-0.5032950643250546,5.771121739114544,7.807073394060515,-35.11999061857143,35.11999061857143,36.93326189408807,29.348868879456884,83.56741662663548
Delhi,mdl_2x,later_period,2024Q2,ftir_AnalysisDate,2024-08-16,12,2.19350902592825,12.3341071250393,0.836074032317415,0.871277149467622,-12.54059374884302,12.54059374884302,16.15958632977793,-34.7449598925,34.7449598925,38.94318592339544,22.204366143656976,63.90672550020695
Delhi,mdl_2x,later_period,2024Q2,ftir_AnalysisDate,2025-03-06,11,1.91885461238395,9.41252491718487,0.836074032317415,0.950484163055588,-20.065945342371116,21.001734621542322,23.489108125850823,-25.028560491818187,26.993283306363637,34.11166182801849,5.991548684821314,22.196442784745688
Delhi,mdl_2x,later_period,2024Q2,ftir_AnalysisDate,2025-03-07,1,3.9284543657511,3.9284543657511,0.844605399994124,0.844605399994124,2.739017278078336,2.739017278078336,2.739017278078336,-1.2925674100000002,1.2925674100000002,1.2925674100000002,-1.4464498680783358,-111.90517855299596
Delhi,mdl_3x,leave_quarter_out,2022Q3,ftir_AnalysisDate,2022-10-27,1,3.32389823635328,3.32389823635328,0.463761165965127,0.463761165965127,6.547562806390403,6.547562806390403,6.547562806390403,19.681855999999996,19.681855999999996,19.681855999999996,13.134293193609594,66.73300116416661
Delhi,mdl_3x,leave_quarter_out,2022Q3,ftir_AnalysisDate,2022-10-26,2,1.65704827527958,2.08983210116495,0.512649082073899,0.512649082073899,7.778961853395563,7.778961853395563,7.779551870047914,30.026184889999996,30.026184889999996,30.052767003082213,22.24722303660443,74.09273978064962
Delhi,mdl_3x,leave_quarter_out,2023Q1,ftir_AnalysisDate,2023-04-11,6,2.22768859870542,7.32383405664732,0.46373748343645,0.488404370853283,15.159347435984671,15.159347435984671,15.262301954707754,26.512319800000004,26.512319800000004,28.88685086308661,11.352972364015333,42.82149751382877
Delhi,mdl_3x,leave_quarter_out,2023Q1,ftir_AnalysisDate,2023-07-12,3,1.75362115274698,7.97328819431268,0.422302699997062,0.426656336079506,13.988097028766783,13.988097028766783,14.226163479221311,13.144113631666668,15.103949921666667,22.534204550711536,1.115852892899884,7.3878217200600576
Delhi,mdl_3x,leave_quarter_out,2023Q1,ftir_AnalysisDate,2023-07-13,3,3.0147589690954,4.29919531925124,0.418037016158708,0.422302699997062,12.009981854037617,12.009981854037617,12.539679489143255,22.703874741666667,22.703874741666667,23.13263071467367,10.69389288762905,47.10162035911595
Delhi,mdl_3x,leave_quarter_out,2023Q2,ftir_AnalysisDate,2023-07-13,1,7.06303673809014,7.06303673809014,0.426656336079506,0.426656336079506,-2.508863476137016,2.508863476137016,2.508863476137016,-14.092112559999997,14.092112559999997,14.092112559999997,11.583249083862981,82.19668296392733
Delhi,mdl_3x,leave_quarter_out,2024Q1,ftir_AnalysisDate,2024-08-15,7,4.51534607440636,12.2677141596258,0.836074032317415,0.844605399994124,9.543365439032739,9.543365439032739,12.950877377029231,-10.579773528571426,12.781970848571428,15.575098747828644,3.238605409538689,25.3372930349051
Delhi,mdl_3x,leave_quarter_out,2024Q2,ftir_AnalysisDate,2024-08-16,11,3.20255155980187,12.3341071250393,0.836074032317415,0.871277149467622,-10.997767804637178,10.997767804637178,14.274543820366285,-28.25387235636363,28.871796169090906,33.483336088890006,17.87402836445373,61.908265976153615
Delhi,mdl_3x,leave_quarter_out,2024Q2,ftir_AnalysisDate,2025-03-06,9,2.57963092947566,9.41252491718487,0.836074032317415,0.903321283416175,-23.516345556622035,23.516345556622035,25.31998876672085,-24.121173387777773,24.121173387777773,31.385637399803613,0.6048278311557382,2.5074560902671723
Delhi,mdl_3x,leave_quarter_out,2024Q2,ftir_AnalysisDate,2025-03-07,1,3.9284543657511,3.9284543657511,0.844605399994124,0.844605399994124,3.372793707132697,3.372793707132697,3.372793707132697,6.302701180000003,6.302701180000003,6.302701180000003,2.9299074728673062,46.48653631501065
Delhi,mdl_3x,later_period,2023Q2,ftir_AnalysisDate,2023-07-13,1,7.06303673809014,7.06303673809014,0.426656336079506,0.426656336079506,-11.902598335297952,11.902598335297952,11.902598335297952,-37.1687763,37.1687763,37.1687763,25.266177964702045,67.97688942130185
Delhi,mdl_3x,later_period,2024Q1,ftir_AnalysisDate,2024-08-15,7,4.51534607440636,12.2677141596258,0.836074032317415,0.844605399994124,-0.6984538473416058,5.717619627718517,7.64282873339531,-32.16564089357143,32.16564089357143,34.13620581117572,26.448021265852912,82.22444985120372
Delhi,mdl_3x,later_period,2024Q2,ftir_AnalysisDate,2024-08-16,11,3.20255155980187,12.3341071250393,0.836074032317415,0.871277149467622,-10.997767804637178,10.997767804637178,14.274543820366285,-28.25387235636363,28.871796169090906,33.483336088890006,17.87402836445373,61.908265976153615
Delhi,mdl_3x,later_period,2024Q2,ftir_AnalysisDate,2025-03-06,9,2.57963092947566,9.41252491718487,0.836074032317415,0.903321283416175,-23.516345556622035,23.516345556622035,25.31998876672085,-24.121173387777773,24.121173387777773,31.385637399803613,0.6048278311557382,2.5074560902671723
Delhi,mdl_3x,later_period,2024Q2,ftir_AnalysisDate,2025-03-07,1,3.9284543657511,3.9284543657511,0.844605399994124,0.844605399994124,3.372793707132697,3.372793707132697,3.372793707132697,6.302701180000003,6.302701180000003,6.302701180000003,2.9299074728673062,46.48653631501065
Delhi,mdl_5x,leave_quarter_out,2022Q3,ftir_AnalysisDate,2022-10-27,1,3.32389823635328,3.32389823635328,0.463761165965127,0.463761165965127,6.8664891144796485,6.8664891144796485,6.8664891144796485,27.17507303,27.17507303,27.17507303,20.30858391552035,74.73239866954775
Delhi,mdl_5x,leave_quarter_out,2023Q1,ftir_AnalysisDate,2023-04-11,4,2.56845877204541,7.32383405664732,0.46373748343645,0.488404370853283,18.06719512881046,18.06719512881046,18.315636676527582,31.2265558075,31.2265558075,33.431729656926066,13.159360678689538,42.14156937387543
Delhi,mdl_5x,leave_quarter_out,2023Q1,ftir_AnalysisDate,2023-07-12,2,7.18817858799436,7.97328819431268,0.422302699997062,0.422302699997062,13.022390110731745,13.022390110731745,13.094056196431849,9.318622094999998,9.318622094999998,9.879220418417964,-3.7037680157317467,-39.74587635353344
Delhi,mdl_5x,leave_quarter_out,2023Q1,ftir_AnalysisDate,2023-07-13,3,3.0147589690954,4.29919531925124,0.418037016158708,0.422302699997062,16.061378884263217,16.061378884263217,16.456414407692616,31.681660116666663,31.681660116666663,31.990315147621807,15.620281232403446,49.30385963008971
Delhi,mdl_5x,leave_quarter_out,2023Q2,ftir_AnalysisDate,2023-07-13,1,7.06303673809014,7.06303673809014,0.426656336079506,0.426656336079506,-2.50733491874265,2.50733491874265,2.50733491874265,-5.882879449999997,5.882879449999997,5.882879449999997,3.375544531257347,57.37912122706082
Delhi,mdl_5x,leave_quarter_out,2024Q1,ftir_AnalysisDate,2024-08-15,7,4.51534607440636,12.2677141596258,0.836074032317415,0.844605399994124,9.303008155272945,9.303008155272945,12.731797575301952,-1.103741698571429,10.497138175714285,11.483481128382545,1.1941300204413405,11.375767380142019
Delhi,mdl_5x,leave_quarter_out,2024Q2,ftir_AnalysisDate,2024-08-16,10,5.05064699660879,12.3341071250393,0.836074032317415,0.871277149467622,-11.653474341581834,11.653474341581834,14.772797641954268,-18.235682388999997,19.733010962999998,24.030632446567196,8.079536621418164,40.94426662290688
Delhi,mdl_5x,leave_quarter_out,2024Q2,ftir_AnalysisDate,2025-03-06,4,4.37687779441836,9.41252491718487,0.836074032317415,0.844605399994124,-30.399478155040654,30.399478155040654,31.398537431219818,-29.931386442499996,29.931386442499996,33.57626840840017,-0.46809171254065873,-1.563882493181167
Delhi,mdl_5x,later_period,2023Q2,ftir_AnalysisDate,2023-07-13,1,7.06303673809014,7.06303673809014,0.426656336079506,0.426656336079506,-12.104090988940769,12.104090988940769,12.104090988940769,-31.226297894999995,31.226297894999995,31.226297894999995,19.122206906059226,61.237508750984865
Delhi,mdl_5x,later_period,2024Q1,ftir_AnalysisDate,2024-08-15,7,4.51534607440636,12.2677141596258,0.836074032317415,0.844605399994124,-0.8637312368534558,5.577416436309828,7.388965263641995,-25.37790712857143,25.37790712857143,27.833258223124886,19.8004906922616,78.02255163101863
Delhi,mdl_5x,later_period,2024Q2,ftir_AnalysisDate,2024-08-16,10,5.05064699660879,12.3341071250393,0.836074032317415,0.871277149467622,-11.653474341581834,11.653474341581834,14.772797641954268,-18.235682388999997,19.733010962999998,24.030632446567196,8.079536621418164,40.94426662290688
Delhi,mdl_5x,later_period,2024Q2,ftir_AnalysisDate,2025-03-06,4,4.37687779441836,9.41252491718487,0.836074032317415,0.844605399994124,-30.399478155040654,30.399478155040654,31.398537431219818,-29.931386442499996,29.931386442499996,33.57626840840017,-0.46809171254065873,-1.563882493181167
JPL,diagnostic,leave_quarter_out,2022Q3,ftir_AnalysisDate,2022-10-26,14,0.475046910194524,0.797334534098008,0.4058198350744,0.413856645997121,-0.309824305876666,0.852268186705946,1.1066491291165312,-1.259333296071428,1.4403877570714283,1.7180468819507493,0.5881195703654823,40.83064212939695
JPL,diagnostic,leave_quarter_out,2022Q3,ftir_AnalysisDate,2022-12-05,10,0.208021743160679,0.798497383689225,0.409871781455195,0.413856645997121,-1.128973088323003,1.7345407354601108,2.230432189630298,-0.6146577783999997,2.0871132188,2.5897436912617984,0.3525724833398891,16.89282977866448
JPL,diagnostic,leave_quarter_out,2022Q4,ftir_AnalysisDate,2022-12-05,4,0.426087006893143,1.01611822541093,0.413856645997121,0.413856645997121,-0.24274327461903789,0.41333319726652307,0.44041484852550783,-2.2248699725000005,2.26993974025,2.8366973069061454,1.8566065429834768,81.79100572859258
JPL,diagnostic,leave_quarter_out,2023Q1,ftir_AnalysisDate,2023-04-10,14,0.158850519359029,0.753932631516639,0.409759055442694,0.418037016158708,-0.0976852698733081,1.322800132487371,1.4676582135746055,0.8355737897857141,1.7478766929285714,2.3496894469395087,0.42507656044120035,24.319596580293293
JPL,diagnostic,leave_quarter_out,2023Q1,ftir_AnalysisDate,2023-07-12,10,0.227981382953222,0.544966196596412,0.454554562972362,0.459100108602086,1.340781569475406,1.340781569475406,1.5283004425227988,2.2869986514000002,2.2869986514000002,2.6616635675474094,0.9462170819245943,41.37374901141117
JPL,diagnostic,leave_quarter_out,2023Q1,ftir_AnalysisDate,2023-07-13,3,0.278957311745186,0.372612654070419,0.459100108602086,0.459100108602086,0.41185693456233485,0.41185693456233485,0.5480965146243046,1.819238954666666,1.819238954666666,1.9351646955255053,1.4073820201043312,77.36103146286254
JPL,diagnostic,leave_quarter_out,2023Q2,ftir_AnalysisDate,2023-07-13,11,0.14347357874567,0.937406361897555,0.413856645997121,0.459100108602086,1.7872448614167402,1.7872448614167402,1.9491786542167509,1.3566573547272724,2.3014538436363634,2.7501015277359646,0.5142089822196232,22.342789260859483
JPL,diagnostic,leave_quarter_out,2023Q2,ftir_AnalysisDate,2023-07-12,1,0.453840068668568,0.453840068668568,0.413856645997121,0.413856645997121,2.359928097661551,2.359928097661551,2.359928097661551,2.62620902,2.62620902,2.62620902,0.26628092233844924,10.1393651575551
JPL,diagnostic,leave_quarter_out,2023Q2,ftir_AnalysisDate,2023-08-10,14,0.242228293897071,0.706691014048163,0.405741809801099,0.426656336079506,1.5410980815103028,1.5410980815103028,1.6435561058254362,1.4132360809285713,1.5652953167857144,1.8214518496971714,0.02419723527541162,1.5458575142932067
JPL,diagnostic,leave_quarter_out,2023Q2,ftir_AnalysisDate,2023-09-13,3,0.505208077488063,0.585154500797676,0.418037016158708,0.418037016158708,1.002487289864802,1.002487289864802,1.1512848126795847,0.5955494503333334,0.8617838283333334,1.0139548274377952,-0.14070346153146862,-16.327001842629755
JPL,diagnostic,leave_quarter_out,2023Q3,ftir_AnalysisDate,2023-09-14,11,0.49279906942152,1.1439056585426,0.409759055442694,0.418037016158708,-0.3834273764963482,1.5176995871816084,1.866255935667841,-1.9959906088181816,2.0134163629999997,2.3528981507678197,0.49571677581839135,24.620678808816823
JPL,diagnostic,leave_quarter_out,2023Q3,ftir_AnalysisDate,2023-11-28,14,0.146888658581806,0.586419417322492,0.409759055442694,0.413856645997121,-1.5736121603897437,1.5736121603897437,1.718436687371383,-0.537012075142857,1.063342638142857,1.241165057401206,-0.5102695222468867,-47.98730944694174
JPL,diagnostic,leave_quarter_out,2023Q3,ftir_AnalysisDate,2024-02-21,6,0.325749501293517,0.949101589362816,0.426656336079506,0.431100672913667,0.09485912877531155,0.9849477912089398,1.088785829734018,-0.8848000474999997,1.7759290461666666,2.2417330092592533,0.7909812549577268,44.53901222377412
JPL,diagnostic,leave_quarter_out,2023Q4,ftir_AnalysisDate,2024-02-21,15,0.262155531038885,0.85406286219118,0.405741809801099,0.431100672913667,-0.7564150943561327,1.1511242550129812,1.3870824955956969,-0.6145586989333334,1.5821669958666666,2.1248079564723605,0.43104274085368544,27.243820783758185
JPL,diagnostic,later_period,2022Q4,ftir_AnalysisDate,2022-12-05,4,0.426087006893143,1.01611822541093,0.413856645997121,0.413856645997121,0.08385644761182975,0.32781222581324565,0.3458269698383428,-1.2019697509999998,1.7584896294999999,2.1310881020726073,1.4306774036867542,81.35830770259054
JPL,diagnostic,later_period,2023Q1,ftir_AnalysisDate,2023-04-10,14,0.158850519359029,0.753932631516639,0.409759055442694,0.418037016158708,0.37603900286990427,1.2665060799768928,1.529342903623975,1.5751499517857135,2.1704916426428564,2.70258289595205,0.9039855626659636,41.6488847460036
JPL,diagnostic,later_period,2023Q1,ftir_AnalysisDate,2023-07-12,10,0.227981382953222,0.544966196596412,0.454554562972362,0.459100108602086,1.8148741826036414,1.8148741826036414,1.9628098105146639,3.0265748133999995,3.0265748133999995,3.3187716427032194,1.211700630796358,40.035376803891246
JPL,diagnostic,later_period,2023Q1,ftir_AnalysisDate,2023-07-13,3,0.278957311745186,0.372612654070419,0.459100108602086,0.459100108602086,0.8990584672005878,0.8990584672005878,0.972242950867315,2.558815116666666,2.558815116666666,2.642492540370455,1.6597566494660785,64.8642662244477
JPL,diagnostic,later_period,2023Q2,ftir_AnalysisDate,2023-07-13,11,0.14347357874567,0.937406361897555,0.413856645997121,0.459100108602086,1.629159336707161,1.629159336707161,1.7877935117786057,1.049033281727272,2.208304543909091,2.6120892138079004,0.5791452072019301,26.22578524322285
JPL,diagnostic,later_period,2023Q2,ftir_AnalysisDate,2023-07-12,1,0.453840068668568,0.453840068668568,0.413856645997121,0.413856645997121,2.0612119136398626,2.0612119136398626,2.0612119136398626,2.3185849469999997,2.3185849469999997,2.3185849469999997,0.25737303336013717,11.10043579352787
JPL,diagnostic,later_period,2023Q2,ftir_AnalysisDate,2023-08-10,14,0.242228293897071,0.706691014048163,0.405741809801099,0.426656336079506,1.32192141571702,1.32192141571702,1.469717306829147,1.105612007928571,1.3745072124999995,1.594624887678211,0.05258579678297948,3.8257927135452916
JPL,diagnostic,later_period,2023Q2,ftir_AnalysisDate,2023-09-13,3,0.505208077488063,0.585154500797676,0.418037016158708,0.418037016158708,0.8396291737356621,0.8396291737356621,0.987009645170045,0.287925377333333,0.7592424706666666,0.8696702060003066,-0.08038670306899554,-10.58775110386153
JPL,diagnostic,later_period,2023Q3,ftir_AnalysisDate,2023-09-14,11,0.49279906942152,1.1439056585426,0.409759055442694,0.418037016158708,-0.5746644841027261,1.5931296554015986,1.892894970896494,-2.147338683818182,2.147338683818182,2.482582248469978,0.5542090284165835,25.809111184601054
JPL,diagnostic,later_period,2023Q3,ftir_AnalysisDate,2023-11-28,14,0.146888658581806,0.586419417322492,0.409759055442694,0.413856645997121,-1.7125784605482142,1.7125784605482142,1.8420472934452448,-0.6883601501428575,1.1106894360000001,1.3137535640938138,-0.601889024548214,-54.19057794551797
JPL,diagnostic,later_period,2023Q3,ftir_AnalysisDate,2024-02-21,6,0.325749501293517,0.949101589362816,0.426656336079506,0.431100672913667,-0.08389010923570665,0.9216699904635787,1.0890673383161626,-1.0361481225,1.8263784044999998,2.305666648175061,0.9047084140364211,49.535649994947214
JPL,diagnostic,later_period,2023Q4,ftir_AnalysisDate,2024-02-21,15,0.262155531038885,0.85406286219118,0.405741809801099,0.431100672913667,-0.7564150943561327,1.1511242550129812,1.3870824955956969,-0.6145586989333334,1.5821669958666666,2.1248079564723605,0.43104274085368544,27.243820783758185
JPL,ratio_baseline,leave_quarter_out,2022Q3,ftir_AnalysisDate,2022-10-26,14,0.475046910194524,0.797334534098008,0.4058198350744,0.413856645997121,-0.19741951898543805,0.8076749082558857,1.067845366226853,-0.33884685407142856,1.0128304757857143,1.2167916536945298,0.20515556752982855,20.255666909181116
JPL,ratio_baseline,leave_quarter_out,2022Q3,ftir_AnalysisDate,2022-12-05,4,0.480087302298641,0.798497383689225,0.413856645997121,0.413856645997121,-1.8066357052181754,2.463671442525893,2.886296878639987,-1.92247398675,1.92247398675,2.691716228245429,-0.541197455775893,-28.151093825243564
JPL,ratio_baseline,leave_quarter_out,2022Q4,ftir_AnalysisDate,2022-12-05,4,0.426087006893143,1.01611822541093,0.413856645997121,0.413856645997121,-0.42242403097334713,0.44930601680192583,0.6326679977629619,-1.3232035224999998,1.81910651525,2.2017431227172786,1.369800498448074,75.30073071393636
JPL,ratio_baseline,leave_quarter_out,2023Q1,ftir_AnalysisDate,2023-04-10,5,0.41560361900875,0.753932631516639,0.413856645997121,0.413856645997121,-0.7728503863074412,1.335757998686238,1.5772507439279118,-0.31961025179999963,1.5186093365999997,2.041034742413596,0.18285133791376174,12.040709450868116
JPL,ratio_baseline,leave_quarter_out,2023Q1,ftir_AnalysisDate,2023-07-12,4,0.478638693535265,0.544966196596412,0.454554562972362,0.459100108602086,1.180798875196864,1.180798875196864,1.3325609723002698,1.6868458805000004,1.6868458805000004,1.7488008780642759,0.5060470053031363,29.999599320427436
JPL,ratio_baseline,leave_quarter_out,2023Q2,ftir_AnalysisDate,2023-07-13,6,0.601687703147129,0.937406361897555,0.413856645997121,0.413856645997121,1.3788364675067861,1.3788364675067861,1.6442064739919398,0.5137217300000001,1.2445857963333335,1.512459058452372,-0.13425067117345257,-10.786775131852512
JPL,ratio_baseline,leave_quarter_out,2023Q2,ftir_AnalysisDate,2023-07-12,1,0.453840068668568,0.453840068668568,0.413856645997121,0.413856645997121,2.8917043498800927,2.8917043498800927,2.8917043498800927,3.6595468670000004,3.6595468670000004,3.6595468670000004,0.7678425171199077,20.98190144916397
JPL,ratio_baseline,leave_quarter_out,2023Q2,ftir_AnalysisDate,2023-08-10,10,0.419317601961515,0.706691014048163,0.413856645997121,0.418037016158708,1.9257574620177678,1.9257574620177678,2.049626714866926,2.0436667565000004,2.0436667565000004,2.3110902949715557,0.11790929448223264,5.769497111366875
JPL,ratio_baseline,leave_quarter_out,2023Q2,ftir_AnalysisDate,2023-09-13,3,0.505208077488063,0.585154500797676,0.418037016158708,0.418037016158708,1.3320083521944734,1.3320083521944734,1.4776537154657343,1.6288872973333337,1.6288872973333337,1.8239240860589472,0.29687894513886026,18.22587392171843
JPL,ratio_baseline,leave_quarter_out,2023Q3,ftir_AnalysisDate,2023-09-14,11,0.49279906942152,1.1439056585426,0.409759055442694,0.418037016158708,-0.4398420018524609,1.4465952879608477,1.7000895192469343,-1.0952687278181819,1.4113140958181818,1.6588444120931622,-0.035281192142665896,-2.4998823612126055
JPL,ratio_baseline,leave_quarter_out,2023Q3,ftir_AnalysisDate,2023-11-28,7,0.430776896328416,0.586419417322492,0.409759055442694,0.413856645997121,-1.1920081499049415,1.1920081499049415,1.368013492527396,-0.5655512808571428,0.7369632231428572,0.8501577320177001,-0.4550449267620843,-61.74594775862726
JPL,ratio_baseline,leave_quarter_out,2023Q3,ftir_AnalysisDate,2024-02-21,5,0.509404204347531,0.949101589362816,0.431100672913667,0.431100672913667,-0.04469891364326646,0.9753353707320779,1.1464944543293722,-0.5964021349999997,1.4750301842,1.7880286812942567,0.4996948134679221,33.87692121967914
JPL,ratio_baseline,leave_quarter_out,2023Q4,ftir_AnalysisDate,2024-02-21,10,0.419860471865965,0.85406286219118,0.405741809801099,0.418037016158708,-0.8025357730648679,1.1617091373171728,1.4185355665432982,-0.5521235180999997,1.3169335632999999,1.8006450998847716,0.15522442598282704,11.786807649875854
JPL,ratio_baseline,later_period,2022Q4,ftir_AnalysisDate,2022-12-05,4,0.426087006893143,1.01611822541093,0.413856645997121,0.413856645997121,-0.4562792437512013,1.2487814929650152,1.3666761206642015,-0.7535915200000003,1.7063054555000001,1.9143420267790017,0.45752396253498495,26.813719727627333
JPL,ratio_baseline,later_period,2023Q1,ftir_AnalysisDate,2023-04-10,5,0.41560361900875,0.753932631516639,0.413856645997121,0.413856645997121,-0.2757769558707718,1.1215187202558952,1.4641614964147334,0.1583765931999997,1.4932844739999998,2.022067074050046,0.3717657537441046,24.89584270224621
JPL,ratio_baseline,later_period,2023Q1,ftir_AnalysisDate,2023-07-12,4,0.478638693535265,0.544966196596412,0.454554562972362,0.459100108602086,1.683327973983221,1.683327973983221,1.7874450449515398,2.1648327255,2.1648327255,2.21344894134794,0.4815047515167792,22.242122721309496
JPL,ratio_baseline,later_period,2023Q2,ftir_AnalysisDate,2023-07-13,6,0.601687703147129,0.937406361897555,0.413856645997121,0.413856645997121,1.465205189966774,1.465205189966774,1.671520804584437,0.3001573679999996,1.2125107793333332,1.453862728453113,-0.2526944106334408,-20.840590858283182
JPL,ratio_baseline,later_period,2023Q2,ftir_AnalysisDate,2023-07-12,1,0.453840068668568,0.453840068668568,0.413856645997121,0.413856645997121,2.5580939498161293,2.5580939498161293,2.5580939498161293,3.445982505,3.445982505,3.445982505,0.8878885551838707,25.7659043217885
JPL,ratio_baseline,later_period,2023Q2,ftir_AnalysisDate,2023-08-10,10,0.419317601961515,0.706691014048163,0.413856645997121,0.418037016158708,1.7593029282627082,1.7593029282627082,1.8720493088298549,1.8301023944999997,1.8301023944999997,2.1245797970994444,0.0707994662372915,3.868606830419155
JPL,ratio_baseline,later_period,2023Q2,ftir_AnalysisDate,2023-09-13,3,0.505208077488063,0.585154500797676,0.418037016158708,0.418037016158708,1.1195247404410609,1.1195247404410609,1.2679202118239468,1.4153229353333332,1.4153229353333332,1.6360208603720907,0.2957981948922723,20.899696281867058
JPL,ratio_baseline,later_period,2023Q3,ftir_AnalysisDate,2023-09-14,11,0.49279906942152,1.1439056585426,0.409759055442694,0.418037016158708,-0.6255506764290325,1.5293049480480254,1.754459675563992,-1.359355535818182,1.579369337272727,1.8439085308538998,0.05006438922470169,3.169897505491239
JPL,ratio_baseline,later_period,2023Q3,ftir_AnalysisDate,2023-11-28,7,0.430776896328416,0.586419417322492,0.409759055442694,0.413856645997121,-1.3732228769089865,1.3732228769089865,1.528223040984737,-0.8296380888571429,0.871397408,1.0446144152331314,-0.5018254689089865,-57.588588662520614
JPL,ratio_baseline,later_period,2023Q3,ftir_AnalysisDate,2024-02-21,5,0.509404204347531,0.949101589362816,0.431100672913667,0.431100672913667,-0.23004396082530326,1.0137693537357577,1.168661813913811,-0.8604889429999998,1.5278475458,1.8925623581598512,0.5140781920642423,33.64721784430819
JPL,ratio_baseline,later_period,2023Q4,ftir_AnalysisDate,2024-02-21,10,0.419860471865965,0.85406286219118,0.405741809801099,0.418037016158708,-0.8025357730648679,1.1617091373171728,1.4185355665432982,-0.5521235180999997,1.3169335632999999,1.8006450998847716,0.15522442598282704,11.786807649875854
JPL,mdl_1_5x,leave_quarter_out,2022Q3,ftir_AnalysisDate,2022-10-26,6,0.631271207243409,0.797334534098008,0.4058198350744,0.413856645997121,-0.10494454393013426,0.8280949647628213,1.039805410681675,0.588762858666667,0.9326160323333333,1.1203529250797548,0.10452106757051205,11.207299032701421
JPL,mdl_1_5x,leave_quarter_out,2022Q3,ftir_AnalysisDate,2022-12-05,1,0.798497383689225,0.798497383689225,0.413856645997121,0.413856645997121,1.3892761800265525,1.3892761800265525,1.3892761800265525,1.5042322280000002,1.5042322280000002,1.5042322280000002,0.11495604797344772,7.642174249004835
JPL,mdl_1_5x,leave_quarter_out,2022Q4,ftir_AnalysisDate,2022-12-05,2,0.897732888300447,1.01611822541093,0.413856645997121,0.413856645997121,-1.2578542570878426,1.2578542570878426,1.277282078004644,-2.1415473345000002,2.1415473345000002,2.1415784319956295,0.8836930774121576,41.264232789814976
JPL,mdl_1_5x,leave_quarter_out,2023Q1,ftir_AnalysisDate,2023-04-10,1,0.753932631516639,0.753932631516639,0.413856645997121,0.413856645997121,-2.87353780085947,2.87353780085947,2.87353780085947,-2.818223057,2.818223057,2.818223057,-0.055314743859470106,-1.9627525125123588
JPL,mdl_1_5x,leave_quarter_out,2023Q2,ftir_AnalysisDate,2023-07-13,5,0.637338352543138,0.937406361897555,0.413856645997121,0.413856645997121,1.6342360600461396,1.7800243289440374,2.093680452147515,1.5058694772999999,1.8520759786999998,2.1489245150188374,0.07205164975596245,3.8903182474477425
JPL,mdl_1_5x,leave_quarter_out,2023Q2,ftir_AnalysisDate,2023-08-10,3,0.629051803318251,0.706691014048163,0.413856645997121,0.413856645997121,2.1129976834773516,2.1129976834773516,2.1610517875380237,2.1762577955,2.1762577955,2.235209928313859,0.06326011202264858,2.906829887224571
JPL,mdl_1_5x,leave_quarter_out,2023Q3,ftir_AnalysisDate,2023-09-14,7,0.628034405442686,1.1439056585426,0.409759055442694,0.418037016158708,-0.5337935887677959,2.0051563762336273,2.245086232823672,-0.766941764928571,1.230188754642857,1.4043164379787865,-0.7749676215907704,-62.99583040943628
JPL,mdl_1_5x,leave_quarter_out,2023Q3,ftir_AnalysisDate,2024-02-21,1,0.949101589362816,0.949101589362816,0.431100672913667,0.431100672913667,0.060071636373301374,0.060071636373301374,0.060071636373301374,-2.052495112499999,2.052495112499999,2.052495112499999,1.9924234761266977,97.07323851796498
JPL,mdl_1_5x,leave_quarter_out,2023Q4,ftir_AnalysisDate,2024-02-21,2,0.745579333498965,0.85406286219118,0.405741809801099,0.418037016158708,-1.553227202042346,1.553227202042346,1.9462159339967566,-1.8768023395000002,1.8768023395000002,2.3357989667653807,0.3235751374576541,17.24076801523265
JPL,mdl_1_5x,later_period,2023Q2,ftir_AnalysisDate,2023-07-13,5,0.637338352543138,0.937406361897555,0.413856645997121,0.413856645997121,1.5355620277646336,1.5355620277646336,1.83889961357995,1.2073767457999993,1.6729803397999994,1.9514077725795207,0.1374183120353658,8.21398248181409
JPL,mdl_1_5x,later_period,2023Q2,ftir_AnalysisDate,2023-08-10,3,0.629051803318251,0.706691014048163,0.413856645997121,0.413856645997121,1.739949640337855,1.739949640337855,1.7818904098192856,1.8777650639999999,1.8777650639999999,1.9457818651475935,0.13781542366214494,7.339332608977806
JPL,mdl_1_5x,later_period,2023Q3,ftir_AnalysisDate,2023-09-14,7,0.628034405442686,1.1439056585426,0.409759055442694,0.418037016158708,-0.6833573391424232,1.9713265288108917,2.147735770991862,-0.9303612864285709,1.341210924428571,1.4998256933626324,-0.6301156043823206,-46.98109692558493
JPL,mdl_1_5x,later_period,2023Q3,ftir_AnalysisDate,2024-02-21,1,0.949101589362816,0.949101589362816,0.431100672913667,0.431100672913667,-0.29986049099390044,0.29986049099390044,0.29986049099390044,-2.215914633999999,2.215914633999999,2.215914633999999,1.9160541430060984,86.46786810317619
JPL,mdl_1_5x,later_period,2023Q4,ftir_AnalysisDate,2024-02-21,2,0.745579333498965,0.85406286219118,0.405741809801099,0.418037016158708,-1.553227202042346,1.553227202042346,1.9462159339967566,-1.8768023395000002,1.8768023395000002,2.3357989667653807,0.3235751374576541,17.24076801523265
Addis_Ababa,diagnostic,leave_quarter_out,2022Q4,ftir_LotId,248.0,9,1.62566803465763,4.44446651940708,0.464676223281463,0.477235040126908,-4.114701691880353,5.85697401812066,7.12927757477724,3.095915138888887,7.406455645555557,9.508268126140132,1.549481627434897,20.920690024852917
Addis_Ababa,diagnostic,leave_quarter_out,2023Q1,ftir_LotId,248.0,25,0.693114797533127,5.1807562461787,0.449217327399301,0.48736741889818,-2.8406900530553663,4.495234389204153,5.626002214305716,4.5618665928,6.420474531999999,7.622044867498415,1.9252401427958459,29.985947817413535
Addis_Ababa,diagnostic,leave_quarter_out,2023Q1,ftir_LotId,251.0,1,6.63401511944448,6.63401511944448,0.409759055442694,0.409759055442694,-7.701800326330918,7.701800326330918,7.701800326330918,-14.753706469999997,14.753706469999997,14.753706469999997,7.051906143669079,47.79752232436193
Addis_Ababa,diagnostic,leave_quarter_out,2023Q2,ftir_LotId,251.0,28,1.90446116072198,9.84021969992934,0.409759055442694,0.419307645387154,-0.450629946147125,3.010308795298119,4.021868952309954,-5.270550607500001,9.550524043214287,12.038134219199849,6.5402152479161675,68.48017154161332
Addis_Ababa,diagnostic,leave_quarter_out,2023Q3,ftir_LotId,251.0,28,3.43937872823145,10.5333537907337,0.404947794517731,0.431100672913667,1.6040933277544467,3.392468951010938,4.356813861424591,-8.078545856071429,10.079263778214283,12.35154241391757,6.686794827203345,66.34209575560911
Addis_Ababa,diagnostic,leave_quarter_out,2023Q4,ftir_LotId,251.0,26,2.23594182575397,4.14642906938964,0.404947794517731,0.419307645387154,0.2124684875548658,2.542362143504854,3.2311450671781934,7.192118163461535,7.360659415384612,8.492195142432474,4.818297271879758,65.46013067537089
Addis_Ababa,diagnostic,leave_quarter_out,2024Q1,ftir_LotId,251.0,31,2.42463370413565,6.96258987683994,0.404947794517731,0.431325321518625,2.3044384533229696,4.018109288017723,5.387756566555944,4.858359178064516,7.41270959548387,9.067217179020949,3.3946003074661464,45.79432478420951
Addis_Ababa,diagnostic,leave_quarter_out,2024Q2,ftir_LotId,251.0,23,2.93608135081302,11.7351130556244,0.404947794517731,0.424033448767542,-1.0301412519126125,4.269888047493372,5.3122417925990355,-8.761399446521743,10.70783007956522,12.90929504749972,6.437942032071848,60.123685043881956
Addis_Ababa,diagnostic,leave_quarter_out,2024Q3,ftir_LotId,251.0,19,3.43072578969257,11.136414801705,0.404947794517731,1.43700224304556,1.8356405339115172,5.650427245844035,7.851151078351384,-10.327283418421052,12.085593061578946,15.746510497939166,6.43516581573491,53.24658693161538
Addis_Ababa,diagnostic,later_period,2023Q2,ftir_LotId,251.0,28,1.90446116072198,9.84021969992934,0.409759055442694,0.419307645387154,5.136941337079863,5.476509233939008,6.743382380539132,-8.917793117499999,10.826554678214285,14.023730097936928,5.350045444275277,49.41595552129706
Addis_Ababa,diagnostic,later_period,2023Q3,ftir_LotId,251.0,28,3.43937872823145,10.5333537907337,0.404947794517731,0.431100672913667,2.914240201587284,3.943288319207651,5.01707856965647,-8.22170367107143,10.16106824392857,12.445646150725374,6.217779924720919,61.192187430058446
Addis_Ababa,diagnostic,later_period,2023Q4,ftir_LotId,251.0,26,2.23594182575397,4.14642906938964,0.404947794517731,0.419307645387154,1.2115563860243468,2.658129750414881,3.4727333625778423,5.812912218461539,6.149058453076924,7.360758325030093,3.4909287026620426,56.77175992554143
Addis_Ababa,diagnostic,later_period,2024Q1,ftir_LotId,251.0,31,2.42463370413565,6.96258987683994,0.404947794517731,0.431325321518625,2.406241980303591,4.031601329523317,5.4187083661883495,3.143765928064515,6.6970950267741935,8.276112473795184,2.6654936972508763,39.800744749694424
Addis_Ababa,diagnostic,later_period,2024Q2,ftir_LotId,251.0,23,2.93608135081302,11.7351130556244,0.404947794517731,0.424033448767542,-0.7239186193010605,4.231820391564708,5.272881023680151,-9.789353366521738,11.37823481,13.627883830460243,7.146414418435293,62.80776005918349
Addis_Ababa,diagnostic,later_period,2024Q3,ftir_LotId,251.0,19,3.43072578969257,11.136414801705,0.404947794517731,1.43700224304556,1.8356405339115172,5.650427245844035,7.851151078351384,-10.327283418421052,12.085593061578946,15.746510497939166,6.43516581573491,53.24658693161538
Addis_Ababa,ratio_baseline,leave_quarter_out,2022Q4,ftir_LotId,248.0,9,1.62566803465763,4.44446651940708,0.464676223281463,0.477235040126908,-4.114701691880353,5.85697401812066,7.12927757477724,3.095915138888887,7.406455645555557,9.508268126140132,1.549481627434897,20.920690024852917
Addis_Ababa,ratio_baseline,leave_quarter_out,2023Q1,ftir_LotId,248.0,25,0.693114797533127,5.1807562461787,0.449217327399301,0.48736741889818,-2.8406900530553663,4.495234389204153,5.626002214305716,4.5618665928,6.420474531999999,7.622044867498415,1.9252401427958459,29.985947817413535
Addis_Ababa,ratio_baseline,leave_quarter_out,2023Q1,ftir_LotId,251.0,1,6.63401511944448,6.63401511944448,0.409759055442694,0.409759055442694,-7.701800326330918,7.701800326330918,7.701800326330918,-14.753706469999997,14.753706469999997,14.753706469999997,7.051906143669079,47.79752232436193
Addis_Ababa,ratio_baseline,leave_quarter_out,2023Q2,ftir_LotId,251.0,28,1.90446116072198,9.84021969992934,0.409759055442694,0.419307645387154,-0.450629946147125,3.010308795298119,4.021868952309954,-5.270550607500001,9.550524043214287,12.038134219199849,6.5402152479161675,68.48017154161332
Addis_Ababa,ratio_baseline,leave_quarter_out,2023Q3,ftir_LotId,251.0,28,3.43937872823145,10.5333537907337,0.404947794517731,0.431100672913667,1.6040933277544467,3.392468951010938,4.356813861424591,-8.078545856071429,10.079263778214283,12.35154241391757,6.686794827203345,66.34209575560911
Addis_Ababa,ratio_baseline,leave_quarter_out,2023Q4,ftir_LotId,251.0,26,2.23594182575397,4.14642906938964,0.404947794517731,0.419307645387154,0.2124684875548658,2.542362143504854,3.2311450671781934,7.192118163461535,7.360659415384612,8.492195142432474,4.818297271879758,65.46013067537089
Addis_Ababa,ratio_baseline,leave_quarter_out,2024Q1,ftir_LotId,251.0,31,2.42463370413565,6.96258987683994,0.404947794517731,0.431325321518625,2.3044384533229696,4.018109288017723,5.387756566555944,4.858359178064516,7.41270959548387,9.067217179020949,3.3946003074661464,45.79432478420951
Addis_Ababa,ratio_baseline,leave_quarter_out,2024Q2,ftir_LotId,251.0,23,2.93608135081302,11.7351130556244,0.404947794517731,0.424033448767542,-1.0301412519126125,4.269888047493372,5.3122417925990355,-8.761399446521743,10.70783007956522,12.90929504749972,6.437942032071848,60.123685043881956
Addis_Ababa,ratio_baseline,leave_quarter_out,2024Q3,ftir_LotId,251.0,19,3.43072578969257,11.136414801705,0.404947794517731,1.43700224304556,1.8356405339115172,5.650427245844035,7.851151078351384,-10.327283418421052,12.085593061578946,15.746510497939166,6.43516581573491,53.24658693161538
Addis_Ababa,ratio_baseline,later_period,2023Q2,ftir_LotId,251.0,28,1.90446116072198,9.84021969992934,0.409759055442694,0.419307645387154,5.136941337079863,5.476509233939008,6.743382380539132,-8.917793117499999,10.826554678214285,14.023730097936928,5.350045444275277,49.41595552129706
Addis_Ababa,ratio_baseline,later_period,2023Q3,ftir_LotId,251.0,28,3.43937872823145,10.5333537907337,0.404947794517731,0.431100672913667,2.914240201587284,3.943288319207651,5.01707856965647,-8.22170367107143,10.16106824392857,12.445646150725374,6.217779924720919,61.192187430058446
Addis_Ababa,ratio_baseline,later_period,2023Q4,ftir_LotId,251.0,26,2.23594182575397,4.14642906938964,0.404947794517731,0.419307645387154,1.2115563860243468,2.658129750414881,3.4727333625778423,5.812912218461539,6.149058453076924,7.360758325030093,3.4909287026620426,56.77175992554143
Addis_Ababa,ratio_baseline,later_period,2024Q1,ftir_LotId,251.0,31,2.42463370413565,6.96258987683994,0.404947794517731,0.431325321518625,2.406241980303591,4.031601329523317,5.4187083661883495,3.143765928064515,6.6970950267741935,8.276112473795184,2.6654936972508763,39.800744749694424
Addis_Ababa,ratio_baseline,later_period,2024Q2,ftir_LotId,251.0,23,2.93608135081302,11.7351130556244,0.404947794517731,0.424033448767542,-0.7239186193010605,4.231820391564708,5.272881023680151,-9.789353366521738,11.37823481,13.627883830460243,7.146414418435293,62.80776005918349
Addis_Ababa,ratio_baseline,later_period,2024Q3,ftir_LotId,251.0,19,3.43072578969257,11.136414801705,0.404947794517731,1.43700224304556,1.8356405339115172,5.650427245844035,7.851151078351384,-10.327283418421052,12.085593061578946,15.746510497939166,6.43516581573491,53.24658693161538
Addis_Ababa,mdl_1_5x,leave_quarter_out,2022Q4,ftir_LotId,248.0,9,1.62566803465763,4.44446651940708,0.464676223281463,0.477235040126908,-4.241940573644906,5.880645544308194,7.180950891650017,3.119153033888888,7.4090376338888895,9.51585980666956,1.528392089580695,20.628753221468866
Addis_Ababa,mdl_1_5x,leave_quarter_out,2023Q1,ftir_LotId,248.0,24,1.99148840812713,5.1807562461787,0.449217327399301,0.48736741889818,-2.6128324591287435,4.336316142617064,5.485790419375744,4.362145602083333,6.298195538750001,7.541192396879972,1.9618793961329368,31.149864815443788
Addis_Ababa,mdl_1_5x,leave_quarter_out,2023Q1,ftir_LotId,251.0,1,6.63401511944448,6.63401511944448,0.409759055442694,0.409759055442694,-7.701800326330918,7.701800326330918,7.701800326330918,-14.753706469999997,14.753706469999997,14.753706469999997,7.051906143669079,47.79752232436193
Addis_Ababa,mdl_1_5x,leave_quarter_out,2023Q2,ftir_LotId,251.0,28,1.90446116072198,9.84021969992934,0.409759055442694,0.419307645387154,-0.4643906415111215,3.0018103083895005,4.0087763121970506,-5.1638009175,9.527649109642855,11.9917810057066,6.525838801253355,68.493693734466
Addis_Ababa,mdl_1_5x,leave_quarter_out,2023Q3,ftir_LotId,251.0,28,3.43937872823145,10.5333537907337,0.404947794517731,0.431100672913667,1.633139785078103,3.3718998156053144,4.349017929427013,-8.074600191071431,10.077009112499999,12.348962106177453,6.705109296894685,66.5386844651887
Addis_Ababa,mdl_1_5x,leave_quarter_out,2023Q4,ftir_LotId,251.0,26,2.23594182575397,4.14642906938964,0.404947794517731,0.419307645387154,0.08802445774150414,2.55335841255029,3.218157097498543,7.213592958461538,7.380482303076922,8.510390004595926,4.827123890526632,65.40390847511694
Addis_Ababa,mdl_1_5x,leave_quarter_out,2024Q1,ftir_LotId,251.0,31,2.42463370413565,6.96258987683994,0.404947794517731,0.431325321518625,2.224704051864631,3.99029981564537,5.344183290377825,4.860354668064512,7.413803896451613,9.068286550822343,3.423504080806243,46.17742967877525
Addis_Ababa,mdl_1_5x,leave_quarter_out,2024Q2,ftir_LotId,251.0,23,2.93608135081302,11.7351130556244,0.404947794517731,0.424033448767542,-1.0189352321155152,4.2693884141114085,5.315382684923661,-8.734616111521744,10.690362687173916,12.891132493987662,6.420974273062508,60.06320328838108
Addis_Ababa,mdl_1_5x,leave_quarter_out,2024Q3,ftir_LotId,251.0,19,3.43072578969257,11.136414801705,0.404947794517731,1.43700224304556,1.892561903944733,5.664238125907318,7.859825552923681,-10.248394838421058,12.031616664736847,15.694884734253044,6.367378538829529,52.92205292320785
Addis_Ababa,mdl_1_5x,later_period,2023Q2,ftir_LotId,251.0,28,1.90446116072198,9.84021969992934,0.409759055442694,0.419307645387154,6.186959638004895,6.4599369428458475,7.950166999064247,-8.419863492500001,10.577589865714286,13.712478733095123,4.117652922868438,38.928082626981116
Addis_Ababa,mdl_1_5x,later_period,2023Q3,ftir_LotId,251.0,28,3.43937872823145,10.5333537907337,0.404947794517731,0.431100672913667,2.993560794775647,3.982373385640272,5.0313199799985515,-8.121368596071434,10.103733915357143,12.379593076002585,6.1213605297168705,60.58513200167242
Addis_Ababa,mdl_1_5x,later_period,2023Q4,ftir_LotId,251.0,26,2.23594182575397,4.14642906938964,0.404947794517731,0.419307645387154,1.0509820935542054,2.6069117632596814,3.410082611893451,6.045373488461541,6.345756450769233,7.54568454647781,3.738844687509552,58.918817898476526
Addis_Ababa,mdl_1_5x,later_period,2024Q1,ftir_LotId,251.0,31,2.42463370413565,6.96258987683994,0.404947794517731,0.431325321518625,2.3216920809823707,3.996181951817251,5.3684521366595925,3.2133720030645176,6.717303242096774,8.302802725497443,2.7211212902795228,40.50913279046991
Addis_Ababa,mdl_1_5x,later_period,2024Q2,ftir_LotId,251.0,23,2.93608135081302,11.7351130556244,0.404947794517731,0.424033448767542,-0.6894063039217364,4.238359294245439,5.277903284691576,-9.718386056521737,11.331951781739129,13.576995466799179,7.09359248749369,62.59815276415717
Addis_Ababa,mdl_1_5x,later_period,2024Q3,ftir_LotId,251.0,19,3.43072578969257,11.136414801705,0.404947794517731,1.43700224304556,1.892561903944733,5.664238125907318,7.859825552923681,-10.248394838421058,12.031616664736847,15.694884734253044,6.367378538829529,52.92205292320785
Addis_Ababa,mdl_2x,leave_quarter_out,2022Q4,ftir_LotId,248.0,9,1.62566803465763,4.44446651940708,0.464676223281463,0.477235040126908,-4.241940573644906,5.880645544308194,7.180950891650017,3.119153033888888,7.4090376338888895,9.51585980666956,1.528392089580695,20.628753221468866
Addis_Ababa,mdl_2x,leave_quarter_out,2023Q1,ftir_LotId,248.0,24,1.99148840812713,5.1807562461787,0.449217327399301,0.48736741889818,-2.6128324591287435,4.336316142617064,5.485790419375744,4.362145602083333,6.298195538750001,7.541192396879972,1.9618793961329368,31.149864815443788
Addis_Ababa,mdl_2x,leave_quarter_out,2023Q1,ftir_LotId,251.0,1,6.63401511944448,6.63401511944448,0.409759055442694,0.409759055442694,-7.701800326330918,7.701800326330918,7.701800326330918,-14.753706469999997,14.753706469999997,14.753706469999997,7.051906143669079,47.79752232436193
Addis_Ababa,mdl_2x,leave_quarter_out,2023Q2,ftir_LotId,251.0,28,1.90446116072198,9.84021969992934,0.409759055442694,0.419307645387154,-0.4643906415111215,3.0018103083895005,4.0087763121970506,-5.1638009175,9.527649109642855,11.9917810057066,6.525838801253355,68.493693734466
Addis_Ababa,mdl_2x,leave_quarter_out,2023Q3,ftir_LotId,251.0,28,3.43937872823145,10.5333537907337,0.404947794517731,0.431100672913667,1.633139785078103,3.3718998156053144,4.349017929427013,-8.074600191071431,10.077009112499999,12.348962106177453,6.705109296894685,66.5386844651887
Addis_Ababa,mdl_2x,leave_quarter_out,2023Q4,ftir_LotId,251.0,26,2.23594182575397,4.14642906938964,0.404947794517731,0.419307645387154,0.08802445774150414,2.55335841255029,3.218157097498543,7.213592958461538,7.380482303076922,8.510390004595926,4.827123890526632,65.40390847511694
Addis_Ababa,mdl_2x,leave_quarter_out,2024Q1,ftir_LotId,251.0,31,2.42463370413565,6.96258987683994,0.404947794517731,0.431325321518625,2.224704051864631,3.99029981564537,5.344183290377825,4.860354668064512,7.413803896451613,9.068286550822343,3.423504080806243,46.17742967877525
Addis_Ababa,mdl_2x,leave_quarter_out,2024Q2,ftir_LotId,251.0,23,2.93608135081302,11.7351130556244,0.404947794517731,0.424033448767542,-1.0189352321155152,4.2693884141114085,5.315382684923661,-8.734616111521744,10.690362687173916,12.891132493987662,6.420974273062508,60.06320328838108
Addis_Ababa,mdl_2x,leave_quarter_out,2024Q3,ftir_LotId,251.0,19,3.43072578969257,11.136414801705,0.404947794517731,1.43700224304556,1.892561903944733,5.664238125907318,7.859825552923681,-10.248394838421058,12.031616664736847,15.694884734253044,6.367378538829529,52.92205292320785
Addis_Ababa,mdl_2x,later_period,2023Q2,ftir_LotId,251.0,28,1.90446116072198,9.84021969992934,0.409759055442694,0.419307645387154,6.186959638004895,6.4599369428458475,7.950166999064247,-8.419863492500001,10.577589865714286,13.712478733095123,4.117652922868438,38.928082626981116
Addis_Ababa,mdl_2x,later_period,2023Q3,ftir_LotId,251.0,28,3.43937872823145,10.5333537907337,0.404947794517731,0.431100672913667,2.993560794775647,3.982373385640272,5.0313199799985515,-8.121368596071434,10.103733915357143,12.379593076002585,6.1213605297168705,60.58513200167242
Addis_Ababa,mdl_2x,later_period,2023Q4,ftir_LotId,251.0,26,2.23594182575397,4.14642906938964,0.404947794517731,0.419307645387154,1.0509820935542054,2.6069117632596814,3.410082611893451,6.045373488461541,6.345756450769233,7.54568454647781,3.738844687509552,58.918817898476526
Addis_Ababa,mdl_2x,later_period,2024Q1,ftir_LotId,251.0,31,2.42463370413565,6.96258987683994,0.404947794517731,0.431325321518625,2.3216920809823707,3.996181951817251,5.3684521366595925,3.2133720030645176,6.717303242096774,8.302802725497443,2.7211212902795228,40.50913279046991
Addis_Ababa,mdl_2x,later_period,2024Q2,ftir_LotId,251.0,23,2.93608135081302,11.7351130556244,0.404947794517731,0.424033448767542,-0.6894063039217364,4.238359294245439,5.277903284691576,-9.718386056521737,11.331951781739129,13.576995466799179,7.09359248749369,62.59815276415717
Addis_Ababa,mdl_2x,later_period,2024Q3,ftir_LotId,251.0,19,3.43072578969257,11.136414801705,0.404947794517731,1.43700224304556,1.892561903944733,5.664238125907318,7.859825552923681,-10.248394838421058,12.031616664736847,15.694884734253044,6.367378538829529,52.92205292320785
Addis_Ababa,mdl_3x,leave_quarter_out,2022Q4,ftir_LotId,248.0,9,1.62566803465763,4.44446651940708,0.464676223281463,0.477235040126908,-4.241940573644906,5.880645544308194,7.180950891650017,3.119153033888888,7.4090376338888895,9.51585980666956,1.528392089580695,20.628753221468866
Addis_Ababa,mdl_3x,leave_quarter_out,2023Q1,ftir_LotId,248.0,24,1.99148840812713,5.1807562461787,0.449217327399301,0.48736741889818,-2.6128324591287435,4.336316142617064,5.485790419375744,4.362145602083333,6.298195538750001,7.541192396879972,1.9618793961329368,31.149864815443788
Addis_Ababa,mdl_3x,leave_quarter_out,2023Q1,ftir_LotId,251.0,1,6.63401511944448,6.63401511944448,0.409759055442694,0.409759055442694,-7.701800326330918,7.701800326330918,7.701800326330918,-14.753706469999997,14.753706469999997,14.753706469999997,7.051906143669079,47.79752232436193
Addis_Ababa,mdl_3x,leave_quarter_out,2023Q2,ftir_LotId,251.0,28,1.90446116072198,9.84021969992934,0.409759055442694,0.419307645387154,-0.4643906415111215,3.0018103083895005,4.0087763121970506,-5.1638009175,9.527649109642855,11.9917810057066,6.525838801253355,68.493693734466
Addis_Ababa,mdl_3x,leave_quarter_out,2023Q3,ftir_LotId,251.0,28,3.43937872823145,10.5333537907337,0.404947794517731,0.431100672913667,1.633139785078103,3.3718998156053144,4.349017929427013,-8.074600191071431,10.077009112499999,12.348962106177453,6.705109296894685,66.5386844651887
Addis_Ababa,mdl_3x,leave_quarter_out,2023Q4,ftir_LotId,251.0,26,2.23594182575397,4.14642906938964,0.404947794517731,0.419307645387154,0.08802445774150414,2.55335841255029,3.218157097498543,7.213592958461538,7.380482303076922,8.510390004595926,4.827123890526632,65.40390847511694
Addis_Ababa,mdl_3x,leave_quarter_out,2024Q1,ftir_LotId,251.0,31,2.42463370413565,6.96258987683994,0.404947794517731,0.431325321518625,2.224704051864631,3.99029981564537,5.344183290377825,4.860354668064512,7.413803896451613,9.068286550822343,3.423504080806243,46.17742967877525
Addis_Ababa,mdl_3x,leave_quarter_out,2024Q2,ftir_LotId,251.0,23,2.93608135081302,11.7351130556244,0.404947794517731,0.424033448767542,-1.0189352321155152,4.2693884141114085,5.315382684923661,-8.734616111521744,10.690362687173916,12.891132493987662,6.420974273062508,60.06320328838108
Addis_Ababa,mdl_3x,leave_quarter_out,2024Q3,ftir_LotId,251.0,19,3.43072578969257,11.136414801705,0.404947794517731,1.43700224304556,1.892561903944733,5.664238125907318,7.859825552923681,-10.248394838421058,12.031616664736847,15.694884734253044,6.367378538829529,52.92205292320785
Addis_Ababa,mdl_3x,later_period,2023Q2,ftir_LotId,251.0,28,1.90446116072198,9.84021969992934,0.409759055442694,0.419307645387154,6.186959638004895,6.4599369428458475,7.950166999064247,-8.419863492500001,10.577589865714286,13.712478733095123,4.117652922868438,38.928082626981116
Addis_Ababa,mdl_3x,later_period,2023Q3,ftir_LotId,251.0,28,3.43937872823145,10.5333537907337,0.404947794517731,0.431100672913667,2.993560794775647,3.982373385640272,5.0313199799985515,-8.121368596071434,10.103733915357143,12.379593076002585,6.1213605297168705,60.58513200167242
Addis_Ababa,mdl_3x,later_period,2023Q4,ftir_LotId,251.0,26,2.23594182575397,4.14642906938964,0.404947794517731,0.419307645387154,1.0509820935542054,2.6069117632596814,3.410082611893451,6.045373488461541,6.345756450769233,7.54568454647781,3.738844687509552,58.918817898476526
Addis_Ababa,mdl_3x,later_period,2024Q1,ftir_LotId,251.0,31,2.42463370413565,6.96258987683994,0.404947794517731,0.431325321518625,2.3216920809823707,3.996181951817251,5.3684521366595925,3.2133720030645176,6.717303242096774,8.302802725497443,2.7211212902795228,40.50913279046991
Addis_Ababa,mdl_3x,later_period,2024Q2,ftir_LotId,251.0,23,2.93608135081302,11.7351130556244,0.404947794517731,0.424033448767542,-0.6894063039217364,4.238359294245439,5.277903284691576,-9.718386056521737,11.331951781739129,13.576995466799179,7.09359248749369,62.59815276415717
Addis_Ababa,mdl_3x,later_period,2024Q3,ftir_LotId,251.0,19,3.43072578969257,11.136414801705,0.404947794517731,1.43700224304556,1.892561903944733,5.664238125907318,7.859825552923681,-10.248394838421058,12.031616664736847,15.694884734253044,6.367378538829529,52.92205292320785
Addis_Ababa,mdl_5x,leave_quarter_out,2022Q4,ftir_LotId,248.0,7,2.54716121453745,4.44446651940708,0.464676223281463,0.477235040126908,-6.463224084027227,6.525341148781217,7.771093514193732,-0.22730356571428395,5.191398048571429,6.788784139432745,-1.3339431002097877,-25.695257572800887
Addis_Ababa,mdl_5x,leave_quarter_out,2023Q1,ftir_LotId,248.0,21,2.31740999208569,5.1807562461787,0.449217327399301,0.481741981744056,-2.560708981575759,4.524639371495731,5.658947755208536,3.6316510680952336,5.815632967142855,7.087124170651939,1.290993595647124,22.19867730547948
Addis_Ababa,mdl_5x,leave_quarter_out,2023Q1,ftir_LotId,251.0,1,6.63401511944448,6.63401511944448,0.409759055442694,0.409759055442694,-7.690252670114944,7.690252670114944,7.690252670114944,-14.703574920000001,14.703574920000001,14.703574920000001,7.013322249885057,47.69807538672409
Addis_Ababa,mdl_5x,leave_quarter_out,2023Q2,ftir_LotId,251.0,27,2.7330819375566,9.84021969992934,0.409759055442694,0.419307645387154,-0.677909439551716,2.9051781769950957,3.940017644594653,-5.71026979462963,9.204405820925924,11.658816738874707,6.299227643930829,68.4370916111688
Addis_Ababa,mdl_5x,leave_quarter_out,2023Q3,ftir_LotId,251.0,28,3.43937872823145,10.5333537907337,0.404947794517731,0.431100672913667,1.6130353323914046,3.403292606626015,4.366502159046466,-7.862790611071433,9.955975066785713,12.211518048453636,6.552682460159698,65.81658166280675
Addis_Ababa,mdl_5x,leave_quarter_out,2023Q4,ftir_LotId,251.0,26,2.23594182575397,4.14642906938964,0.404947794517731,0.419307645387154,0.26873472633411283,2.5363926431993185,3.2377258111859866,7.444625358461542,7.593742980000003,8.707081106077341,5.057350336800685,66.59891373885665
Addis_Ababa,mdl_5x,leave_quarter_out,2024Q1,ftir_LotId,251.0,31,2.42463370413565,6.96258987683994,0.404947794517731,0.431325321518625,2.4061406611778424,4.056150431589366,5.441844366764762,5.623946913064513,7.832548030806448,9.499450107738697,3.7763975992170824,48.21416459067995
Addis_Ababa,mdl_5x,leave_quarter_out,2024Q2,ftir_LotId,251.0,23,2.93608135081302,11.7351130556244,0.404947794517731,0.424033448767542,-1.0175225694485193,4.268114694982055,5.309188298124851,-8.49796015652174,10.536021846956523,12.731971771242675,6.267907151974468,59.49026343168641
Addis_Ababa,mdl_5x,leave_quarter_out,2024Q3,ftir_LotId,251.0,19,3.43072578969257,11.136414801705,0.404947794517731,1.43700224304556,1.8412190692867303,5.657134552477362,7.853334716595631,-9.959031398421052,11.833631153157894,15.507485819824256,6.176496600680532,52.19443229842674
Addis_Ababa,mdl_5x,later_period,2023Q2,ftir_LotId,251.0,27,2.7330819375566,9.84021969992934,0.409759055442694,0.419307645387154,5.100530939957382,5.434622572263311,6.710598460918023,-7.37513679962963,9.70004820111111,12.558402344106383,4.2654256288478,43.973241579966675
Addis_Ababa,mdl_5x,later_period,2023Q3,ftir_LotId,251.0,28,3.43937872823145,10.5333537907337,0.404947794517731,0.431100672913667,2.8663895713716236,3.9592638051793605,5.073437828639284,-7.332355661071432,9.69864450107143,11.876916114657126,5.739380695892069,59.17714269512639
Addis_Ababa,mdl_5x,later_period,2023Q4,ftir_LotId,251.0,26,2.23594182575397,4.14642906938964,0.404947794517731,0.419307645387154,1.561842601883146,2.797256943724086,3.62742294751235,6.885868888461536,7.077967776923074,8.234440175812978,4.280710833198988,60.47937724661263
Addis_Ababa,mdl_5x,later_period,2024Q1,ftir_LotId,251.0,31,2.42463370413565,6.96258987683994,0.404947794517731,0.431325321518625,2.520419466153249,4.07948519277198,5.48254141108803,3.502446113064519,6.814878093709679,8.418901486736237,2.7353929009376996,40.138544862050324
Addis_Ababa,mdl_5x,later_period,2024Q2,ftir_LotId,251.0,23,2.93608135081302,11.7351130556244,0.404947794517731,0.424033448767542,-0.7096711295795232,4.22986267435799,5.270233183121655,-9.286652296521737,11.050386286086956,13.271386108405624,6.820523611728967,61.72203790121238
Addis_Ababa,mdl_5x,later_period,2024Q3,ftir_LotId,251.0,19,3.43072578969257,11.136414801705,0.404947794517731,1.43700224304556,1.8412190692867303,5.657134552477362,7.853334716595631,-9.959031398421052,11.833631153157894,15.507485819824256,6.176496600680532,52.19443229842674
Beijing,diagnostic,leave_quarter_out,2022Q3,ftir_LotId,248.0,6,0.932718395317729,1.58687729757227,0.459100108602086,0.459100108602086,2.260466345366812,2.37147106381549,2.611639602892406,1.975507257166667,2.235789967166667,2.5316135122332195,-0.1356810966488231,-6.068597616115377
Beijing,diagnostic,leave_quarter_out,2023Q1,ftir_LotId,251.0,14,-0.367697516444271,5.65963705476437,0.422302699997062,0.431100672913667,-5.510219857258649,7.094683249047405,11.030682496316928,-6.302029722642858,9.451072845214286,12.157313087860315,2.3563895961668813,24.93250908927318
Beijing,diagnostic,leave_quarter_out,2023Q1,ftir_LotId,248.0,11,0.0456965079264879,3.43490264120989,0.459100108602086,0.46373748343645,-0.5058322665129519,2.662893701016373,3.4679661180530394,-2.9421140294545456,8.235898435999998,9.634512271010045,5.573004734983625,67.66723482921331
Beijing,diagnostic,leave_quarter_out,2023Q2,ftir_LotId,248.0,3,0.384014661386851,2.5564123917451,0.459100108602086,0.46373748343645,0.4831010895158799,3.2426501475002065,3.7974600692315383,-1.3824389166666673,7.859147190000001,8.646334194828173,4.616497042499795,58.74043240179847
Beijing,diagnostic,leave_quarter_out,2023Q2,ftir_LotId,251.0,25,-0.007768843666344,2.3372790992079,0.413856645997121,0.426656336079506,1.3071759819554092,3.0290621980890324,4.886597289629233,0.74438321688,4.18818324968,6.24245582961277,1.1591210515909673,27.67598699697609
Beijing,diagnostic,leave_quarter_out,2023Q3,ftir_LotId,251.0,25,0.356633918780095,3.65095041523739,0.409759055442694,0.431100672913667,2.620029004383554,2.9761806201845915,3.527714579209143,2.3646744944000018,4.057880773600001,4.76489155781066,1.0817001534154094,26.656775143636494
Beijing,diagnostic,leave_quarter_out,2023Q4,ftir_LotId,251.0,23,0.314993504740992,3.17005720845659,0.413856645997121,0.431100672913667,-1.2796865334603962,4.003047417669292,5.122924450220327,-0.6120834974782617,6.677002938173913,7.710692113328309,2.673955520504621,40.04724193270939
Beijing,diagnostic,leave_quarter_out,2024Q1,ftir_LotId,251.0,22,0.172354477718149,4.1246073597929,0.413856645997121,0.426656336079506,-2.005525280725863,3.0786489154621397,4.1878189204404235,-5.020833893045454,7.248191406954544,9.568838228734368,4.169542491492404,57.52528123763099
Beijing,diagnostic,leave_quarter_out,2024Q2,ftir_LotId,251.0,16,0.628370882626225,3.39413099739085,0.426656336079506,1.293302018741,2.4033663823368805,3.1147137136621112,3.617107303284548,-0.8619101555000003,3.6470431095,4.183272831484171,0.532329395837889,14.596191485953394
Beijing,diagnostic,leave_quarter_out,2024Q3,ftir_LotId,251.0,10,0.971677641010547,2.75271427142736,0.445007146233463,0.475697294249564,3.591608574161698,3.591608574161698,4.0046427826008415,1.039456678,2.192588454,2.702841297794472,-1.399020120161698,-63.806781323208504
Beijing,diagnostic,leave_quarter_out,2024Q4,ftir_LotId,251.0,8,0.367840729354983,3.0460150561075,0.465007467412495,1.37952215332374,-3.912395487854462,4.065095870564033,4.66688699181356,-6.846872662499999,7.44507035,9.104109772287867,3.379974479435967,45.39882527014627
Beijing,diagnostic,later_period,2023Q2,ftir_LotId,248.0,3,0.384014661386851,2.5564123917451,0.459100108602086,0.46373748343645,2.0858569998962033,3.856874264765961,4.9417773664520315,-0.895632866666667,7.696878506666667,8.581964570084986,3.8400042419007057,49.89040997041435
Beijing,diagnostic,later_period,2023Q2,ftir_LotId,251.0,25,-0.007768843666344,2.3372790992079,0.413856645997121,0.426656336079506,3.1064879709415116,4.574887047772396,5.724246878507485,1.2311892668800002,4.30508429808,6.319016966425581,-0.2698027496923965,-6.267072396531801
Beijing,diagnostic,later_period,2023Q3,ftir_LotId,251.0,25,0.356633918780095,3.65095041523739,0.409759055442694,0.431100672913667,2.7816471593700207,3.0845913769815922,3.6328849378261476,2.1757736044000007,3.9596523107999997,4.674023627543315,0.8750609338184074,22.09943866615935
Beijing,diagnostic,later_period,2023Q4,ftir_LotId,251.0,23,0.314993504740992,3.17005720845659,0.413856645997121,0.431100672913667,-1.3752423445777178,4.06905850832167,5.205290078965134,-1.5836031874782628,6.60714627078261,7.847797507202227,2.5380877624609397,38.41428142259526
Beijing,diagnostic,later_period,2024Q1,ftir_LotId,251.0,22,0.172354477718149,4.1246073597929,0.413856645997121,0.426656336079506,-1.656586318752958,2.8691501923884704,3.9973751852414736,-5.5319503130454555,7.4743242951363635,9.84664238876065,4.605174102747894,61.613249852492196
Beijing,diagnostic,later_period,2024Q2,ftir_LotId,251.0,16,0.628370882626225,3.39413099739085,0.426656336079506,1.293302018741,2.483313752928371,3.148004368691658,3.678433720162367,-1.0622512954999994,3.6971283945,4.229096863547936,0.5491240258083421,14.852717223054562
Beijing,diagnostic,later_period,2024Q3,ftir_LotId,251.0,10,0.971677641010547,2.75271427142736,0.445007146233463,0.475697294249564,3.3864725585835203,3.3864725585835203,3.814833145987527,0.7548907579999998,2.13635899,2.606672390642584,-1.25011356858352,-58.516081540374444
Beijing,diagnostic,later_period,2024Q4,ftir_LotId,251.0,8,0.367840729354983,3.0460150561075,0.465007467412495,1.37952215332374,-3.912395487854462,4.065095870564033,4.66688699181356,-6.846872662499999,7.44507035,9.104109772287867,3.379974479435967,45.39882527014627
Beijing,ratio_baseline,leave_quarter_out,2022Q3,ftir_LotId,248.0,6,0.932718395317729,1.58687729757227,0.459100108602086,0.459100108602086,1.8090518431529024,2.0649135146264315,2.263686520921103,2.0131878771666667,2.2609103805,2.561125432495347,0.19599686587356846,8.668935644862836
Beijing,ratio_baseline,leave_quarter_out,2023Q1,ftir_LotId,251.0,9,0.542791736745542,5.65963705476437,0.422302699997062,0.431100672913667,-2.534540761485289,3.6851910922175133,4.706558587183968,-7.665332741,8.544143674555556,11.699369968485438,4.858952582338043,56.86880707317686
Beijing,ratio_baseline,leave_quarter_out,2023Q1,ftir_LotId,248.0,10,0.571892948865549,3.43490264120989,0.459100108602086,0.46373748343645,-0.9030328265041906,2.5760719503282314,3.461924217956007,-4.125975024000001,7.98416435,9.48146598579466,5.408092399671769,67.73523392804118
Beijing,ratio_baseline,leave_quarter_out,2023Q2,ftir_LotId,248.0,2,1.52552927667091,2.5564123917451,0.459100108602086,0.46373748343645,-2.1072447575568,2.1072447575568,2.3098094393758175,-6.92718325,6.92718325,8.055551035346053,4.8199384924432,69.58006333155976
Beijing,ratio_baseline,leave_quarter_out,2023Q2,ftir_LotId,251.0,24,0.451661060010277,2.3372790992079,0.413856645997121,0.426656336079506,0.5359922120660682,2.5727625773366256,4.721684286318468,0.2619154053333345,3.845200776166667,5.845246816682297,1.2724381988300415,33.09159320670252
Beijing,ratio_baseline,leave_quarter_out,2023Q3,ftir_LotId,251.0,24,0.500226035120681,3.65095041523739,0.409759055442694,0.431100672913667,2.014270087570604,2.6096497766562696,3.2136518335708,2.2189147955416657,3.9199460338749996,4.572770968171024,1.31029625721873,33.42638510570151
Beijing,ratio_baseline,leave_quarter_out,2023Q4,ftir_LotId,251.0,21,0.435116265721739,3.17005720845659,0.413856645997121,0.431100672913667,-1.885158694734894,3.735995568062836,5.008302533776464,-0.959603644666667,6.713450699142857,7.735384363272614,2.9774551310800215,44.35059203548139
Beijing,ratio_baseline,leave_quarter_out,2024Q1,ftir_LotId,251.0,21,0.491350982998029,4.1246073597929,0.413856645997121,0.426656336079506,-1.6968387368178905,2.599962863649642,3.635525002466493,-4.803688014619047,7.354799744428571,9.618283450816778,4.754836880778929,64.64944044711518
Beijing,ratio_baseline,leave_quarter_out,2024Q2,ftir_LotId,251.0,16,0.628370882626225,3.39413099739085,0.426656336079506,1.293302018741,2.204740871170545,3.1003248037538658,3.661180446000515,-0.6254327105,3.5879237482499997,4.141020229586295,0.48759894449613395,13.59000298526297
Beijing,ratio_baseline,leave_quarter_out,2024Q3,ftir_LotId,251.0,10,0.971677641010547,2.75271427142736,0.445007146233463,0.475697294249564,3.3591808814719335,3.3591808814719335,3.8713446183040445,1.1038130179999999,2.2054597219999996,2.7282382730126002,-1.1537211594719339,-52.31204850232736
Beijing,ratio_baseline,leave_quarter_out,2024Q4,ftir_LotId,251.0,7,0.642952675621373,3.0460150561075,0.465007467412495,1.37952215332374,-4.229084436005109,4.587252257196261,5.027084663698936,-8.163405978571427,8.163405978571427,9.687711543941894,3.5761537213751664,43.80712818598522
Beijing,ratio_baseline,later_period,2023Q2,ftir_LotId,248.0,2,1.52552927667091,2.5564123917451,0.459100108602086,0.46373748343645,-1.4882399635392298,1.4882399635392298,1.7991901014875646,-6.4443835300000005,6.4443835300000005,7.644351757063484,4.956143566460771,76.90640296917229
Beijing,ratio_baseline,later_period,2023Q2,ftir_LotId,251.0,24,0.451661060010277,2.3372790992079,0.413856645997121,0.426656336079506,1.248542048035149,2.9700142150880553,4.852909620947514,0.7447151253333336,3.9466891161666666,5.886672344056855,0.9766749010786113,24.746689499253854
Beijing,ratio_baseline,later_period,2023Q3,ftir_LotId,251.0,24,0.500226035120681,3.65095041523739,0.409759055442694,0.431100672913667,1.8962875738531533,2.5514044691212967,3.1431427706462483,1.9416351405416663,3.7813062063749996,4.444839533263299,1.2299017372537029,32.52584345536948
Beijing,ratio_baseline,later_period,2023Q4,ftir_LotId,251.0,21,0.435116265721739,3.17005720845659,0.413856645997121,0.431100672913667,-2.0355770797059813,3.7648808197912005,5.060387430899913,-1.6076183146666672,6.627938903428571,7.842178825961355,2.863058083637371,43.19680862109844
Beijing,ratio_baseline,later_period,2024Q1,ftir_LotId,251.0,21,0.491350982998029,4.1246073597929,0.413856645997121,0.426656336079506,-1.3043475528549702,2.3392480293710056,3.4438481633716305,-5.461726779619047,7.558323768,9.963253354887101,5.2190757386289945,69.0507035531505
Beijing,ratio_baseline,later_period,2024Q2,ftir_LotId,251.0,16,0.628370882626225,3.39413099739085,0.426656336079506,1.293302018741,2.2822157628528954,3.1342330291327065,3.724349912345014,-0.9778634455000005,3.6760314320000003,4.20869331081806,0.5417984028672937,14.7386771002804
Beijing,ratio_baseline,later_period,2024Q3,ftir_LotId,251.0,10,0.971677641010547,2.75271427142736,0.445007146233463,0.475697294249564,3.1562037402559544,3.1562037402559544,3.690202965498395,0.9581295879999999,2.1763230360000003,2.6726191653555054,-0.9798807042559541,-45.02459828100418
Beijing,ratio_baseline,later_period,2024Q4,ftir_LotId,251.0,7,0.642952675621373,3.0460150561075,0.465007467412495,1.37952215332374,-4.229084436005109,4.587252257196261,5.027084663698936,-8.163405978571427,8.163405978571427,9.687711543941894,3.5761537213751664,43.80712818598522
Beijing,mdl_1_5x,leave_quarter_out,2022Q3,ftir_LotId,248.0,6,0.932718395317729,1.58687729757227,0.459100108602086,0.459100108602086,2.304563644615915,2.3991133156810256,2.65734191436988,2.730078212166667,2.7388372705,3.155909551421079,0.3397239548189743,12.403948145373187
Beijing,mdl_1_5x,leave_quarter_out,2023Q1,ftir_LotId,251.0,8,0.784986347361332,5.65963705476437,0.422302699997062,0.431100672913667,-2.8034897013655113,3.5456526406246507,4.650024534772886,-8.72756731375,8.75599479125,12.04430807745724,5.210342150625349,59.505998745363854
Beijing,mdl_1_5x,leave_quarter_out,2023Q1,ftir_LotId,248.0,8,0.748811015052267,3.43490264120989,0.459100108602086,0.46373748343645,-1.5596996568825112,2.747899065692933,3.60759804786975,-6.250860755125,8.327843019874999,9.819792538573198,5.579943954182066,67.0034718577803
Beijing,mdl_1_5x,leave_quarter_out,2023Q2,ftir_LotId,248.0,2,1.52552927667091,2.5564123917451,0.459100108602086,0.46373748343645,-1.9365309258209633,1.9365309258209633,2.2336297917487267,-6.3649257100000005,6.3649257100000005,7.577487314262118,4.428394784179037,69.57496420141307
Beijing,mdl_1_5x,leave_quarter_out,2023Q2,ftir_LotId,251.0,20,0.644969656209629,2.3372790992079,0.413856645997121,0.426656336079506,0.574417207117287,2.7683549159832057,5.072817580510413,-0.4305065004499998,3.3482960325499995,5.61251928303215,0.5799411165667938,17.320485134198886
Beijing,mdl_1_5x,leave_quarter_out,2023Q3,ftir_LotId,251.0,21,0.636482977090821,3.65095041523739,0.409759055442694,0.431100672913667,2.361589546624676,2.8008868028537637,3.447480362016861,2.2871180823333326,3.763435288999999,4.346693369613042,0.9625484861462352,25.576326208122442
Beijing,mdl_1_5x,leave_quarter_out,2023Q4,ftir_LotId,251.0,14,0.640530528920613,3.17005720845659,0.413856645997121,0.431100672913667,-3.2267087553121856,3.676939912852218,5.304707939856414,-4.278041517857144,6.44468253357143,7.6812748820849945,2.7677426207192117,42.94614368204449
Beijing,mdl_1_5x,leave_quarter_out,2024Q1,ftir_LotId,251.0,19,0.651853835889443,4.1246073597929,0.413856645997121,0.426656336079506,-2.022099814192928,2.552780619056176,3.630329490287174,-5.719455192000001,7.26682202063158,9.574567546572439,4.714041401575404,64.8707425087823
Beijing,mdl_1_5x,leave_quarter_out,2024Q2,ftir_LotId,251.0,14,0.751349214687733,3.39413099739085,0.426656336079506,0.449844180431653,2.4480507343108044,3.2243703906728167,3.845493627540888,-0.559082556500001,3.4764430477857147,4.051351639386988,0.25207265711289795,7.2508783733262385
Beijing,mdl_1_5x,leave_quarter_out,2024Q3,ftir_LotId,251.0,10,0.971677641010547,2.75271427142736,0.445007146233463,0.475697294249564,3.7272332928068637,3.7272332928068637,4.144316006515781,1.9343278129999995,2.638535217,3.156977190885273,-1.0886980758068638,-41.26145706877119
Beijing,mdl_1_5x,leave_quarter_out,2024Q4,ftir_LotId,251.0,6,0.98262693810373,3.0460150561075,0.470291643178546,1.37952215332374,-4.016863933914644,4.3588957895362705,4.925957053157224,-8.847648374999999,8.847648374999999,9.99723297665957,4.488752585463728,50.733849212941045
Beijing,mdl_1_5x,later_period,2023Q2,ftir_LotId,248.0,2,1.52552927667091,2.5564123917451,0.459100108602086,0.46373748343645,-1.2072796292562122,1.2072796292562122,1.665163656365389,-5.632302635000001,5.632302635000001,6.973440160796698,4.425023005743789,78.56507884086359
Beijing,mdl_1_5x,later_period,2023Q2,ftir_LotId,251.0,20,0.644969656209629,2.3372790992079,0.413856645997121,0.426656336079506,1.3422122211867986,3.2714587242868185,5.212193409722666,0.3021165745499996,3.5276007040500006,5.604133410269231,0.2561419797631821,7.261082000270275
Beijing,mdl_1_5x,later_period,2023Q3,ftir_LotId,251.0,21,0.636482977090821,3.65095041523739,0.409759055442694,0.431100672913667,2.211936104023823,2.7100461155188618,3.3563697112833957,1.7611697723333342,3.538028870428572,4.094453943309477,0.8279827549097103,23.402374181571172
Beijing,mdl_1_5x,later_period,2023Q4,ftir_LotId,251.0,14,0.640530528920613,3.17005720845659,0.413856645997121,0.431100672913667,-3.3280808906465102,3.743530053987444,5.369896841778903,-4.656143412857142,6.49869709,7.898102054717534,2.755167036012556,42.39568328630249
Beijing,mdl_1_5x,later_period,2024Q1,ftir_LotId,251.0,19,0.651853835889443,4.1246073597929,0.413856645997121,0.426656336079506,-1.544056251385136,2.2643961175560965,3.371747164435992,-6.007332702,7.316168606421052,9.749267777792394,5.051772488864955,69.04942683293623
Beijing,mdl_1_5x,later_period,2024Q2,ftir_LotId,251.0,14,0.751349214687733,3.39413099739085,0.426656336079506,0.449844180431653,2.610677503136398,3.266745580334253,3.943731374118534,-0.6845331614999985,3.5016648985,4.070560458975428,0.23491931816574718,6.708789246691739
Beijing,mdl_1_5x,later_period,2024Q3,ftir_LotId,251.0,10,0.971677641010547,2.75271427142736,0.445007146233463,0.475697294249564,3.543087303408124,3.543087303408124,3.972480023597983,1.5173908030000014,2.388373011000001,2.9201636503205597,-1.1547142924081228,-48.34731790595177
Beijing,mdl_1_5x,later_period,2024Q4,ftir_LotId,251.0,6,0.98262693810373,3.0460150561075,0.470291643178546,1.37952215332374,-4.016863933914644,4.3588957895362705,4.925957053157224,-8.847648374999999,8.847648374999999,9.99723297665957,4.488752585463728,50.733849212941045
Beijing,mdl_2x,leave_quarter_out,2022Q3,ftir_LotId,248.0,6,0.932718395317729,1.58687729757227,0.459100108602086,0.459100108602086,2.508891656965858,2.5372632156992725,2.828740396968555,3.938621267166667,3.938621267166667,4.2448999444487745,1.4013580514673944,35.57991379240919
Beijing,mdl_2x,leave_quarter_out,2023Q1,ftir_LotId,251.0,7,0.963603807746388,5.65963705476437,0.422302699997062,0.431100672913667,-2.9356355634677693,3.456033946516349,4.785211662976146,-9.269635617142857,9.36902852,12.324814411156558,5.912994573483651,63.1121418924195
Beijing,mdl_2x,leave_quarter_out,2023Q1,ftir_LotId,248.0,7,1.05650392675548,3.43490264120989,0.459100108602086,0.46373748343645,-2.2666187179022748,2.8270742544643364,3.769980567906735,-7.263018084285714,8.368398658571428,9.709284165770363,5.541324404107091,66.21726127293573
Beijing,mdl_2x,leave_quarter_out,2023Q2,ftir_LotId,248.0,2,1.52552927667091,2.5564123917451,0.459100108602086,0.46373748343645,-1.9337026314594263,1.9337026314594263,2.262522544004953,-5.095874210000001,5.095874210000001,6.5478216735130665,3.1621715785405744,62.05356428020177
Beijing,mdl_2x,leave_quarter_out,2023Q2,ftir_LotId,251.0,17,0.869260683204829,2.3372790992079,0.413856645997121,0.426656336079506,0.4264398999544425,2.967226963836429,5.444194001301271,-0.12868358600000002,3.2242390398823533,5.523900886382885,0.25701207604592424,7.9712475677765555
Beijing,mdl_2x,leave_quarter_out,2023Q3,ftir_LotId,251.0,19,0.82787263380431,3.65095041523739,0.409759055442694,0.431100672913667,2.956408452534365,3.2503301484623717,3.8015205865809865,3.3540777273157887,4.364290798894737,5.123767143021881,1.113960650432365,25.524436884784972
Beijing,mdl_2x,leave_quarter_out,2023Q4,ftir_LotId,251.0,11,0.839272807578568,3.17005720845659,0.413856645997121,0.431100672913667,-4.05857230553105,4.219493373731002,5.8838176628922465,-5.749604544545456,6.956474524545455,7.926118298400588,2.7369811508144535,39.344371077004574
Beijing,mdl_2x,leave_quarter_out,2024Q1,ftir_LotId,251.0,16,0.938242880475365,4.1246073597929,0.413856645997121,0.426656336079506,-2.5632283595662098,2.777845185782309,3.915568594605201,-6.9152830268750005,7.691503231874999,9.847220548301827,4.91365804609269,63.88423560338103
Beijing,mdl_2x,leave_quarter_out,2024Q2,ftir_LotId,251.0,13,1.14621555108109,3.39413099739085,0.426656336079506,0.449844180431653,2.2679530055069277,3.0469997915545397,3.687949966855423,-0.08833821800000094,2.915584092000001,3.3327927791362475,-0.1314156995545388,-4.507354115256942
Beijing,mdl_2x,leave_quarter_out,2024Q3,ftir_LotId,251.0,10,0.971677641010547,2.75271427142736,0.445007146233463,0.475697294249564,3.880652708605158,3.880652708605158,4.260690875518625,3.0483911080000006,3.3069731940000002,3.9392346011576893,-0.5736795146051579,-17.347570752796305
Beijing,mdl_2x,leave_quarter_out,2024Q4,ftir_LotId,251.0,5,0.98262693810373,3.0460150561075,0.470291643178546,0.475697294249564,-3.6891678404495023,4.073240734161802,4.773716576717722,-7.470004233,7.724548099000001,9.00615553788746,3.651307364838199,47.26887991429411
Beijing,mdl_2x,later_period,2023Q2,ftir_LotId,248.0,2,1.52552927667091,2.5564123917451,0.459100108602086,0.46373748343645,-1.080413774038795,1.2002150379101169,1.6148715306049382,-3.314733725000001,4.11169487,5.281429197824837,2.911479832089883,70.80972504386939
Beijing,mdl_2x,later_period,2023Q2,ftir_LotId,251.0,17,0.869260683204829,2.3372790992079,0.413856645997121,0.426656336079506,1.302421476176919,3.5460166878587853,5.57704956787924,1.652456899,3.9664518507647064,5.764333035167945,0.4204351629059211,10.59977982147606
Beijing,mdl_2x,later_period,2023Q3,ftir_LotId,251.0,19,0.82787263380431,3.65095041523739,0.409759055442694,0.431100672913667,2.793281763321029,3.1259649825165146,3.6894885300787705,2.772196357315789,4.080464582578947,4.7632158232175135,0.9544996000624324,23.391934441424972
Beijing,mdl_2x,later_period,2023Q4,ftir_LotId,251.0,11,0.839272807578568,3.17005720845659,0.413856645997121,0.431100672913667,-4.181845442805167,4.331870694093715,5.972902201164148,-6.3425469195454545,7.225993785909091,8.3661998714003,2.8941230918153753,40.05155799412676
Beijing,mdl_2x,later_period,2024Q1,ftir_LotId,251.0,16,0.938242880475365,4.1246073597929,0.413856645997121,0.426656336079506,-1.9679348759431383,2.386533917587327,3.564949744651092,-6.9152830268750005,7.691503231874999,9.847220548301827,5.304969314287672,68.97181414814865
Beijing,mdl_2x,later_period,2024Q2,ftir_LotId,251.0,13,1.14621555108109,3.39413099739085,0.426656336079506,0.449844180431653,2.5208159861973343,3.094398726413042,3.8318417684847144,0.24891811700000013,2.889641297,3.340907705530657,-0.2047574294130423,-7.0859116536581785
Beijing,mdl_2x,later_period,2024Q3,ftir_LotId,251.0,10,0.971677641010547,2.75271427142736,0.445007146233463,0.475697294249564,3.723198578085058,3.723198578085058,4.115218211410671,2.9676849280000006,3.2585494860000006,3.8771168060174404,-0.46464909208505745,-14.259384246928615
Beijing,mdl_2x,later_period,2024Q4,ftir_LotId,251.0,5,0.98262693810373,3.0460150561075,0.470291643178546,0.475697294249564,-3.6891678404495023,4.073240734161802,4.773716576717722,-7.470004233,7.724548099000001,9.00615553788746,3.651307364838199,47.26887991429411
Beijing,mdl_3x,leave_quarter_out,2022Q3,ftir_LotId,248.0,2,1.50513248169022,1.58687729757227,0.459100108602086,0.459100108602086,4.632502289105535,4.632502289105535,4.6325347208408845,6.657151489999998,6.657151489999998,6.659663148785513,2.024649200894463,30.41314598196809
Beijing,mdl_3x,leave_quarter_out,2023Q1,ftir_LotId,251.0,6,1.29526896612505,5.65963705476437,0.422302699997062,0.431100672913667,-3.1790108158917207,3.358443872992846,4.656288551229554,-8.38463825,8.904473036666667,11.370463878870936,5.546029163673822,62.28363139330638
Beijing,mdl_3x,leave_quarter_out,2023Q1,ftir_LotId,248.0,5,1.89398652794746,3.43490264120989,0.46373748343645,0.46373748343645,-3.4324749719727934,3.4324749719727934,4.313366344326819,-8.45407589,8.45407589,9.040733769329664,5.021600918027207,59.3985786662628
Beijing,mdl_3x,leave_quarter_out,2023Q2,ftir_LotId,248.0,2,1.52552927667091,2.5564123917451,0.459100108602086,0.46373748343645,-1.3923647787317428,1.4632633245444353,2.0198562409264498,-1.1554080200000003,4.11169487,4.270948653011955,2.6484315454555647,64.41216163142876
Beijing,mdl_3x,leave_quarter_out,2023Q2,ftir_LotId,251.0,10,1.32841046794249,2.3372790992079,0.413856645997121,0.426656336079506,0.668035105349001,4.490290986352592,6.835288739990136,1.577230649,4.805931979,6.302892369406292,0.31564099264740797,6.567737413401455
Beijing,mdl_3x,leave_quarter_out,2023Q3,ftir_LotId,251.0,9,1.27809062922122,3.65095041523739,0.409759055442694,0.426656336079506,4.107848540664005,4.107848540664005,4.7318363742386325,4.61534489877778,5.261970034333334,6.122617380380236,1.1541214936693294,21.933258573099245
Beijing,mdl_3x,leave_quarter_out,2023Q4,ftir_LotId,251.0,7,1.34974668934944,3.17005720845659,0.422302699997062,0.426656336079506,-4.957669977326547,5.180960192355353,6.608955456068261,-7.130191797142858,7.130191797142858,7.5138921718712455,1.9492316047875056,27.337716294933088
Beijing,mdl_3x,leave_quarter_out,2024Q1,ftir_LotId,251.0,11,1.37941224868645,4.1246073597929,0.413856645997121,0.426656336079506,-3.4422476152538337,3.507562752850342,4.495934696839275,-8.27160661909091,8.528890070000001,9.791927501411687,5.021327317149659,58.87433506514474
Beijing,mdl_3x,leave_quarter_out,2024Q2,ftir_LotId,251.0,10,1.31788034641937,3.39413099739085,0.426656336079506,0.449844180431653,3.0882231651575083,3.2714165392459074,4.137685213403429,3.0961960419999968,3.3454698299999976,4.358076828901788,0.07405329075409028,2.213539338780716
Beijing,mdl_3x,leave_quarter_out,2024Q3,ftir_LotId,251.0,7,1.43839016264002,2.75271427142736,0.445007146233463,0.475697294249564,5.135770538654372,5.135770538654372,5.414617241819021,5.824337286000001,5.824337286000001,6.288487842524371,0.6885667473456296,11.822233389552183
Beijing,mdl_3x,leave_quarter_out,2024Q4,ftir_LotId,251.0,3,2.49449385973875,3.0460150561075,0.470291643178546,0.475697294249564,-3.4600992264505117,4.045565454703952,4.834126038256014,-7.35479977,7.35479977,7.692691352396403,3.309234315296048,44.99421355825773
Beijing,mdl_3x,later_period,2023Q2,ftir_LotId,248.0,2,1.52552927667091,2.5564123917451,0.459100108602086,0.46373748343645,0.3723095017162441,1.650182293070169,1.691660712267835,4.62495901,4.62495901,6.188398867895031,2.9747767169298314,64.32006663189499
Beijing,mdl_3x,later_period,2023Q2,ftir_LotId,251.0,10,1.32841046794249,2.3372790992079,0.413856645997121,0.426656336079506,2.480154138709598,5.910928476612915,7.185842151498264,7.3575976789999995,9.430225603,9.55892458941911,3.5192971263870856,37.3193312073839
Beijing,mdl_3x,later_period,2023Q3,ftir_LotId,251.0,9,1.27809062922122,3.65095041523739,0.409759055442694,0.426656336079506,4.351219888136213,4.351219888136213,4.942921316523956,3.9898336987777774,4.841052023222222,5.666022237492793,0.48983213508600887,10.118299343537622
Beijing,mdl_3x,later_period,2023Q4,ftir_LotId,251.0,7,1.34974668934944,3.17005720845659,0.422302699997062,0.426656336079506,-4.857955584980949,5.0503861780152794,6.470122622478352,-7.192713627142857,7.192713627142857,7.573246980559343,2.1423274491275777,29.78468989844336
Beijing,mdl_3x,later_period,2024Q1,ftir_LotId,251.0,11,1.37941224868645,4.1246073597929,0.413856645997121,0.426656336079506,-2.582682971071993,2.9469295355200873,3.850097214321274,-6.316464919090911,6.979793660909092,8.207319733385566,4.032864125389004,57.779131036142104
Beijing,mdl_3x,later_period,2024Q2,ftir_LotId,251.0,10,1.31788034641937,3.39413099739085,0.426656336079506,0.449844180431653,3.6742113031288364,3.7278225518614336,4.514086022692815,5.228165627000001,5.228165627000001,6.061362845058735,1.5003430751385674,28.69731340166984
Beijing,mdl_3x,later_period,2024Q3,ftir_LotId,251.0,7,1.43839016264002,2.75271427142736,0.445007146233463,0.475697294249564,5.01291090476132,5.01291090476132,5.296474667071356,5.590024380999998,5.590024380999998,6.072112244076305,0.5771134762386785,10.323988535725112
Beijing,mdl_3x,later_period,2024Q4,ftir_LotId,251.0,3,2.49449385973875,3.0460150561075,0.470291643178546,0.475697294249564,-3.4600992264505117,4.045565454703952,4.834126038256014,-7.35479977,7.35479977,7.692691352396403,3.309234315296048,44.99421355825773
Beijing,mdl_5x,leave_quarter_out,2023Q1,ftir_LotId,251.0,2,4.63615900466652,5.65963705476437,0.422302699997062,0.431100672913667,-1.0359885430886333,1.340050620359067,1.6938146080771737,-12.182089480000004,12.182089480000004,12.758981201591668,10.842038859640937,88.99982944174641
Beijing,mdl_5x,leave_quarter_out,2023Q1,ftir_LotId,248.0,4,2.44205758829968,3.43490264120989,0.46373748343645,0.46373748343645,-3.850355538234421,3.850355538234421,4.617091337368466,-4.276359845000002,4.276359845000002,4.322784002262737,0.42600430676558076,9.961844236837852
Beijing,mdl_5x,leave_quarter_out,2023Q2,ftir_LotId,248.0,1,2.5564123917451,2.5564123917451,0.46373748343645,0.46373748343645,-1.771672141981444,1.771672141981444,1.771672141981444,1.1781260350000018,1.1781260350000018,1.1781260350000018,-0.5935461069814423,-50.380527154842255
Beijing,mdl_5x,leave_quarter_out,2023Q2,ftir_LotId,251.0,3,2.0991203446327,2.3372790992079,0.418037016158708,0.418037016158708,6.07149358370454,6.07149358370454,6.1404430545956386,10.426965178333335,10.426965178333335,10.507956790370146,4.355471594628795,41.771229884599855
Beijing,mdl_5x,leave_quarter_out,2023Q3,ftir_LotId,251.0,2,2.50960453407734,3.65095041523739,0.414270916914035,0.426656336079506,4.284897839734231,4.284897839734231,4.436777498526985,4.705783035000003,4.705783035000003,4.976852736277831,0.4208851952657717,8.94399916305898
Beijing,mdl_5x,leave_quarter_out,2023Q4,ftir_LotId,251.0,4,2.17903187195365,3.17005720845659,0.422302699997062,0.426656336079506,-2.7281764875650083,3.156895846744799,3.948114919237329,1.3903691525000017,1.4143178925000015,1.9464685513491269,-1.7425779542447977,-123.20977932086761
Beijing,mdl_5x,leave_quarter_out,2024Q1,ftir_LotId,251.0,7,2.25609496925828,4.1246073597929,0.422302699997062,0.426656336079506,-2.2947995787172815,2.380773904277502,2.7648062291676765,-3.7019342757142866,4.698388612857143,5.425256739914803,2.3176147085796415,49.32786322181796
Beijing,mdl_5x,leave_quarter_out,2024Q2,ftir_LotId,251.0,3,2.19407834815548,3.39413099739085,0.426656336079506,0.449844180431653,5.810132572303839,5.810132572303839,6.028637812764828,6.683281983333335,6.683281983333335,6.843074669974753,0.8731494110294955,13.064680095901116
Beijing,mdl_5x,leave_quarter_out,2024Q3,ftir_LotId,251.0,1,2.75271427142736,2.75271427142736,0.445007146233463,0.445007146233463,7.440982681412693,7.440982681412693,7.440982681412693,9.182108229999999,9.182108229999999,9.182108229999999,1.7411255485873056,18.962154496269815
Beijing,mdl_5x,leave_quarter_out,2024Q4,ftir_LotId,251.0,3,2.49449385973875,3.0460150561075,0.470291643178546,0.475697294249564,-3.4335800159187806,4.052466321037717,4.827888151488131,-1.2944959099999984,2.3486425233333335,2.600026970523398,-1.7038237977043837,-72.54504594791273
Beijing,mdl_5x,later_period,2023Q3,ftir_LotId,251.0,2,2.50960453407734,3.65095041523739,0.414270916914035,0.426656336079506,4.157639460522164,4.157639460522164,4.41764733190335,5.984635950000001,5.984635950000001,6.200043277279176,1.8269964894778372,30.528114069792945
Beijing,mdl_5x,later_period,2023Q4,ftir_LotId,251.0,4,2.17903187195365,3.17005720845659,0.422302699997062,0.426656336079506,-2.977956730096464,3.3187173708262563,4.152789817313598,1.3969340824999978,1.4176003574999996,1.9511633124927568,-1.9011170133262567,-134.10810763895122
Beijing,mdl_5x,later_period,2024Q1,ftir_LotId,251.0,7,2.25609496925828,4.1246073597929,0.422302699997062,0.426656336079506,-1.4960334934651318,1.8643168013090075,2.096382319153649,-2.670821645714284,4.256483199999999,4.781462284228403,2.392166398690992,56.2005366000503
Beijing,mdl_5x,later_period,2024Q2,ftir_LotId,251.0,3,2.19407834815548,3.39413099739085,0.426656336079506,0.449844180431653,5.8131997710465635,5.8131997710465635,6.04688475855407,6.683281983333335,6.683281983333335,6.843074669974753,0.8700822122867713,13.018786495266381
Beijing,mdl_5x,later_period,2024Q3,ftir_LotId,251.0,1,2.75271427142736,2.75271427142736,0.445007146233463,0.445007146233463,7.046006733244651,7.046006733244651,7.046006733244651,9.030062330000002,9.030062330000002,9.030062330000002,1.9840555967553506,21.971671116420193
Beijing,mdl_5x,later_period,2024Q4,ftir_LotId,251.0,3,2.49449385973875,3.0460150561075,0.470291643178546,0.475697294249564,-3.4335800159187806,4.052466321037717,4.827888151488131,-1.2944959099999984,2.3486425233333335,2.600026970523398,-1.7038237977043837,-72.54504594791273
Delhi,diagnostic,leave_quarter_out,2022Q3,ftir_LotId,248.0,8,0.398316439892043,3.32389823635328,0.463761165965127,0.513289507738195,14.768327113774278,14.768327113774278,15.567792865767046,35.78156118375,35.78156118375,37.24209295899741,21.013234069975724,58.72643164468399
Delhi,diagnostic,leave_quarter_out,2023Q1,ftir_LotId,248.0,7,0.889581570768424,7.32383405664732,0.46373748343645,0.488404370853283,12.883131181492953,12.883131181492953,12.982709832358875,22.698093686714287,24.059994543857147,25.871918479119458,11.176863362364195,46.45413922264502
Delhi,diagnostic,leave_quarter_out,2023Q1,ftir_LotId,251.0,9,0.395755224498325,7.97328819431268,0.418037016158708,0.426656336079506,12.25804645853601,12.25804645853601,12.736316984717025,20.497501267777782,23.20866304777778,26.827836339654976,10.95061658924177,47.18331498328288
Delhi,diagnostic,leave_quarter_out,2023Q2,ftir_LotId,251.0,5,-4.00417792721577,7.06303673809014,0.422302699997062,0.431100672913667,-6.679394214308166,13.367472140885251,21.78868044975003,13.960216802000001,22.795002950000004,24.25682288497056,9.427530809114753,41.35788369843028
Delhi,diagnostic,leave_quarter_out,2024Q1,ftir_LotId,251.0,7,4.51534607440636,12.2677141596258,0.836074032317415,0.844605399994124,7.316318544455052,7.408574579247485,10.612653596798175,-25.53234057857143,25.53234057857143,27.974139995876865,18.123765999323943,70.98356667909525
Delhi,diagnostic,leave_quarter_out,2024Q2,ftir_LotId,251.0,26,-0.935341022157866,12.3341071250393,0.836074032317415,0.950484163055588,-17.18281634559818,17.835794981925474,21.665002350758662,-31.445469803846155,32.11143159384616,38.17539359349125,14.275636611920689,44.456556133911114
Delhi,diagnostic,later_period,2023Q2,ftir_LotId,251.0,5,-4.00417792721577,7.06303673809014,0.422302699997062,0.431100672913667,-15.641010843534009,16.0240762280388,26.4768559163382,-7.5160753929999995,14.985787131,21.21313726508289,-1.0382890970388008,-6.928492230421238
Delhi,diagnostic,later_period,2024Q1,ftir_LotId,251.0,7,4.51534607440636,12.2677141596258,0.836074032317415,0.844605399994124,-8.054078246442737,8.80813502474886,9.55394735712561,-39.12447678857143,39.12447678857143,40.759989905153525,30.316341763822567,77.48689376129424
Delhi,diagnostic,later_period,2024Q2,ftir_LotId,251.0,26,-0.935341022157866,12.3341071250393,0.836074032317415,0.950484163055588,-17.18281634559818,17.835794981925474,21.665002350758662,-31.445469803846155,32.11143159384616,38.17539359349125,14.275636611920689,44.456556133911114
Delhi,ratio_baseline,leave_quarter_out,2022Q3,ftir_LotId,248.0,5,0.698868573537991,3.32389823635328,0.463761165965127,0.513289507738195,7.867380125508097,7.867380125508097,8.642912767615396,30.621484783000007,30.621484783000007,31.98129474476944,22.754104657491908,74.30764647351197
Delhi,ratio_baseline,leave_quarter_out,2023Q1,ftir_LotId,248.0,7,0.889581570768424,7.32383405664732,0.46373748343645,0.488404370853283,11.309516005270707,11.309516005270707,11.37200530075099,23.86956573671429,24.89676029385714,26.905554765487896,13.587244288586435,54.574346735140715
Delhi,ratio_baseline,leave_quarter_out,2023Q1,ftir_LotId,251.0,8,1.0808941144695,7.97328819431268,0.418037016158708,0.426656336079506,10.574492828774758,10.574492828774758,10.995682442702744,18.881634036125,21.345955013624998,24.972508112624727,10.77146218485024,50.46137396042894
Delhi,ratio_baseline,leave_quarter_out,2023Q2,ftir_LotId,251.0,4,0.623923004582532,7.06303673809014,0.422302699997062,0.431100672913667,3.4120314813729804,4.652571102295709,5.561965484701761,19.868229515000003,28.604621262500004,29.635431615152893,23.952050160204294,83.73489703079858
Delhi,ratio_baseline,leave_quarter_out,2024Q1,ftir_LotId,251.0,7,4.51534607440636,12.2677141596258,0.836074032317415,0.844605399994124,10.110635110901502,10.110635110901502,14.047887090319412,-22.133759608571427,22.133759608571427,24.91094955032386,12.023124497669926,54.32029944435604
Delhi,ratio_baseline,leave_quarter_out,2024Q2,ftir_LotId,251.0,25,1.21347583108823,12.3341071250393,0.836074032317415,0.950484163055588,-15.30017210482093,15.827297377060063,19.471579918951843,-30.1527040952,31.090997109600004,37.34886167906513,15.26369973253994,49.09363208498369
Delhi,ratio_baseline,later_period,2023Q2,ftir_LotId,251.0,4,0.623923004582532,7.06303673809014,0.422302699997062,0.431100672913667,-4.2763561309936415,5.5194250999534225,6.404980821885007,-3.296623705000001,17.022194652499998,22.23465742502129,11.502769552546575,67.57512640038573
Delhi,ratio_baseline,later_period,2024Q1,ftir_LotId,251.0,7,4.51534607440636,12.2677141596258,0.836074032317415,0.844605399994124,0.006850666684670159,5.862116079577946,8.20465562487837,-37.520385073571425,37.520385073571425,39.222842696034085,31.65826899399348,84.3761835917108
Delhi,ratio_baseline,later_period,2024Q2,ftir_LotId,251.0,25,1.21347583108823,12.3341071250393,0.836074032317415,0.950484163055588,-15.30017210482093,15.827297377060063,19.471579918951843,-30.1527040952,31.090997109600004,37.34886167906513,15.26369973253994,49.09363208498369
Delhi,mdl_1_5x,leave_quarter_out,2022Q3,ftir_LotId,248.0,4,1.16211772907362,3.32389823635328,0.463761165965127,0.512649082073899,7.235687519073323,7.235687519073323,7.905776747272937,27.853040916750004,27.853040916750004,28.95549103322827,20.61735339767668,74.0219118598214
Delhi,mdl_1_5x,leave_quarter_out,2023Q1,ftir_LotId,248.0,7,0.889581570768424,7.32383405664732,0.46373748343645,0.488404370853283,12.919382646611478,12.919382646611478,12.984482586581262,24.971425061714285,25.683802668857144,27.887717339218643,12.764420022245666,49.6983261661761
Delhi,mdl_1_5x,leave_quarter_out,2023Q1,ftir_LotId,251.0,8,1.0808941144695,7.97328819431268,0.418037016158708,0.426656336079506,11.940481090073852,11.940481090073852,12.328609780428142,19.983493361125,21.896884676124998,25.81569415055657,9.956403586051145,45.469498210889284
Delhi,mdl_1_5x,leave_quarter_out,2023Q2,ftir_LotId,251.0,3,1.10052228600158,7.06303673809014,0.422302699997062,0.426656336079506,1.6127246438680345,3.2770943821084444,3.362042868605205,15.013863475000006,25.58560459166667,26.50810127550244,22.308510209558225,87.19164766903415
Delhi,mdl_1_5x,leave_quarter_out,2024Q1,ftir_LotId,251.0,7,4.51534607440636,12.2677141596258,0.836074032317415,0.844605399994124,9.929502249595034,9.929502249595034,13.708840127419133,-18.617036823571425,18.617036823571425,21.845964230927578,8.687534573976391,46.6644324567104
Delhi,mdl_1_5x,leave_quarter_out,2024Q2,ftir_LotId,251.0,24,1.91885461238395,12.3341071250393,0.836074032317415,0.950484163055588,-15.42491351276289,16.05189511903461,19.65058859078486,-31.11037552041667,31.82648889041667,37.741880688625486,15.774593771382058,49.564354477480464
Delhi,mdl_1_5x,later_period,2023Q2,ftir_LotId,251.0,3,1.10052228600158,7.06303673809014,0.422302699997062,0.426656336079506,-6.312256485946345,6.312256485946345,7.214903461698642,-9.02765322,17.571765693333333,23.638144162495742,11.259509207386987,64.07727831050471
Delhi,mdl_1_5x,later_period,2024Q1,ftir_LotId,251.0,7,4.51534607440636,12.2677141596258,0.836074032317415,0.844605399994124,-0.3910833521765135,5.795221087735457,7.896115126041292,-35.85849896357143,35.85849896357143,37.63620651725152,30.063277875835972,83.83864005678873
Delhi,mdl_1_5x,later_period,2024Q2,ftir_LotId,251.0,24,1.91885461238395,12.3341071250393,0.836074032317415,0.950484163055588,-15.42491351276289,16.05189511903461,19.65058859078486,-31.11037552041667,31.82648889041667,37.741880688625486,15.774593771382058,49.564354477480464
Delhi,mdl_2x,leave_quarter_out,2022Q3,ftir_LotId,248.0,4,1.16211772907362,3.32389823635328,0.463761165965127,0.512649082073899,7.756568388693172,7.756568388693172,8.40722660706776,28.39111360675,28.39111360675,29.473444055566326,20.63454521805683,72.67959088843544
Delhi,mdl_2x,leave_quarter_out,2023Q1,ftir_LotId,248.0,6,2.22768859870542,7.32383405664732,0.46373748343645,0.488404370853283,12.642033038605938,12.642033038605938,12.698422597474678,22.34470045,23.17580765833333,25.11638289660686,10.533774619727392,45.451596660709086
Delhi,mdl_2x,leave_quarter_out,2023Q1,ftir_LotId,251.0,8,1.0808941144695,7.97328819431268,0.418037016158708,0.426656336079506,11.940481090073852,11.940481090073852,12.328609780428142,19.983493361125,21.896884676124998,25.81569415055657,9.956403586051145,45.469498210889284
Delhi,mdl_2x,leave_quarter_out,2023Q2,ftir_LotId,251.0,3,1.10052228600158,7.06303673809014,0.422302699997062,0.426656336079506,1.964645730637585,3.6297578301014255,3.7523393707269443,15.512563870000003,25.751838056666667,26.793711475030566,22.12208022656524,85.90485920999433
Delhi,mdl_2x,leave_quarter_out,2024Q1,ftir_LotId,251.0,7,4.51534607440636,12.2677141596258,0.836074032317415,0.844605399994124,9.848230441922865,9.848230441922865,13.538096988553415,-17.307827618571427,17.58772377,20.741576361572342,7.739493328077135,44.005088033499035
Delhi,mdl_2x,leave_quarter_out,2024Q2,ftir_LotId,251.0,24,1.91885461238395,12.3341071250393,0.836074032317415,0.950484163055588,-15.353062769755006,16.010217629215006,19.589760490571752,-28.897760480416668,29.798258437083337,35.93987553785672,13.788040807868331,46.27129748867937
Delhi,mdl_2x,later_period,2023Q2,ftir_LotId,251.0,3,1.10052228600158,7.06303673809014,0.422302699997062,0.426656336079506,-6.206904191483133,6.206904191483133,7.19718612719449,-7.832880854999998,17.97002314833333,23.208131318031196,11.763118956850196,65.45967614928306
Delhi,mdl_2x,later_period,2024Q1,ftir_LotId,251.0,7,4.51534607440636,12.2677141596258,0.836074032317415,0.844605399994124,-0.5032950643250546,5.771121739114544,7.807073394060515,-35.11999061857143,35.11999061857143,36.93326189408807,29.348868879456884,83.56741662663548
Delhi,mdl_2x,later_period,2024Q2,ftir_LotId,251.0,24,1.91885461238395,12.3341071250393,0.836074032317415,0.950484163055588,-15.353062769755006,16.010217629215006,19.589760490571752,-28.897760480416668,29.798258437083337,35.93987553785672,13.788040807868331,46.27129748867937
Delhi,mdl_3x,leave_quarter_out,2022Q3,ftir_LotId,248.0,3,1.65704827527958,3.32389823635328,0.463761165965127,0.512649082073899,7.3684955043938425,7.3684955043938425,7.391739382607204,26.578075260000002,26.578075260000002,27.041406920300517,19.20957975560616,72.2760379285876
Delhi,mdl_3x,leave_quarter_out,2023Q1,ftir_LotId,248.0,6,2.22768859870542,7.32383405664732,0.46373748343645,0.488404370853283,15.159347435984671,15.159347435984671,15.262301954707754,26.512319800000004,26.512319800000004,28.88685086308661,11.352972364015333,42.82149751382877
Delhi,mdl_3x,leave_quarter_out,2023Q1,ftir_LotId,251.0,6,1.75362115274698,7.97328819431268,0.418037016158708,0.426656336079506,12.999039441402198,12.999039441402198,13.409461007586588,17.92399418666667,18.903912331666668,22.83537801871005,5.904872890264469,31.236247749483002
Delhi,mdl_3x,leave_quarter_out,2023Q2,ftir_LotId,251.0,1,7.06303673809014,7.06303673809014,0.426656336079506,0.426656336079506,-2.508863476137016,2.508863476137016,2.508863476137016,-14.092112559999997,14.092112559999997,14.092112559999997,11.583249083862981,82.19668296392733
Delhi,mdl_3x,leave_quarter_out,2024Q1,ftir_LotId,251.0,7,4.51534607440636,12.2677141596258,0.836074032317415,0.844605399994124,9.543365439032739,9.543365439032739,12.950877377029231,-10.579773528571426,12.781970848571428,15.575098747828644,3.238605409538689,25.3372930349051
Delhi,mdl_3x,leave_quarter_out,2024Q2,ftir_LotId,251.0,21,2.57963092947566,12.3341071250393,0.836074032317415,0.903321283416175,-15.678560102546406,15.99977855084476,19.545649658205928,-24.837164534761904,25.761096168095232,31.801257768738775,9.761317617250473,37.89170132185498
Delhi,mdl_3x,later_period,2023Q2,ftir_LotId,251.0,1,7.06303673809014,7.06303673809014,0.426656336079506,0.426656336079506,-11.902598335297952,11.902598335297952,11.902598335297952,-37.1687763,37.1687763,37.1687763,25.266177964702045,67.97688942130185
Delhi,mdl_3x,later_period,2024Q1,ftir_LotId,251.0,7,4.51534607440636,12.2677141596258,0.836074032317415,0.844605399994124,-0.6984538473416058,5.717619627718517,7.64282873339531,-32.16564089357143,32.16564089357143,34.13620581117572,26.448021265852912,82.22444985120372
Delhi,mdl_3x,later_period,2024Q2,ftir_LotId,251.0,21,2.57963092947566,12.3341071250393,0.836074032317415,0.903321283416175,-15.678560102546406,15.99977855084476,19.545649658205928,-24.837164534761904,25.761096168095232,31.801257768738775,9.761317617250473,37.89170132185498
Delhi,mdl_5x,leave_quarter_out,2022Q3,ftir_LotId,248.0,1,3.32389823635328,3.32389823635328,0.463761165965127,0.463761165965127,6.8664891144796485,6.8664891144796485,6.8664891144796485,27.17507303,27.17507303,27.17507303,20.30858391552035,74.73239866954775
Delhi,mdl_5x,leave_quarter_out,2023Q1,ftir_LotId,248.0,4,2.56845877204541,7.32383405664732,0.46373748343645,0.488404370853283,18.06719512881046,18.06719512881046,18.315636676527582,31.2265558075,31.2265558075,33.431729656926066,13.159360678689538,42.14156937387543
Delhi,mdl_5x,leave_quarter_out,2023Q1,ftir_LotId,251.0,5,3.0147589690954,7.97328819431268,0.418037016158708,0.422302699997062,14.845783374850626,14.845783374850626,15.200982473667747,22.736444908,22.736444908,25.55519039993189,7.890661533149373,34.704904680911575
Delhi,mdl_5x,leave_quarter_out,2023Q2,ftir_LotId,251.0,1,7.06303673809014,7.06303673809014,0.426656336079506,0.426656336079506,-2.50733491874265,2.50733491874265,2.50733491874265,-5.882879449999997,5.882879449999997,5.882879449999997,3.375544531257347,57.37912122706082
Delhi,mdl_5x,leave_quarter_out,2024Q1,ftir_LotId,251.0,7,4.51534607440636,12.2677141596258,0.836074032317415,0.844605399994124,9.303008155272945,9.303008155272945,12.731797575301952,-1.103741698571429,10.497138175714285,11.483481128382545,1.1941300204413405,11.375767380142019
Delhi,mdl_5x,leave_quarter_out,2024Q2,ftir_LotId,251.0,14,4.37687779441836,12.3341071250393,0.836074032317415,0.871277149467622,-17.009475431141496,17.009475431141496,20.917914593169968,-21.577312118571427,22.646832528571426,27.103210351163465,5.6373570974299305,24.89247487620088
Delhi,mdl_5x,later_period,2023Q2,ftir_LotId,251.0,1,7.06303673809014,7.06303673809014,0.426656336079506,0.426656336079506,-12.104090988940769,12.104090988940769,12.104090988940769,-31.226297894999995,31.226297894999995,31.226297894999995,19.122206906059226,61.237508750984865
Delhi,mdl_5x,later_period,2024Q1,ftir_LotId,251.0,7,4.51534607440636,12.2677141596258,0.836074032317415,0.844605399994124,-0.8637312368534558,5.577416436309828,7.388965263641995,-25.37790712857143,25.37790712857143,27.833258223124886,19.8004906922616,78.02255163101863
Delhi,mdl_5x,later_period,2024Q2,ftir_LotId,251.0,14,4.37687779441836,12.3341071250393,0.836074032317415,0.871277149467622,-17.009475431141496,17.009475431141496,20.917914593169968,-21.577312118571427,22.646832528571426,27.103210351163465,5.6373570974299305,24.89247487620088
JPL,diagnostic,leave_quarter_out,2022Q3,ftir_LotId,251.0,24,0.208021743160679,0.798497383689225,0.4058198350744,0.413856645997121,-0.6511362985626397,1.2198817486868476,1.6695020422148752,-0.9907184970416664,1.7098566994583333,2.125159945984777,0.4899749507714857,28.655907300693983
JPL,diagnostic,leave_quarter_out,2022Q4,ftir_LotId,251.0,4,0.426087006893143,1.01611822541093,0.413856645997121,0.413856645997121,-0.24274327461903789,0.41333319726652307,0.44041484852550783,-2.2248699725000005,2.26993974025,2.8366973069061454,1.8566065429834768,81.79100572859258
JPL,diagnostic,leave_quarter_out,2023Q1,ftir_LotId,251.0,14,0.158850519359029,0.753932631516639,0.409759055442694,0.418037016158708,-0.0976852698733081,1.322800132487371,1.4676582135746055,0.8355737897857141,1.7478766929285714,2.3496894469395087,0.42507656044120035,24.319596580293293
JPL,diagnostic,leave_quarter_out,2023Q1,ftir_LotId,248.0,13,0.227981382953222,0.544966196596412,0.454554562972362,0.459100108602086,1.126414346033928,1.126414346033928,1.3660231948189483,2.1790541059999997,2.1790541059999997,2.5127232646996456,1.0526397599660717,48.30718783290606
JPL,diagnostic,leave_quarter_out,2023Q2,ftir_LotId,248.0,1,0.14347357874567,0.14347357874567,0.459100108602086,0.459100108602086,2.0455171360774216,2.0455171360774216,2.0455171360774216,4.851223224,4.851223224,4.851223224,2.8057060879225784,57.83502342341561
JPL,diagnostic,leave_quarter_out,2023Q2,ftir_LotId,251.0,28,0.242228293897071,0.937406361897555,0.405741809801099,0.426656336079506,1.5913192659966755,1.5913192659966755,1.7420393994684136,1.2239346493571428,1.6996594284285713,2.0361744464281157,0.10834016243189581,6.374227719965185
JPL,diagnostic,leave_quarter_out,2023Q3,ftir_LotId,251.0,31,0.146888658581806,1.1439056585426,0.409759055442694,0.431100672913667,-0.828358600460141,1.4398371758615403,1.6730028630097415,-1.122027936580645,1.5383855227096772,1.9059879995861644,0.09854834684813696,6.405959065095474
JPL,diagnostic,leave_quarter_out,2023Q4,ftir_LotId,251.0,15,0.262155531038885,0.85406286219118,0.405741809801099,0.431100672913667,-0.7564150943561327,1.1511242550129812,1.3870824955956969,-0.6145586989333334,1.5821669958666666,2.1248079564723605,0.43104274085368544,27.243820783758185
JPL,diagnostic,later_period,2022Q4,ftir_LotId,251.0,4,0.426087006893143,1.01611822541093,0.413856645997121,0.413856645997121,0.08385644761182975,0.32781222581324565,0.3458269698383428,-1.2019697509999998,1.7584896294999999,2.1310881020726073,1.4306774036867542,81.35830770259054
JPL,diagnostic,later_period,2023Q1,ftir_LotId,251.0,14,0.158850519359029,0.753932631516639,0.409759055442694,0.418037016158708,0.37603900286990427,1.2665060799768928,1.529342903623975,1.5751499517857135,2.1704916426428564,2.70258289595205,0.9039855626659636,41.6488847460036
JPL,diagnostic,later_period,2023Q1,ftir_LotId,248.0,13,0.227981382953222,0.544966196596412,0.454554562972362,0.459100108602086,1.6035320944337057,1.6035320944337057,1.7837297266177894,2.918630267999999,2.918630267999999,3.175516343742091,1.3150981735662932,45.05874512387171
JPL,diagnostic,later_period,2023Q2,ftir_LotId,248.0,1,0.14347357874567,0.14347357874567,0.459100108602086,0.459100108602086,1.2343354414456202,1.2343354414456202,1.2343354414456202,4.543599151,4.543599151,4.543599151,3.3092637095543793,72.83353129481162
JPL,diagnostic,later_period,2023Q2,ftir_LotId,251.0,28,0.242228293897071,0.937406361897555,0.405741809801099,0.426656336079506,1.4204791613292245,1.4204791613292245,1.592917384259554,0.9163105763571425,1.5566844345,1.8675158426995502,0.13620527317077546,8.749703546340397
JPL,diagnostic,later_period,2023Q3,ftir_LotId,251.0,31,0.146888658581806,1.1439056585426,0.409759055442694,0.431100672913667,-0.9935725299425553,1.5171143419314208,1.74165203666746,-1.2733760115806454,1.6170531630000002,1.9988321667834146,0.09993882106857943,6.180305221577889
JPL,diagnostic,later_period,2023Q4,ftir_LotId,251.0,15,0.262155531038885,0.85406286219118,0.405741809801099,0.431100672913667,-0.7564150943561327,1.1511242550129812,1.3870824955956969,-0.6145586989333334,1.5821669958666666,2.1248079564723605,0.43104274085368544,27.243820783758185
JPL,ratio_baseline,leave_quarter_out,2022Q3,ftir_LotId,251.0,18,0.475046910194524,0.798497383689225,0.4058198350744,0.413856645997121,-0.5550231159260464,1.1756741380936648,1.654739839454428,-0.6907639946666665,1.2149734782222223,1.661817813463594,0.039299340128557514,3.2345841973490015
JPL,ratio_baseline,leave_quarter_out,2022Q4,ftir_LotId,251.0,4,0.426087006893143,1.01611822541093,0.413856645997121,0.413856645997121,-0.42242403097334713,0.44930601680192583,0.6326679977629619,-1.3232035224999998,1.81910651525,2.2017431227172786,1.369800498448074,75.30073071393636
JPL,ratio_baseline,leave_quarter_out,2023Q1,ftir_LotId,251.0,5,0.41560361900875,0.753932631516639,0.413856645997121,0.413856645997121,-0.7728503863074412,1.335757998686238,1.5772507439279118,-0.31961025179999963,1.5186093365999997,2.041034742413596,0.18285133791376174,12.040709450868116
JPL,ratio_baseline,leave_quarter_out,2023Q1,ftir_LotId,248.0,4,0.478638693535265,0.544966196596412,0.454554562972362,0.459100108602086,1.180798875196864,1.180798875196864,1.3325609723002698,1.6868458805000004,1.6868458805000004,1.7488008780642759,0.5060470053031363,29.999599320427436
JPL,ratio_baseline,leave_quarter_out,2023Q2,ftir_LotId,251.0,20,0.419317601961515,0.937406361897555,0.413856645997121,0.418037016158708,1.7209161415840952,1.7209161415840952,1.9123613914904847,1.6032603352000003,1.8225195551000002,2.1273100199897095,0.10160341351590496,5.574887426123121
JPL,ratio_baseline,leave_quarter_out,2023Q3,ftir_LotId,251.0,23,0.430776896328416,1.1439056585426,0.409759055442694,0.431100672913667,-0.5828614625186085,1.2666644378506218,1.4958758113296333,-0.8256011150869567,1.2199281972608698,1.4936681231652578,-0.04673624058975201,-3.831064868792267
JPL,ratio_baseline,leave_quarter_out,2023Q4,ftir_LotId,251.0,10,0.419860471865965,0.85406286219118,0.405741809801099,0.418037016158708,-0.8025357730648679,1.1617091373171728,1.4185355665432982,-0.5521235180999997,1.3169335632999999,1.8006450998847716,0.15522442598282704,11.786807649875854
JPL,ratio_baseline,later_period,2022Q4,ftir_LotId,251.0,4,0.426087006893143,1.01611822541093,0.413856645997121,0.413856645997121,-0.4562792437512013,1.2487814929650152,1.3666761206642015,-0.7535915200000003,1.7063054555000001,1.9143420267790017,0.45752396253498495,26.813719727627333
JPL,ratio_baseline,later_period,2023Q1,ftir_LotId,251.0,5,0.41560361900875,0.753932631516639,0.413856645997121,0.413856645997121,-0.2757769558707718,1.1215187202558952,1.4641614964147334,0.1583765931999997,1.4932844739999998,2.022067074050046,0.3717657537441046,24.89584270224621
JPL,ratio_baseline,later_period,2023Q1,ftir_LotId,248.0,4,0.478638693535265,0.544966196596412,0.454554562972362,0.459100108602086,1.683327973983221,1.683327973983221,1.7874450449515398,2.1648327255,2.1648327255,2.21344894134794,0.4815047515167792,22.242122721309496
JPL,ratio_baseline,later_period,2023Q2,ftir_LotId,251.0,20,0.419317601961515,0.937406361897555,0.413856645997121,0.418037016158708,1.6150464296783518,1.6150464296783518,1.7773053563554566,1.3896959731999998,1.6634019966,1.9713597126479214,0.04835556692164822,2.9070283082794885
JPL,ratio_baseline,later_period,2023Q3,ftir_LotId,251.0,23,0.430776896328416,1.1439056585426,0.409759055442694,0.431100672913667,-0.7671233644873381,1.3697287537204337,1.574753646743836,-1.0896879230869565,1.352699230217391,1.6543418723615633,-0.017029523503042654,-1.2589290451733202
JPL,ratio_baseline,later_period,2023Q4,ftir_LotId,251.0,10,0.419860471865965,0.85406286219118,0.405741809801099,0.418037016158708,-0.8025357730648679,1.1617091373171728,1.4185355665432982,-0.5521235180999997,1.3169335632999999,1.8006450998847716,0.15522442598282704,11.786807649875854
JPL,mdl_1_5x,leave_quarter_out,2022Q3,ftir_LotId,251.0,7,0.631271207243409,0.798497383689225,0.4058198350744,0.413856645997121,0.10851555949224956,0.9082637098004972,1.096569980627026,0.7195441971428574,1.014275488857143,1.1828451568848983,0.10601177905664583,10.451970911383938
JPL,mdl_1_5x,leave_quarter_out,2022Q4,ftir_LotId,251.0,2,0.897732888300447,1.01611822541093,0.413856645997121,0.413856645997121,-1.2578542570878426,1.2578542570878426,1.277282078004644,-2.1415473345000002,2.1415473345000002,2.1415784319956295,0.8836930774121576,41.264232789814976
JPL,mdl_1_5x,leave_quarter_out,2023Q1,ftir_LotId,251.0,1,0.753932631516639,0.753932631516639,0.413856645997121,0.413856645997121,-2.87353780085947,2.87353780085947,2.87353780085947,-2.818223057,2.818223057,2.818223057,-0.055314743859470106,-1.9627525125123588
JPL,mdl_1_5x,leave_quarter_out,2023Q2,ftir_LotId,251.0,8,0.629051803318251,0.937406361897555,0.413856645997121,0.413856645997121,1.8137716688328438,1.9048893368940298,2.1191957101630257,1.7572650966250003,1.97364416,2.181681493915395,0.06875482310597025,3.4836483951580335
JPL,mdl_1_5x,leave_quarter_out,2023Q3,ftir_LotId,251.0,8,0.628034405442686,1.1439056585426,0.409759055442694,0.431100672913667,-0.4595604356251588,1.7620207837510868,2.1001932634640226,-0.9276359333749995,1.3329770493749997,1.500727689850759,-0.4290437343760871,-32.186880830187974
JPL,mdl_1_5x,leave_quarter_out,2023Q4,ftir_LotId,251.0,2,0.745579333498965,0.85406286219118,0.405741809801099,0.418037016158708,-1.553227202042346,1.553227202042346,1.9462159339967566,-1.8768023395000002,1.8768023395000002,2.3357989667653807,0.3235751374576541,17.24076801523265
JPL,mdl_1_5x,later_period,2023Q2,ftir_LotId,251.0,8,0.629051803318251,0.937406361897555,0.413856645997121,0.413856645997121,1.6122073824795917,1.6122073824795917,1.8177307020685254,1.4587723651249995,1.7497746113749997,1.9492999600699792,0.13756722889540796,7.861997082430264
JPL,mdl_1_5x,later_period,2023Q3,ftir_LotId,251.0,8,0.628034405442686,1.1439056585426,0.409759055442694,0.431100672913667,-0.6354202331238579,1.762393274083768,2.0118181735697798,-1.0910554548749993,1.4505488881249995,1.606884308159359,-0.3118443859587685,-21.498371307006625
JPL,mdl_1_5x,later_period,2023Q4,ftir_LotId,251.0,2,0.745579333498965,0.85406286219118,0.405741809801099,0.418037016158708,-1.553227202042346,1.553227202042346,1.9462159339967566,-1.8768023395000002,1.8768023395000002,2.3357989667653807,0.3235751374576541,17.24076801523265
