group,n,slope,intercept,r_squared,correlation
IMPROVE,158953,0.4607440985561688,1.4145744127149624,0.13461295371311727,0.36689638007633335
CHTS,149,1.3265922005642927,10.018801162817006,0.23283133005651913,0.48252598899594945
ETAD,189,4.638095224037825,37.728007695096046,0.28682868519947424,0.5355638946003308
INDH,27,8.722814098846696,40.340976365123076,0.17227155312361367,0.41505608431104063
USPA,128,5.302689691120932,1.854590920860662,0.4881751156870289,0.6986952953090703
